business_id,booking_id,customer_id,staff_id,appointment_start,appointment_end,booking_created_at,status,expected_value_ex_gst,booking_source
B001,B00001,C0001,S01,2026-06-22T09:00:00+10:00,2026-06-22T11:00:00+10:00,2026-06-12T10:00:00+10:00, done ,180,phone
B001,B00002,C0002,S01,2026-06-22T11:00:00+10:00,2026-06-22T13:00:00+10:00,2026-06-12T10:00:00+10:00,Completed,180,WEB APP
B001,B00003,C0003,S01,22/06/2026 13:00,2026-06-22T15:00:00+10:00,2026-06-12T10:00:00+10:00,Completed,180,walk_in
B001,B00004,C0004,S Wong,2026-06-22T15:00:00+10:00,2026-06-22T17:00:00+10:00,2026-06-12T10:00:00+10:00,Completed,180,phone
B001,B00005,C0005,S01,2026-06-23T09:00:00+10:00,2026-06-23T11:00:00+10:00,2026-06-12T10:00:00+10:00,Completed,180,online
B001,B00006,C0006,S01,2026-06-23T11:00:00+10:00,2026-06-23T13:00:00+10:00,2026-06-12T10:00:00+10:00,Completed,180,walk_in
B001,B00007,C0007,S01,2026-06-23T13:00:00+10:00,2026-06-23T15:00:00+10:00,2026-06-12T10:00:00+10:00,Completed,180,phone
B001,B00008,C0008,S01,2026-06-23T15:00:00+10:00,2026-06-23T17:00:00+10:00,2026-06-12T10:00:00+10:00,Completed,180,online
B001,B00009,C0009,S01,2026-06-24T09:00:00+10:00,2026-06-24T11:00:00+10:00,2026-06-12T10:00:00+10:00,Completed,180,walk_in
B001,B00010,C0010,S01,2026-06-24T11:00:00+10:00,2026-06-24T13:00:00+10:00,2026-06-12T10:00:00+10:00,Completed,180,phone
B001,B00011,C0011,S01,2026-06-24T13:00:00+10:00,2026-06-24T14:00:00+10:00,2026-06-20T10:00:00+10:00,Completed,70,online
B001,B00012,C0012,S01,2026-06-24T14:00:00+10:00,2026-06-24T15:00:00+10:00,2026-06-20T10:00:00+10:00,Completed,70,walk_in
B001,B00013,C0013,S01,2026-06-24T15:00:00+10:00,2026-06-24T16:00:00+10:00,2026-06-20T10:00:00+10:00,Completed,70,phone
B001,B00014,C0014,S01,2026-06-24T16:00:00+10:00,2026-06-24T17:00:00+10:00,2026-06-20T10:00:00+10:00,Completed,70,online
B001,B00015,C0015,S01,2026-06-25T09:00:00+10:00,2026-06-25T10:00:00+10:00,2026-06-20T10:00:00+10:00,Completed,70,walk_in
B001,B00016,C0016,S01,2026-06-25T10:00:00+10:00,2026-06-25T11:00:00+10:00,2026-06-20T10:00:00+10:00,Completed,70,phone
B001,B00017,C0017,S01,2026-06-25T11:00:00+10:00,2026-06-25T12:00:00+10:00,2026-06-20T10:00:00+10:00,Completed,70,online
B001,B00018,C0018,S01,2026-06-25T12:00:00+10:00,2026-06-25T13:00:00+10:00,2026-06-20T10:00:00+10:00,Completed,70,walk_in
B001,B00019,C0019,S01,2026-06-25T13:00:00+10:00,2026-06-25T14:00:00+10:00,2026-06-20T10:00:00+10:00,Completed,70,phone
B001,B00020,C0020,S01,2026-06-25T14:00:00+10:00,2026-06-25T15:00:00+10:00,2026-06-20T10:00:00+10:00,Completed,70,online
B001,B00021,C0021,S02,2026-06-22T09:00:00+10:00,2026-06-22T11:00:00+10:00,2026-06-12T10:00:00+10:00,Completed,180,walk_in
B001,B00022,C0022,S02,2026-06-22T11:00:00+10:00,2026-06-22T13:00:00+10:00,2026-06-12T10:00:00+10:00,Completed,180,phone
B001,B00023,C0023,S02,2026-06-22T13:00:00+10:00,2026-06-22T15:00:00+10:00,2026-06-12T10:00:00+10:00,Completed,180,online
B001,B00024,C0024,S02,2026-06-22T15:00:00+10:00,2026-06-22T17:00:00+10:00,2026-06-12T10:00:00+10:00,Completed,180,walk_in
B001,B00025,C0025,S02,2026-06-23T09:00:00+10:00,2026-06-23T11:00:00+10:00,2026-06-12T10:00:00+10:00,Completed,180,phone
B001,B00026,C0026,S02,2026-06-23T11:00:00+10:00,2026-06-23T13:00:00+10:00,2026-06-12T10:00:00+10:00,Completed,180,online
B001,B00027,C0027,S02,2026-06-23T13:00:00+10:00,2026-06-23T15:00:00+10:00,2026-06-12T10:00:00+10:00,Completed,180,walk_in
B001,B00028,C0028,S02,2026-06-23T15:00:00+10:00,2026-06-23T17:00:00+10:00,2026-06-12T10:00:00+10:00,Completed,180,phone
B001,B00029,C0029,S02,2026-06-24T09:00:00+10:00,2026-06-24T11:00:00+10:00,2026-06-12T10:00:00+10:00,Completed,180,online
B001,B00030,C0030,S02,2026-06-24T11:00:00+10:00,2026-06-24T13:00:00+10:00,2026-06-12T10:00:00+10:00,Completed,180,walk_in
B001,B00031,C0031,S02,2026-06-24T13:00:00+10:00,2026-06-24T14:00:00+10:00,2026-06-20T10:00:00+10:00,Completed,70,phone
B001,B00032,C0032,S02,2026-06-24T14:00:00+10:00,2026-06-24T15:00:00+10:00,2026-06-20T10:00:00+10:00,Completed,70,online
B001,B00033,C0033,S02,2026-06-24T15:00:00+10:00,2026-06-24T16:00:00+10:00,2026-06-20T10:00:00+10:00,Completed,70,walk_in
B001,B00034,C0034,S02,2026-06-24T16:00:00+10:00,2026-06-24T17:00:00+10:00,2026-06-20T10:00:00+10:00,Completed,70,phone
B001,B00035,C0035,S02,2026-06-25T09:00:00+10:00,2026-06-25T10:00:00+10:00,2026-06-20T10:00:00+10:00,Completed,70,online
B001,B00036,C0036,S02,2026-06-25T10:00:00+10:00,2026-06-25T11:00:00+10:00,2026-06-20T10:00:00+10:00,Completed,70,walk_in
B001,B00037,C0037,S02,2026-06-25T11:00:00+10:00,2026-06-25T12:00:00+10:00,2026-06-20T10:00:00+10:00,Completed,70,phone
B001,B00038,C0038,S02,2026-06-25T12:00:00+10:00,2026-06-25T13:00:00+10:00,2026-06-20T10:00:00+10:00,Completed,70,online
B001,B00039,C0039,S02,2026-06-25T13:00:00+10:00,2026-06-25T14:00:00+10:00,2026-06-20T10:00:00+10:00,Completed,70,walk_in
B001,B00040,C0040,S02,2026-06-25T14:00:00+10:00,2026-06-25T15:00:00+10:00,2026-06-20T10:00:00+10:00,Completed,70,phone
B001,B00041,C0041,S03,2026-06-22T09:00:00+10:00,2026-06-22T11:00:00+10:00,2026-06-12T10:00:00+10:00,Completed,180,online
B001,B00042,C0042,S03,2026-06-22T11:00:00+10:00,2026-06-22T13:00:00+10:00,2026-06-12T10:00:00+10:00,Completed,180,walk_in
B001,B00043,C0043,S03,2026-06-22T13:00:00+10:00,2026-06-22T15:00:00+10:00,2026-06-12T10:00:00+10:00,Completed,180,phone
B001,B00044,C0044,S03,2026-06-22T15:00:00+10:00,2026-06-22T17:00:00+10:00,2026-06-12T10:00:00+10:00,Completed,180,online
B001,B00045,C0045,S03,2026-06-23T09:00:00+10:00,2026-06-23T11:00:00+10:00,2026-06-12T10:00:00+10:00,Completed,180,walk_in
B001,B00046,C0046,S03,2026-06-23T11:00:00+10:00,2026-06-23T13:00:00+10:00,2026-06-12T10:00:00+10:00,Completed,180,phone
B001,B00047,C0047,S03,2026-06-23T13:00:00+10:00,2026-06-23T15:00:00+10:00,2026-06-12T10:00:00+10:00,Completed,180,online
B001,B00048,C0048,S03,2026-06-23T15:00:00+10:00,2026-06-23T17:00:00+10:00,2026-06-12T10:00:00+10:00,Completed,180,walk_in
B001,B00049,C0049,S03,2026-06-24T09:00:00+10:00,2026-06-24T11:00:00+10:00,2026-06-12T10:00:00+10:00,Completed,180,phone
B001,B00050,C0050,S03,2026-06-24T11:00:00+10:00,2026-06-24T13:00:00+10:00,2026-06-12T10:00:00+10:00,Completed,180,online
B001,B00051,C0051,S03,2026-06-24T13:00:00+10:00,2026-06-24T15:00:00+10:00,2026-06-20T10:00:00+10:00,Completed,180,walk_in
B001,B00052,C0052,S03,2026-06-24T15:00:00+10:00,2026-06-24T17:00:00+10:00,2026-06-20T10:00:00+10:00,Completed,180,phone
B001,B00053,C0053,S03,2026-06-25T09:00:00+10:00,2026-06-25T10:00:00+10:00,2026-06-20T10:00:00+10:00,Completed,70,online
B001,B00054,C0054,S03,2026-06-25T10:00:00+10:00,2026-06-25T11:00:00+10:00,2026-06-20T10:00:00+10:00,Completed,70,walk_in
B001,B00055,C0055,S03,2026-06-25T11:00:00+10:00,2026-06-25T12:00:00+10:00,2026-06-20T10:00:00+10:00,Completed,70,phone
B001,B00056,C0056,S03,2026-06-25T12:00:00+10:00,2026-06-25T13:00:00+10:00,2026-06-20T10:00:00+10:00,Completed,70,online
B001,B00057,C0057,S03,2026-06-25T13:00:00+10:00,2026-06-25T14:00:00+10:00,2026-06-20T10:00:00+10:00,Completed,70,walk_in
B001,B00058,C0058,S03,2026-06-25T14:00:00+10:00,2026-06-25T15:00:00+10:00,2026-06-20T10:00:00+10:00,Completed,70,phone
B001,B00059,C0059,S01,2026-06-29T09:00:00+10:00,2026-06-29T11:00:00+10:00,2026-06-19T10:00:00+10:00,Completed,180,online
B001,B00060,C0060,S01,2026-06-29T11:00:00+10:00,2026-06-29T13:00:00+10:00,2026-06-19T10:00:00+10:00,Completed,180,walk_in
B001,B00061,C0061,S01,2026-06-29T13:00:00+10:00,2026-06-29T15:00:00+10:00,2026-06-19T10:00:00+10:00,Completed,180,phone
B001,B00062,C0062,S01,2026-06-29T15:00:00+10:00,2026-06-29T17:00:00+10:00,2026-06-19T10:00:00+10:00,Completed,180,online
B001,B00063,C0063,S01,2026-06-30T09:00:00+10:00,2026-06-30T11:00:00+10:00,2026-06-19T10:00:00+10:00,Completed,180,walk_in
B001,B00064,C0064,S01,2026-06-30T11:00:00+10:00,2026-06-30T13:00:00+10:00,2026-06-19T10:00:00+10:00,Completed,180,phone
B001,B00065,C0065,S01,2026-06-30T13:00:00+10:00,2026-06-30T15:00:00+10:00,2026-06-19T10:00:00+10:00,Completed,180,online
B001,B00066,C0066,S01,2026-06-30T15:00:00+10:00,2026-06-30T17:00:00+10:00,2026-06-19T10:00:00+10:00,Completed,180,walk_in
B001,B00067,C0067,S01,2026-07-01T09:00:00+10:00,2026-07-01T11:00:00+10:00,2026-06-19T10:00:00+10:00,Completed,180,phone
B001,B00068,C0068,S01,2026-07-01T11:00:00+10:00,2026-07-01T13:00:00+10:00,2026-06-19T10:00:00+10:00,Completed,180,online
B001,B00069,C0069,S01,2026-07-01T13:00:00+10:00,2026-07-01T14:00:00+10:00,2026-06-27T10:00:00+10:00,Completed,70,walk_in
B001,B00070,C0070,S01,2026-07-01T14:00:00+10:00,2026-07-01T15:00:00+10:00,2026-06-27T10:00:00+10:00,Completed,70,phone
B001,B00071,C0071,S01,2026-07-01T15:00:00+10:00,2026-07-01T16:00:00+10:00,2026-06-27T10:00:00+10:00,Completed,70,online
B001,B00072,C0072,S01,2026-07-01T16:00:00+10:00,2026-07-01T17:00:00+10:00,2026-06-27T10:00:00+10:00,Completed,70,walk_in
B001,B00073,C0073,S01,2026-07-02T09:00:00+10:00,2026-07-02T10:00:00+10:00,2026-06-27T10:00:00+10:00,Completed,70,phone
B001,B00074,C0074,S01,2026-07-02T10:00:00+10:00,2026-07-02T11:00:00+10:00,2026-06-27T10:00:00+10:00,Completed,70,online
B001,B00075,C0075,S01,2026-07-02T11:00:00+10:00,2026-07-02T12:00:00+10:00,2026-06-27T10:00:00+10:00,Completed,70,walk_in
B001,B00076,C0076,S01,2026-07-02T12:00:00+10:00,2026-07-02T13:00:00+10:00,2026-06-27T10:00:00+10:00,Completed,70,phone
B001,B00077,C0077,S01,2026-07-02T13:00:00+10:00,2026-07-02T14:00:00+10:00,2026-06-27T10:00:00+10:00,Completed,70,online
B001,B00078,C0078,S01,2026-07-02T14:00:00+10:00,2026-07-02T15:00:00+10:00,2026-06-27T10:00:00+10:00,Completed,70,walk_in
B001,B00079,C0079,S02,2026-06-29T09:00:00+10:00,2026-06-29T11:00:00+10:00,2026-06-19T10:00:00+10:00,Completed,180,phone
B001,B00080,C0080,S02,2026-06-29T11:00:00+10:00,2026-06-29T13:00:00+10:00,2026-06-19T10:00:00+10:00,Completed,180,online
B001,B00081,C0081,S02,2026-06-29T13:00:00+10:00,2026-06-29T15:00:00+10:00,2026-06-19T10:00:00+10:00,Completed,180,walk_in
B001,B00082,C0082,S02,2026-06-29T15:00:00+10:00,2026-06-29T17:00:00+10:00,2026-06-19T10:00:00+10:00,Completed,180,phone
B001,B00083,C0083,S02,2026-06-30T09:00:00+10:00,2026-06-30T11:00:00+10:00,2026-06-19T10:00:00+10:00,Completed,180,online
B001,B00084,C0084,S02,2026-06-30T11:00:00+10:00,2026-06-30T13:00:00+10:00,2026-06-19T10:00:00+10:00,Completed,180,walk_in
B001,B00085,C0085,S02,2026-06-30T13:00:00+10:00,2026-06-30T15:00:00+10:00,2026-06-19T10:00:00+10:00,Completed,180,phone
B001,B00086,C0086,S02,2026-06-30T15:00:00+10:00,2026-06-30T17:00:00+10:00,2026-06-19T10:00:00+10:00,Completed,180,online
B001,B00087,C0087,S02,2026-07-01T09:00:00+10:00,2026-07-01T11:00:00+10:00,2026-06-19T10:00:00+10:00,Completed,180,walk_in
B001,B00088,C0088,S02,2026-07-01T11:00:00+10:00,2026-07-01T13:00:00+10:00,2026-06-19T10:00:00+10:00,Completed,180,phone
B001,B00089,C0089,S02,2026-07-01T13:00:00+10:00,2026-07-01T14:00:00+10:00,2026-06-27T10:00:00+10:00,Completed,70,online
B001,B00090,C0090,S02,2026-07-01T14:00:00+10:00,2026-07-01T15:00:00+10:00,2026-06-27T10:00:00+10:00,Completed,70,walk_in
B001,B00091,C0091,S02,2026-07-01T15:00:00+10:00,2026-07-01T16:00:00+10:00,2026-06-27T10:00:00+10:00,Completed,70,phone
B001,B00092,C0092,S02,2026-07-01T16:00:00+10:00,2026-07-01T17:00:00+10:00,2026-06-27T10:00:00+10:00,Completed,70,online
B001,B00093,C0093,S02,2026-07-02T09:00:00+10:00,2026-07-02T10:00:00+10:00,2026-06-27T10:00:00+10:00,Completed,70,walk_in
B001,B00094,C0094,S02,2026-07-02T10:00:00+10:00,2026-07-02T11:00:00+10:00,2026-06-27T10:00:00+10:00,Completed,70,phone
B001,B00095,C0095,S02,2026-07-02T11:00:00+10:00,2026-07-02T12:00:00+10:00,2026-06-27T10:00:00+10:00,Completed,70,online
B001,B00096,C0096,S02,2026-07-02T12:00:00+10:00,2026-07-02T13:00:00+10:00,2026-06-27T10:00:00+10:00,Completed,70,walk_in
B001,B00097,C0097,S02,2026-07-02T13:00:00+10:00,2026-07-02T14:00:00+10:00,2026-06-27T10:00:00+10:00,Completed,70,phone
B001,B00098,C0098,S02,2026-07-02T14:00:00+10:00,2026-07-02T15:00:00+10:00,2026-06-27T10:00:00+10:00,Completed,70,online
B001,B00099,C0099,S03,2026-06-29T09:00:00+10:00,2026-06-29T11:00:00+10:00,2026-06-19T10:00:00+10:00,Completed,180,walk_in
B001,B00100,C0100,S03,2026-06-29T11:00:00+10:00,2026-06-29T13:00:00+10:00,2026-06-19T10:00:00+10:00,Completed,180,phone
B001,B00101,C0101,S03,2026-06-29T13:00:00+10:00,2026-06-29T15:00:00+10:00,2026-06-19T10:00:00+10:00,Completed,180,online
B001,B00102,C0102,S03,2026-06-29T15:00:00+10:00,2026-06-29T17:00:00+10:00,2026-06-19T10:00:00+10:00,Completed,180,walk_in
B001,B00103,C0103,S03,2026-06-30T09:00:00+10:00,2026-06-30T11:00:00+10:00,2026-06-19T10:00:00+10:00,Completed,180,phone
B001,B00104,C0104,S03,2026-06-30T11:00:00+10:00,2026-06-30T13:00:00+10:00,2026-06-19T10:00:00+10:00,Completed,180,online
B001,B00105,C0105,S03,2026-06-30T13:00:00+10:00,2026-06-30T15:00:00+10:00,2026-06-19T10:00:00+10:00,Completed,180,walk_in
B001,B00106,C0106,S03,2026-06-30T15:00:00+10:00,2026-06-30T17:00:00+10:00,2026-06-19T10:00:00+10:00,Completed,180,phone
B001,B00107,C0107,S03,2026-07-01T09:00:00+10:00,2026-07-01T11:00:00+10:00,2026-06-19T10:00:00+10:00,Completed,180,online
B001,B00108,C0108,S03,2026-07-01T11:00:00+10:00,2026-07-01T13:00:00+10:00,2026-06-19T10:00:00+10:00,Completed,180,walk_in
B001,B00109,C0109,S03,2026-07-01T13:00:00+10:00,2026-07-01T15:00:00+10:00,2026-06-27T10:00:00+10:00,Completed,180,phone
B001,B00110,C0110,S03,2026-07-01T15:00:00+10:00,2026-07-01T17:00:00+10:00,2026-06-27T10:00:00+10:00,Completed,180,online
B001,B00111,C0111,S03,2026-07-02T09:00:00+10:00,2026-07-02T10:00:00+10:00,2026-06-27T10:00:00+10:00,Completed,70,walk_in
B001,B00112,C0112,S03,2026-07-02T10:00:00+10:00,2026-07-02T11:00:00+10:00,2026-06-27T10:00:00+10:00,Completed,70,phone
B001,B00113,C0113,S03,2026-07-02T11:00:00+10:00,2026-07-02T12:00:00+10:00,2026-06-27T10:00:00+10:00,Completed,70,online
B001,B00114,C0114,S03,2026-07-02T12:00:00+10:00,2026-07-02T13:00:00+10:00,2026-06-27T10:00:00+10:00,Completed,70,walk_in
B001,B00115,C0115,S03,2026-07-02T13:00:00+10:00,2026-07-02T14:00:00+10:00,2026-06-27T10:00:00+10:00,Completed,70,phone
B001,B00116,C0116,S03,2026-07-02T14:00:00+10:00,2026-07-02T15:00:00+10:00,2026-06-27T10:00:00+10:00,Completed,70,online
B001,B00117,C0117,S01,2026-07-06T09:00:00+10:00,2026-07-06T11:00:00+10:00,2026-06-26T10:00:00+10:00,Completed,180,walk_in
B001,B00118,C0118,S01,2026-07-06T11:00:00+10:00,2026-07-06T13:00:00+10:00,2026-06-26T10:00:00+10:00,Completed,180,phone
B001,B00119,C0119,S01,2026-07-06T13:00:00+10:00,2026-07-06T15:00:00+10:00,2026-06-26T10:00:00+10:00,Completed,180,online
B001,B00120,C0120,S01,2026-07-06T15:00:00+10:00,2026-07-06T17:00:00+10:00,2026-06-26T10:00:00+10:00,Completed,180,walk_in
B001,B00121,C0121,S01,2026-07-07T09:00:00+10:00,2026-07-07T11:00:00+10:00,2026-06-26T10:00:00+10:00,Completed,180,phone
B001,B00122,C0122,S01,2026-07-07T11:00:00+10:00,2026-07-07T13:00:00+10:00,2026-06-26T10:00:00+10:00,Completed,180,online
B001,B00123,C0123,S01,2026-07-07T13:00:00+10:00,2026-07-07T15:00:00+10:00,2026-06-26T10:00:00+10:00,Completed,180,walk_in
B001,B00124,C0124,S01,2026-07-07T15:00:00+10:00,2026-07-07T17:00:00+10:00,2026-06-26T10:00:00+10:00,Completed,180,phone
B001,B00125,C0125,S01,2026-07-08T09:00:00+10:00,2026-07-08T11:00:00+10:00,2026-06-26T10:00:00+10:00,Completed,180,online
B001,B00126,C0126,S01,2026-07-08T11:00:00+10:00,2026-07-08T13:00:00+10:00,2026-06-26T10:00:00+10:00,Completed,180,walk_in
B001,B00127,C0127,S01,2026-07-08T13:00:00+10:00,2026-07-08T14:00:00+10:00,2026-07-04T10:00:00+10:00,Completed,70,phone
B001,B00128,C0128,S01,2026-07-08T14:00:00+10:00,2026-07-08T15:00:00+10:00,2026-07-04T10:00:00+10:00,Completed,70,online
B001,B00129,C0129,S01,2026-07-08T15:00:00+10:00,2026-07-08T16:00:00+10:00,2026-07-04T10:00:00+10:00,Completed,70,walk_in
B001,B00130,C0130,S01,2026-07-08T16:00:00+10:00,2026-07-08T17:00:00+10:00,2026-07-04T10:00:00+10:00,Completed,70,phone
B001,B00131,C0131,S01,2026-07-09T09:00:00+10:00,2026-07-09T10:00:00+10:00,2026-07-04T10:00:00+10:00,Completed,70,online
B001,B00132,C0132,S01,2026-07-09T10:00:00+10:00,2026-07-09T11:00:00+10:00,2026-07-04T10:00:00+10:00,Completed,70,walk_in
B001,B00133,C0133,S01,2026-07-09T11:00:00+10:00,2026-07-09T12:00:00+10:00,2026-07-04T10:00:00+10:00,Completed,70,phone
B001,B00134,C0134,S01,2026-07-09T12:00:00+10:00,2026-07-09T13:00:00+10:00,2026-07-04T10:00:00+10:00,Completed,70,online
B001,B00135,C0135,S01,2026-07-09T13:00:00+10:00,2026-07-09T14:00:00+10:00,2026-07-04T10:00:00+10:00,Completed,70,walk_in
B001,B00136,C0136,S01,2026-07-09T14:00:00+10:00,2026-07-09T15:00:00+10:00,2026-07-04T10:00:00+10:00,Completed,70,phone
B001,B00137,C0137,S02,2026-07-06T09:00:00+10:00,2026-07-06T11:00:00+10:00,2026-06-26T10:00:00+10:00,Completed,180,online
B001,B00138,C0138,S02,2026-07-06T11:00:00+10:00,2026-07-06T13:00:00+10:00,2026-06-26T10:00:00+10:00,Completed,180,walk_in
B001,B00139,C0139,S02,2026-07-06T13:00:00+10:00,2026-07-06T15:00:00+10:00,2026-06-26T10:00:00+10:00,Completed,180,phone
B001,B00140,C0140,S02,2026-07-06T15:00:00+10:00,2026-07-06T17:00:00+10:00,2026-06-26T10:00:00+10:00,Completed,180,online
B001,B00141,C0141,S02,2026-07-07T09:00:00+10:00,2026-07-07T11:00:00+10:00,2026-06-26T10:00:00+10:00,Completed,180,walk_in
B001,B00142,C0142,S02,2026-07-07T11:00:00+10:00,2026-07-07T13:00:00+10:00,2026-06-26T10:00:00+10:00,Completed,180,phone
B001,B00143,C0143,S02,2026-07-07T13:00:00+10:00,2026-07-07T15:00:00+10:00,2026-06-26T10:00:00+10:00,Completed,180,online
B001,B00144,C0144,S02,2026-07-07T15:00:00+10:00,2026-07-07T17:00:00+10:00,2026-06-26T10:00:00+10:00,Completed,180,walk_in
B001,B00145,C0145,S02,2026-07-08T09:00:00+10:00,2026-07-08T11:00:00+10:00,2026-06-26T10:00:00+10:00,Completed,180,phone
B001,B00146,C0146,S02,2026-07-08T11:00:00+10:00,2026-07-08T13:00:00+10:00,2026-06-26T10:00:00+10:00,Completed,180,online
B001,B00147,C0147,S02,2026-07-08T13:00:00+10:00,2026-07-08T14:00:00+10:00,2026-07-04T10:00:00+10:00,Completed,70,walk_in
B001,B00148,C0148,S02,2026-07-08T14:00:00+10:00,2026-07-08T15:00:00+10:00,2026-07-04T10:00:00+10:00,Completed,70,phone
B001,B00149,C0149,S02,2026-07-08T15:00:00+10:00,2026-07-08T16:00:00+10:00,2026-07-04T10:00:00+10:00,Completed,70,online
B001,B00150,C0150,S02,2026-07-08T16:00:00+10:00,2026-07-08T17:00:00+10:00,2026-07-04T10:00:00+10:00,Completed,70,walk_in
B001,B00151,C0151,S02,2026-07-09T09:00:00+10:00,2026-07-09T10:00:00+10:00,2026-07-04T10:00:00+10:00,Completed,70,phone
B001,B00152,C0152,S02,2026-07-09T10:00:00+10:00,2026-07-09T11:00:00+10:00,2026-07-04T10:00:00+10:00,Completed,70,online
B001,B00153,C0153,S02,2026-07-09T11:00:00+10:00,2026-07-09T12:00:00+10:00,2026-07-04T10:00:00+10:00,Completed,70,walk_in
B001,B00154,C0154,S02,2026-07-09T12:00:00+10:00,2026-07-09T13:00:00+10:00,2026-07-04T10:00:00+10:00,Completed,70,phone
B001,B00155,C0155,S02,2026-07-09T13:00:00+10:00,2026-07-09T14:00:00+10:00,2026-07-04T10:00:00+10:00,Completed,70,online
B001,B00156,C0156,S02,2026-07-09T14:00:00+10:00,2026-07-09T15:00:00+10:00,2026-07-04T10:00:00+10:00,Completed,70,walk_in
B001,B00157,C0157,S03,2026-07-06T09:00:00+10:00,2026-07-06T11:00:00+10:00,2026-06-26T10:00:00+10:00,Completed,180,phone
B001,B00158,C0158,S03,2026-07-06T11:00:00+10:00,2026-07-06T13:00:00+10:00,2026-06-26T10:00:00+10:00,Completed,180,online
B001,B00159,C0159,S03,2026-07-06T13:00:00+10:00,2026-07-06T15:00:00+10:00,2026-06-26T10:00:00+10:00,Completed,180,walk_in
B001,B00160,C0160,S03,2026-07-06T15:00:00+10:00,2026-07-06T17:00:00+10:00,2026-06-26T10:00:00+10:00,Completed,180,phone
B001,B00161,C0161,S03,2026-07-07T09:00:00+10:00,2026-07-07T11:00:00+10:00,2026-06-26T10:00:00+10:00,Completed,180,online
B001,B00162,C0162,S03,2026-07-07T11:00:00+10:00,2026-07-07T13:00:00+10:00,2026-06-26T10:00:00+10:00,Completed,180,walk_in
B001,B00163,C0163,S03,2026-07-07T13:00:00+10:00,2026-07-07T15:00:00+10:00,2026-06-26T10:00:00+10:00,Completed,180,phone
B001,B00164,C0164,S03,2026-07-07T15:00:00+10:00,2026-07-07T17:00:00+10:00,2026-06-26T10:00:00+10:00,Completed,180,online
B001,B00165,C0165,S03,2026-07-08T09:00:00+10:00,2026-07-08T11:00:00+10:00,2026-06-26T10:00:00+10:00,Completed,180,walk_in
B001,B00166,C0001,S03,2026-07-08T11:00:00+10:00,2026-07-08T13:00:00+10:00,2026-06-26T10:00:00+10:00,Completed,180,phone
B001,B00167,C0002,S03,2026-07-08T13:00:00+10:00,2026-07-08T15:00:00+10:00,2026-07-04T10:00:00+10:00,Completed,180,online
B001,B00168,C0003,S03,2026-07-08T15:00:00+10:00,2026-07-08T17:00:00+10:00,2026-07-04T10:00:00+10:00,Completed,180,walk_in
B001,B00169,C0004,S03,2026-07-09T09:00:00+10:00,2026-07-09T10:00:00+10:00,2026-07-04T10:00:00+10:00,Completed,70,phone
B001,B00170,C0005,S03,2026-07-09T10:00:00+10:00,2026-07-09T11:00:00+10:00,2026-07-04T10:00:00+10:00,Completed,70,online
B001,B00171,C0006,S03,2026-07-09T11:00:00+10:00,2026-07-09T12:00:00+10:00,2026-07-04T10:00:00+10:00,Completed,70,walk_in
B001,B00172,C0007,S03,2026-07-09T12:00:00+10:00,2026-07-09T13:00:00+10:00,2026-07-04T10:00:00+10:00,Completed,70,phone
B001,B00173,C0008,S03,2026-07-09T13:00:00+10:00,2026-07-09T14:00:00+10:00,2026-07-04T10:00:00+10:00,Completed,70,online
B001,B00174,C0009,S03,2026-07-09T14:00:00+10:00,2026-07-09T15:00:00+10:00,2026-07-04T10:00:00+10:00,Completed,70,walk_in
B001,B00175,C0010,S01,2026-07-13T09:00:00+10:00,2026-07-13T11:00:00+10:00,2026-07-03T10:00:00+10:00,Completed,180,phone
B001,B00176,C0011,S01,2026-07-13T11:00:00+10:00,2026-07-13T13:00:00+10:00,2026-07-03T10:00:00+10:00,Completed,180,online
B001,B00177,C0012,S01,2026-07-13T13:00:00+10:00,2026-07-13T15:00:00+10:00,2026-07-03T10:00:00+10:00,Completed,180,walk_in
B001,B00178,C0013,S01,2026-07-13T15:00:00+10:00,2026-07-13T17:00:00+10:00,2026-07-03T10:00:00+10:00,Completed,180,phone
B001,B00179,C0014,S01,2026-07-14T09:00:00+10:00,2026-07-14T11:00:00+10:00,2026-07-03T10:00:00+10:00,Completed,180,online
B001,B00180,C0015,S01,2026-07-14T11:00:00+10:00,2026-07-14T13:00:00+10:00,2026-07-03T10:00:00+10:00,Completed,180,walk_in
B001,B00181,C0016,S01,2026-07-14T13:00:00+10:00,2026-07-14T15:00:00+10:00,2026-07-03T10:00:00+10:00,Completed,180,phone
B001,B00182,C0017,S01,2026-07-14T15:00:00+10:00,2026-07-14T17:00:00+10:00,2026-07-03T10:00:00+10:00,Completed,180,online
B001,B00183,C0018,S01,2026-07-15T09:00:00+10:00,2026-07-15T11:00:00+10:00,2026-07-03T10:00:00+10:00,Completed,180,walk_in
B001,B00184,C0019,S01,2026-07-15T11:00:00+10:00,2026-07-15T13:00:00+10:00,2026-07-03T10:00:00+10:00,Completed,180,phone
B001,B00185,C0020,S01,2026-07-15T13:00:00+10:00,2026-07-15T14:00:00+10:00,2026-07-11T10:00:00+10:00,Completed,70,online
B001,B00186,C0021,S01,2026-07-15T14:00:00+10:00,2026-07-15T15:00:00+10:00,2026-07-11T10:00:00+10:00,Completed,70,walk_in
B001,B00187,C0022,S01,2026-07-15T15:00:00+10:00,2026-07-15T16:00:00+10:00,2026-07-11T10:00:00+10:00,Completed,70,phone
B001,B00188,C0023,S01,2026-07-15T16:00:00+10:00,2026-07-15T17:00:00+10:00,2026-07-11T10:00:00+10:00,Completed,70,online
B001,B00189,C0024,S01,2026-07-16T09:00:00+10:00,2026-07-16T10:00:00+10:00,2026-07-11T10:00:00+10:00,Completed,70,walk_in
B001,B00190,C0025,S01,2026-07-16T10:00:00+10:00,2026-07-16T11:00:00+10:00,2026-07-11T10:00:00+10:00,Completed,70,phone
B001,B00191,C0026,S01,2026-07-16T11:00:00+10:00,2026-07-16T12:00:00+10:00,2026-07-11T10:00:00+10:00,Completed,70,online
B001,B00192,C0027,S01,2026-07-16T12:00:00+10:00,2026-07-16T13:00:00+10:00,2026-07-11T10:00:00+10:00,Completed,70,walk_in
B001,B00193,C0028,S01,2026-07-16T13:00:00+10:00,2026-07-16T14:00:00+10:00,2026-07-11T10:00:00+10:00,Completed,70,phone
B001,B00194,C0029,S01,2026-07-16T14:00:00+10:00,2026-07-16T15:00:00+10:00,2026-07-11T10:00:00+10:00,Completed,70,online
B001,B00195,C0030,S02,2026-07-13T09:00:00+10:00,2026-07-13T11:00:00+10:00,2026-07-03T10:00:00+10:00,Completed,180,walk_in
B001,B00196,C0031,S02,2026-07-13T11:00:00+10:00,2026-07-13T13:00:00+10:00,2026-07-03T10:00:00+10:00,Completed,180,phone
B001,B00197,C0032,S02,2026-07-13T13:00:00+10:00,2026-07-13T15:00:00+10:00,2026-07-03T10:00:00+10:00,Completed,180,online
B001,B00198,C0033,S02,2026-07-13T15:00:00+10:00,2026-07-13T17:00:00+10:00,2026-07-03T10:00:00+10:00,Completed,180,walk_in
B001,B00199,C0034,S02,2026-07-14T09:00:00+10:00,2026-07-14T11:00:00+10:00,2026-07-03T10:00:00+10:00,Completed,180,phone
B001,B00200,C0035,S02,2026-07-14T11:00:00+10:00,2026-07-14T13:00:00+10:00,2026-07-03T10:00:00+10:00,Completed,180,online
B001,B00201,C0036,S02,2026-07-14T13:00:00+10:00,2026-07-14T15:00:00+10:00,2026-07-03T10:00:00+10:00,Completed,180,walk_in
B001,B00202,C0037,S02,2026-07-14T15:00:00+10:00,2026-07-14T17:00:00+10:00,2026-07-03T10:00:00+10:00,Completed,180,phone
B001,B00203,C0038,S02,2026-07-15T09:00:00+10:00,2026-07-15T11:00:00+10:00,2026-07-03T10:00:00+10:00,Completed,180,online
B001,B00204,C0039,S02,2026-07-15T11:00:00+10:00,2026-07-15T13:00:00+10:00,2026-07-03T10:00:00+10:00,Completed,180,walk_in
B001,B00205,C0040,S02,2026-07-15T13:00:00+10:00,2026-07-15T14:00:00+10:00,2026-07-11T10:00:00+10:00,Completed,70,phone
B001,B00206,C0041,S02,2026-07-15T14:00:00+10:00,2026-07-15T15:00:00+10:00,2026-07-11T10:00:00+10:00,Completed,70,online
B001,B00207,C0042,S02,2026-07-15T15:00:00+10:00,2026-07-15T16:00:00+10:00,2026-07-11T10:00:00+10:00,Completed,70,walk_in
B001,B00208,C0043,S02,2026-07-15T16:00:00+10:00,2026-07-15T17:00:00+10:00,2026-07-11T10:00:00+10:00,Completed,70,phone
B001,B00209,C0044,S02,2026-07-16T09:00:00+10:00,2026-07-16T10:00:00+10:00,2026-07-11T10:00:00+10:00,Completed,70,online
B001,B00210,C0045,S02,2026-07-16T10:00:00+10:00,2026-07-16T11:00:00+10:00,2026-07-11T10:00:00+10:00,Completed,70,walk_in
B001,B00211,C0046,S02,2026-07-16T11:00:00+10:00,2026-07-16T12:00:00+10:00,2026-07-11T10:00:00+10:00,Completed,70,phone
B001,B00212,C0047,S02,2026-07-16T12:00:00+10:00,2026-07-16T13:00:00+10:00,2026-07-11T10:00:00+10:00,Completed,70,online
B001,B00213,C0048,S02,2026-07-16T13:00:00+10:00,2026-07-16T14:00:00+10:00,2026-07-11T10:00:00+10:00,Completed,70,walk_in
B001,B00214,C0049,S02,2026-07-16T14:00:00+10:00,2026-07-16T15:00:00+10:00,2026-07-11T10:00:00+10:00,Completed,70,phone
B001,B00215,C0050,S03,2026-07-13T09:00:00+10:00,2026-07-13T11:00:00+10:00,2026-07-03T10:00:00+10:00,Completed,180,online
B001,B00216,C0051,S03,2026-07-13T11:00:00+10:00,2026-07-13T13:00:00+10:00,2026-07-03T10:00:00+10:00,Completed,180,walk_in
B001,B00217,C0052,S03,2026-07-13T13:00:00+10:00,2026-07-13T15:00:00+10:00,2026-07-03T10:00:00+10:00,Completed,180,phone
B001,B00218,C0053,S03,2026-07-13T15:00:00+10:00,2026-07-13T17:00:00+10:00,2026-07-03T10:00:00+10:00,Completed,180,online
B001,B00219,C0054,S03,2026-07-14T09:00:00+10:00,2026-07-14T11:00:00+10:00,2026-07-03T10:00:00+10:00,Completed,180,walk_in
B001,B00220,C0055,S03,2026-07-14T11:00:00+10:00,2026-07-14T13:00:00+10:00,2026-07-03T10:00:00+10:00,Completed,180,phone
B001,B00221,C0056,S03,2026-07-14T13:00:00+10:00,2026-07-14T15:00:00+10:00,2026-07-03T10:00:00+10:00,Completed,180,online
B001,B00222,C0057,S03,2026-07-14T15:00:00+10:00,2026-07-14T17:00:00+10:00,2026-07-03T10:00:00+10:00,Completed,180,walk_in
B001,B00223,C0058,S03,2026-07-15T09:00:00+10:00,2026-07-15T11:00:00+10:00,2026-07-03T10:00:00+10:00,Completed,180,phone
B001,B00224,C0059,S03,2026-07-15T11:00:00+10:00,2026-07-15T13:00:00+10:00,2026-07-03T10:00:00+10:00,Completed,180,online
B001,B00225,C0060,S03,2026-07-15T13:00:00+10:00,2026-07-15T15:00:00+10:00,2026-07-11T10:00:00+10:00,Completed,180,walk_in
B001,B00226,C0061,S03,2026-07-15T15:00:00+10:00,2026-07-15T17:00:00+10:00,2026-07-11T10:00:00+10:00,Completed,180,phone
B001,B00227,C0062,S03,2026-07-16T09:00:00+10:00,2026-07-16T10:00:00+10:00,2026-07-11T10:00:00+10:00,Completed,70,online
B001,B00228,C0063,S03,2026-07-16T10:00:00+10:00,2026-07-16T11:00:00+10:00,2026-07-11T10:00:00+10:00,Completed,70,walk_in
B001,B00229,C0064,S03,2026-07-16T11:00:00+10:00,2026-07-16T12:00:00+10:00,2026-07-11T10:00:00+10:00,Completed,70,phone
B001,B00230,C0065,S03,2026-07-16T12:00:00+10:00,2026-07-16T13:00:00+10:00,2026-07-11T10:00:00+10:00,Completed,70,online
B001,B00231,C0066,S03,2026-07-16T13:00:00+10:00,2026-07-16T14:00:00+10:00,2026-07-11T10:00:00+10:00,Completed,70,walk_in
B001,B00232,C0067,S03,2026-07-16T14:00:00+10:00,2026-07-16T15:00:00+10:00,2026-07-11T10:00:00+10:00,Completed,70,phone
B001,B00233,C0068,S01,2026-07-20T09:00:00+10:00,2026-07-20T11:00:00+10:00,2026-07-10T10:00:00+10:00,Completed,180,online
B001,B00234,C0069,S01,2026-07-20T11:00:00+10:00,2026-07-20T13:00:00+10:00,2026-07-10T10:00:00+10:00,Completed,180,walk_in
B001,B00235,C0070,S01,2026-07-20T13:00:00+10:00,2026-07-20T15:00:00+10:00,2026-07-10T10:00:00+10:00,Completed,180,phone
B001,B00236,C0071,S01,2026-07-20T15:00:00+10:00,2026-07-20T17:00:00+10:00,2026-07-10T10:00:00+10:00,Completed,180,online
B001,B00237,C0072,S01,2026-07-21T09:00:00+10:00,2026-07-21T11:00:00+10:00,2026-07-10T10:00:00+10:00,Completed,180,walk_in
B001,B00238,C0073,S01,2026-07-21T11:00:00+10:00,2026-07-21T13:00:00+10:00,2026-07-10T10:00:00+10:00,Completed,180,phone
B001,B00239,C0074,S01,2026-07-21T13:00:00+10:00,2026-07-21T15:00:00+10:00,2026-07-10T10:00:00+10:00,Completed,180,online
B001,B00240,C0075,S01,2026-07-21T15:00:00+10:00,2026-07-21T17:00:00+10:00,2026-07-10T10:00:00+10:00,Completed,180,walk_in
B001,B00241,C0076,S01,2026-07-22T09:00:00+10:00,2026-07-22T11:00:00+10:00,2026-07-10T10:00:00+10:00,Completed,180,phone
B001,B00242,C0077,S01,2026-07-22T11:00:00+10:00,2026-07-22T13:00:00+10:00,2026-07-10T10:00:00+10:00,Completed,180,online
B001,B00243,C0078,S01,2026-07-22T13:00:00+10:00,2026-07-22T14:00:00+10:00,2026-07-18T10:00:00+10:00,Completed,70,walk_in
B001,B00244,C0079,S01,2026-07-22T14:00:00+10:00,2026-07-22T15:00:00+10:00,2026-07-18T10:00:00+10:00,Completed,70,phone
B001,B00245,C0080,S01,2026-07-22T15:00:00+10:00,2026-07-22T16:00:00+10:00,2026-07-18T10:00:00+10:00,Completed,70,online
B001,B00246,C0081,S01,2026-07-22T16:00:00+10:00,2026-07-22T17:00:00+10:00,2026-07-18T10:00:00+10:00,Completed,70,walk_in
B001,B00247,C0082,S01,2026-07-23T09:00:00+10:00,2026-07-23T10:00:00+10:00,2026-07-18T10:00:00+10:00,Completed,70,phone
B001,B00248,C0083,S01,2026-07-23T10:00:00+10:00,2026-07-23T11:00:00+10:00,2026-07-18T10:00:00+10:00,Completed,70,online
B001,B00249,C0084,S01,2026-07-23T11:00:00+10:00,2026-07-23T12:00:00+10:00,2026-07-18T10:00:00+10:00,Completed,70,walk_in
B001,B00250,C0085,S01,2026-07-23T12:00:00+10:00,2026-07-23T13:00:00+10:00,2026-07-18T10:00:00+10:00,Completed,70,phone
B001,B00251,C0086,S01,2026-07-23T13:00:00+10:00,2026-07-23T14:00:00+10:00,2026-07-18T10:00:00+10:00,Completed,70,online
B001,B00252,C0087,S01,2026-07-23T14:00:00+10:00,2026-07-23T15:00:00+10:00,2026-07-18T10:00:00+10:00,Completed,70,walk_in
B001,B00253,C0088,S02,2026-07-20T09:00:00+10:00,2026-07-20T11:00:00+10:00,2026-07-10T10:00:00+10:00,Completed,180,phone
B001,B00254,C0089,S02,2026-07-20T11:00:00+10:00,2026-07-20T13:00:00+10:00,2026-07-10T10:00:00+10:00,Completed,180,online
B001,B00255,C0090,S02,2026-07-20T13:00:00+10:00,2026-07-20T15:00:00+10:00,2026-07-10T10:00:00+10:00,Completed,180,walk_in
B001,B00256,C0091,S02,2026-07-20T15:00:00+10:00,2026-07-20T17:00:00+10:00,2026-07-10T10:00:00+10:00,Completed,180,phone
B001,B00257,C0092,S02,2026-07-21T09:00:00+10:00,2026-07-21T11:00:00+10:00,2026-07-10T10:00:00+10:00,Completed,180,online
B001,B00258,C0093,S02,2026-07-21T11:00:00+10:00,2026-07-21T13:00:00+10:00,2026-07-10T10:00:00+10:00,Completed,180,walk_in
B001,B00259,C0094,S02,2026-07-21T13:00:00+10:00,2026-07-21T15:00:00+10:00,2026-07-10T10:00:00+10:00,Completed,180,phone
B001,B00260,C0095,S02,2026-07-21T15:00:00+10:00,2026-07-21T17:00:00+10:00,2026-07-10T10:00:00+10:00,Completed,180,online
B001,B00261,C0096,S02,2026-07-22T09:00:00+10:00,2026-07-22T11:00:00+10:00,2026-07-10T10:00:00+10:00,Completed,180,walk_in
B001,B00262,C0097,S02,2026-07-22T11:00:00+10:00,2026-07-22T13:00:00+10:00,2026-07-10T10:00:00+10:00,Completed,180,phone
B001,B00263,C0098,S02,2026-07-22T13:00:00+10:00,2026-07-22T14:00:00+10:00,2026-07-18T10:00:00+10:00,Completed,70,online
B001,B00264,C0099,S02,2026-07-22T14:00:00+10:00,2026-07-22T15:00:00+10:00,2026-07-18T10:00:00+10:00,Completed,70,walk_in
B001,B00265,C0100,S02,2026-07-22T15:00:00+10:00,2026-07-22T16:00:00+10:00,2026-07-18T10:00:00+10:00,Completed,70,phone
B001,B00266,C0101,S02,2026-07-22T16:00:00+10:00,2026-07-22T17:00:00+10:00,2026-07-18T10:00:00+10:00,Completed,70,online
B001,B00267,C0102,S02,2026-07-23T09:00:00+10:00,2026-07-23T10:00:00+10:00,2026-07-18T10:00:00+10:00,Completed,70,walk_in
B001,B00268,C0103,S02,2026-07-23T10:00:00+10:00,2026-07-23T11:00:00+10:00,2026-07-18T10:00:00+10:00,Completed,70,phone
B001,B00269,C0104,S02,2026-07-23T11:00:00+10:00,2026-07-23T12:00:00+10:00,2026-07-18T10:00:00+10:00,Completed,70,online
B001,B00270,C0105,S02,2026-07-23T12:00:00+10:00,2026-07-23T13:00:00+10:00,2026-07-18T10:00:00+10:00,Completed,70,walk_in
B001,B00271,C0106,S02,2026-07-23T13:00:00+10:00,2026-07-23T14:00:00+10:00,2026-07-18T10:00:00+10:00,Completed,70,phone
B001,B00272,C0107,S02,2026-07-23T14:00:00+10:00,2026-07-23T15:00:00+10:00,2026-07-18T10:00:00+10:00,Completed,70,online
B001,B00273,C0108,S03,2026-07-20T09:00:00+10:00,2026-07-20T11:00:00+10:00,2026-07-10T10:00:00+10:00,Completed,180,walk_in
B001,B00274,C0109,S03,2026-07-20T11:00:00+10:00,2026-07-20T13:00:00+10:00,2026-07-10T10:00:00+10:00,Completed,180,phone
B001,B00275,C0110,S03,2026-07-20T13:00:00+10:00,2026-07-20T15:00:00+10:00,2026-07-10T10:00:00+10:00,Completed,180,online
B001,B00276,C0111,S03,2026-07-20T15:00:00+10:00,2026-07-20T17:00:00+10:00,2026-07-10T10:00:00+10:00,Completed,180,walk_in
B001,B00277,C0112,S03,2026-07-21T09:00:00+10:00,2026-07-21T11:00:00+10:00,2026-07-10T10:00:00+10:00,Completed,180,phone
B001,B00278,C0113,S03,2026-07-21T11:00:00+10:00,2026-07-21T13:00:00+10:00,2026-07-10T10:00:00+10:00,Completed,180,online
B001,B00279,C0114,S03,2026-07-21T13:00:00+10:00,2026-07-21T15:00:00+10:00,2026-07-10T10:00:00+10:00,Completed,180,walk_in
B001,B00280,C0115,S03,2026-07-21T15:00:00+10:00,2026-07-21T17:00:00+10:00,2026-07-10T10:00:00+10:00,Completed,180,phone
B001,B00281,C0116,S03,2026-07-22T09:00:00+10:00,2026-07-22T11:00:00+10:00,2026-07-10T10:00:00+10:00,Completed,180,online
B001,B00282,C0117,S03,2026-07-22T11:00:00+10:00,2026-07-22T13:00:00+10:00,2026-07-10T10:00:00+10:00,Completed,180,walk_in
B001,B00283,C0118,S03,2026-07-22T13:00:00+10:00,2026-07-22T15:00:00+10:00,2026-07-18T10:00:00+10:00,Completed,180,phone
B001,B00284,C0119,S03,2026-07-22T15:00:00+10:00,2026-07-22T17:00:00+10:00,2026-07-18T10:00:00+10:00,Completed,180,online
B001,B00285,C0120,S03,2026-07-23T09:00:00+10:00,2026-07-23T10:00:00+10:00,2026-07-18T10:00:00+10:00,Completed,70,walk_in
B001,B00286,C0121,S03,2026-07-23T10:00:00+10:00,2026-07-23T11:00:00+10:00,2026-07-18T10:00:00+10:00,Completed,70,phone
B001,B00287,C0122,S03,2026-07-23T11:00:00+10:00,2026-07-23T12:00:00+10:00,2026-07-18T10:00:00+10:00,Completed,70,online
B001,B00288,C0123,S03,2026-07-23T12:00:00+10:00,2026-07-23T13:00:00+10:00,2026-07-18T10:00:00+10:00,Completed,70,walk_in
B001,B00289,C0124,S03,2026-07-23T13:00:00+10:00,2026-07-23T14:00:00+10:00,2026-07-18T10:00:00+10:00,Completed,70,phone
B001,B00290,C0125,S03,2026-07-23T14:00:00+10:00,2026-07-23T15:00:00+10:00,2026-07-18T10:00:00+10:00,Completed,70,online
B001,B00291,C0126,S01,2026-07-27T09:00:00+10:00,2026-07-27T11:00:00+10:00,2026-07-17T10:00:00+10:00,Completed,180,walk_in
B001,B00292,C0127,S01,2026-07-27T11:00:00+10:00,2026-07-27T13:00:00+10:00,2026-07-17T10:00:00+10:00,Completed,180,phone
B001,B00293,C0128,S01,2026-07-27T13:00:00+10:00,2026-07-27T15:00:00+10:00,2026-07-17T10:00:00+10:00,Completed,180,online
B001,B00294,C0129,S01,2026-07-27T15:00:00+10:00,2026-07-27T17:00:00+10:00,2026-07-17T10:00:00+10:00,Completed,180,walk_in
B001,B00295,C0130,S01,2026-07-28T09:00:00+10:00,2026-07-28T11:00:00+10:00,2026-07-17T10:00:00+10:00,Completed,180,phone
B001,B00296,C0131,S01,2026-07-28T11:00:00+10:00,2026-07-28T13:00:00+10:00,2026-07-17T10:00:00+10:00,Completed,180,online
B001,B00297,C0132,S01,2026-07-28T13:00:00+10:00,2026-07-28T15:00:00+10:00,2026-07-17T10:00:00+10:00,Completed,180,walk_in
B001,B00298,C0133,S01,2026-07-28T15:00:00+10:00,2026-07-28T17:00:00+10:00,2026-07-17T10:00:00+10:00,Completed,180,phone
B001,B00299,C0134,S01,2026-07-29T09:00:00+10:00,2026-07-29T11:00:00+10:00,2026-07-17T10:00:00+10:00,Completed,180,online
B001,B00300,C0135,S01,2026-07-29T11:00:00+10:00,2026-07-29T13:00:00+10:00,2026-07-17T10:00:00+10:00,Completed,180,walk_in
B001,B00301,C0136,S01,2026-07-29T13:00:00+10:00,2026-07-29T14:00:00+10:00,2026-07-25T10:00:00+10:00,Completed,70,phone
B001,B00302,C0137,S01,2026-07-29T14:00:00+10:00,2026-07-29T15:00:00+10:00,2026-07-25T10:00:00+10:00,Completed,70,online
B001,B00303,C0138,S01,2026-07-29T15:00:00+10:00,2026-07-29T16:00:00+10:00,2026-07-25T10:00:00+10:00,Completed,70,walk_in
B001,B00304,C0139,S01,2026-07-29T16:00:00+10:00,2026-07-29T17:00:00+10:00,2026-07-25T10:00:00+10:00,Completed,70,phone
B001,B00305,C0140,S01,2026-07-30T09:00:00+10:00,2026-07-30T10:00:00+10:00,2026-07-25T10:00:00+10:00,Completed,70,online
B001,B00306,C0141,S01,2026-07-30T10:00:00+10:00,2026-07-30T11:00:00+10:00,2026-07-25T10:00:00+10:00,Completed,70,walk_in
B001,B00307,C0142,S01,2026-07-30T11:00:00+10:00,2026-07-30T12:00:00+10:00,2026-07-25T10:00:00+10:00,Completed,70,phone
B001,B00308,C0143,S01,2026-07-30T12:00:00+10:00,2026-07-30T13:00:00+10:00,2026-07-25T10:00:00+10:00,Completed,70,online
B001,B00309,C0144,S01,2026-07-30T13:00:00+10:00,2026-07-30T14:00:00+10:00,2026-07-25T10:00:00+10:00,Completed,70,walk_in
B001,B00310,C0145,S01,2026-07-30T14:00:00+10:00,2026-07-30T15:00:00+10:00,2026-07-25T10:00:00+10:00,Completed,70,phone
B001,B00311,C0146,S02,2026-07-27T09:00:00+10:00,2026-07-27T11:00:00+10:00,2026-07-17T10:00:00+10:00,Completed,180,online
B001,B00312,C0147,S02,2026-07-27T11:00:00+10:00,2026-07-27T13:00:00+10:00,2026-07-17T10:00:00+10:00,Completed,180,walk_in
B001,B00313,C0148,S02,2026-07-27T13:00:00+10:00,2026-07-27T15:00:00+10:00,2026-07-17T10:00:00+10:00,Completed,180,phone
B001,B00314,C0149,S02,2026-07-27T15:00:00+10:00,2026-07-27T17:00:00+10:00,2026-07-17T10:00:00+10:00,Completed,180,online
B001,B00315,C0150,S02,2026-07-28T09:00:00+10:00,2026-07-28T11:00:00+10:00,2026-07-17T10:00:00+10:00,Completed,180,walk_in
B001,B00316,C0151,S02,2026-07-28T11:00:00+10:00,2026-07-28T13:00:00+10:00,2026-07-17T10:00:00+10:00,Completed,180,phone
B001,B00317,C0152,S02,2026-07-28T13:00:00+10:00,2026-07-28T15:00:00+10:00,2026-07-17T10:00:00+10:00,Completed,180,online
B001,B00318,C0153,S02,2026-07-28T15:00:00+10:00,2026-07-28T17:00:00+10:00,2026-07-17T10:00:00+10:00,Completed,180,walk_in
B001,B00319,C0154,S02,2026-07-29T09:00:00+10:00,2026-07-29T11:00:00+10:00,2026-07-17T10:00:00+10:00,Completed,180,phone
B001,B00320,C0155,S02,2026-07-29T11:00:00+10:00,2026-07-29T13:00:00+10:00,2026-07-17T10:00:00+10:00,Completed,180,online
B001,B00321,C0156,S02,2026-07-29T13:00:00+10:00,2026-07-29T14:00:00+10:00,2026-07-25T10:00:00+10:00,Completed,70,walk_in
B001,B00322,C0157,S02,2026-07-29T14:00:00+10:00,2026-07-29T15:00:00+10:00,2026-07-25T10:00:00+10:00,Completed,70,phone
B001,B00323,C0158,S02,2026-07-29T15:00:00+10:00,2026-07-29T16:00:00+10:00,2026-07-25T10:00:00+10:00,Completed,70,online
B001,B00324,C0159,S02,2026-07-29T16:00:00+10:00,2026-07-29T17:00:00+10:00,2026-07-25T10:00:00+10:00,Completed,70,walk_in
B001,B00325,C0160,S02,2026-07-30T09:00:00+10:00,2026-07-30T10:00:00+10:00,2026-07-25T10:00:00+10:00,Completed,70,phone
B001,B00326,C0161,S02,2026-07-30T10:00:00+10:00,2026-07-30T11:00:00+10:00,2026-07-25T10:00:00+10:00,Completed,70,online
B001,B00327,C0162,S02,2026-07-30T11:00:00+10:00,2026-07-30T12:00:00+10:00,2026-07-25T10:00:00+10:00,Completed,70,walk_in
B001,B00328,C0163,S02,2026-07-30T12:00:00+10:00,2026-07-30T13:00:00+10:00,2026-07-25T10:00:00+10:00,Completed,70,phone
B001,B00329,C0164,S02,2026-07-30T13:00:00+10:00,2026-07-30T14:00:00+10:00,2026-07-25T10:00:00+10:00,Completed,70,online
B001,B00330,C0165,S02,2026-07-30T14:00:00+10:00,2026-07-30T15:00:00+10:00,2026-07-25T10:00:00+10:00,Completed,70,walk_in
B001,B00331,C0001,S03,2026-07-27T09:00:00+10:00,2026-07-27T11:00:00+10:00,2026-07-17T10:00:00+10:00,Completed,180,phone
B001,B00332,C0002,S03,2026-07-27T11:00:00+10:00,2026-07-27T13:00:00+10:00,2026-07-17T10:00:00+10:00,Completed,180,online
B001,B00333,C0003,S03,2026-07-27T13:00:00+10:00,2026-07-27T15:00:00+10:00,2026-07-17T10:00:00+10:00,Completed,180,walk_in
B001,B00334,C0004,S03,2026-07-27T15:00:00+10:00,2026-07-27T17:00:00+10:00,2026-07-17T10:00:00+10:00,Completed,180,phone
B001,B00335,C0005,S03,2026-07-28T09:00:00+10:00,2026-07-28T11:00:00+10:00,2026-07-17T10:00:00+10:00,Completed,180,online
B001,B00336,C0006,S03,2026-07-28T11:00:00+10:00,2026-07-28T13:00:00+10:00,2026-07-17T10:00:00+10:00,Completed,180,walk_in
B001,B00337,C0007,S03,2026-07-28T13:00:00+10:00,2026-07-28T15:00:00+10:00,2026-07-17T10:00:00+10:00,Completed,180,phone
B001,B00338,C0008,S03,2026-07-28T15:00:00+10:00,2026-07-28T17:00:00+10:00,2026-07-17T10:00:00+10:00,Completed,180,online
B001,B00339,C0009,S03,2026-07-29T09:00:00+10:00,2026-07-29T11:00:00+10:00,2026-07-17T10:00:00+10:00,Completed,180,walk_in
B001,B00340,C0010,S03,2026-07-29T11:00:00+10:00,2026-07-29T13:00:00+10:00,2026-07-17T10:00:00+10:00,Completed,180,phone
B001,B00341,C0011,S03,2026-07-29T13:00:00+10:00,2026-07-29T15:00:00+10:00,2026-07-25T10:00:00+10:00,Completed,180,online
B001,B00342,C0012,S03,2026-07-29T15:00:00+10:00,2026-07-29T17:00:00+10:00,2026-07-25T10:00:00+10:00,Completed,180,walk_in
B001,B00343,C0013,S03,2026-07-30T09:00:00+10:00,2026-07-30T10:00:00+10:00,2026-07-25T10:00:00+10:00,Completed,70,phone
B001,B00344,C0014,S03,2026-07-30T10:00:00+10:00,2026-07-30T11:00:00+10:00,2026-07-25T10:00:00+10:00,Completed,70,online
B001,B00345,C0015,S03,2026-07-30T11:00:00+10:00,2026-07-30T12:00:00+10:00,2026-07-25T10:00:00+10:00,Completed,70,walk_in
B001,B00346,C0016,S03,2026-07-30T12:00:00+10:00,2026-07-30T13:00:00+10:00,2026-07-25T10:00:00+10:00,Completed,70,phone
B001,B00347,C0017,S03,2026-07-30T13:00:00+10:00,2026-07-30T14:00:00+10:00,2026-07-25T10:00:00+10:00,Completed,70,online
B001,B00348,C0018,S03,2026-07-30T14:00:00+10:00,2026-07-30T15:00:00+10:00,2026-07-25T10:00:00+10:00,Completed,70,walk_in
B001,B00349,C0019,S01,2026-08-03T09:00:00+10:00,2026-08-03T11:00:00+10:00,2026-07-24T10:00:00+10:00,Completed,180,phone
B001,B00350,C0020,S01,2026-08-03T11:00:00+10:00,2026-08-03T13:00:00+10:00,2026-07-24T10:00:00+10:00,Completed,180,online
B001,B00351,C0021,S01,2026-08-03T13:00:00+10:00,2026-08-03T15:00:00+10:00,2026-07-24T10:00:00+10:00,Completed,180,walk_in
B001,B00352,C0022,S01,2026-08-03T15:00:00+10:00,2026-08-03T17:00:00+10:00,2026-07-24T10:00:00+10:00,Completed,180,phone
B001,B00353,C0023,S01,2026-08-04T09:00:00+10:00,2026-08-04T11:00:00+10:00,2026-07-24T10:00:00+10:00,Completed,180,online
B001,B00354,C0024,S01,2026-08-04T11:00:00+10:00,2026-08-04T13:00:00+10:00,2026-07-24T10:00:00+10:00,Completed,180,walk_in
B001,B00355,C0025,S01,2026-08-04T13:00:00+10:00,2026-08-04T15:00:00+10:00,2026-07-24T10:00:00+10:00,Completed,180,phone
B001,B00356,C0026,S01,2026-08-04T15:00:00+10:00,2026-08-04T17:00:00+10:00,2026-07-24T10:00:00+10:00,Completed,180,online
B001,B00357,C0027,S01,2026-08-05T09:00:00+10:00,2026-08-05T11:00:00+10:00,2026-07-24T10:00:00+10:00,Completed,180,walk_in
B001,B00358,C0028,S01,2026-08-05T11:00:00+10:00,2026-08-05T13:00:00+10:00,2026-07-24T10:00:00+10:00,Completed,180,phone
B001,B00359,C0029,S01,2026-08-05T13:00:00+10:00,2026-08-05T14:00:00+10:00,2026-08-01T10:00:00+10:00,Completed,70,online
B001,B00360,C0030,S01,2026-08-05T14:00:00+10:00,2026-08-05T15:00:00+10:00,2026-08-01T10:00:00+10:00,Completed,70,walk_in
B001,B00361,C0031,S01,2026-08-05T15:00:00+10:00,2026-08-05T16:00:00+10:00,2026-08-01T10:00:00+10:00,Completed,70,phone
B001,B00362,C0032,S01,2026-08-05T16:00:00+10:00,2026-08-05T17:00:00+10:00,2026-08-01T10:00:00+10:00,Completed,70,online
B001,B00363,C0033,S01,2026-08-06T09:00:00+10:00,2026-08-06T10:00:00+10:00,2026-08-01T10:00:00+10:00,Completed,70,walk_in
B001,B00364,C0034,S01,2026-08-06T10:00:00+10:00,2026-08-06T11:00:00+10:00,2026-08-01T10:00:00+10:00,Completed,70,phone
B001,B00365,C0035,S01,2026-08-06T11:00:00+10:00,2026-08-06T12:00:00+10:00,2026-08-01T10:00:00+10:00,Completed,70,online
B001,B00366,C0036,S01,2026-08-06T12:00:00+10:00,2026-08-06T13:00:00+10:00,2026-08-01T10:00:00+10:00,Completed,70,walk_in
B001,B00367,C0037,S01,2026-08-06T13:00:00+10:00,2026-08-06T14:00:00+10:00,2026-08-01T10:00:00+10:00,Completed,70,phone
B001,B00368,C0038,S01,2026-08-06T14:00:00+10:00,2026-08-06T15:00:00+10:00,2026-08-01T10:00:00+10:00,Completed,70,online
B001,B00369,C0039,S02,2026-08-03T09:00:00+10:00,2026-08-03T11:00:00+10:00,2026-07-24T10:00:00+10:00,Completed,180,walk_in
B001,B00370,C0040,S02,2026-08-03T11:00:00+10:00,2026-08-03T13:00:00+10:00,2026-07-24T10:00:00+10:00,Completed,180,phone
B001,B00371,C0041,S02,2026-08-03T13:00:00+10:00,2026-08-03T15:00:00+10:00,2026-07-24T10:00:00+10:00,Completed,180,online
B001,B00372,C0042,S02,2026-08-03T15:00:00+10:00,2026-08-03T17:00:00+10:00,2026-07-24T10:00:00+10:00,Completed,180,walk_in
B001,B00373,C0043,S02,2026-08-04T09:00:00+10:00,2026-08-04T11:00:00+10:00,2026-07-24T10:00:00+10:00,Completed,180,phone
B001,B00374,C0044,S02,2026-08-04T11:00:00+10:00,2026-08-04T13:00:00+10:00,2026-07-24T10:00:00+10:00,Completed,180,online
B001,B00375,C0045,S02,2026-08-04T13:00:00+10:00,2026-08-04T15:00:00+10:00,2026-07-24T10:00:00+10:00,Completed,180,walk_in
B001,B00376,C0046,S02,2026-08-04T15:00:00+10:00,2026-08-04T17:00:00+10:00,2026-07-24T10:00:00+10:00,Completed,180,phone
B001,B00377,C0047,S02,2026-08-05T09:00:00+10:00,2026-08-05T11:00:00+10:00,2026-07-24T10:00:00+10:00,Completed,180,online
B001,B00378,C0048,S02,2026-08-05T11:00:00+10:00,2026-08-05T13:00:00+10:00,2026-07-24T10:00:00+10:00,Completed,180,walk_in
B001,B00379,C0049,S02,2026-08-05T13:00:00+10:00,2026-08-05T14:00:00+10:00,2026-08-01T10:00:00+10:00,Completed,70,phone
B001,B00380,C0050,S02,2026-08-05T14:00:00+10:00,2026-08-05T15:00:00+10:00,2026-08-01T10:00:00+10:00,Completed,70,online
B001,B00381,C0051,S02,2026-08-05T15:00:00+10:00,2026-08-05T16:00:00+10:00,2026-08-01T10:00:00+10:00,Completed,70,walk_in
B001,B00382,C0052,S02,2026-08-05T16:00:00+10:00,2026-08-05T17:00:00+10:00,2026-08-01T10:00:00+10:00,Completed,70,phone
B001,B00383,C0053,S02,2026-08-06T09:00:00+10:00,2026-08-06T10:00:00+10:00,2026-08-01T10:00:00+10:00,Completed,70,online
B001,B00384,C0054,S02,2026-08-06T10:00:00+10:00,2026-08-06T11:00:00+10:00,2026-08-01T10:00:00+10:00,Completed,70,walk_in
B001,B00385,C0055,S02,2026-08-06T11:00:00+10:00,2026-08-06T12:00:00+10:00,2026-08-01T10:00:00+10:00,Completed,70,phone
B001,B00386,C0056,S02,2026-08-06T12:00:00+10:00,2026-08-06T13:00:00+10:00,2026-08-01T10:00:00+10:00,Completed,70,online
B001,B00387,C0057,S02,2026-08-06T13:00:00+10:00,2026-08-06T14:00:00+10:00,2026-08-01T10:00:00+10:00,Completed,70,walk_in
B001,B00388,C0058,S02,2026-08-06T14:00:00+10:00,2026-08-06T15:00:00+10:00,2026-08-01T10:00:00+10:00,Completed,70,phone
B001,B00389,C0059,S03,2026-08-03T09:00:00+10:00,2026-08-03T11:00:00+10:00,2026-07-24T10:00:00+10:00,Completed,180,online
B001,B00390,C0060,S03,2026-08-03T11:00:00+10:00,2026-08-03T13:00:00+10:00,2026-07-24T10:00:00+10:00,Completed,180,walk_in
B001,B00391,C0061,S03,2026-08-03T13:00:00+10:00,2026-08-03T15:00:00+10:00,2026-07-24T10:00:00+10:00,Completed,180,phone
B001,B00392,C0062,S03,2026-08-03T15:00:00+10:00,2026-08-03T17:00:00+10:00,2026-07-24T10:00:00+10:00,Completed,180,online
B001,B00393,C0063,S03,2026-08-04T09:00:00+10:00,2026-08-04T11:00:00+10:00,2026-07-24T10:00:00+10:00,Completed,180,walk_in
B001,B00394,C0064,S03,2026-08-04T11:00:00+10:00,2026-08-04T13:00:00+10:00,2026-07-24T10:00:00+10:00,Completed,180,phone
B001,B00395,C0065,S03,2026-08-04T13:00:00+10:00,2026-08-04T15:00:00+10:00,2026-07-24T10:00:00+10:00,Completed,180,online
B001,B00396,C0066,S03,2026-08-04T15:00:00+10:00,2026-08-04T17:00:00+10:00,2026-07-24T10:00:00+10:00,Completed,180,walk_in
B001,B00397,C0067,S03,2026-08-05T09:00:00+10:00,2026-08-05T11:00:00+10:00,2026-07-24T10:00:00+10:00,Completed,180,phone
B001,B00398,C0068,S03,2026-08-05T11:00:00+10:00,2026-08-05T13:00:00+10:00,2026-07-24T10:00:00+10:00,Completed,180,online
B001,B00399,C0069,S03,2026-08-05T13:00:00+10:00,2026-08-05T15:00:00+10:00,2026-08-01T10:00:00+10:00,Completed,180,walk_in
B001,B00400,C0070,S03,2026-08-05T15:00:00+10:00,2026-08-05T17:00:00+10:00,2026-08-01T10:00:00+10:00,Completed,180,phone
B001,B00401,C0071,S03,2026-08-06T09:00:00+10:00,2026-08-06T10:00:00+10:00,2026-08-01T10:00:00+10:00,Completed,70,online
B001,B00402,C0072,S03,2026-08-06T10:00:00+10:00,2026-08-06T11:00:00+10:00,2026-08-01T10:00:00+10:00,Completed,70,walk_in
B001,B00403,C0073,S03,2026-08-06T11:00:00+10:00,2026-08-06T12:00:00+10:00,2026-08-01T10:00:00+10:00,Completed,70,phone
B001,B00404,C0074,S03,2026-08-06T12:00:00+10:00,2026-08-06T13:00:00+10:00,2026-08-01T10:00:00+10:00,Completed,70,online
B001,B00405,C0075,S03,2026-08-06T13:00:00+10:00,2026-08-06T14:00:00+10:00,2026-08-01T10:00:00+10:00,Completed,70,walk_in
B001,B00406,C0076,S03,2026-08-06T14:00:00+10:00,2026-08-06T15:00:00+10:00,2026-08-01T10:00:00+10:00,Completed,70,phone
B001,B00407,C0077,S01,2026-08-10T09:00:00+10:00,2026-08-10T11:00:00+10:00,2026-07-31T10:00:00+10:00,Completed,180,online
B001,B00408,C0078,S01,2026-08-10T11:00:00+10:00,2026-08-10T13:00:00+10:00,2026-07-31T10:00:00+10:00,Completed,180,walk_in
B001,B00409,C0079,S01,2026-08-10T13:00:00+10:00,2026-08-10T15:00:00+10:00,2026-07-31T10:00:00+10:00,Completed,180,phone
B001,B00410,C0080,S01,2026-08-10T15:00:00+10:00,2026-08-10T17:00:00+10:00,2026-07-31T10:00:00+10:00,Completed,180,online
B001,B00411,C0081,S01,2026-08-11T09:00:00+10:00,2026-08-11T11:00:00+10:00,2026-07-31T10:00:00+10:00,Completed,180,walk_in
B001,B00412,C0082,S01,2026-08-11T11:00:00+10:00,2026-08-11T13:00:00+10:00,2026-07-31T10:00:00+10:00,Completed,180,phone
B001,B00413,C0083,S01,2026-08-11T13:00:00+10:00,2026-08-11T15:00:00+10:00,2026-07-31T10:00:00+10:00,Completed,180,online
B001,B00414,C0084,S01,2026-08-11T15:00:00+10:00,2026-08-11T17:00:00+10:00,2026-07-31T10:00:00+10:00,Completed,180,walk_in
B001,B00415,C0085,S01,2026-08-12T09:00:00+10:00,2026-08-12T11:00:00+10:00,2026-07-31T10:00:00+10:00,Completed,180,phone
B001,B00416,C0086,S01,2026-08-12T11:00:00+10:00,2026-08-12T13:00:00+10:00,2026-07-31T10:00:00+10:00,Completed,180,online
B001,B00417,C0087,S01,2026-08-12T13:00:00+10:00,2026-08-12T14:00:00+10:00,2026-08-08T10:00:00+10:00,Completed,70,walk_in
B001,B00418,C0088,S01,2026-08-12T14:00:00+10:00,2026-08-12T15:00:00+10:00,2026-08-08T10:00:00+10:00,Completed,70,phone
B001,B00419,C0089,S01,2026-08-12T15:00:00+10:00,2026-08-12T16:00:00+10:00,2026-08-08T10:00:00+10:00,Completed,70,online
B001,B00420,C0090,S01,2026-08-12T16:00:00+10:00,2026-08-12T17:00:00+10:00,2026-08-08T10:00:00+10:00,Completed,70,walk_in
B001,B00421,C0091,S01,2026-08-13T09:00:00+10:00,2026-08-13T10:00:00+10:00,2026-08-08T10:00:00+10:00,Completed,70,phone
B001,B00422,C0092,S01,2026-08-13T10:00:00+10:00,2026-08-13T11:00:00+10:00,2026-08-08T10:00:00+10:00,Completed,70,online
B001,B00423,C0093,S01,2026-08-13T11:00:00+10:00,2026-08-13T12:00:00+10:00,2026-08-08T10:00:00+10:00,Completed,70,walk_in
B001,B00424,C0094,S01,2026-08-13T12:00:00+10:00,2026-08-13T13:00:00+10:00,2026-08-08T10:00:00+10:00,Completed,70,phone
B001,B00425,C0095,S01,2026-08-13T13:00:00+10:00,2026-08-13T14:00:00+10:00,2026-08-08T10:00:00+10:00,Completed,70,online
B001,B00426,C0096,S01,2026-08-13T14:00:00+10:00,2026-08-13T15:00:00+10:00,2026-08-08T10:00:00+10:00,Completed,70,walk_in
B001,B00427,C0097,S02,2026-08-10T09:00:00+10:00,2026-08-10T11:00:00+10:00,2026-07-31T10:00:00+10:00,Completed,180,phone
B001,B00428,C0098,S02,2026-08-10T11:00:00+10:00,2026-08-10T13:00:00+10:00,2026-07-31T10:00:00+10:00,Completed,180,online
B001,B00429,C0099,S02,2026-08-10T13:00:00+10:00,2026-08-10T15:00:00+10:00,2026-07-31T10:00:00+10:00,Completed,180,walk_in
B001,B00430,C0100,S02,2026-08-10T15:00:00+10:00,2026-08-10T17:00:00+10:00,2026-07-31T10:00:00+10:00,Completed,180,phone
B001,B00431,C0101,S02,2026-08-11T09:00:00+10:00,2026-08-11T11:00:00+10:00,2026-07-31T10:00:00+10:00,Completed,180,online
B001,B00432,C0102,S02,2026-08-11T11:00:00+10:00,2026-08-11T13:00:00+10:00,2026-07-31T10:00:00+10:00,Completed,180,walk_in
B001,B00433,C0103,S02,2026-08-11T13:00:00+10:00,2026-08-11T15:00:00+10:00,2026-07-31T10:00:00+10:00,Completed,180,phone
B001,B00434,C0104,S02,2026-08-11T15:00:00+10:00,2026-08-11T17:00:00+10:00,2026-07-31T10:00:00+10:00,Completed,180,online
B001,B00435,C0105,S02,2026-08-12T09:00:00+10:00,2026-08-12T11:00:00+10:00,2026-07-31T10:00:00+10:00,Completed,180,walk_in
B001,B00436,C0106,S02,2026-08-12T11:00:00+10:00,2026-08-12T13:00:00+10:00,2026-07-31T10:00:00+10:00,Completed,180,phone
B001,B00437,C0107,S02,2026-08-12T13:00:00+10:00,2026-08-12T14:00:00+10:00,2026-08-08T10:00:00+10:00,Completed,70,online
B001,B00438,C0108,S02,2026-08-12T14:00:00+10:00,2026-08-12T15:00:00+10:00,2026-08-08T10:00:00+10:00,Completed,70,walk_in
B001,B00439,C0109,S02,2026-08-12T15:00:00+10:00,2026-08-12T16:00:00+10:00,2026-08-08T10:00:00+10:00,Completed,70,phone
B001,B00440,C0110,S02,2026-08-12T16:00:00+10:00,2026-08-12T17:00:00+10:00,2026-08-08T10:00:00+10:00,Completed,70,online
B001,B00441,C0111,S02,2026-08-13T09:00:00+10:00,2026-08-13T10:00:00+10:00,2026-08-08T10:00:00+10:00,Completed,70,walk_in
B001,B00442,C0112,S02,2026-08-13T10:00:00+10:00,2026-08-13T11:00:00+10:00,2026-08-08T10:00:00+10:00,Completed,70,phone
B001,B00443,C0113,S02,2026-08-13T11:00:00+10:00,2026-08-13T12:00:00+10:00,2026-08-08T10:00:00+10:00,Completed,70,online
B001,B00444,C0114,S02,2026-08-13T12:00:00+10:00,2026-08-13T13:00:00+10:00,2026-08-08T10:00:00+10:00,Completed,70,walk_in
B001,B00445,C0115,S02,2026-08-13T13:00:00+10:00,2026-08-13T14:00:00+10:00,2026-08-08T10:00:00+10:00,Completed,70,phone
B001,B00446,C0116,S02,2026-08-13T14:00:00+10:00,2026-08-13T15:00:00+10:00,2026-08-08T10:00:00+10:00,Completed,70,online
B001,B00447,C0117,S03,2026-08-10T09:00:00+10:00,2026-08-10T11:00:00+10:00,2026-07-31T10:00:00+10:00,Completed,180,walk_in
B001,B00448,C0118,S03,2026-08-10T11:00:00+10:00,2026-08-10T13:00:00+10:00,2026-07-31T10:00:00+10:00,Completed,180,phone
B001,B00449,C0119,S03,2026-08-10T13:00:00+10:00,2026-08-10T15:00:00+10:00,2026-07-31T10:00:00+10:00,Completed,180,online
B001,B00450,C0120,S03,2026-08-10T15:00:00+10:00,2026-08-10T17:00:00+10:00,2026-07-31T10:00:00+10:00,Completed,180,walk_in
B001,B00451,C0121,S03,2026-08-11T09:00:00+10:00,2026-08-11T11:00:00+10:00,2026-07-31T10:00:00+10:00,Completed,180,phone
B001,B00452,C0122,S03,2026-08-11T11:00:00+10:00,2026-08-11T13:00:00+10:00,2026-07-31T10:00:00+10:00,Completed,180,online
B001,B00453,C0123,S03,2026-08-11T13:00:00+10:00,2026-08-11T15:00:00+10:00,2026-07-31T10:00:00+10:00,Completed,180,walk_in
B001,B00454,C0124,S03,2026-08-11T15:00:00+10:00,2026-08-11T17:00:00+10:00,2026-07-31T10:00:00+10:00,Completed,180,phone
B001,B00455,C0125,S03,2026-08-12T09:00:00+10:00,2026-08-12T11:00:00+10:00,2026-07-31T10:00:00+10:00,Completed,180,online
B001,B00456,C0126,S03,2026-08-12T11:00:00+10:00,2026-08-12T13:00:00+10:00,2026-07-31T10:00:00+10:00,Completed,180,walk_in
B001,B00457,C0127,S03,2026-08-12T13:00:00+10:00,2026-08-12T15:00:00+10:00,2026-08-08T10:00:00+10:00,Completed,180,phone
B001,B00458,C0128,S03,2026-08-12T15:00:00+10:00,2026-08-12T17:00:00+10:00,2026-08-08T10:00:00+10:00,Completed,180,online
B001,B00459,C0129,S03,2026-08-13T09:00:00+10:00,2026-08-13T10:00:00+10:00,2026-08-08T10:00:00+10:00,Completed,70,walk_in
B001,B00460,C0130,S03,2026-08-13T10:00:00+10:00,2026-08-13T11:00:00+10:00,2026-08-08T10:00:00+10:00,Completed,70,phone
B001,B00461,C0131,S03,2026-08-13T11:00:00+10:00,2026-08-13T12:00:00+10:00,2026-08-08T10:00:00+10:00,Completed,70,online
B001,B00462,C0132,S03,2026-08-13T12:00:00+10:00,2026-08-13T13:00:00+10:00,2026-08-08T10:00:00+10:00,Completed,70,walk_in
B001,B00463,C0133,S03,2026-08-13T13:00:00+10:00,2026-08-13T14:00:00+10:00,2026-08-08T10:00:00+10:00,Completed,70,phone
B001,B00464,C0134,S03,2026-08-13T14:00:00+10:00,2026-08-13T15:00:00+10:00,2026-08-08T10:00:00+10:00,Completed,70,online
B001,B00465,C0135,S01,2026-08-17T09:00:00+10:00,2026-08-17T11:00:00+10:00,2026-08-07T10:00:00+10:00,Completed,180,walk_in
B001,B00466,C0136,S01,2026-08-17T11:00:00+10:00,2026-08-17T13:00:00+10:00,2026-08-07T10:00:00+10:00,Completed,180,phone
B001,B00467,C0137,S01,2026-08-17T13:00:00+10:00,2026-08-17T15:00:00+10:00,2026-08-07T10:00:00+10:00,Completed,180,online
B001,B00468,C0138,S01,2026-08-17T15:00:00+10:00,2026-08-17T17:00:00+10:00,2026-08-07T10:00:00+10:00,Completed,180,walk_in
B001,B00469,C0139,S01,2026-08-18T09:00:00+10:00,2026-08-18T11:00:00+10:00,2026-08-07T10:00:00+10:00,Completed,180,phone
B001,B00470,C0140,S01,2026-08-18T11:00:00+10:00,2026-08-18T13:00:00+10:00,2026-08-07T10:00:00+10:00,Completed,180,online
B001,B00471,C0141,S01,2026-08-18T13:00:00+10:00,2026-08-18T15:00:00+10:00,2026-08-07T10:00:00+10:00,Completed,180,walk_in
B001,B00472,C0142,S01,2026-08-18T15:00:00+10:00,2026-08-18T17:00:00+10:00,2026-08-07T10:00:00+10:00,Completed,180,phone
B001,B00473,C0143,S01,2026-08-19T09:00:00+10:00,2026-08-19T11:00:00+10:00,2026-08-07T10:00:00+10:00,Completed,180,online
B001,B00474,C0144,S01,2026-08-19T11:00:00+10:00,2026-08-19T13:00:00+10:00,2026-08-07T10:00:00+10:00,Completed,180,walk_in
B001,B00475,C0145,S01,2026-08-19T13:00:00+10:00,2026-08-19T14:00:00+10:00,2026-08-15T10:00:00+10:00,Completed,70,phone
B001,B00476,C0146,S01,2026-08-19T14:00:00+10:00,2026-08-19T15:00:00+10:00,2026-08-15T10:00:00+10:00,Completed,70,online
B001,B00477,C0147,S01,2026-08-19T15:00:00+10:00,2026-08-19T16:00:00+10:00,2026-08-15T10:00:00+10:00,Completed,70,walk_in
B001,B00478,C0148,S01,2026-08-19T16:00:00+10:00,2026-08-19T17:00:00+10:00,2026-08-15T10:00:00+10:00,Completed,70,phone
B001,B00479,C0149,S01,2026-08-20T09:00:00+10:00,2026-08-20T10:00:00+10:00,2026-08-15T10:00:00+10:00,Completed,70,online
B001,B00480,C0150,S01,2026-08-20T10:00:00+10:00,2026-08-20T11:00:00+10:00,2026-08-15T10:00:00+10:00,Completed,70,walk_in
B001,B00481,C0151,S01,2026-08-20T11:00:00+10:00,2026-08-20T12:00:00+10:00,2026-08-15T10:00:00+10:00,Completed,70,phone
B001,B00482,C0152,S01,2026-08-20T12:00:00+10:00,2026-08-20T13:00:00+10:00,2026-08-15T10:00:00+10:00,Completed,70,online
B001,B00483,C0153,S01,2026-08-20T13:00:00+10:00,2026-08-20T14:00:00+10:00,2026-08-15T10:00:00+10:00,Completed,70,walk_in
B001,B00484,C0154,S01,2026-08-20T14:00:00+10:00,2026-08-20T15:00:00+10:00,2026-08-15T10:00:00+10:00,Completed,70,phone
B001,B00485,C0155,S02,2026-08-17T09:00:00+10:00,2026-08-17T11:00:00+10:00,2026-08-07T10:00:00+10:00,Completed,180,online
B001,B00486,C0156,S02,2026-08-17T11:00:00+10:00,2026-08-17T13:00:00+10:00,2026-08-07T10:00:00+10:00,Completed,180,walk_in
B001,B00487,C0157,S02,2026-08-17T13:00:00+10:00,2026-08-17T15:00:00+10:00,2026-08-07T10:00:00+10:00,Completed,180,phone
B001,B00488,C0158,S02,2026-08-17T15:00:00+10:00,2026-08-17T17:00:00+10:00,2026-08-07T10:00:00+10:00,Completed,180,online
B001,B00489,C0159,S02,2026-08-18T09:00:00+10:00,2026-08-18T11:00:00+10:00,2026-08-07T10:00:00+10:00,Completed,180,walk_in
B001,B00490,C0160,S02,2026-08-18T11:00:00+10:00,2026-08-18T13:00:00+10:00,2026-08-07T10:00:00+10:00,Completed,180,phone
B001,B00491,C0161,S02,2026-08-18T13:00:00+10:00,2026-08-18T15:00:00+10:00,2026-08-07T10:00:00+10:00,Completed,180,online
B001,B00492,C0162,S02,2026-08-18T15:00:00+10:00,2026-08-18T17:00:00+10:00,2026-08-07T10:00:00+10:00,Completed,180,walk_in
B001,B00493,C0163,S02,2026-08-19T09:00:00+10:00,2026-08-19T11:00:00+10:00,2026-08-07T10:00:00+10:00,Completed,180,phone
B001,B00494,C0164,S02,2026-08-19T11:00:00+10:00,2026-08-19T13:00:00+10:00,2026-08-07T10:00:00+10:00,Completed,180,online
B001,B00495,C0165,S02,2026-08-19T13:00:00+10:00,2026-08-19T14:00:00+10:00,2026-08-15T10:00:00+10:00,Completed,70,walk_in
B001,B00496,C0001,S02,2026-08-19T14:00:00+10:00,2026-08-19T15:00:00+10:00,2026-08-15T10:00:00+10:00,Completed,70,phone
B001,B00497,C0002,S02,2026-08-19T15:00:00+10:00,2026-08-19T16:00:00+10:00,2026-08-15T10:00:00+10:00,Completed,70,online
B001,B00498,C0003,S02,2026-08-19T16:00:00+10:00,2026-08-19T17:00:00+10:00,2026-08-15T10:00:00+10:00,Completed,70,walk_in
B001,B00499,C0004,S02,2026-08-20T09:00:00+10:00,2026-08-20T10:00:00+10:00,2026-08-15T10:00:00+10:00,Completed,70,phone
B001,B00500,C0005,S02,2026-08-20T10:00:00+10:00,2026-08-20T11:00:00+10:00,2026-08-15T10:00:00+10:00,Completed,70,online
B001,B00501,C0006,S02,2026-08-20T11:00:00+10:00,2026-08-20T12:00:00+10:00,2026-08-15T10:00:00+10:00,Completed,70,walk_in
B001,B00502,C0007,S02,2026-08-20T12:00:00+10:00,2026-08-20T13:00:00+10:00,2026-08-15T10:00:00+10:00,Completed,70,phone
B001,B00503,C0008,S02,2026-08-20T13:00:00+10:00,2026-08-20T14:00:00+10:00,2026-08-15T10:00:00+10:00,Completed,70,online
B001,B00504,C0009,S02,2026-08-20T14:00:00+10:00,2026-08-20T15:00:00+10:00,2026-08-15T10:00:00+10:00,Completed,70,walk_in
B001,B00505,C0010,S03,2026-08-17T09:00:00+10:00,2026-08-17T11:00:00+10:00,2026-08-07T10:00:00+10:00,Completed,180,phone
B001,B00506,C0011,S03,2026-08-17T11:00:00+10:00,2026-08-17T13:00:00+10:00,2026-08-07T10:00:00+10:00,Completed,180,online
B001,B00507,C0012,S03,2026-08-17T13:00:00+10:00,2026-08-17T15:00:00+10:00,2026-08-07T10:00:00+10:00,Completed,180,walk_in
B001,B00508,C0013,S03,2026-08-17T15:00:00+10:00,2026-08-17T17:00:00+10:00,2026-08-07T10:00:00+10:00,Completed,180,phone
B001,B00509,C0014,S03,2026-08-18T09:00:00+10:00,2026-08-18T11:00:00+10:00,2026-08-07T10:00:00+10:00,Completed,180,online
B001,B00510,C0015,S03,2026-08-18T11:00:00+10:00,2026-08-18T13:00:00+10:00,2026-08-07T10:00:00+10:00,Completed,180,walk_in
B001,B00511,C0016,S03,2026-08-18T13:00:00+10:00,2026-08-18T15:00:00+10:00,2026-08-07T10:00:00+10:00,Completed,180,phone
B001,B00512,C0017,S03,2026-08-18T15:00:00+10:00,2026-08-18T17:00:00+10:00,2026-08-07T10:00:00+10:00,Completed,180,online
B001,B00513,C0018,S03,2026-08-19T09:00:00+10:00,2026-08-19T11:00:00+10:00,2026-08-07T10:00:00+10:00,Completed,180,walk_in
B001,B00514,C0019,S03,2026-08-19T11:00:00+10:00,2026-08-19T13:00:00+10:00,2026-08-07T10:00:00+10:00,Completed,180,phone
B001,B00515,C0020,S03,2026-08-19T13:00:00+10:00,2026-08-19T15:00:00+10:00,2026-08-15T10:00:00+10:00,Completed,180,online
B001,B00516,C0021,S03,2026-08-19T15:00:00+10:00,2026-08-19T17:00:00+10:00,2026-08-15T10:00:00+10:00,Completed,180,walk_in
B001,B00517,C0022,S03,2026-08-20T09:00:00+10:00,2026-08-20T10:00:00+10:00,2026-08-15T10:00:00+10:00,Completed,70,phone
B001,B00518,C0023,S03,2026-08-20T10:00:00+10:00,2026-08-20T11:00:00+10:00,2026-08-15T10:00:00+10:00,Completed,70,online
B001,B00519,C0024,S03,2026-08-20T11:00:00+10:00,2026-08-20T12:00:00+10:00,2026-08-15T10:00:00+10:00,Completed,70,walk_in
B001,B00520,C0025,S03,2026-08-20T12:00:00+10:00,2026-08-20T13:00:00+10:00,2026-08-15T10:00:00+10:00,Completed,70,phone
B001,B00521,C0026,S03,2026-08-20T13:00:00+10:00,2026-08-20T14:00:00+10:00,2026-08-15T10:00:00+10:00,Completed,70,online
B001,B00522,C0027,S03,2026-08-20T14:00:00+10:00,2026-08-20T15:00:00+10:00,2026-08-15T10:00:00+10:00,Completed,70,walk_in
B001,B00523,C0028,S01,2026-08-24T09:00:00+10:00,2026-08-24T11:00:00+10:00,2026-08-14T10:00:00+10:00,Completed,180,phone
B001,B00524,C0029,S01,2026-08-24T11:00:00+10:00,2026-08-24T13:00:00+10:00,2026-08-14T10:00:00+10:00,Completed,180,online
B001,B00525,C0030,S01,2026-08-24T13:00:00+10:00,2026-08-24T15:00:00+10:00,2026-08-14T10:00:00+10:00,Completed,180,walk_in
B001,B00526,C0031,S01,2026-08-24T15:00:00+10:00,2026-08-24T17:00:00+10:00,2026-08-14T10:00:00+10:00,Completed,180,phone
B001,B00527,C0032,S01,2026-08-25T09:00:00+10:00,2026-08-25T11:00:00+10:00,2026-08-14T10:00:00+10:00,Completed,180,online
B001,B00528,C0033,S01,2026-08-25T11:00:00+10:00,2026-08-25T13:00:00+10:00,2026-08-14T10:00:00+10:00,Completed,180,walk_in
B001,B00529,C0034,S01,2026-08-25T13:00:00+10:00,2026-08-25T15:00:00+10:00,2026-08-14T10:00:00+10:00,Completed,180,phone
B001,B00530,C0035,S01,2026-08-25T15:00:00+10:00,2026-08-25T17:00:00+10:00,2026-08-14T10:00:00+10:00,Completed,180,online
B001,B00531,C0036,S01,2026-08-26T09:00:00+10:00,2026-08-26T11:00:00+10:00,2026-08-14T10:00:00+10:00,Completed,180,walk_in
B001,B00532,C0037,S01,2026-08-26T11:00:00+10:00,2026-08-26T13:00:00+10:00,2026-08-14T10:00:00+10:00,Completed,180,phone
B001,B00533,C0038,S01,2026-08-26T13:00:00+10:00,2026-08-26T14:00:00+10:00,2026-08-22T10:00:00+10:00,Completed,70,online
B001,B00534,C0039,S01,2026-08-26T14:00:00+10:00,2026-08-26T15:00:00+10:00,2026-08-22T10:00:00+10:00,Completed,70,walk_in
B001,B00535,C0040,S01,2026-08-26T15:00:00+10:00,2026-08-26T16:00:00+10:00,2026-08-22T10:00:00+10:00,Completed,70,phone
B001,B00536,C0041,S01,2026-08-26T16:00:00+10:00,2026-08-26T17:00:00+10:00,2026-08-22T10:00:00+10:00,Completed,70,online
B001,B00537,C0042,S01,2026-08-27T09:00:00+10:00,2026-08-27T10:00:00+10:00,2026-08-22T10:00:00+10:00,Completed,70,walk_in
B001,B00538,C0043,S01,2026-08-27T10:00:00+10:00,2026-08-27T11:00:00+10:00,2026-08-22T10:00:00+10:00,Completed,70,phone
B001,B00539,C0044,S01,2026-08-27T11:00:00+10:00,2026-08-27T12:00:00+10:00,2026-08-22T10:00:00+10:00,Completed,70,online
B001,B00540,C0045,S01,2026-08-27T12:00:00+10:00,2026-08-27T13:00:00+10:00,2026-08-22T10:00:00+10:00,Completed,70,walk_in
B001,B00541,C0046,S01,2026-08-27T13:00:00+10:00,2026-08-27T14:00:00+10:00,2026-08-22T10:00:00+10:00,Completed,70,phone
B001,B00542,C0047,S01,2026-08-27T14:00:00+10:00,2026-08-27T15:00:00+10:00,2026-08-22T10:00:00+10:00,Completed,70,online
B001,B00543,C0048,S02,2026-08-24T09:00:00+10:00,2026-08-24T11:00:00+10:00,2026-08-14T10:00:00+10:00,Completed,180,walk_in
B001,B00544,C0049,S02,2026-08-24T11:00:00+10:00,2026-08-24T13:00:00+10:00,2026-08-14T10:00:00+10:00,Completed,180,phone
B001,B00545,C0050,S02,2026-08-24T13:00:00+10:00,2026-08-24T15:00:00+10:00,2026-08-14T10:00:00+10:00,Completed,180,online
B001,B00546,C0051,S02,2026-08-24T15:00:00+10:00,2026-08-24T17:00:00+10:00,2026-08-14T10:00:00+10:00,Completed,180,walk_in
B001,B00547,C0052,S02,2026-08-25T09:00:00+10:00,2026-08-25T11:00:00+10:00,2026-08-14T10:00:00+10:00,Completed,180,phone
B001,B00548,C0053,S02,2026-08-25T11:00:00+10:00,2026-08-25T13:00:00+10:00,2026-08-14T10:00:00+10:00,Completed,180,online
B001,B00549,C0054,S02,2026-08-25T13:00:00+10:00,2026-08-25T15:00:00+10:00,2026-08-14T10:00:00+10:00,Completed,180,walk_in
B001,B00550,C0055,S02,2026-08-25T15:00:00+10:00,2026-08-25T17:00:00+10:00,2026-08-14T10:00:00+10:00,Completed,180,phone
B001,B00551,C0056,S02,2026-08-26T09:00:00+10:00,2026-08-26T11:00:00+10:00,2026-08-14T10:00:00+10:00,Completed,180,online
B001,B00552,C0057,S02,2026-08-26T11:00:00+10:00,2026-08-26T13:00:00+10:00,2026-08-14T10:00:00+10:00,Completed,180,walk_in
B001,B00553,C0058,S02,2026-08-26T13:00:00+10:00,2026-08-26T14:00:00+10:00,2026-08-22T10:00:00+10:00,Completed,70,phone
B001,B00554,C0059,S02,2026-08-26T14:00:00+10:00,2026-08-26T15:00:00+10:00,2026-08-22T10:00:00+10:00,Completed,70,online
B001,B00555,C0060,S02,2026-08-26T15:00:00+10:00,2026-08-26T16:00:00+10:00,2026-08-22T10:00:00+10:00,Completed,70,walk_in
B001,B00556,C0061,S02,2026-08-26T16:00:00+10:00,2026-08-26T17:00:00+10:00,2026-08-22T10:00:00+10:00,Completed,70,phone
B001,B00557,C0062,S02,2026-08-27T09:00:00+10:00,2026-08-27T10:00:00+10:00,2026-08-22T10:00:00+10:00,Completed,70,online
B001,B00558,C0063,S02,2026-08-27T10:00:00+10:00,2026-08-27T11:00:00+10:00,2026-08-22T10:00:00+10:00,Completed,70,walk_in
B001,B00559,C0064,S02,2026-08-27T11:00:00+10:00,2026-08-27T12:00:00+10:00,2026-08-22T10:00:00+10:00,Completed,70,phone
B001,B00560,C0065,S02,2026-08-27T12:00:00+10:00,2026-08-27T13:00:00+10:00,2026-08-22T10:00:00+10:00,Completed,70,online
B001,B00561,C0066,S02,2026-08-27T13:00:00+10:00,2026-08-27T14:00:00+10:00,2026-08-22T10:00:00+10:00,Completed,70,walk_in
B001,B00562,C0067,S02,2026-08-27T14:00:00+10:00,2026-08-27T15:00:00+10:00,2026-08-22T10:00:00+10:00,Completed,70,phone
B001,B00563,C0068,S03,2026-08-24T09:00:00+10:00,2026-08-24T11:00:00+10:00,2026-08-14T10:00:00+10:00,Completed,180,online
B001,B00564,C0069,S03,2026-08-24T11:00:00+10:00,2026-08-24T13:00:00+10:00,2026-08-14T10:00:00+10:00,Completed,180,walk_in
B001,B00565,C0070,S03,2026-08-24T13:00:00+10:00,2026-08-24T15:00:00+10:00,2026-08-14T10:00:00+10:00,Completed,180,phone
B001,B00566,C0071,S03,2026-08-24T15:00:00+10:00,2026-08-24T17:00:00+10:00,2026-08-14T10:00:00+10:00,Completed,180,online
B001,B00567,C0072,S03,2026-08-25T09:00:00+10:00,2026-08-25T11:00:00+10:00,2026-08-14T10:00:00+10:00,Completed,180,walk_in
B001,B00568,C0073,S03,2026-08-25T11:00:00+10:00,2026-08-25T13:00:00+10:00,2026-08-14T10:00:00+10:00,Completed,180,phone
B001,B00569,C0074,S03,2026-08-25T13:00:00+10:00,2026-08-25T15:00:00+10:00,2026-08-14T10:00:00+10:00,Completed,180,online
B001,B00570,C0075,S03,2026-08-25T15:00:00+10:00,2026-08-25T17:00:00+10:00,2026-08-14T10:00:00+10:00,Completed,180,walk_in
B001,B00571,C0076,S03,2026-08-26T09:00:00+10:00,2026-08-26T11:00:00+10:00,2026-08-14T10:00:00+10:00,Completed,180,phone
B001,B00572,C0077,S03,2026-08-26T11:00:00+10:00,2026-08-26T13:00:00+10:00,2026-08-14T10:00:00+10:00,Completed,180,online
B001,B00573,C0078,S03,2026-08-26T13:00:00+10:00,2026-08-26T15:00:00+10:00,2026-08-22T10:00:00+10:00,Completed,180,walk_in
B001,B00574,C0079,S03,2026-08-26T15:00:00+10:00,2026-08-26T17:00:00+10:00,2026-08-22T10:00:00+10:00,Completed,180,phone
B001,B00575,C0080,S03,2026-08-27T09:00:00+10:00,2026-08-27T10:00:00+10:00,2026-08-22T10:00:00+10:00,Completed,70,online
B001,B00576,C0081,S03,2026-08-27T10:00:00+10:00,2026-08-27T11:00:00+10:00,2026-08-22T10:00:00+10:00,Completed,70,walk_in
B001,B00577,C0082,S03,2026-08-27T11:00:00+10:00,2026-08-27T12:00:00+10:00,2026-08-22T10:00:00+10:00,Completed,70,phone
B001,B00578,C0083,S03,2026-08-27T12:00:00+10:00,2026-08-27T13:00:00+10:00,2026-08-22T10:00:00+10:00,Completed,70,online
B001,B00579,C0084,S03,2026-08-27T13:00:00+10:00,2026-08-27T14:00:00+10:00,2026-08-22T10:00:00+10:00,Completed,70,walk_in
B001,B00580,C0085,S03,2026-08-27T14:00:00+10:00,2026-08-27T15:00:00+10:00,2026-08-22T10:00:00+10:00,Completed,70,phone
B001,B00581,C0086,S01,2026-08-31T09:00:00+10:00,2026-08-31T11:00:00+10:00,2026-08-21T10:00:00+10:00,Completed,180,online
B001,B00582,C0087,S01,2026-08-31T11:00:00+10:00,2026-08-31T13:00:00+10:00,2026-08-21T10:00:00+10:00,Completed,180,walk_in
B001,B00583,C0088,S01,2026-08-31T13:00:00+10:00,2026-08-31T15:00:00+10:00,2026-08-21T10:00:00+10:00,Completed,180,phone
B001,B00584,C0089,S01,2026-08-31T15:00:00+10:00,2026-08-31T17:00:00+10:00,2026-08-21T10:00:00+10:00,Completed,180,online
B001,B00585,C0090,S01,2026-09-01T09:00:00+10:00,2026-09-01T11:00:00+10:00,2026-08-21T10:00:00+10:00,Completed,180,walk_in
B001,B00586,C0091,S01,2026-09-01T11:00:00+10:00,2026-09-01T13:00:00+10:00,2026-08-21T10:00:00+10:00,Completed,180,phone
B001,B00587,C0092,S01,2026-09-01T13:00:00+10:00,2026-09-01T15:00:00+10:00,2026-08-21T10:00:00+10:00,Completed,180,online
B001,B00588,C0093,S01,2026-09-01T15:00:00+10:00,2026-09-01T17:00:00+10:00,2026-08-21T10:00:00+10:00,Completed,180,walk_in
B001,B00589,C0094,S01,2026-09-02T09:00:00+10:00,2026-09-02T11:00:00+10:00,2026-08-21T10:00:00+10:00,Completed,180,phone
B001,B00590,C0095,S01,2026-09-02T11:00:00+10:00,2026-09-02T13:00:00+10:00,2026-08-21T10:00:00+10:00,Completed,180,online
B001,B00591,C0096,S01,2026-09-02T13:00:00+10:00,2026-09-02T14:00:00+10:00,2026-08-29T10:00:00+10:00,Completed,70,walk_in
B001,B00592,C0097,S01,2026-09-02T14:00:00+10:00,2026-09-02T15:00:00+10:00,2026-08-29T10:00:00+10:00,Completed,70,phone
B001,B00593,C0098,S01,2026-09-02T15:00:00+10:00,2026-09-02T16:00:00+10:00,2026-08-29T10:00:00+10:00,Completed,70,online
B001,B00594,C0099,S01,2026-09-02T16:00:00+10:00,2026-09-02T17:00:00+10:00,2026-08-29T10:00:00+10:00,Completed,70,walk_in
B001,B00595,C0100,S01,2026-09-03T09:00:00+10:00,2026-09-03T10:00:00+10:00,2026-08-29T10:00:00+10:00,Completed,70,phone
B001,B00596,C0101,S01,2026-09-03T10:00:00+10:00,2026-09-03T11:00:00+10:00,2026-08-29T10:00:00+10:00,Completed,70,online
B001,B00597,C0102,S01,2026-09-03T11:00:00+10:00,2026-09-03T12:00:00+10:00,2026-08-29T10:00:00+10:00,Completed,70,walk_in
B001,B00598,C0103,S01,2026-09-03T12:00:00+10:00,2026-09-03T13:00:00+10:00,2026-08-29T10:00:00+10:00,Completed,70,phone
B001,B00599,C0104,S01,2026-09-03T13:00:00+10:00,2026-09-03T14:00:00+10:00,2026-08-29T10:00:00+10:00,Completed,70,online
B001,B00600,C0105,S01,2026-09-03T14:00:00+10:00,2026-09-03T15:00:00+10:00,2026-08-29T10:00:00+10:00,Completed,70,walk_in
B001,B00601,C0106,S02,2026-08-31T09:00:00+10:00,2026-08-31T11:00:00+10:00,2026-08-21T10:00:00+10:00,Completed,180,phone
B001,B00602,C0107,S02,2026-08-31T11:00:00+10:00,2026-08-31T13:00:00+10:00,2026-08-21T10:00:00+10:00,Completed,180,online
B001,B00603,C0108,S02,2026-08-31T13:00:00+10:00,2026-08-31T15:00:00+10:00,2026-08-21T10:00:00+10:00,Completed,180,walk_in
B001,B00604,C0109,S02,2026-08-31T15:00:00+10:00,2026-08-31T17:00:00+10:00,2026-08-21T10:00:00+10:00,Completed,180,phone
B001,B00605,C0110,S02,2026-09-01T09:00:00+10:00,2026-09-01T11:00:00+10:00,2026-08-21T10:00:00+10:00,Completed,180,online
B001,B00606,C0111,S02,2026-09-01T11:00:00+10:00,2026-09-01T13:00:00+10:00,2026-08-21T10:00:00+10:00,Completed,180,walk_in
B001,B00607,C0112,S02,2026-09-01T13:00:00+10:00,2026-09-01T15:00:00+10:00,2026-08-21T10:00:00+10:00,Completed,180,phone
B001,B00608,C0113,S02,2026-09-01T15:00:00+10:00,2026-09-01T17:00:00+10:00,2026-08-21T10:00:00+10:00,Completed,180,online
B001,B00609,C0114,S02,2026-09-02T09:00:00+10:00,2026-09-02T11:00:00+10:00,2026-08-21T10:00:00+10:00,Completed,180,walk_in
B001,B00610,C0115,S02,2026-09-02T11:00:00+10:00,2026-09-02T13:00:00+10:00,2026-08-21T10:00:00+10:00,Completed,180,phone
B001,B00611,C0116,S02,2026-09-02T13:00:00+10:00,2026-09-02T14:00:00+10:00,2026-08-29T10:00:00+10:00,Completed,70,online
B001,B00612,C0117,S02,2026-09-02T14:00:00+10:00,2026-09-02T15:00:00+10:00,2026-08-29T10:00:00+10:00,Completed,70,walk_in
B001,B00613,C0118,S02,2026-09-02T15:00:00+10:00,2026-09-02T16:00:00+10:00,2026-08-29T10:00:00+10:00,Completed,70,phone
B001,B00614,C0119,S02,2026-09-02T16:00:00+10:00,2026-09-02T17:00:00+10:00,2026-08-29T10:00:00+10:00,Completed,70,online
B001,B00615,C0120,S02,2026-09-03T09:00:00+10:00,2026-09-03T10:00:00+10:00,2026-08-29T10:00:00+10:00,Completed,70,walk_in
B001,B00616,C0121,S02,2026-09-03T10:00:00+10:00,2026-09-03T11:00:00+10:00,2026-08-29T10:00:00+10:00,Completed,70,phone
B001,B00617,C0122,S02,2026-09-03T11:00:00+10:00,2026-09-03T12:00:00+10:00,2026-08-29T10:00:00+10:00,Completed,70,online
B001,B00618,C0123,S02,2026-09-03T12:00:00+10:00,2026-09-03T13:00:00+10:00,2026-08-29T10:00:00+10:00,Completed,70,walk_in
B001,B00619,C0124,S02,2026-09-03T13:00:00+10:00,2026-09-03T14:00:00+10:00,2026-08-29T10:00:00+10:00,Completed,70,phone
B001,B00620,C0125,S02,2026-09-03T14:00:00+10:00,2026-09-03T15:00:00+10:00,2026-08-29T10:00:00+10:00,Completed,70,online
B001,B00621,C0126,S03,2026-08-31T09:00:00+10:00,2026-08-31T11:00:00+10:00,2026-08-21T10:00:00+10:00,Completed,180,walk_in
B001,B00622,C0127,S03,2026-08-31T11:00:00+10:00,2026-08-31T13:00:00+10:00,2026-08-21T10:00:00+10:00,Completed,180,phone
B001,B00623,C0128,S03,2026-08-31T13:00:00+10:00,2026-08-31T15:00:00+10:00,2026-08-21T10:00:00+10:00,Completed,180,online
B001,B00624,C0129,S03,2026-08-31T15:00:00+10:00,2026-08-31T17:00:00+10:00,2026-08-21T10:00:00+10:00,Completed,180,walk_in
B001,B00625,C0130,S03,2026-09-01T09:00:00+10:00,2026-09-01T11:00:00+10:00,2026-08-21T10:00:00+10:00,Completed,180,phone
B001,B00626,C0131,S03,2026-09-01T11:00:00+10:00,2026-09-01T13:00:00+10:00,2026-08-21T10:00:00+10:00,Completed,180,online
B001,B00627,C0132,S03,2026-09-01T13:00:00+10:00,2026-09-01T15:00:00+10:00,2026-08-21T10:00:00+10:00,Completed,180,walk_in
B001,B00628,C0133,S03,2026-09-01T15:00:00+10:00,2026-09-01T17:00:00+10:00,2026-08-21T10:00:00+10:00,Completed,180,phone
B001,B00629,C0134,S03,2026-09-02T09:00:00+10:00,2026-09-02T11:00:00+10:00,2026-08-21T10:00:00+10:00,Completed,180,online
B001,B00630,C0135,S03,2026-09-02T11:00:00+10:00,2026-09-02T13:00:00+10:00,2026-08-21T10:00:00+10:00,Completed,180,walk_in
B001,B00631,C0136,S03,2026-09-02T13:00:00+10:00,2026-09-02T15:00:00+10:00,2026-08-29T10:00:00+10:00,Completed,180,phone
B001,B00632,C0137,S03,2026-09-02T15:00:00+10:00,2026-09-02T17:00:00+10:00,2026-08-29T10:00:00+10:00,Completed,180,online
B001,B00633,C0138,S03,2026-09-03T09:00:00+10:00,2026-09-03T10:00:00+10:00,2026-08-29T10:00:00+10:00,Completed,70,walk_in
B001,B00634,C0139,S03,2026-09-03T10:00:00+10:00,2026-09-03T11:00:00+10:00,2026-08-29T10:00:00+10:00,Completed,70,phone
B001,B00635,C0140,S03,2026-09-03T11:00:00+10:00,2026-09-03T12:00:00+10:00,2026-08-29T10:00:00+10:00,Completed,70,online
B001,B00636,C0141,S03,2026-09-03T12:00:00+10:00,2026-09-03T13:00:00+10:00,2026-08-29T10:00:00+10:00,Completed,70,walk_in
B001,B00637,C0142,S03,2026-09-03T13:00:00+10:00,2026-09-03T14:00:00+10:00,2026-08-29T10:00:00+10:00,Completed,70,phone
B001,B00638,C0143,S03,2026-09-03T14:00:00+10:00,2026-09-03T15:00:00+10:00,2026-08-29T10:00:00+10:00,Completed,70,online
B001,B00639,C0144,S01,2026-09-07T09:00:00+10:00,2026-09-07T11:00:00+10:00,2026-08-28T10:00:00+10:00,Completed,180,walk_in
B001,B00640,C0145,S01,2026-09-07T11:00:00+10:00,2026-09-07T13:00:00+10:00,2026-08-28T10:00:00+10:00,Completed,180,phone
B001,B00641,C0146,S01,2026-09-07T13:00:00+10:00,2026-09-07T15:00:00+10:00,2026-08-28T10:00:00+10:00,Completed,180,online
B001,B00642,C0147,S01,2026-09-07T15:00:00+10:00,2026-09-07T16:00:00+10:00,2026-08-28T10:00:00+10:00,Completed,70,walk_in
B001,B00643,C0148,S01,2026-09-07T16:00:00+10:00,2026-09-07T17:00:00+10:00,2026-08-28T10:00:00+10:00,Completed,70,phone
B001,B00644,C0149,S01,2026-09-10T09:00:00+10:00,2026-09-10T10:00:00+10:00,2026-08-28T10:00:00+10:00,Completed,70,online
B001,B00645,C0150,S01,2026-09-10T10:00:00+10:00,2026-09-10T11:00:00+10:00,2026-08-28T10:00:00+10:00,Completed,70,walk_in
B001,B00646,C0151,S01,2026-09-10T11:00:00+10:00,2026-09-10T12:00:00+10:00,2026-08-28T10:00:00+10:00,Completed,70,phone
B001,B00647,C0152,S01,2026-09-10T12:00:00+10:00,2026-09-10T13:00:00+10:00,2026-08-28T10:00:00+10:00,Completed,70,online
B001,B00648,C0153,S01,2026-09-10T13:00:00+10:00,2026-09-10T14:00:00+10:00,2026-08-28T10:00:00+10:00,Completed,70,walk_in
B001,B00649,C0154,S01,2026-09-10T14:00:00+10:00,2026-09-10T15:00:00+10:00,2026-08-28T10:00:00+10:00,Completed,70,phone
B001,B00650,C0155,S01,2026-09-10T15:00:00+10:00,2026-09-10T16:00:00+10:00,2026-08-28T10:00:00+10:00,Completed,70,online
B001,B00651,C0156,S01,2026-09-10T16:00:00+10:00,2026-09-10T17:00:00+10:00,2026-08-28T10:00:00+10:00,Completed,70,walk_in
B001,B00652,C0157,S01,2026-09-11T09:00:00+10:00,2026-09-11T10:00:00+10:00,2026-08-28T10:00:00+10:00,Completed,70,phone
B001,B00653,C0158,S01,2026-09-11T10:00:00+10:00,2026-09-11T11:00:00+10:00,2026-08-28T10:00:00+10:00,Completed,70,online
B001,B00654,C0159,S02,2026-09-07T09:00:00+10:00,2026-09-07T11:00:00+10:00,2026-08-28T10:00:00+10:00,Completed,180,walk_in
B001,B00655,C0160,S02,2026-09-07T11:00:00+10:00,2026-09-07T13:00:00+10:00,2026-08-28T10:00:00+10:00,Completed,180,phone
B001,B00656,C0161,S02,2026-09-07T13:00:00+10:00,2026-09-07T15:00:00+10:00,2026-08-28T10:00:00+10:00,Completed,180,online
B001,B00657,C0162,S02,2026-09-07T15:00:00+10:00,2026-09-07T17:00:00+10:00,2026-08-28T10:00:00+10:00,Completed,180,walk_in
B001,B00658,C0163,S02,2026-09-08T09:00:00+10:00,2026-09-08T11:00:00+10:00,2026-08-28T10:00:00+10:00,Completed,180,phone
B001,B00659,C0164,S02,2026-09-08T11:00:00+10:00,2026-09-08T13:00:00+10:00,2026-08-28T10:00:00+10:00,Completed,180,online
B001,B00660,C0165,S02,2026-09-08T13:00:00+10:00,2026-09-08T15:00:00+10:00,2026-08-28T10:00:00+10:00,Completed,180,walk_in
B001,B00661,C0001,S02,2026-09-08T15:00:00+10:00,2026-09-08T17:00:00+10:00,2026-08-28T10:00:00+10:00,Completed,180,phone
B001,B00662,C0002,S02,2026-09-09T09:00:00+10:00,2026-09-09T11:00:00+10:00,2026-08-28T10:00:00+10:00,Completed,180,online
B001,B00663,C0003,S02,2026-09-09T11:00:00+10:00,2026-09-09T13:00:00+10:00,2026-08-28T10:00:00+10:00,Completed,180,walk_in
B001,B00664,C0004,S02,2026-09-09T13:00:00+10:00,2026-09-09T14:00:00+10:00,2026-09-05T10:00:00+10:00,Completed,70,phone
B001,B00665,C0005,S02,2026-09-09T14:00:00+10:00,2026-09-09T15:00:00+10:00,2026-09-05T10:00:00+10:00,Completed,70,online
B001,B00666,C0006,S02,2026-09-09T15:00:00+10:00,2026-09-09T16:00:00+10:00,2026-09-05T10:00:00+10:00,Completed,70,walk_in
B001,B00667,C0007,S02,2026-09-09T16:00:00+10:00,2026-09-09T17:00:00+10:00,2026-09-05T10:00:00+10:00,Completed,70,phone
B001,B00668,C0008,S02,2026-09-10T09:00:00+10:00,2026-09-10T10:00:00+10:00,2026-09-05T10:00:00+10:00,Completed,70,online
B001,B00669,C0009,S02,2026-09-10T10:00:00+10:00,2026-09-10T11:00:00+10:00,2026-09-05T10:00:00+10:00,Completed,70,walk_in
B001,B00670,C0010,S02,2026-09-10T11:00:00+10:00,2026-09-10T12:00:00+10:00,2026-09-05T10:00:00+10:00,Completed,70,phone
B001,B00671,C0011,S02,2026-09-10T12:00:00+10:00,2026-09-10T13:00:00+10:00,2026-09-05T10:00:00+10:00,Completed,70,online
B001,B00672,C0012,S02,2026-09-10T13:00:00+10:00,2026-09-10T14:00:00+10:00,2026-09-05T10:00:00+10:00,Completed,70,walk_in
B001,B00673,C0013,S02,2026-09-10T14:00:00+10:00,2026-09-10T15:00:00+10:00,2026-09-05T10:00:00+10:00,Completed,70,phone
B001,B00674,C0014,S03,2026-09-07T09:00:00+10:00,2026-09-07T11:00:00+10:00,2026-08-28T10:00:00+10:00,Completed,180,online
B001,B00675,C0015,S03,2026-09-07T11:00:00+10:00,2026-09-07T13:00:00+10:00,2026-08-28T10:00:00+10:00,Completed,180,walk_in
B001,B00676,C0016,S03,2026-09-07T13:00:00+10:00,2026-09-07T15:00:00+10:00,2026-08-28T10:00:00+10:00,Completed,180,phone
B001,B00677,C0017,S03,2026-09-07T15:00:00+10:00,2026-09-07T17:00:00+10:00,2026-08-28T10:00:00+10:00,Completed,180,online
B001,B00678,C0018,S03,2026-09-08T09:00:00+10:00,2026-09-08T11:00:00+10:00,2026-08-28T10:00:00+10:00,Completed,180,walk_in
B001,B00679,C0019,S03,2026-09-08T11:00:00+10:00,2026-09-08T13:00:00+10:00,2026-08-28T10:00:00+10:00,Completed,180,phone
B001,B00680,C0020,S03,2026-09-08T13:00:00+10:00,2026-09-08T15:00:00+10:00,2026-08-28T10:00:00+10:00,Completed,180,online
B001,B00681,C0021,S03,2026-09-08T15:00:00+10:00,2026-09-08T17:00:00+10:00,2026-08-28T10:00:00+10:00,Completed,180,walk_in
B001,B00682,C0022,S03,2026-09-09T09:00:00+10:00,2026-09-09T11:00:00+10:00,2026-08-28T10:00:00+10:00,Completed,180,phone
B001,B00683,C0023,S03,2026-09-09T11:00:00+10:00,2026-09-09T13:00:00+10:00,2026-08-28T10:00:00+10:00,Completed,180,online
B001,B00684,C0024,S03,2026-09-09T13:00:00+10:00,2026-09-09T15:00:00+10:00,2026-09-05T10:00:00+10:00,Completed,180,walk_in
B001,B00685,C0025,S03,2026-09-09T15:00:00+10:00,2026-09-09T17:00:00+10:00,2026-09-05T10:00:00+10:00,Completed,180,phone
B001,B00686,C0026,S03,2026-09-10T09:00:00+10:00,2026-09-10T10:00:00+10:00,2026-09-05T10:00:00+10:00,Completed,70,online
B001,B00687,C0027,S03,2026-09-10T10:00:00+10:00,2026-09-10T11:00:00+10:00,2026-09-05T10:00:00+10:00,Completed,70,walk_in
B001,B00688,C0028,S03,2026-09-10T11:00:00+10:00,2026-09-10T12:00:00+10:00,2026-09-05T10:00:00+10:00,Completed,70,phone
B001,B00689,C0029,S03,2026-09-10T12:00:00+10:00,2026-09-10T13:00:00+10:00,2026-09-05T10:00:00+10:00,Completed,70,online
B001,B00690,C0030,S03,2026-09-10T13:00:00+10:00,2026-09-10T14:00:00+10:00,2026-09-05T10:00:00+10:00,Completed,70,walk_in
B001,B00691,C0031,S03,2026-09-10T14:00:00+10:00,2026-09-10T15:00:00+10:00,2026-09-05T10:00:00+10:00,Completed,70,phone
B001,B00692,C0032,S01,2026-09-14T09:00:00+10:00,2026-09-14T11:00:00+10:00,2026-09-04T10:00:00+10:00,Completed,180,online
B001,B00693,C0033,S01,2026-09-14T11:00:00+10:00,2026-09-14T13:00:00+10:00,2026-09-04T10:00:00+10:00,Completed,180,walk_in
B001,B00694,C0034,S01,2026-09-14T13:00:00+10:00,2026-09-14T15:00:00+10:00,2026-09-04T10:00:00+10:00,Completed,180,phone
B001,B00695,C0035,S01,2026-09-14T15:00:00+10:00,2026-09-14T17:00:00+10:00,2026-09-04T10:00:00+10:00,Completed,180,online
B001,B00696,C0036,S01,2026-09-15T09:00:00+10:00,2026-09-15T11:00:00+10:00,2026-09-04T10:00:00+10:00,Completed,180,walk_in
B001,B00697,C0037,S01,2026-09-15T11:00:00+10:00,2026-09-15T13:00:00+10:00,2026-09-04T10:00:00+10:00,Completed,180,phone
B001,B00698,C0038,S01,2026-09-15T13:00:00+10:00,2026-09-15T15:00:00+10:00,2026-09-04T10:00:00+10:00,Completed,180,online
B001,B00699,C0039,S01,2026-09-15T15:00:00+10:00,2026-09-15T17:00:00+10:00,2026-09-04T10:00:00+10:00,Completed,180,walk_in
B001,B00700,C0040,S01,2026-09-16T09:00:00+10:00,2026-09-16T11:00:00+10:00,2026-09-04T10:00:00+10:00,Completed,180,phone
B001,B00701,C0041,S01,2026-09-16T11:00:00+10:00,2026-09-16T13:00:00+10:00,2026-09-04T10:00:00+10:00,Completed,180,online
B001,B00702,C0042,S01,2026-09-16T13:00:00+10:00,2026-09-16T14:00:00+10:00,2026-09-12T10:00:00+10:00,Completed,70,walk_in
B001,B00703,C0043,S01,2026-09-16T14:00:00+10:00,2026-09-16T15:00:00+10:00,2026-09-12T10:00:00+10:00,Completed,70,phone
B001,B00704,C0044,S01,2026-09-16T15:00:00+10:00,2026-09-16T16:00:00+10:00,2026-09-12T10:00:00+10:00,Completed,70,online
B001,B00705,C0045,S01,2026-09-16T16:00:00+10:00,2026-09-16T17:00:00+10:00,2026-09-12T10:00:00+10:00,Completed,70,walk_in
B001,B00706,C0046,S01,2026-09-17T09:00:00+10:00,2026-09-17T10:00:00+10:00,2026-09-12T10:00:00+10:00,Completed,70,phone
B001,B00707,C0047,S01,2026-09-17T10:00:00+10:00,2026-09-17T11:00:00+10:00,2026-09-12T10:00:00+10:00,Completed,70,online
B001,B00708,C0048,S01,2026-09-17T11:00:00+10:00,2026-09-17T12:00:00+10:00,2026-09-12T10:00:00+10:00,Completed,70,walk_in
B001,B00709,C0049,S01,2026-09-17T12:00:00+10:00,2026-09-17T13:00:00+10:00,2026-09-12T10:00:00+10:00,Completed,70,phone
B001,B00710,C0050,S01,2026-09-17T13:00:00+10:00,2026-09-17T14:00:00+10:00,2026-09-12T10:00:00+10:00,Completed,70,online
B001,B00711,C0051,S01,2026-09-17T14:00:00+10:00,2026-09-17T15:00:00+10:00,2026-09-12T10:00:00+10:00,Completed,70,walk_in
B001,B00712,C0052,S02,2026-09-14T09:00:00+10:00,2026-09-14T11:00:00+10:00,2026-09-04T10:00:00+10:00,Completed,180,phone
B001,B00713,C0053,S02,2026-09-14T11:00:00+10:00,2026-09-14T13:00:00+10:00,2026-09-04T10:00:00+10:00,Completed,180,online
B001,B00714,C0054,S02,2026-09-14T13:00:00+10:00,2026-09-14T15:00:00+10:00,2026-09-04T10:00:00+10:00,Completed,180,walk_in
B001,B00715,C0055,S02,2026-09-14T15:00:00+10:00,2026-09-14T17:00:00+10:00,2026-09-04T10:00:00+10:00,Completed,180,phone
B001,B00716,C0056,S02,2026-09-15T09:00:00+10:00,2026-09-15T11:00:00+10:00,2026-09-04T10:00:00+10:00,Completed,180,online
B001,B00717,C0057,S02,2026-09-15T11:00:00+10:00,2026-09-15T13:00:00+10:00,2026-09-04T10:00:00+10:00,Completed,180,walk_in
B001,B00718,C0058,S02,2026-09-15T13:00:00+10:00,2026-09-15T15:00:00+10:00,2026-09-04T10:00:00+10:00,Completed,180,phone
B001,B00719,C0059,S02,2026-09-15T15:00:00+10:00,2026-09-15T17:00:00+10:00,2026-09-04T10:00:00+10:00,Completed,180,online
B001,B00720,C0060,S02,2026-09-16T09:00:00+10:00,2026-09-16T11:00:00+10:00,2026-09-04T10:00:00+10:00,Completed,180,walk_in
B001,B00721,C0061,S02,2026-09-16T11:00:00+10:00,2026-09-16T13:00:00+10:00,2026-09-04T10:00:00+10:00,Completed,180,phone
B001,B00722,C0062,S02,2026-09-16T13:00:00+10:00,2026-09-16T14:00:00+10:00,2026-09-12T10:00:00+10:00,Completed,70,online
B001,B00723,C0063,S02,2026-09-16T14:00:00+10:00,2026-09-16T15:00:00+10:00,2026-09-12T10:00:00+10:00,Completed,70,walk_in
B001,B00724,C0064,S02,2026-09-16T15:00:00+10:00,2026-09-16T16:00:00+10:00,2026-09-12T10:00:00+10:00,Completed,70,phone
B001,B00725,C0065,S02,2026-09-16T16:00:00+10:00,2026-09-16T17:00:00+10:00,2026-09-12T10:00:00+10:00,Completed,70,online
B001,B00726,C0066,S02,2026-09-17T09:00:00+10:00,2026-09-17T10:00:00+10:00,2026-09-12T10:00:00+10:00,Completed,70,walk_in
B001,B00727,C0067,S02,2026-09-17T10:00:00+10:00,2026-09-17T11:00:00+10:00,2026-09-12T10:00:00+10:00,Completed,70,phone
B001,B00728,C0068,S02,2026-09-17T11:00:00+10:00,2026-09-17T12:00:00+10:00,2026-09-12T10:00:00+10:00,Completed,70,online
B001,B00729,C0069,S02,2026-09-17T12:00:00+10:00,2026-09-17T13:00:00+10:00,2026-09-12T10:00:00+10:00,Completed,70,walk_in
B001,B00730,C0070,S02,2026-09-17T13:00:00+10:00,2026-09-17T14:00:00+10:00,2026-09-12T10:00:00+10:00,Completed,70,phone
B001,B00731,C0071,S02,2026-09-17T14:00:00+10:00,2026-09-17T15:00:00+10:00,2026-09-12T10:00:00+10:00,Completed,70,online
B001,B00732,C0072,S03,2026-09-14T09:00:00+10:00,2026-09-14T11:00:00+10:00,2026-09-04T10:00:00+10:00,Completed,180,walk_in
B001,B00733,C0073,S03,2026-09-14T11:00:00+10:00,2026-09-14T13:00:00+10:00,2026-09-04T10:00:00+10:00,Completed,180,phone
B001,B00734,C0074,S03,2026-09-14T13:00:00+10:00,2026-09-14T15:00:00+10:00,2026-09-04T10:00:00+10:00,Completed,180,online
B001,B00735,C0075,S03,2026-09-14T15:00:00+10:00,2026-09-14T17:00:00+10:00,2026-09-04T10:00:00+10:00,Completed,180,walk_in
B001,B00736,C0076,S03,2026-09-15T09:00:00+10:00,2026-09-15T11:00:00+10:00,2026-09-04T10:00:00+10:00,Completed,180,phone
B001,B00737,C0077,S03,2026-09-15T11:00:00+10:00,2026-09-15T13:00:00+10:00,2026-09-04T10:00:00+10:00,Completed,180,online
B001,B00738,C0078,S03,2026-09-15T13:00:00+10:00,2026-09-15T15:00:00+10:00,2026-09-04T10:00:00+10:00,Completed,180,walk_in
B001,B00739,C0079,S03,2026-09-15T15:00:00+10:00,2026-09-15T17:00:00+10:00,2026-09-04T10:00:00+10:00,Completed,180,phone
B001,B00740,C0080,S03,2026-09-16T09:00:00+10:00,2026-09-16T11:00:00+10:00,2026-09-04T10:00:00+10:00,Completed,180,online
B001,B00741,C0081,S03,2026-09-16T11:00:00+10:00,2026-09-16T13:00:00+10:00,2026-09-04T10:00:00+10:00,Completed,180,walk_in
B001,B00742,C0082,S03,2026-09-16T13:00:00+10:00,2026-09-16T15:00:00+10:00,2026-09-12T10:00:00+10:00,Completed,180,phone
B001,B00743,C0083,S03,2026-09-16T15:00:00+10:00,2026-09-16T17:00:00+10:00,2026-09-12T10:00:00+10:00,Completed,180,online
B001,B00744,C0084,S03,2026-09-17T09:00:00+10:00,2026-09-17T10:00:00+10:00,2026-09-12T10:00:00+10:00,Completed,70,walk_in
B001,B00745,C0085,S03,2026-09-17T10:00:00+10:00,2026-09-17T11:00:00+10:00,2026-09-12T10:00:00+10:00,Completed,70,phone
B001,B00746,C0086,S03,2026-09-17T11:00:00+10:00,2026-09-17T12:00:00+10:00,2026-09-12T10:00:00+10:00,Completed,70,online
B001,B00747,C0087,S03,2026-09-17T12:00:00+10:00,2026-09-17T13:00:00+10:00,2026-09-12T10:00:00+10:00,Completed,70,walk_in
B001,B00748,C0088,S03,2026-09-17T13:00:00+10:00,2026-09-17T14:00:00+10:00,2026-09-12T10:00:00+10:00,Completed,70,phone
B001,B00749,C0089,S03,2026-09-17T14:00:00+10:00,2026-09-17T15:00:00+10:00,2026-09-12T10:00:00+10:00,Completed,70,online
B001,B00750,C0090,S01,2026-09-21T09:00:00+10:00,2026-09-21T10:00:00+10:00,2026-09-10T10:00:00+10:00,Booked,70,walk_in
B001,B00751,C0091,S01,2026-09-21T10:00:00+10:00,2026-09-21T11:00:00+10:00,2026-09-10T10:00:00+10:00,Booked,70,phone
B001,B00752,C0092,S01,2026-09-21T11:00:00+10:00,2026-09-21T12:00:00+10:00,2026-09-10T10:00:00+10:00,Booked,70,online
B001,B00753,C0093,S01,2026-09-21T12:00:00+10:00,2026-09-21T13:00:00+10:00,2026-09-10T10:00:00+10:00,Booked,70,walk_in
B001,B00754,C0094,S01,2026-09-22T09:00:00+10:00,2026-09-22T10:00:00+10:00,2026-09-10T10:00:00+10:00,Booked,70,phone
B001,B00755,C0095,S01,2026-09-22T10:00:00+10:00,2026-09-22T11:00:00+10:00,2026-09-10T10:00:00+10:00,Booked,70,online
B001,B00756,C0096,S01,2026-09-23T09:00:00+10:00,2026-09-23T10:00:00+10:00,2026-09-10T10:00:00+10:00,Booked,70,walk_in
B001,B00757,C0097,S01,2026-09-23T10:00:00+10:00,2026-09-23T11:00:00+10:00,2026-09-10T10:00:00+10:00,Booked,70,phone
B001,B00758,C0098,S01,2026-09-24T09:00:00+10:00,2026-09-24T10:00:00+10:00,2026-09-10T10:00:00+10:00,Booked,70,online
B001,B00759,C0099,S01,2026-09-24T10:00:00+10:00,2026-09-24T11:00:00+10:00,2026-09-10T10:00:00+10:00,Booked,70,walk_in
B001,B00760,C0100,S01,2026-09-24T11:00:00+10:00,2026-09-24T12:00:00+10:00,2026-09-10T10:00:00+10:00,Booked,70,phone
B001,B00761,C0101,S01,2026-09-24T12:00:00+10:00,2026-09-24T13:00:00+10:00,2026-09-10T10:00:00+10:00,Booked,70,online
B001,B00762,C0102,S01,2026-09-25T09:00:00+10:00,2026-09-25T10:00:00+10:00,2026-09-10T10:00:00+10:00,Booked,70,walk_in
B001,B00763,C0103,S01,2026-09-25T10:00:00+10:00,2026-09-25T11:00:00+10:00,2026-09-10T10:00:00+10:00,Booked,70,phone
B001,B00764,C0104,S02,2026-09-21T09:00:00+10:00,2026-09-21T10:00:00+10:00,2026-09-10T10:00:00+10:00,Booked,70,online
B001,B00765,C0105,S02,2026-09-21T10:00:00+10:00,2026-09-21T11:00:00+10:00,2026-09-10T10:00:00+10:00,Booked,70,walk_in
B001,B00766,C0106,S02,2026-09-21T11:00:00+10:00,2026-09-21T12:00:00+10:00,2026-09-10T10:00:00+10:00,Booked,70,phone
B001,B00767,C0107,S02,2026-09-21T12:00:00+10:00,2026-09-21T13:00:00+10:00,2026-09-10T10:00:00+10:00,Booked,70,online
B001,B00768,C0108,S02,2026-09-22T09:00:00+10:00,2026-09-22T10:00:00+10:00,2026-09-10T10:00:00+10:00,Booked,70,walk_in
B001,B00769,C0109,S02,2026-09-22T10:00:00+10:00,2026-09-22T11:00:00+10:00,2026-09-10T10:00:00+10:00,Booked,70,phone
B001,B00770,C0110,S02,2026-09-23T09:00:00+10:00,2026-09-23T10:00:00+10:00,2026-09-10T10:00:00+10:00,Booked,70,online
B001,B00771,C0111,S02,2026-09-23T10:00:00+10:00,2026-09-23T11:00:00+10:00,2026-09-10T10:00:00+10:00,Booked,70,walk_in
B001,B00772,C0112,S02,2026-09-24T09:00:00+10:00,2026-09-24T10:00:00+10:00,2026-09-10T10:00:00+10:00,Booked,70,phone
B001,B00773,C0113,S02,2026-09-24T10:00:00+10:00,2026-09-24T11:00:00+10:00,2026-09-10T10:00:00+10:00,Booked,70,online
B001,B00774,C0114,S02,2026-09-24T11:00:00+10:00,2026-09-24T12:00:00+10:00,2026-09-10T10:00:00+10:00,Booked,70,walk_in
B001,B00775,C0115,S02,2026-09-24T12:00:00+10:00,2026-09-24T13:00:00+10:00,2026-09-10T10:00:00+10:00,Booked,70,phone
B001,B00776,C0116,S02,2026-09-25T09:00:00+10:00,2026-09-25T10:00:00+10:00,2026-09-10T10:00:00+10:00,Booked,70,online
B001,B00777,C0117,S02,2026-09-25T10:00:00+10:00,2026-09-25T11:00:00+10:00,2026-09-10T10:00:00+10:00,Booked,70,walk_in
B001,B00778,C0118,S03,2026-09-21T09:00:00+10:00,2026-09-21T10:00:00+10:00,2026-09-10T10:00:00+10:00,Booked,70,phone
B001,B00779,C0119,S03,2026-09-21T10:00:00+10:00,2026-09-21T11:00:00+10:00,2026-09-10T10:00:00+10:00,Booked,70,online
B001,B00780,C0120,S03,2026-09-21T11:00:00+10:00,2026-09-21T12:00:00+10:00,2026-09-10T10:00:00+10:00,Booked,70,walk_in
B001,B00781,C0121,S03,2026-09-21T12:00:00+10:00,2026-09-21T13:00:00+10:00,2026-09-10T10:00:00+10:00,Booked,70,phone
B001,B00782,C0122,S03,2026-09-22T09:00:00+10:00,2026-09-22T10:00:00+10:00,2026-09-10T10:00:00+10:00,Booked,70,online
B001,B00783,C0123,S03,2026-09-22T10:00:00+10:00,2026-09-22T11:00:00+10:00,2026-09-10T10:00:00+10:00,Booked,70,walk_in
B001,B00784,C0124,S03,2026-09-23T09:00:00+10:00,2026-09-23T10:00:00+10:00,2026-09-10T10:00:00+10:00,Booked,70,phone
B001,B00785,C0125,S03,2026-09-23T10:00:00+10:00,2026-09-23T11:00:00+10:00,2026-09-10T10:00:00+10:00,Booked,70,online
B001,B00786,C0126,S03,2026-09-24T09:00:00+10:00,2026-09-24T10:00:00+10:00,2026-09-10T10:00:00+10:00,Booked,70,walk_in
B001,B00787,C0127,S03,2026-09-24T10:00:00+10:00,2026-09-24T11:00:00+10:00,2026-09-10T10:00:00+10:00,Booked,70,phone
B001,B00788,C0128,S03,2026-09-24T11:00:00+10:00,2026-09-24T12:00:00+10:00,2026-09-10T10:00:00+10:00,Booked,70,online
B001,B00789,C0129,S03,2026-09-24T12:00:00+10:00,2026-09-24T13:00:00+10:00,2026-09-10T10:00:00+10:00,Booked,70,walk_in
B001,B00790,C0130,S03,2026-09-25T09:00:00+10:00,2026-09-25T10:00:00+10:00,2026-09-10T10:00:00+10:00,Booked,70,phone
B001,B00791,C0131,S03,2026-09-25T10:00:00+10:00,2026-09-25T11:00:00+10:00,2026-09-10T10:00:00+10:00,Booked,70,online
B001,B00792,C0132,S01,2026-09-28T09:00:00+10:00,2026-09-28T10:00:00+10:00,2026-09-10T10:00:00+10:00,Booked,70,walk_in
B001,B00793,C0133,S01,2026-09-28T10:00:00+10:00,2026-09-28T11:00:00+10:00,2026-09-10T10:00:00+10:00,Booked,70,phone
B001,B00794,C0134,S01,2026-09-29T09:00:00+10:00,2026-09-29T10:00:00+10:00,2026-09-10T10:00:00+10:00,Booked,70,online
B001,B00795,C0135,S01,2026-09-29T10:00:00+10:00,2026-09-29T11:00:00+10:00,2026-09-10T10:00:00+10:00,Booked,70,walk_in
B001,B00796,C0136,S01,2026-09-30T09:00:00+10:00,2026-09-30T10:00:00+10:00,2026-09-10T10:00:00+10:00,Booked,70,phone
B001,B00797,C0137,S01,2026-09-30T10:00:00+10:00,2026-09-30T11:00:00+10:00,2026-09-10T10:00:00+10:00,Booked,70,online
B001,B00798,C0138,S01,2026-10-01T09:00:00+10:00,2026-10-01T10:00:00+10:00,2026-09-10T10:00:00+10:00,Booked,70,walk_in
B001,B00799,C0139,S01,2026-10-01T10:00:00+10:00,2026-10-01T11:00:00+10:00,2026-09-10T10:00:00+10:00,Booked,70,phone
B001,B00800,C0140,S01,2026-10-02T09:00:00+10:00,2026-10-02T10:00:00+10:00,2026-09-10T10:00:00+10:00,Booked,70,online
B001,B00801,C0141,S01,2026-10-02T10:00:00+10:00,2026-10-02T11:00:00+10:00,2026-09-10T10:00:00+10:00,Booked,70,walk_in
B001,B00802,C0142,S02,2026-09-28T09:00:00+10:00,2026-09-28T10:00:00+10:00,2026-09-10T10:00:00+10:00,Booked,70,phone
B001,B00803,C0143,S02,2026-09-28T10:00:00+10:00,2026-09-28T11:00:00+10:00,2026-09-10T10:00:00+10:00,Booked,70,online
B001,B00804,C0144,S02,2026-09-29T09:00:00+10:00,2026-09-29T10:00:00+10:00,2026-09-10T10:00:00+10:00,Booked,70,walk_in
B001,B00805,C0145,S02,2026-09-29T10:00:00+10:00,2026-09-29T11:00:00+10:00,2026-09-10T10:00:00+10:00,Booked,70,phone
B001,B00806,C0146,S02,2026-09-30T09:00:00+10:00,2026-09-30T10:00:00+10:00,2026-09-10T10:00:00+10:00,Booked,70,online
B001,B00807,C0147,S02,2026-09-30T10:00:00+10:00,2026-09-30T11:00:00+10:00,2026-09-10T10:00:00+10:00,Booked,70,walk_in
B001,B00808,C0148,S02,2026-10-01T09:00:00+10:00,2026-10-01T10:00:00+10:00,2026-09-10T10:00:00+10:00,Booked,70,phone
B001,B00809,C0149,S02,2026-10-01T10:00:00+10:00,2026-10-01T11:00:00+10:00,2026-09-10T10:00:00+10:00,Booked,70,online
B001,B00810,C0150,S02,2026-10-02T09:00:00+10:00,2026-10-02T10:00:00+10:00,2026-09-10T10:00:00+10:00,Booked,70,walk_in
B001,B00811,C0151,S02,2026-10-02T10:00:00+10:00,2026-10-02T11:00:00+10:00,2026-09-10T10:00:00+10:00,Booked,70,phone
B001,B00812,C0152,S03,2026-09-28T09:00:00+10:00,2026-09-28T10:00:00+10:00,2026-09-10T10:00:00+10:00,Booked,70,online
B001,B00813,C0153,S03,2026-09-28T10:00:00+10:00,2026-09-28T11:00:00+10:00,2026-09-10T10:00:00+10:00,Booked,70,walk_in
B001,B00814,C0154,S03,2026-09-29T09:00:00+10:00,2026-09-29T10:00:00+10:00,2026-09-10T10:00:00+10:00,Booked,70,phone
B001,B00815,C0155,S03,2026-09-29T10:00:00+10:00,2026-09-29T11:00:00+10:00,2026-09-10T10:00:00+10:00,Booked,70,online
B001,B00816,C0156,S03,2026-09-30T09:00:00+10:00,2026-09-30T10:00:00+10:00,2026-09-10T10:00:00+10:00,Booked,70,walk_in
B001,B00817,C0157,S03,2026-09-30T10:00:00+10:00,2026-09-30T11:00:00+10:00,2026-09-10T10:00:00+10:00,Booked,70,phone
B001,B00818,C0158,S03,2026-10-01T09:00:00+10:00,2026-10-01T10:00:00+10:00,2026-09-10T10:00:00+10:00,Booked,70,online
B001,B00819,C0159,S03,2026-10-01T10:00:00+10:00,2026-10-01T11:00:00+10:00,2026-09-10T10:00:00+10:00,Booked,70,walk_in
B001,B00820,C0160,S03,2026-10-02T09:00:00+10:00,2026-10-02T10:00:00+10:00,2026-09-10T10:00:00+10:00,Booked,70,phone
B001,B00821,C0161,S03,2026-10-02T10:00:00+10:00,2026-10-02T11:00:00+10:00,2026-09-10T10:00:00+10:00,Booked,70,online
B001,B00822,C0171,S02,2026-08-07T13:00:00+10:00,2026-08-07T14:00:00+10:00,2026-07-28T10:00:00+10:00,Cancelled,70,walk_in
B001,B00823,C0172,S02,2026-08-07T13:00:00+10:00,2026-08-07T14:00:00+10:00,2026-08-07T11:00:00+10:00,Completed,70,phone
B001,B00824,C0171,S02,2026-08-07T14:00:00+10:00,2026-08-07T15:00:00+10:00,2026-07-28T10:00:00+10:00,Cancelled,70,online
B001,B00825,C0171,S02,2026-08-07T11:00:00+10:00,2026-08-07T12:00:00+10:00,2026-07-28T10:00:00+10:00,No-show,70,walk_in
B001,B00826,C0173,S03,2026-09-25T13:00:00+10:00,2026-09-25T14:00:00+10:00,2026-09-12T10:00:00+10:00,Booked,70,phone
B001,B00827,C0176,S02,2026-08-14T11:00:00+10:00,2026-08-14T14:00:00+10:00,2026-08-04T10:00:00+10:00,Completed,250,online
B001,B00828,C0177,S01,2026-07-03T10:00:00+10:00,2026-07-03T11:00:00+10:00,2026-06-23T10:00:00+10:00,Completed,70,walk_in
B001,B00829,C0178,S01,2026-07-03T11:00:00+10:00,2026-07-03T12:00:00+10:00,2026-06-23T10:00:00+10:00,Completed,70,phone
B001,B00830,C0179,S01,2026-07-03T12:00:00+10:00,2026-07-03T13:00:00+10:00,2026-06-23T10:00:00+10:00,Completed,70,online
B001,B00831,C0180,S01,2026-07-03T13:00:00+10:00,2026-07-03T14:00:00+10:00,2026-06-23T10:00:00+10:00,Completed,70,walk_in
B001,B00005,C0005,S01,2026-06-23T09:00:00+10:00,2026-06-23T11:00:00+10:00,2026-06-12T10:00:00+10:00,Completed,180,online
B001,HB00001,C0001,S01,2025-06-02T09:00:00+10:00,2025-06-02T10:00:00+10:00,2025-05-23T09:00:00+10:00,Completed,70,phone
B001,HB00002,C0005,S01,2025-06-02T12:00:00+10:00,2025-06-02T13:00:00+10:00,2025-05-31T12:00:00+10:00,Completed,70,online
B001,HB00003,C0001,S01,2025-06-03T09:00:00+10:00,2025-06-03T10:00:00+10:00,2025-05-24T09:00:00+10:00,Completed,70,phone
B001,HB00004,C0007,S01,2025-06-03T12:00:00+10:00,2025-06-03T14:00:00+10:00,2025-06-01T12:00:00+10:00,Completed,180,online
B001,HB00005,C0001,S01,2025-06-04T09:00:00+10:00,2025-06-04T11:00:00+10:00,2025-05-25T09:00:00+10:00,Completed,180,phone
B001,HB00006,C0009,S01,2025-06-04T12:00:00+10:00,2025-06-04T13:00:00+10:00,2025-06-02T12:00:00+10:00,Completed,70,online
B001,HB00007,C0001,S01,2025-06-05T09:00:00+10:00,2025-06-05T10:00:00+10:00,2025-05-26T09:00:00+10:00,Completed,70,phone
B001,HB00008,C0011,S01,2025-06-05T12:00:00+10:00,2025-06-05T13:00:00+10:00,2025-06-03T12:00:00+10:00,Completed,70,online
B001,HB00009,C0001,S01,2025-06-06T09:00:00+10:00,2025-06-06T10:00:00+10:00,2025-05-27T09:00:00+10:00,Completed,70,phone
B001,HB00010,C0013,S01,2025-06-06T12:00:00+10:00,2025-06-06T14:00:00+10:00,2025-06-04T12:00:00+10:00,Completed,180,online
B001,HB00011,C0001,S02,2025-06-02T09:00:00+10:00,2025-06-02T10:00:00+10:00,2025-05-23T09:00:00+10:00,Completed,70,phone
B001,HB00012,C0015,S02,2025-06-02T12:00:00+10:00,2025-06-02T14:00:00+10:00,2025-05-31T12:00:00+10:00,Completed,180,online
B001,HB00013,C0001,S02,2025-06-03T09:00:00+10:00,2025-06-03T11:00:00+10:00,2025-05-24T09:00:00+10:00,Completed,180,phone
B001,HB00014,C0017,S02,2025-06-03T12:00:00+10:00,2025-06-03T13:00:00+10:00,2025-06-01T12:00:00+10:00,Completed,70,online
B001,HB00015,C0001,S02,2025-06-04T09:00:00+10:00,2025-06-04T10:00:00+10:00,2025-05-25T09:00:00+10:00,Completed,70,phone
B001,HB00016,C0019,S02,2025-06-04T12:00:00+10:00,2025-06-04T13:00:00+10:00,2025-06-02T12:00:00+10:00,Completed,70,online
B001,HB00017,C0001,S02,2025-06-05T09:00:00+10:00,2025-06-05T10:00:00+10:00,2025-05-26T09:00:00+10:00,Completed,70,phone
B001,HB00018,C0021,S02,2025-06-05T12:00:00+10:00,2025-06-05T14:00:00+10:00,2025-06-03T12:00:00+10:00,Completed,180,online
B001,HB00019,C0001,S02,2025-06-06T09:00:00+10:00,2025-06-06T11:00:00+10:00,2025-05-27T09:00:00+10:00,Completed,180,phone
B001,HB00020,C0023,S02,2025-06-06T12:00:00+10:00,2025-06-06T13:00:00+10:00,2025-06-04T12:00:00+10:00,Completed,70,online
B001,HB00021,C0001,S03,2025-06-02T09:00:00+10:00,2025-06-02T11:00:00+10:00,2025-05-23T09:00:00+10:00,Completed,180,phone
B001,HB00022,C0025,S03,2025-06-02T12:00:00+10:00,2025-06-02T13:00:00+10:00,2025-05-31T12:00:00+10:00,Completed,70,online
B001,HB00023,C0001,S03,2025-06-03T09:00:00+10:00,2025-06-03T10:00:00+10:00,2025-05-24T09:00:00+10:00,Completed,70,phone
B001,HB00024,C0027,S03,2025-06-03T12:00:00+10:00,2025-06-03T13:00:00+10:00,2025-06-01T12:00:00+10:00,Completed,70,online
B001,HB00025,C0001,S03,2025-06-04T09:00:00+10:00,2025-06-04T10:00:00+10:00,2025-05-25T09:00:00+10:00,Completed,70,phone
B001,HB00026,C0029,S03,2025-06-04T12:00:00+10:00,2025-06-04T14:00:00+10:00,2025-06-02T12:00:00+10:00,Completed,180,online
B001,HB00027,C0001,S03,2025-06-05T09:00:00+10:00,2025-06-05T11:00:00+10:00,2025-05-26T09:00:00+10:00,Completed,180,phone
B001,HB00028,C0031,S03,2025-06-05T12:00:00+10:00,2025-06-05T13:00:00+10:00,2025-06-03T12:00:00+10:00,Completed,70,online
B001,HB00029,C0001,S03,2025-06-06T09:00:00+10:00,2025-06-06T10:00:00+10:00,2025-05-27T09:00:00+10:00,Completed,70,phone
B001,HB00030,C0033,S03,2025-06-06T12:00:00+10:00,2025-06-06T13:00:00+10:00,2025-06-04T12:00:00+10:00,Completed,70,online
B001,HB00031,C0001,S01,2025-06-09T09:00:00+10:00,2025-06-09T10:00:00+10:00,2025-05-30T09:00:00+10:00,Completed,70,phone
B001,HB00032,C0035,S01,2025-06-09T12:00:00+10:00,2025-06-09T14:00:00+10:00,2025-06-07T12:00:00+10:00,Completed,180,online
B001,HB00033,C0001,S01,2025-06-10T09:00:00+10:00,2025-06-10T11:00:00+10:00,2025-05-31T09:00:00+10:00,Completed,180,phone
B001,HB00034,C0037,S01,2025-06-10T12:00:00+10:00,2025-06-10T13:00:00+10:00,2025-06-08T12:00:00+10:00,Completed,70,online
B001,HB00035,C0001,S01,2025-06-11T09:00:00+10:00,2025-06-11T10:00:00+10:00,2025-06-01T09:00:00+10:00,Completed,70,phone
B001,HB00036,C0039,S01,2025-06-11T12:00:00+10:00,2025-06-11T13:00:00+10:00,2025-06-09T12:00:00+10:00,Completed,70,online
B001,HB00037,C0001,S01,2025-06-12T09:00:00+10:00,2025-06-12T10:00:00+10:00,2025-06-02T09:00:00+10:00,Completed,70,phone
B001,HB00038,C0041,S01,2025-06-12T12:00:00+10:00,2025-06-12T14:00:00+10:00,2025-06-10T12:00:00+10:00,Completed,180,online
B001,HB00039,C0001,S01,2025-06-13T09:00:00+10:00,2025-06-13T11:00:00+10:00,2025-06-03T09:00:00+10:00,Completed,180,phone
B001,HB00040,C0043,S01,2025-06-13T12:00:00+10:00,2025-06-13T13:00:00+10:00,2025-06-11T12:00:00+10:00,Completed,70,online
B001,HB00041,C0001,S02,2025-06-09T09:00:00+10:00,2025-06-09T11:00:00+10:00,2025-05-30T09:00:00+10:00,Completed,180,phone
B001,HB00042,C0045,S02,2025-06-09T12:00:00+10:00,2025-06-09T13:00:00+10:00,2025-06-07T12:00:00+10:00,Completed,70,online
B001,HB00043,C0001,S02,2025-06-10T09:00:00+10:00,2025-06-10T10:00:00+10:00,2025-05-31T09:00:00+10:00,Completed,70,phone
B001,HB00044,C0047,S02,2025-06-10T12:00:00+10:00,2025-06-10T13:00:00+10:00,2025-06-08T12:00:00+10:00,Completed,70,online
B001,HB00045,C0001,S02,2025-06-11T09:00:00+10:00,2025-06-11T10:00:00+10:00,2025-06-01T09:00:00+10:00,Completed,70,phone
B001,HB00046,C0049,S02,2025-06-11T12:00:00+10:00,2025-06-11T14:00:00+10:00,2025-06-09T12:00:00+10:00,Completed,180,online
B001,HB00047,C0001,S02,2025-06-12T09:00:00+10:00,2025-06-12T11:00:00+10:00,2025-06-02T09:00:00+10:00,Completed,180,phone
B001,HB00048,C0051,S02,2025-06-12T12:00:00+10:00,2025-06-12T13:00:00+10:00,2025-06-10T12:00:00+10:00,Completed,70,online
B001,HB00049,C0001,S02,2025-06-13T09:00:00+10:00,2025-06-13T10:00:00+10:00,2025-06-03T09:00:00+10:00,Completed,70,phone
B001,HB00050,C0053,S02,2025-06-13T12:00:00+10:00,2025-06-13T13:00:00+10:00,2025-06-11T12:00:00+10:00,Completed,70,online
B001,HB00051,C0001,S03,2025-06-09T09:00:00+10:00,2025-06-09T10:00:00+10:00,2025-05-30T09:00:00+10:00,Completed,70,phone
B001,HB00052,C0055,S03,2025-06-09T12:00:00+10:00,2025-06-09T13:00:00+10:00,2025-06-07T12:00:00+10:00,Completed,70,online
B001,HB00053,C0001,S03,2025-06-10T09:00:00+10:00,2025-06-10T10:00:00+10:00,2025-05-31T09:00:00+10:00,Completed,70,phone
B001,HB00054,C0057,S03,2025-06-10T12:00:00+10:00,2025-06-10T14:00:00+10:00,2025-06-08T12:00:00+10:00,Completed,180,online
B001,HB00055,C0001,S03,2025-06-11T09:00:00+10:00,2025-06-11T11:00:00+10:00,2025-06-01T09:00:00+10:00,Completed,180,phone
B001,HB00056,C0059,S03,2025-06-11T12:00:00+10:00,2025-06-11T13:00:00+10:00,2025-06-09T12:00:00+10:00,Completed,70,online
B001,HB00057,C0001,S03,2025-06-12T09:00:00+10:00,2025-06-12T10:00:00+10:00,2025-06-02T09:00:00+10:00,Completed,70,phone
B001,HB00058,C0061,S03,2025-06-12T12:00:00+10:00,2025-06-12T13:00:00+10:00,2025-06-10T12:00:00+10:00,Completed,70,online
B001,HB00059,C0001,S03,2025-06-13T09:00:00+10:00,2025-06-13T10:00:00+10:00,2025-06-03T09:00:00+10:00,Completed,70,phone
B001,HB00060,C0063,S03,2025-06-13T12:00:00+10:00,2025-06-13T14:00:00+10:00,2025-06-11T12:00:00+10:00,Completed,180,online
B001,HB00061,C0001,S01,2025-06-16T09:00:00+10:00,2025-06-16T11:00:00+10:00,2025-06-06T09:00:00+10:00,Completed,180,phone
B001,HB00062,C0065,S01,2025-06-16T12:00:00+10:00,2025-06-16T13:00:00+10:00,2025-06-14T12:00:00+10:00,Completed,70,online
B001,HB00063,C0001,S01,2025-06-17T09:00:00+10:00,2025-06-17T10:00:00+10:00,2025-06-07T09:00:00+10:00,Completed,70,phone
B001,HB00064,C0067,S01,2025-06-17T12:00:00+10:00,2025-06-17T13:00:00+10:00,2025-06-15T12:00:00+10:00,Completed,70,online
B001,HB00065,C0001,S01,2025-06-18T09:00:00+10:00,2025-06-18T10:00:00+10:00,2025-06-08T09:00:00+10:00,Completed,70,phone
B001,HB00066,C0069,S01,2025-06-18T12:00:00+10:00,2025-06-18T14:00:00+10:00,2025-06-16T12:00:00+10:00,Completed,180,online
B001,HB00067,C0001,S01,2025-06-19T09:00:00+10:00,2025-06-19T11:00:00+10:00,2025-06-09T09:00:00+10:00,Completed,180,phone
B001,HB00068,C0071,S01,2025-06-19T12:00:00+10:00,2025-06-19T13:00:00+10:00,2025-06-17T12:00:00+10:00,Completed,70,online
B001,HB00069,C0001,S01,2025-06-20T09:00:00+10:00,2025-06-20T10:00:00+10:00,2025-06-10T09:00:00+10:00,Completed,70,phone
B001,HB00070,C0073,S01,2025-06-20T12:00:00+10:00,2025-06-20T13:00:00+10:00,2025-06-18T12:00:00+10:00,Completed,70,online
B001,HB00071,C0001,S02,2025-06-16T09:00:00+10:00,2025-06-16T10:00:00+10:00,2025-06-06T09:00:00+10:00,Completed,70,phone
B001,HB00072,C0075,S02,2025-06-16T12:00:00+10:00,2025-06-16T13:00:00+10:00,2025-06-14T12:00:00+10:00,Completed,70,online
B001,HB00073,C0001,S02,2025-06-17T09:00:00+10:00,2025-06-17T10:00:00+10:00,2025-06-07T09:00:00+10:00,Completed,70,phone
B001,HB00074,C0077,S02,2025-06-17T12:00:00+10:00,2025-06-17T14:00:00+10:00,2025-06-15T12:00:00+10:00,Completed,180,online
B001,HB00075,C0001,S02,2025-06-18T09:00:00+10:00,2025-06-18T11:00:00+10:00,2025-06-08T09:00:00+10:00,Completed,180,phone
B001,HB00076,C0079,S02,2025-06-18T12:00:00+10:00,2025-06-18T13:00:00+10:00,2025-06-16T12:00:00+10:00,Completed,70,online
B001,HB00077,C0001,S02,2025-06-19T09:00:00+10:00,2025-06-19T10:00:00+10:00,2025-06-09T09:00:00+10:00,Completed,70,phone
B001,HB00078,C0081,S02,2025-06-19T12:00:00+10:00,2025-06-19T13:00:00+10:00,2025-06-17T12:00:00+10:00,Completed,70,online
B001,HB00079,C0001,S02,2025-06-20T09:00:00+10:00,2025-06-20T10:00:00+10:00,2025-06-10T09:00:00+10:00,Completed,70,phone
B001,HB00080,C0083,S02,2025-06-20T12:00:00+10:00,2025-06-20T14:00:00+10:00,2025-06-18T12:00:00+10:00,Completed,180,online
B001,HB00081,C0001,S03,2025-06-16T09:00:00+10:00,2025-06-16T10:00:00+10:00,2025-06-06T09:00:00+10:00,Completed,70,phone
B001,HB00082,C0085,S03,2025-06-16T12:00:00+10:00,2025-06-16T14:00:00+10:00,2025-06-14T12:00:00+10:00,Completed,180,online
B001,HB00083,C0001,S03,2025-06-17T09:00:00+10:00,2025-06-17T11:00:00+10:00,2025-06-07T09:00:00+10:00,Completed,180,phone
B001,HB00084,C0087,S03,2025-06-17T12:00:00+10:00,2025-06-17T13:00:00+10:00,2025-06-15T12:00:00+10:00,Completed,70,online
B001,HB00085,C0001,S03,2025-06-18T09:00:00+10:00,2025-06-18T10:00:00+10:00,2025-06-08T09:00:00+10:00,Completed,70,phone
B001,HB00086,C0089,S03,2025-06-18T12:00:00+10:00,2025-06-18T13:00:00+10:00,2025-06-16T12:00:00+10:00,Completed,70,online
B001,HB00087,C0001,S03,2025-06-19T09:00:00+10:00,2025-06-19T10:00:00+10:00,2025-06-09T09:00:00+10:00,Completed,70,phone
B001,HB00088,C0091,S03,2025-06-19T12:00:00+10:00,2025-06-19T14:00:00+10:00,2025-06-17T12:00:00+10:00,Completed,180,online
B001,HB00089,C0001,S03,2025-06-20T09:00:00+10:00,2025-06-20T11:00:00+10:00,2025-06-10T09:00:00+10:00,Completed,180,phone
B001,HB00090,C0093,S03,2025-06-20T12:00:00+10:00,2025-06-20T13:00:00+10:00,2025-06-18T12:00:00+10:00,Completed,70,online
B001,HB00091,C0001,S01,2025-06-23T09:00:00+10:00,2025-06-23T10:00:00+10:00,2025-06-13T09:00:00+10:00,Completed,70,phone
B001,HB00092,C0095,S01,2025-06-23T12:00:00+10:00,2025-06-23T13:00:00+10:00,2025-06-21T12:00:00+10:00,Completed,70,online
B001,HB00093,C0001,S01,2025-06-24T09:00:00+10:00,2025-06-24T10:00:00+10:00,2025-06-14T09:00:00+10:00,Completed,70,phone
B001,HB00094,C0097,S01,2025-06-24T12:00:00+10:00,2025-06-24T14:00:00+10:00,2025-06-22T12:00:00+10:00,Completed,180,online
B001,HB00095,C0001,S01,2025-06-25T09:00:00+10:00,2025-06-25T11:00:00+10:00,2025-06-15T09:00:00+10:00,Completed,180,phone
B001,HB00096,C0099,S01,2025-06-25T12:00:00+10:00,2025-06-25T13:00:00+10:00,2025-06-23T12:00:00+10:00,Completed,70,online
B001,HB00097,C0001,S01,2025-06-26T09:00:00+10:00,2025-06-26T10:00:00+10:00,2025-06-16T09:00:00+10:00,Completed,70,phone
B001,HB00098,C0101,S01,2025-06-26T12:00:00+10:00,2025-06-26T13:00:00+10:00,2025-06-24T12:00:00+10:00,Completed,70,online
B001,HB00099,C0001,S01,2025-06-27T09:00:00+10:00,2025-06-27T10:00:00+10:00,2025-06-17T09:00:00+10:00,Completed,70,phone
B001,HB00100,C0103,S01,2025-06-27T12:00:00+10:00,2025-06-27T14:00:00+10:00,2025-06-25T12:00:00+10:00,Completed,180,online
B001,HB00101,C0001,S02,2025-06-23T09:00:00+10:00,2025-06-23T10:00:00+10:00,2025-06-13T09:00:00+10:00,Completed,70,phone
B001,HB00102,C0105,S02,2025-06-23T12:00:00+10:00,2025-06-23T14:00:00+10:00,2025-06-21T12:00:00+10:00,Completed,180,online
B001,HB00103,C0001,S02,2025-06-24T09:00:00+10:00,2025-06-24T11:00:00+10:00,2025-06-14T09:00:00+10:00,Completed,180,phone
B001,HB00104,C0107,S02,2025-06-24T12:00:00+10:00,2025-06-24T13:00:00+10:00,2025-06-22T12:00:00+10:00,Completed,70,online
B001,HB00105,C0001,S02,2025-06-25T09:00:00+10:00,2025-06-25T10:00:00+10:00,2025-06-15T09:00:00+10:00,Completed,70,phone
B001,HB00106,C0109,S02,2025-06-25T12:00:00+10:00,2025-06-25T13:00:00+10:00,2025-06-23T12:00:00+10:00,Completed,70,online
B001,HB00107,C0001,S02,2025-06-26T09:00:00+10:00,2025-06-26T10:00:00+10:00,2025-06-16T09:00:00+10:00,Completed,70,phone
B001,HB00108,C0111,S02,2025-06-26T12:00:00+10:00,2025-06-26T14:00:00+10:00,2025-06-24T12:00:00+10:00,Completed,180,online
B001,HB00109,C0001,S02,2025-06-27T09:00:00+10:00,2025-06-27T11:00:00+10:00,2025-06-17T09:00:00+10:00,Completed,180,phone
B001,HB00110,C0113,S02,2025-06-27T12:00:00+10:00,2025-06-27T13:00:00+10:00,2025-06-25T12:00:00+10:00,Completed,70,online
B001,HB00111,C0001,S03,2025-06-23T09:00:00+10:00,2025-06-23T11:00:00+10:00,2025-06-13T09:00:00+10:00,Completed,180,phone
B001,HB00112,C0115,S03,2025-06-23T12:00:00+10:00,2025-06-23T13:00:00+10:00,2025-06-21T12:00:00+10:00,Completed,70,online
B001,HB00113,C0001,S03,2025-06-24T09:00:00+10:00,2025-06-24T10:00:00+10:00,2025-06-14T09:00:00+10:00,Completed,70,phone
B001,HB00114,C0117,S03,2025-06-24T12:00:00+10:00,2025-06-24T13:00:00+10:00,2025-06-22T12:00:00+10:00,Completed,70,online
B001,HB00115,C0001,S03,2025-06-25T09:00:00+10:00,2025-06-25T10:00:00+10:00,2025-06-15T09:00:00+10:00,Completed,70,phone
B001,HB00116,C0119,S03,2025-06-25T12:00:00+10:00,2025-06-25T14:00:00+10:00,2025-06-23T12:00:00+10:00,Completed,180,online
B001,HB00117,C0001,S03,2025-06-26T09:00:00+10:00,2025-06-26T11:00:00+10:00,2025-06-16T09:00:00+10:00,Completed,180,phone
B001,HB00118,C0121,S03,2025-06-26T12:00:00+10:00,2025-06-26T13:00:00+10:00,2025-06-24T12:00:00+10:00,Completed,70,online
B001,HB00119,C0001,S03,2025-06-27T09:00:00+10:00,2025-06-27T10:00:00+10:00,2025-06-17T09:00:00+10:00,Completed,70,phone
B001,HB00120,C0123,S03,2025-06-27T12:00:00+10:00,2025-06-27T13:00:00+10:00,2025-06-25T12:00:00+10:00,Completed,70,online
B001,HB00121,C0001,S01,2025-06-30T09:00:00+10:00,2025-06-30T10:00:00+10:00,2025-06-20T09:00:00+10:00,Completed,70,phone
B001,HB00122,C0125,S01,2025-06-30T12:00:00+10:00,2025-06-30T14:00:00+10:00,2025-06-28T12:00:00+10:00,Completed,180,online
B001,HB00123,C0001,S01,2025-07-01T09:00:00+10:00,2025-07-01T11:00:00+10:00,2025-06-21T09:00:00+10:00,Completed,180,phone
B001,HB00124,C0127,S01,2025-07-01T12:00:00+10:00,2025-07-01T13:00:00+10:00,2025-06-29T12:00:00+10:00,Completed,70,online
B001,HB00125,C0001,S01,2025-07-02T09:00:00+10:00,2025-07-02T10:00:00+10:00,2025-06-22T09:00:00+10:00,Completed,70,phone
B001,HB00126,C0129,S01,2025-07-02T12:00:00+10:00,2025-07-02T13:00:00+10:00,2025-06-30T12:00:00+10:00,Completed,70,online
B001,HB00127,C0001,S01,2025-07-03T09:00:00+10:00,2025-07-03T10:00:00+10:00,2025-06-23T09:00:00+10:00,Completed,70,phone
B001,HB00128,C0131,S01,2025-07-03T12:00:00+10:00,2025-07-03T14:00:00+10:00,2025-07-01T12:00:00+10:00,Completed,180,online
B001,HB00129,C0001,S01,2025-07-04T09:00:00+10:00,2025-07-04T11:00:00+10:00,2025-06-24T09:00:00+10:00,Completed,180,phone
B001,HB00130,C0133,S01,2025-07-04T12:00:00+10:00,2025-07-04T13:00:00+10:00,2025-07-02T12:00:00+10:00,Completed,70,online
B001,HB00131,C0001,S02,2025-06-30T09:00:00+10:00,2025-06-30T11:00:00+10:00,2025-06-20T09:00:00+10:00,Completed,180,phone
B001,HB00132,C0135,S02,2025-06-30T12:00:00+10:00,2025-06-30T13:00:00+10:00,2025-06-28T12:00:00+10:00,Completed,70,online
B001,HB00133,C0001,S02,2025-07-01T09:00:00+10:00,2025-07-01T10:00:00+10:00,2025-06-21T09:00:00+10:00,Completed,70,phone
B001,HB00134,C0137,S02,2025-07-01T12:00:00+10:00,2025-07-01T13:00:00+10:00,2025-06-29T12:00:00+10:00,Completed,70,online
B001,HB00135,C0001,S02,2025-07-02T09:00:00+10:00,2025-07-02T10:00:00+10:00,2025-06-22T09:00:00+10:00,Completed,70,phone
B001,HB00136,C0139,S02,2025-07-02T12:00:00+10:00,2025-07-02T14:00:00+10:00,2025-06-30T12:00:00+10:00,Completed,180,online
B001,HB00137,C0001,S02,2025-07-03T09:00:00+10:00,2025-07-03T11:00:00+10:00,2025-06-23T09:00:00+10:00,Completed,180,phone
B001,HB00138,C0141,S02,2025-07-03T12:00:00+10:00,2025-07-03T13:00:00+10:00,2025-07-01T12:00:00+10:00,Completed,70,online
B001,HB00139,C0001,S02,2025-07-04T09:00:00+10:00,2025-07-04T10:00:00+10:00,2025-06-24T09:00:00+10:00,Completed,70,phone
B001,HB00140,C0143,S02,2025-07-04T12:00:00+10:00,2025-07-04T13:00:00+10:00,2025-07-02T12:00:00+10:00,Completed,70,online
B001,HB00141,C0001,S03,2025-06-30T09:00:00+10:00,2025-06-30T10:00:00+10:00,2025-06-20T09:00:00+10:00,Completed,70,phone
B001,HB00142,C0145,S03,2025-06-30T12:00:00+10:00,2025-06-30T13:00:00+10:00,2025-06-28T12:00:00+10:00,Completed,70,online
B001,HB00143,C0001,S03,2025-07-01T09:00:00+10:00,2025-07-01T10:00:00+10:00,2025-06-21T09:00:00+10:00,Completed,70,phone
B001,HB00144,C0147,S03,2025-07-01T12:00:00+10:00,2025-07-01T14:00:00+10:00,2025-06-29T12:00:00+10:00,Completed,180,online
B001,HB00145,C0001,S03,2025-07-02T09:00:00+10:00,2025-07-02T11:00:00+10:00,2025-06-22T09:00:00+10:00,Completed,180,phone
B001,HB00146,C0149,S03,2025-07-02T12:00:00+10:00,2025-07-02T13:00:00+10:00,2025-06-30T12:00:00+10:00,Completed,70,online
B001,HB00147,C0001,S03,2025-07-03T09:00:00+10:00,2025-07-03T10:00:00+10:00,2025-06-23T09:00:00+10:00,Completed,70,phone
B001,HB00148,C0151,S03,2025-07-03T12:00:00+10:00,2025-07-03T13:00:00+10:00,2025-07-01T12:00:00+10:00,Completed,70,online
B001,HB00149,C0001,S03,2025-07-04T09:00:00+10:00,2025-07-04T10:00:00+10:00,2025-06-24T09:00:00+10:00,Completed,70,phone
B001,HB00150,C0153,S03,2025-07-04T12:00:00+10:00,2025-07-04T14:00:00+10:00,2025-07-02T12:00:00+10:00,Completed,180,online
B001,HB00151,C0001,S01,2025-07-07T09:00:00+10:00,2025-07-07T11:00:00+10:00,2025-06-27T09:00:00+10:00,Completed,180,phone
B001,HB00152,C0155,S01,2025-07-07T12:00:00+10:00,2025-07-07T13:00:00+10:00,2025-07-05T12:00:00+10:00,Completed,70,online
B001,HB00153,C0001,S01,2025-07-08T09:00:00+10:00,2025-07-08T10:00:00+10:00,2025-06-28T09:00:00+10:00,Completed,70,phone
B001,HB00154,C0157,S01,2025-07-08T12:00:00+10:00,2025-07-08T13:00:00+10:00,2025-07-06T12:00:00+10:00,Completed,70,online
B001,HB00155,C0001,S01,2025-07-09T09:00:00+10:00,2025-07-09T10:00:00+10:00,2025-06-29T09:00:00+10:00,Completed,70,phone
B001,HB00156,C0159,S01,2025-07-09T12:00:00+10:00,2025-07-09T14:00:00+10:00,2025-07-07T12:00:00+10:00,Completed,180,online
B001,HB00157,C0001,S01,2025-07-10T09:00:00+10:00,2025-07-10T11:00:00+10:00,2025-06-30T09:00:00+10:00,Completed,180,phone
B001,HB00158,C0161,S01,2025-07-10T12:00:00+10:00,2025-07-10T13:00:00+10:00,2025-07-08T12:00:00+10:00,Completed,70,online
B001,HB00159,C0001,S01,2025-07-11T09:00:00+10:00,2025-07-11T10:00:00+10:00,2025-07-01T09:00:00+10:00,Completed,70,phone
B001,HB00160,C0003,S01,2025-07-11T12:00:00+10:00,2025-07-11T13:00:00+10:00,2025-07-09T12:00:00+10:00,Completed,70,online
B001,HB00161,C0001,S02,2025-07-07T09:00:00+10:00,2025-07-07T10:00:00+10:00,2025-06-27T09:00:00+10:00,Completed,70,phone
B001,HB00162,C0005,S02,2025-07-07T12:00:00+10:00,2025-07-07T13:00:00+10:00,2025-07-05T12:00:00+10:00,Completed,70,online
B001,HB00163,C0001,S02,2025-07-08T09:00:00+10:00,2025-07-08T10:00:00+10:00,2025-06-28T09:00:00+10:00,Completed,70,phone
B001,HB00164,C0007,S02,2025-07-08T12:00:00+10:00,2025-07-08T14:00:00+10:00,2025-07-06T12:00:00+10:00,Completed,180,online
B001,HB00165,C0001,S02,2025-07-09T09:00:00+10:00,2025-07-09T11:00:00+10:00,2025-06-29T09:00:00+10:00,Completed,180,phone
B001,HB00166,C0009,S02,2025-07-09T12:00:00+10:00,2025-07-09T13:00:00+10:00,2025-07-07T12:00:00+10:00,Completed,70,online
B001,HB00167,C0001,S02,2025-07-10T09:00:00+10:00,2025-07-10T10:00:00+10:00,2025-06-30T09:00:00+10:00,Completed,70,phone
B001,HB00168,C0011,S02,2025-07-10T12:00:00+10:00,2025-07-10T13:00:00+10:00,2025-07-08T12:00:00+10:00,Completed,70,online
B001,HB00169,C0001,S02,2025-07-11T09:00:00+10:00,2025-07-11T10:00:00+10:00,2025-07-01T09:00:00+10:00,Completed,70,phone
B001,HB00170,C0013,S02,2025-07-11T12:00:00+10:00,2025-07-11T14:00:00+10:00,2025-07-09T12:00:00+10:00,Completed,180,online
B001,HB00171,C0001,S03,2025-07-07T09:00:00+10:00,2025-07-07T10:00:00+10:00,2025-06-27T09:00:00+10:00,Completed,70,phone
B001,HB00172,C0015,S03,2025-07-07T12:00:00+10:00,2025-07-07T14:00:00+10:00,2025-07-05T12:00:00+10:00,Completed,180,online
B001,HB00173,C0001,S03,2025-07-08T09:00:00+10:00,2025-07-08T11:00:00+10:00,2025-06-28T09:00:00+10:00,Completed,180,phone
B001,HB00174,C0017,S03,2025-07-08T12:00:00+10:00,2025-07-08T13:00:00+10:00,2025-07-06T12:00:00+10:00,Completed,70,online
B001,HB00175,C0001,S03,2025-07-09T09:00:00+10:00,2025-07-09T10:00:00+10:00,2025-06-29T09:00:00+10:00,Completed,70,phone
B001,HB00176,C0019,S03,2025-07-09T12:00:00+10:00,2025-07-09T13:00:00+10:00,2025-07-07T12:00:00+10:00,Completed,70,online
B001,HB00177,C0001,S03,2025-07-10T09:00:00+10:00,2025-07-10T10:00:00+10:00,2025-06-30T09:00:00+10:00,Completed,70,phone
B001,HB00178,C0021,S03,2025-07-10T12:00:00+10:00,2025-07-10T14:00:00+10:00,2025-07-08T12:00:00+10:00,Completed,180,online
B001,HB00179,C0001,S03,2025-07-11T09:00:00+10:00,2025-07-11T11:00:00+10:00,2025-07-01T09:00:00+10:00,Completed,180,phone
B001,HB00180,C0023,S03,2025-07-11T12:00:00+10:00,2025-07-11T13:00:00+10:00,2025-07-09T12:00:00+10:00,Completed,70,online
B001,HB00181,C0001,S01,2025-07-14T09:00:00+10:00,2025-07-14T10:00:00+10:00,2025-07-04T09:00:00+10:00,Completed,70,phone
B001,HB00182,C0025,S01,2025-07-14T12:00:00+10:00,2025-07-14T13:00:00+10:00,2025-07-12T12:00:00+10:00,Completed,70,online
B001,HB00183,C0001,S01,2025-07-15T09:00:00+10:00,2025-07-15T10:00:00+10:00,2025-07-05T09:00:00+10:00,Completed,70,phone
B001,HB00184,C0027,S01,2025-07-15T12:00:00+10:00,2025-07-15T14:00:00+10:00,2025-07-13T12:00:00+10:00,Completed,180,online
B001,HB00185,C0001,S01,2025-07-16T09:00:00+10:00,2025-07-16T11:00:00+10:00,2025-07-06T09:00:00+10:00,Completed,180,phone
B001,HB00186,C0029,S01,2025-07-16T12:00:00+10:00,2025-07-16T13:00:00+10:00,2025-07-14T12:00:00+10:00,Completed,70,online
B001,HB00187,C0001,S01,2025-07-17T09:00:00+10:00,2025-07-17T10:00:00+10:00,2025-07-07T09:00:00+10:00,Completed,70,phone
B001,HB00188,C0031,S01,2025-07-17T12:00:00+10:00,2025-07-17T13:00:00+10:00,2025-07-15T12:00:00+10:00,Completed,70,online
B001,HB00189,C0001,S01,2025-07-18T09:00:00+10:00,2025-07-18T10:00:00+10:00,2025-07-08T09:00:00+10:00,Completed,70,phone
B001,HB00190,C0033,S01,2025-07-18T12:00:00+10:00,2025-07-18T14:00:00+10:00,2025-07-16T12:00:00+10:00,Completed,180,online
B001,HB00191,C0001,S02,2025-07-14T09:00:00+10:00,2025-07-14T10:00:00+10:00,2025-07-04T09:00:00+10:00,Completed,70,phone
B001,HB00192,C0035,S02,2025-07-14T12:00:00+10:00,2025-07-14T14:00:00+10:00,2025-07-12T12:00:00+10:00,Completed,180,online
B001,HB00193,C0001,S02,2025-07-15T09:00:00+10:00,2025-07-15T11:00:00+10:00,2025-07-05T09:00:00+10:00,Completed,180,phone
B001,HB00194,C0037,S02,2025-07-15T12:00:00+10:00,2025-07-15T13:00:00+10:00,2025-07-13T12:00:00+10:00,Completed,70,online
B001,HB00195,C0001,S02,2025-07-16T09:00:00+10:00,2025-07-16T10:00:00+10:00,2025-07-06T09:00:00+10:00,Completed,70,phone
B001,HB00196,C0039,S02,2025-07-16T12:00:00+10:00,2025-07-16T13:00:00+10:00,2025-07-14T12:00:00+10:00,Completed,70,online
B001,HB00197,C0001,S02,2025-07-17T09:00:00+10:00,2025-07-17T10:00:00+10:00,2025-07-07T09:00:00+10:00,Completed,70,phone
B001,HB00198,C0041,S02,2025-07-17T12:00:00+10:00,2025-07-17T14:00:00+10:00,2025-07-15T12:00:00+10:00,Completed,180,online
B001,HB00199,C0001,S02,2025-07-18T09:00:00+10:00,2025-07-18T11:00:00+10:00,2025-07-08T09:00:00+10:00,Completed,180,phone
B001,HB00200,C0043,S02,2025-07-18T12:00:00+10:00,2025-07-18T13:00:00+10:00,2025-07-16T12:00:00+10:00,Completed,70,online
B001,HB00201,C0001,S03,2025-07-14T09:00:00+10:00,2025-07-14T11:00:00+10:00,2025-07-04T09:00:00+10:00,Completed,180,phone
B001,HB00202,C0045,S03,2025-07-14T12:00:00+10:00,2025-07-14T13:00:00+10:00,2025-07-12T12:00:00+10:00,Completed,70,online
B001,HB00203,C0001,S03,2025-07-15T09:00:00+10:00,2025-07-15T10:00:00+10:00,2025-07-05T09:00:00+10:00,Completed,70,phone
B001,HB00204,C0047,S03,2025-07-15T12:00:00+10:00,2025-07-15T13:00:00+10:00,2025-07-13T12:00:00+10:00,Completed,70,online
B001,HB00205,C0001,S03,2025-07-16T09:00:00+10:00,2025-07-16T10:00:00+10:00,2025-07-06T09:00:00+10:00,Completed,70,phone
B001,HB00206,C0049,S03,2025-07-16T12:00:00+10:00,2025-07-16T14:00:00+10:00,2025-07-14T12:00:00+10:00,Completed,180,online
B001,HB00207,C0001,S03,2025-07-17T09:00:00+10:00,2025-07-17T11:00:00+10:00,2025-07-07T09:00:00+10:00,Completed,180,phone
B001,HB00208,C0051,S03,2025-07-17T12:00:00+10:00,2025-07-17T13:00:00+10:00,2025-07-15T12:00:00+10:00,Completed,70,online
B001,HB00209,C0001,S03,2025-07-18T09:00:00+10:00,2025-07-18T10:00:00+10:00,2025-07-08T09:00:00+10:00,Completed,70,phone
B001,HB00210,C0053,S03,2025-07-18T12:00:00+10:00,2025-07-18T13:00:00+10:00,2025-07-16T12:00:00+10:00,Completed,70,online
B001,HB00211,C0001,S01,2025-07-21T09:00:00+10:00,2025-07-21T10:00:00+10:00,2025-07-11T09:00:00+10:00,Completed,70,phone
B001,HB00212,C0055,S01,2025-07-21T12:00:00+10:00,2025-07-21T14:00:00+10:00,2025-07-19T12:00:00+10:00,Completed,180,online
B001,HB00213,C0001,S01,2025-07-22T09:00:00+10:00,2025-07-22T11:00:00+10:00,2025-07-12T09:00:00+10:00,Completed,180,phone
B001,HB00214,C0057,S01,2025-07-22T12:00:00+10:00,2025-07-22T13:00:00+10:00,2025-07-20T12:00:00+10:00,Completed,70,online
B001,HB00215,C0001,S01,2025-07-23T09:00:00+10:00,2025-07-23T10:00:00+10:00,2025-07-13T09:00:00+10:00,Completed,70,phone
B001,HB00216,C0059,S01,2025-07-23T12:00:00+10:00,2025-07-23T13:00:00+10:00,2025-07-21T12:00:00+10:00,Completed,70,online
B001,HB00217,C0001,S01,2025-07-24T09:00:00+10:00,2025-07-24T10:00:00+10:00,2025-07-14T09:00:00+10:00,Completed,70,phone
B001,HB00218,C0061,S01,2025-07-24T12:00:00+10:00,2025-07-24T14:00:00+10:00,2025-07-22T12:00:00+10:00,Completed,180,online
B001,HB00219,C0001,S01,2025-07-25T09:00:00+10:00,2025-07-25T11:00:00+10:00,2025-07-15T09:00:00+10:00,Completed,180,phone
B001,HB00220,C0063,S01,2025-07-25T12:00:00+10:00,2025-07-25T13:00:00+10:00,2025-07-23T12:00:00+10:00,Completed,70,online
B001,HB00221,C0001,S02,2025-07-21T09:00:00+10:00,2025-07-21T11:00:00+10:00,2025-07-11T09:00:00+10:00,Completed,180,phone
B001,HB00222,C0065,S02,2025-07-21T12:00:00+10:00,2025-07-21T13:00:00+10:00,2025-07-19T12:00:00+10:00,Completed,70,online
B001,HB00223,C0001,S02,2025-07-22T09:00:00+10:00,2025-07-22T10:00:00+10:00,2025-07-12T09:00:00+10:00,Completed,70,phone
B001,HB00224,C0067,S02,2025-07-22T12:00:00+10:00,2025-07-22T13:00:00+10:00,2025-07-20T12:00:00+10:00,Completed,70,online
B001,HB00225,C0001,S02,2025-07-23T09:00:00+10:00,2025-07-23T10:00:00+10:00,2025-07-13T09:00:00+10:00,Completed,70,phone
B001,HB00226,C0069,S02,2025-07-23T12:00:00+10:00,2025-07-23T14:00:00+10:00,2025-07-21T12:00:00+10:00,Completed,180,online
B001,HB00227,C0001,S02,2025-07-24T09:00:00+10:00,2025-07-24T11:00:00+10:00,2025-07-14T09:00:00+10:00,Completed,180,phone
B001,HB00228,C0071,S02,2025-07-24T12:00:00+10:00,2025-07-24T13:00:00+10:00,2025-07-22T12:00:00+10:00,Completed,70,online
B001,HB00229,C0001,S02,2025-07-25T09:00:00+10:00,2025-07-25T10:00:00+10:00,2025-07-15T09:00:00+10:00,Completed,70,phone
B001,HB00230,C0073,S02,2025-07-25T12:00:00+10:00,2025-07-25T13:00:00+10:00,2025-07-23T12:00:00+10:00,Completed,70,online
B001,HB00231,C0001,S03,2025-07-21T09:00:00+10:00,2025-07-21T10:00:00+10:00,2025-07-11T09:00:00+10:00,Completed,70,phone
B001,HB00232,C0075,S03,2025-07-21T12:00:00+10:00,2025-07-21T13:00:00+10:00,2025-07-19T12:00:00+10:00,Completed,70,online
B001,HB00233,C0001,S03,2025-07-22T09:00:00+10:00,2025-07-22T10:00:00+10:00,2025-07-12T09:00:00+10:00,Completed,70,phone
B001,HB00234,C0077,S03,2025-07-22T12:00:00+10:00,2025-07-22T14:00:00+10:00,2025-07-20T12:00:00+10:00,Completed,180,online
B001,HB00235,C0001,S03,2025-07-23T09:00:00+10:00,2025-07-23T11:00:00+10:00,2025-07-13T09:00:00+10:00,Completed,180,phone
B001,HB00236,C0079,S03,2025-07-23T12:00:00+10:00,2025-07-23T13:00:00+10:00,2025-07-21T12:00:00+10:00,Completed,70,online
B001,HB00237,C0001,S03,2025-07-24T09:00:00+10:00,2025-07-24T10:00:00+10:00,2025-07-14T09:00:00+10:00,Completed,70,phone
B001,HB00238,C0081,S03,2025-07-24T12:00:00+10:00,2025-07-24T13:00:00+10:00,2025-07-22T12:00:00+10:00,Completed,70,online
B001,HB00239,C0001,S03,2025-07-25T09:00:00+10:00,2025-07-25T10:00:00+10:00,2025-07-15T09:00:00+10:00,Completed,70,phone
B001,HB00240,C0083,S03,2025-07-25T12:00:00+10:00,2025-07-25T14:00:00+10:00,2025-07-23T12:00:00+10:00,Completed,180,online
B001,HB00241,C0001,S01,2025-07-28T09:00:00+10:00,2025-07-28T11:00:00+10:00,2025-07-18T09:00:00+10:00,Completed,180,phone
B001,HB00242,C0085,S01,2025-07-28T12:00:00+10:00,2025-07-28T13:00:00+10:00,2025-07-26T12:00:00+10:00,Completed,70,online
B001,HB00243,C0001,S01,2025-07-29T09:00:00+10:00,2025-07-29T10:00:00+10:00,2025-07-19T09:00:00+10:00,Completed,70,phone
B001,HB00244,C0087,S01,2025-07-29T12:00:00+10:00,2025-07-29T13:00:00+10:00,2025-07-27T12:00:00+10:00,Completed,70,online
B001,HB00245,C0001,S01,2025-07-30T09:00:00+10:00,2025-07-30T10:00:00+10:00,2025-07-20T09:00:00+10:00,Completed,70,phone
B001,HB00246,C0089,S01,2025-07-30T12:00:00+10:00,2025-07-30T14:00:00+10:00,2025-07-28T12:00:00+10:00,Completed,180,online
B001,HB00247,C0001,S01,2025-07-31T09:00:00+10:00,2025-07-31T11:00:00+10:00,2025-07-21T09:00:00+10:00,Completed,180,phone
B001,HB00248,C0091,S01,2025-07-31T12:00:00+10:00,2025-07-31T13:00:00+10:00,2025-07-29T12:00:00+10:00,Completed,70,online
B001,HB00249,C0001,S01,2025-08-01T09:00:00+10:00,2025-08-01T10:00:00+10:00,2025-07-22T09:00:00+10:00,Completed,70,phone
B001,HB00250,C0093,S01,2025-08-01T12:00:00+10:00,2025-08-01T13:00:00+10:00,2025-07-30T12:00:00+10:00,Completed,70,online
B001,HB00251,C0001,S02,2025-07-28T09:00:00+10:00,2025-07-28T10:00:00+10:00,2025-07-18T09:00:00+10:00,Completed,70,phone
B001,HB00252,C0095,S02,2025-07-28T12:00:00+10:00,2025-07-28T13:00:00+10:00,2025-07-26T12:00:00+10:00,Completed,70,online
B001,HB00253,C0001,S02,2025-07-29T09:00:00+10:00,2025-07-29T10:00:00+10:00,2025-07-19T09:00:00+10:00,Completed,70,phone
B001,HB00254,C0097,S02,2025-07-29T12:00:00+10:00,2025-07-29T14:00:00+10:00,2025-07-27T12:00:00+10:00,Completed,180,online
B001,HB00255,C0001,S02,2025-07-30T09:00:00+10:00,2025-07-30T11:00:00+10:00,2025-07-20T09:00:00+10:00,Completed,180,phone
B001,HB00256,C0099,S02,2025-07-30T12:00:00+10:00,2025-07-30T13:00:00+10:00,2025-07-28T12:00:00+10:00,Completed,70,online
B001,HB00257,C0001,S02,2025-07-31T09:00:00+10:00,2025-07-31T10:00:00+10:00,2025-07-21T09:00:00+10:00,Completed,70,phone
B001,HB00258,C0101,S02,2025-07-31T12:00:00+10:00,2025-07-31T13:00:00+10:00,2025-07-29T12:00:00+10:00,Completed,70,online
B001,HB00259,C0001,S02,2025-08-01T09:00:00+10:00,2025-08-01T10:00:00+10:00,2025-07-22T09:00:00+10:00,Completed,70,phone
B001,HB00260,C0103,S02,2025-08-01T12:00:00+10:00,2025-08-01T14:00:00+10:00,2025-07-30T12:00:00+10:00,Completed,180,online
B001,HB00261,C0001,S03,2025-07-28T09:00:00+10:00,2025-07-28T10:00:00+10:00,2025-07-18T09:00:00+10:00,Completed,70,phone
B001,HB00262,C0105,S03,2025-07-28T12:00:00+10:00,2025-07-28T14:00:00+10:00,2025-07-26T12:00:00+10:00,Completed,180,online
B001,HB00263,C0001,S03,2025-07-29T09:00:00+10:00,2025-07-29T11:00:00+10:00,2025-07-19T09:00:00+10:00,Completed,180,phone
B001,HB00264,C0107,S03,2025-07-29T12:00:00+10:00,2025-07-29T13:00:00+10:00,2025-07-27T12:00:00+10:00,Completed,70,online
B001,HB00265,C0001,S03,2025-07-30T09:00:00+10:00,2025-07-30T10:00:00+10:00,2025-07-20T09:00:00+10:00,Completed,70,phone
B001,HB00266,C0109,S03,2025-07-30T12:00:00+10:00,2025-07-30T13:00:00+10:00,2025-07-28T12:00:00+10:00,Completed,70,online
B001,HB00267,C0001,S03,2025-07-31T09:00:00+10:00,2025-07-31T10:00:00+10:00,2025-07-21T09:00:00+10:00,Completed,70,phone
B001,HB00268,C0111,S03,2025-07-31T12:00:00+10:00,2025-07-31T14:00:00+10:00,2025-07-29T12:00:00+10:00,Completed,180,online
B001,HB00269,C0001,S03,2025-08-01T09:00:00+10:00,2025-08-01T11:00:00+10:00,2025-07-22T09:00:00+10:00,Completed,180,phone
B001,HB00270,C0113,S03,2025-08-01T12:00:00+10:00,2025-08-01T13:00:00+10:00,2025-07-30T12:00:00+10:00,Completed,70,online
B001,HB00271,C0001,S01,2025-08-04T09:00:00+10:00,2025-08-04T10:00:00+10:00,2025-07-25T09:00:00+10:00,Completed,70,phone
B001,HB00272,C0115,S01,2025-08-04T12:00:00+10:00,2025-08-04T13:00:00+10:00,2025-08-02T12:00:00+10:00,Completed,70,online
B001,HB00273,C0001,S01,2025-08-05T09:00:00+10:00,2025-08-05T10:00:00+10:00,2025-07-26T09:00:00+10:00,Completed,70,phone
B001,HB00274,C0117,S01,2025-08-05T12:00:00+10:00,2025-08-05T14:00:00+10:00,2025-08-03T12:00:00+10:00,Completed,180,online
B001,HB00275,C0001,S01,2025-08-06T09:00:00+10:00,2025-08-06T11:00:00+10:00,2025-07-27T09:00:00+10:00,Completed,180,phone
B001,HB00276,C0119,S01,2025-08-06T12:00:00+10:00,2025-08-06T13:00:00+10:00,2025-08-04T12:00:00+10:00,Completed,70,online
B001,HB00277,C0001,S01,2025-08-07T09:00:00+10:00,2025-08-07T10:00:00+10:00,2025-07-28T09:00:00+10:00,Completed,70,phone
B001,HB00278,C0121,S01,2025-08-07T12:00:00+10:00,2025-08-07T13:00:00+10:00,2025-08-05T12:00:00+10:00,Completed,70,online
B001,HB00279,C0001,S01,2025-08-08T09:00:00+10:00,2025-08-08T10:00:00+10:00,2025-07-29T09:00:00+10:00,Completed,70,phone
B001,HB00280,C0123,S01,2025-08-08T12:00:00+10:00,2025-08-08T14:00:00+10:00,2025-08-06T12:00:00+10:00,Completed,180,online
B001,HB00281,C0001,S02,2025-08-04T09:00:00+10:00,2025-08-04T10:00:00+10:00,2025-07-25T09:00:00+10:00,Completed,70,phone
B001,HB00282,C0125,S02,2025-08-04T12:00:00+10:00,2025-08-04T14:00:00+10:00,2025-08-02T12:00:00+10:00,Completed,180,online
B001,HB00283,C0001,S02,2025-08-05T09:00:00+10:00,2025-08-05T11:00:00+10:00,2025-07-26T09:00:00+10:00,Completed,180,phone
B001,HB00284,C0127,S02,2025-08-05T12:00:00+10:00,2025-08-05T13:00:00+10:00,2025-08-03T12:00:00+10:00,Completed,70,online
B001,HB00285,C0001,S02,2025-08-06T09:00:00+10:00,2025-08-06T10:00:00+10:00,2025-07-27T09:00:00+10:00,Completed,70,phone
B001,HB00286,C0129,S02,2025-08-06T12:00:00+10:00,2025-08-06T13:00:00+10:00,2025-08-04T12:00:00+10:00,Completed,70,online
B001,HB00287,C0001,S02,2025-08-07T09:00:00+10:00,2025-08-07T10:00:00+10:00,2025-07-28T09:00:00+10:00,Completed,70,phone
B001,HB00288,C0131,S02,2025-08-07T12:00:00+10:00,2025-08-07T14:00:00+10:00,2025-08-05T12:00:00+10:00,Completed,180,online
B001,HB00289,C0001,S02,2025-08-08T09:00:00+10:00,2025-08-08T11:00:00+10:00,2025-07-29T09:00:00+10:00,Completed,180,phone
B001,HB00290,C0133,S02,2025-08-08T12:00:00+10:00,2025-08-08T13:00:00+10:00,2025-08-06T12:00:00+10:00,Completed,70,online
B001,HB00291,C0001,S03,2025-08-04T09:00:00+10:00,2025-08-04T11:00:00+10:00,2025-07-25T09:00:00+10:00,Completed,180,phone
B001,HB00292,C0135,S03,2025-08-04T12:00:00+10:00,2025-08-04T13:00:00+10:00,2025-08-02T12:00:00+10:00,Completed,70,online
B001,HB00293,C0001,S03,2025-08-05T09:00:00+10:00,2025-08-05T10:00:00+10:00,2025-07-26T09:00:00+10:00,Completed,70,phone
B001,HB00294,C0137,S03,2025-08-05T12:00:00+10:00,2025-08-05T13:00:00+10:00,2025-08-03T12:00:00+10:00,Completed,70,online
B001,HB00295,C0001,S03,2025-08-06T09:00:00+10:00,2025-08-06T10:00:00+10:00,2025-07-27T09:00:00+10:00,Completed,70,phone
B001,HB00296,C0139,S03,2025-08-06T12:00:00+10:00,2025-08-06T14:00:00+10:00,2025-08-04T12:00:00+10:00,Completed,180,online
B001,HB00297,C0001,S03,2025-08-07T09:00:00+10:00,2025-08-07T11:00:00+10:00,2025-07-28T09:00:00+10:00,Completed,180,phone
B001,HB00298,C0141,S03,2025-08-07T12:00:00+10:00,2025-08-07T13:00:00+10:00,2025-08-05T12:00:00+10:00,Completed,70,online
B001,HB00299,C0001,S03,2025-08-08T09:00:00+10:00,2025-08-08T10:00:00+10:00,2025-07-29T09:00:00+10:00,Completed,70,phone
B001,HB00300,C0143,S03,2025-08-08T12:00:00+10:00,2025-08-08T13:00:00+10:00,2025-08-06T12:00:00+10:00,Completed,70,online
B001,HB00301,C0001,S01,2025-08-11T09:00:00+10:00,2025-08-11T10:00:00+10:00,2025-08-01T09:00:00+10:00,Completed,70,phone
B001,HB00302,C0145,S01,2025-08-11T12:00:00+10:00,2025-08-11T14:00:00+10:00,2025-08-09T12:00:00+10:00,Completed,180,online
B001,HB00303,C0001,S01,2025-08-12T09:00:00+10:00,2025-08-12T11:00:00+10:00,2025-08-02T09:00:00+10:00,Completed,180,phone
B001,HB00304,C0147,S01,2025-08-12T12:00:00+10:00,2025-08-12T13:00:00+10:00,2025-08-10T12:00:00+10:00,Completed,70,online
B001,HB00305,C0001,S01,2025-08-13T09:00:00+10:00,2025-08-13T10:00:00+10:00,2025-08-03T09:00:00+10:00,Completed,70,phone
B001,HB00306,C0149,S01,2025-08-13T12:00:00+10:00,2025-08-13T13:00:00+10:00,2025-08-11T12:00:00+10:00,Completed,70,online
B001,HB00307,C0001,S01,2025-08-14T09:00:00+10:00,2025-08-14T10:00:00+10:00,2025-08-04T09:00:00+10:00,Completed,70,phone
B001,HB00308,C0151,S01,2025-08-14T12:00:00+10:00,2025-08-14T14:00:00+10:00,2025-08-12T12:00:00+10:00,Completed,180,online
B001,HB00309,C0001,S01,2025-08-15T09:00:00+10:00,2025-08-15T11:00:00+10:00,2025-08-05T09:00:00+10:00,Completed,180,phone
B001,HB00310,C0153,S01,2025-08-15T12:00:00+10:00,2025-08-15T13:00:00+10:00,2025-08-13T12:00:00+10:00,Completed,70,online
B001,HB00311,C0001,S02,2025-08-11T09:00:00+10:00,2025-08-11T11:00:00+10:00,2025-08-01T09:00:00+10:00,Completed,180,phone
B001,HB00312,C0155,S02,2025-08-11T12:00:00+10:00,2025-08-11T13:00:00+10:00,2025-08-09T12:00:00+10:00,Completed,70,online
B001,HB00313,C0001,S02,2025-08-12T09:00:00+10:00,2025-08-12T10:00:00+10:00,2025-08-02T09:00:00+10:00,Completed,70,phone
B001,HB00314,C0157,S02,2025-08-12T12:00:00+10:00,2025-08-12T13:00:00+10:00,2025-08-10T12:00:00+10:00,Completed,70,online
B001,HB00315,C0001,S02,2025-08-13T09:00:00+10:00,2025-08-13T10:00:00+10:00,2025-08-03T09:00:00+10:00,Completed,70,phone
B001,HB00316,C0159,S02,2025-08-13T12:00:00+10:00,2025-08-13T14:00:00+10:00,2025-08-11T12:00:00+10:00,Completed,180,online
B001,HB00317,C0001,S02,2025-08-14T09:00:00+10:00,2025-08-14T11:00:00+10:00,2025-08-04T09:00:00+10:00,Completed,180,phone
B001,HB00318,C0161,S02,2025-08-14T12:00:00+10:00,2025-08-14T13:00:00+10:00,2025-08-12T12:00:00+10:00,Completed,70,online
B001,HB00319,C0001,S02,2025-08-15T09:00:00+10:00,2025-08-15T10:00:00+10:00,2025-08-05T09:00:00+10:00,Completed,70,phone
B001,HB00320,C0003,S02,2025-08-15T12:00:00+10:00,2025-08-15T13:00:00+10:00,2025-08-13T12:00:00+10:00,Completed,70,online
B001,HB00321,C0001,S03,2025-08-11T09:00:00+10:00,2025-08-11T10:00:00+10:00,2025-08-01T09:00:00+10:00,Completed,70,phone
B001,HB00322,C0005,S03,2025-08-11T12:00:00+10:00,2025-08-11T13:00:00+10:00,2025-08-09T12:00:00+10:00,Completed,70,online
B001,HB00323,C0001,S03,2025-08-12T09:00:00+10:00,2025-08-12T10:00:00+10:00,2025-08-02T09:00:00+10:00,Completed,70,phone
B001,HB00324,C0007,S03,2025-08-12T12:00:00+10:00,2025-08-12T14:00:00+10:00,2025-08-10T12:00:00+10:00,Completed,180,online
B001,HB00325,C0001,S03,2025-08-13T09:00:00+10:00,2025-08-13T11:00:00+10:00,2025-08-03T09:00:00+10:00,Completed,180,phone
B001,HB00326,C0009,S03,2025-08-13T12:00:00+10:00,2025-08-13T13:00:00+10:00,2025-08-11T12:00:00+10:00,Completed,70,online
B001,HB00327,C0001,S03,2025-08-14T09:00:00+10:00,2025-08-14T10:00:00+10:00,2025-08-04T09:00:00+10:00,Completed,70,phone
B001,HB00328,C0011,S03,2025-08-14T12:00:00+10:00,2025-08-14T13:00:00+10:00,2025-08-12T12:00:00+10:00,Completed,70,online
B001,HB00329,C0001,S03,2025-08-15T09:00:00+10:00,2025-08-15T10:00:00+10:00,2025-08-05T09:00:00+10:00,Completed,70,phone
B001,HB00330,C0013,S03,2025-08-15T12:00:00+10:00,2025-08-15T14:00:00+10:00,2025-08-13T12:00:00+10:00,Completed,180,online
B001,HB00331,C0001,S01,2025-08-18T09:00:00+10:00,2025-08-18T11:00:00+10:00,2025-08-08T09:00:00+10:00,Completed,180,phone
B001,HB00332,C0015,S01,2025-08-18T12:00:00+10:00,2025-08-18T13:00:00+10:00,2025-08-16T12:00:00+10:00,Completed,70,online
B001,HB00333,C0001,S01,2025-08-19T09:00:00+10:00,2025-08-19T10:00:00+10:00,2025-08-09T09:00:00+10:00,Completed,70,phone
B001,HB00334,C0017,S01,2025-08-19T12:00:00+10:00,2025-08-19T13:00:00+10:00,2025-08-17T12:00:00+10:00,Completed,70,online
B001,HB00335,C0001,S01,2025-08-20T09:00:00+10:00,2025-08-20T10:00:00+10:00,2025-08-10T09:00:00+10:00,Completed,70,phone
B001,HB00336,C0019,S01,2025-08-20T12:00:00+10:00,2025-08-20T14:00:00+10:00,2025-08-18T12:00:00+10:00,Completed,180,online
B001,HB00337,C0001,S01,2025-08-21T09:00:00+10:00,2025-08-21T11:00:00+10:00,2025-08-11T09:00:00+10:00,Completed,180,phone
B001,HB00338,C0021,S01,2025-08-21T12:00:00+10:00,2025-08-21T13:00:00+10:00,2025-08-19T12:00:00+10:00,Completed,70,online
B001,HB00339,C0001,S01,2025-08-22T09:00:00+10:00,2025-08-22T10:00:00+10:00,2025-08-12T09:00:00+10:00,Completed,70,phone
B001,HB00340,C0023,S01,2025-08-22T12:00:00+10:00,2025-08-22T13:00:00+10:00,2025-08-20T12:00:00+10:00,Completed,70,online
B001,HB00341,C0001,S02,2025-08-18T09:00:00+10:00,2025-08-18T10:00:00+10:00,2025-08-08T09:00:00+10:00,Completed,70,phone
B001,HB00342,C0025,S02,2025-08-18T12:00:00+10:00,2025-08-18T13:00:00+10:00,2025-08-16T12:00:00+10:00,Completed,70,online
B001,HB00343,C0001,S02,2025-08-19T09:00:00+10:00,2025-08-19T10:00:00+10:00,2025-08-09T09:00:00+10:00,Completed,70,phone
B001,HB00344,C0027,S02,2025-08-19T12:00:00+10:00,2025-08-19T14:00:00+10:00,2025-08-17T12:00:00+10:00,Completed,180,online
B001,HB00345,C0001,S02,2025-08-20T09:00:00+10:00,2025-08-20T11:00:00+10:00,2025-08-10T09:00:00+10:00,Completed,180,phone
B001,HB00346,C0029,S02,2025-08-20T12:00:00+10:00,2025-08-20T13:00:00+10:00,2025-08-18T12:00:00+10:00,Completed,70,online
B001,HB00347,C0001,S02,2025-08-21T09:00:00+10:00,2025-08-21T10:00:00+10:00,2025-08-11T09:00:00+10:00,Completed,70,phone
B001,HB00348,C0031,S02,2025-08-21T12:00:00+10:00,2025-08-21T13:00:00+10:00,2025-08-19T12:00:00+10:00,Completed,70,online
B001,HB00349,C0001,S02,2025-08-22T09:00:00+10:00,2025-08-22T10:00:00+10:00,2025-08-12T09:00:00+10:00,Completed,70,phone
B001,HB00350,C0033,S02,2025-08-22T12:00:00+10:00,2025-08-22T14:00:00+10:00,2025-08-20T12:00:00+10:00,Completed,180,online
B001,HB00351,C0001,S03,2025-08-18T09:00:00+10:00,2025-08-18T10:00:00+10:00,2025-08-08T09:00:00+10:00,Completed,70,phone
B001,HB00352,C0035,S03,2025-08-18T12:00:00+10:00,2025-08-18T14:00:00+10:00,2025-08-16T12:00:00+10:00,Completed,180,online
B001,HB00353,C0001,S03,2025-08-19T09:00:00+10:00,2025-08-19T11:00:00+10:00,2025-08-09T09:00:00+10:00,Completed,180,phone
B001,HB00354,C0037,S03,2025-08-19T12:00:00+10:00,2025-08-19T13:00:00+10:00,2025-08-17T12:00:00+10:00,Completed,70,online
B001,HB00355,C0001,S03,2025-08-20T09:00:00+10:00,2025-08-20T10:00:00+10:00,2025-08-10T09:00:00+10:00,Completed,70,phone
B001,HB00356,C0039,S03,2025-08-20T12:00:00+10:00,2025-08-20T13:00:00+10:00,2025-08-18T12:00:00+10:00,Completed,70,online
B001,HB00357,C0001,S03,2025-08-21T09:00:00+10:00,2025-08-21T10:00:00+10:00,2025-08-11T09:00:00+10:00,Completed,70,phone
B001,HB00358,C0041,S03,2025-08-21T12:00:00+10:00,2025-08-21T14:00:00+10:00,2025-08-19T12:00:00+10:00,Completed,180,online
B001,HB00359,C0001,S03,2025-08-22T09:00:00+10:00,2025-08-22T11:00:00+10:00,2025-08-12T09:00:00+10:00,Completed,180,phone
B001,HB00360,C0043,S03,2025-08-22T12:00:00+10:00,2025-08-22T13:00:00+10:00,2025-08-20T12:00:00+10:00,Completed,70,online
B001,HB00361,C0001,S01,2025-08-25T09:00:00+10:00,2025-08-25T10:00:00+10:00,2025-08-15T09:00:00+10:00,Completed,70,phone
B001,HB00362,C0045,S01,2025-08-25T12:00:00+10:00,2025-08-25T13:00:00+10:00,2025-08-23T12:00:00+10:00,Completed,70,online
B001,HB00363,C0001,S01,2025-08-26T09:00:00+10:00,2025-08-26T10:00:00+10:00,2025-08-16T09:00:00+10:00,Completed,70,phone
B001,HB00364,C0047,S01,2025-08-26T12:00:00+10:00,2025-08-26T14:00:00+10:00,2025-08-24T12:00:00+10:00,Completed,180,online
B001,HB00365,C0001,S01,2025-08-27T09:00:00+10:00,2025-08-27T11:00:00+10:00,2025-08-17T09:00:00+10:00,Completed,180,phone
B001,HB00366,C0049,S01,2025-08-27T12:00:00+10:00,2025-08-27T13:00:00+10:00,2025-08-25T12:00:00+10:00,Completed,70,online
B001,HB00367,C0001,S01,2025-08-28T09:00:00+10:00,2025-08-28T10:00:00+10:00,2025-08-18T09:00:00+10:00,Completed,70,phone
B001,HB00368,C0051,S01,2025-08-28T12:00:00+10:00,2025-08-28T13:00:00+10:00,2025-08-26T12:00:00+10:00,Completed,70,online
B001,HB00369,C0001,S01,2025-08-29T09:00:00+10:00,2025-08-29T10:00:00+10:00,2025-08-19T09:00:00+10:00,Completed,70,phone
B001,HB00370,C0053,S01,2025-08-29T12:00:00+10:00,2025-08-29T14:00:00+10:00,2025-08-27T12:00:00+10:00,Completed,180,online
B001,HB00371,C0001,S02,2025-08-25T09:00:00+10:00,2025-08-25T10:00:00+10:00,2025-08-15T09:00:00+10:00,Completed,70,phone
B001,HB00372,C0055,S02,2025-08-25T12:00:00+10:00,2025-08-25T14:00:00+10:00,2025-08-23T12:00:00+10:00,Completed,180,online
B001,HB00373,C0001,S02,2025-08-26T09:00:00+10:00,2025-08-26T11:00:00+10:00,2025-08-16T09:00:00+10:00,Completed,180,phone
B001,HB00374,C0057,S02,2025-08-26T12:00:00+10:00,2025-08-26T13:00:00+10:00,2025-08-24T12:00:00+10:00,Completed,70,online
B001,HB00375,C0001,S02,2025-08-27T09:00:00+10:00,2025-08-27T10:00:00+10:00,2025-08-17T09:00:00+10:00,Completed,70,phone
B001,HB00376,C0059,S02,2025-08-27T12:00:00+10:00,2025-08-27T13:00:00+10:00,2025-08-25T12:00:00+10:00,Completed,70,online
B001,HB00377,C0001,S02,2025-08-28T09:00:00+10:00,2025-08-28T10:00:00+10:00,2025-08-18T09:00:00+10:00,Completed,70,phone
B001,HB00378,C0061,S02,2025-08-28T12:00:00+10:00,2025-08-28T14:00:00+10:00,2025-08-26T12:00:00+10:00,Completed,180,online
B001,HB00379,C0001,S02,2025-08-29T09:00:00+10:00,2025-08-29T11:00:00+10:00,2025-08-19T09:00:00+10:00,Completed,180,phone
B001,HB00380,C0063,S02,2025-08-29T12:00:00+10:00,2025-08-29T13:00:00+10:00,2025-08-27T12:00:00+10:00,Completed,70,online
B001,HB00381,C0001,S03,2025-08-25T09:00:00+10:00,2025-08-25T11:00:00+10:00,2025-08-15T09:00:00+10:00,Completed,180,phone
B001,HB00382,C0065,S03,2025-08-25T12:00:00+10:00,2025-08-25T13:00:00+10:00,2025-08-23T12:00:00+10:00,Completed,70,online
B001,HB00383,C0001,S03,2025-08-26T09:00:00+10:00,2025-08-26T10:00:00+10:00,2025-08-16T09:00:00+10:00,Completed,70,phone
B001,HB00384,C0067,S03,2025-08-26T12:00:00+10:00,2025-08-26T13:00:00+10:00,2025-08-24T12:00:00+10:00,Completed,70,online
B001,HB00385,C0001,S03,2025-08-27T09:00:00+10:00,2025-08-27T10:00:00+10:00,2025-08-17T09:00:00+10:00,Completed,70,phone
B001,HB00386,C0069,S03,2025-08-27T12:00:00+10:00,2025-08-27T14:00:00+10:00,2025-08-25T12:00:00+10:00,Completed,180,online
B001,HB00387,C0001,S03,2025-08-28T09:00:00+10:00,2025-08-28T11:00:00+10:00,2025-08-18T09:00:00+10:00,Completed,180,phone
B001,HB00388,C0071,S03,2025-08-28T12:00:00+10:00,2025-08-28T13:00:00+10:00,2025-08-26T12:00:00+10:00,Completed,70,online
B001,HB00389,C0001,S03,2025-08-29T09:00:00+10:00,2025-08-29T10:00:00+10:00,2025-08-19T09:00:00+10:00,Completed,70,phone
B001,HB00390,C0073,S03,2025-08-29T12:00:00+10:00,2025-08-29T13:00:00+10:00,2025-08-27T12:00:00+10:00,Completed,70,online
B001,HB00391,C0001,S01,2025-09-01T09:00:00+10:00,2025-09-01T10:00:00+10:00,2025-08-22T09:00:00+10:00,Completed,70,phone
B001,HB00392,C0075,S01,2025-09-01T12:00:00+10:00,2025-09-01T14:00:00+10:00,2025-08-30T12:00:00+10:00,Completed,180,online
B001,HB00393,C0001,S01,2025-09-02T09:00:00+10:00,2025-09-02T11:00:00+10:00,2025-08-23T09:00:00+10:00,Completed,180,phone
B001,HB00394,C0077,S01,2025-09-02T12:00:00+10:00,2025-09-02T13:00:00+10:00,2025-08-31T12:00:00+10:00,Completed,70,online
B001,HB00395,C0001,S01,2025-09-03T09:00:00+10:00,2025-09-03T10:00:00+10:00,2025-08-24T09:00:00+10:00,Completed,70,phone
B001,HB00396,C0079,S01,2025-09-03T12:00:00+10:00,2025-09-03T13:00:00+10:00,2025-09-01T12:00:00+10:00,Completed,70,online
B001,HB00397,C0001,S01,2025-09-04T09:00:00+10:00,2025-09-04T10:00:00+10:00,2025-08-25T09:00:00+10:00,Completed,70,phone
B001,HB00398,C0081,S01,2025-09-04T12:00:00+10:00,2025-09-04T14:00:00+10:00,2025-09-02T12:00:00+10:00,Completed,180,online
B001,HB00399,C0001,S01,2025-09-05T09:00:00+10:00,2025-09-05T11:00:00+10:00,2025-08-26T09:00:00+10:00,Completed,180,phone
B001,HB00400,C0083,S01,2025-09-05T12:00:00+10:00,2025-09-05T13:00:00+10:00,2025-09-03T12:00:00+10:00,Completed,70,online
B001,HB00401,C0001,S02,2025-09-01T09:00:00+10:00,2025-09-01T11:00:00+10:00,2025-08-22T09:00:00+10:00,Completed,180,phone
B001,HB00402,C0085,S02,2025-09-01T12:00:00+10:00,2025-09-01T13:00:00+10:00,2025-08-30T12:00:00+10:00,Completed,70,online
B001,HB00403,C0001,S02,2025-09-02T09:00:00+10:00,2025-09-02T10:00:00+10:00,2025-08-23T09:00:00+10:00,Completed,70,phone
B001,HB00404,C0087,S02,2025-09-02T12:00:00+10:00,2025-09-02T13:00:00+10:00,2025-08-31T12:00:00+10:00,Completed,70,online
B001,HB00405,C0001,S02,2025-09-03T09:00:00+10:00,2025-09-03T10:00:00+10:00,2025-08-24T09:00:00+10:00,Completed,70,phone
B001,HB00406,C0089,S02,2025-09-03T12:00:00+10:00,2025-09-03T14:00:00+10:00,2025-09-01T12:00:00+10:00,Completed,180,online
B001,HB00407,C0001,S02,2025-09-04T09:00:00+10:00,2025-09-04T11:00:00+10:00,2025-08-25T09:00:00+10:00,Completed,180,phone
B001,HB00408,C0091,S02,2025-09-04T12:00:00+10:00,2025-09-04T13:00:00+10:00,2025-09-02T12:00:00+10:00,Completed,70,online
B001,HB00409,C0001,S02,2025-09-05T09:00:00+10:00,2025-09-05T10:00:00+10:00,2025-08-26T09:00:00+10:00,Completed,70,phone
B001,HB00410,C0093,S02,2025-09-05T12:00:00+10:00,2025-09-05T13:00:00+10:00,2025-09-03T12:00:00+10:00,Completed,70,online
B001,HB00411,C0001,S03,2025-09-01T09:00:00+10:00,2025-09-01T10:00:00+10:00,2025-08-22T09:00:00+10:00,Completed,70,phone
B001,HB00412,C0095,S03,2025-09-01T12:00:00+10:00,2025-09-01T13:00:00+10:00,2025-08-30T12:00:00+10:00,Completed,70,online
B001,HB00413,C0001,S03,2025-09-02T09:00:00+10:00,2025-09-02T10:00:00+10:00,2025-08-23T09:00:00+10:00,Completed,70,phone
B001,HB00414,C0097,S03,2025-09-02T12:00:00+10:00,2025-09-02T14:00:00+10:00,2025-08-31T12:00:00+10:00,Completed,180,online
B001,HB00415,C0001,S03,2025-09-03T09:00:00+10:00,2025-09-03T11:00:00+10:00,2025-08-24T09:00:00+10:00,Completed,180,phone
B001,HB00416,C0099,S03,2025-09-03T12:00:00+10:00,2025-09-03T13:00:00+10:00,2025-09-01T12:00:00+10:00,Completed,70,online
B001,HB00417,C0001,S03,2025-09-04T09:00:00+10:00,2025-09-04T10:00:00+10:00,2025-08-25T09:00:00+10:00,Completed,70,phone
B001,HB00418,C0101,S03,2025-09-04T12:00:00+10:00,2025-09-04T13:00:00+10:00,2025-09-02T12:00:00+10:00,Completed,70,online
B001,HB00419,C0001,S03,2025-09-05T09:00:00+10:00,2025-09-05T10:00:00+10:00,2025-08-26T09:00:00+10:00,Completed,70,phone
B001,HB00420,C0103,S03,2025-09-05T12:00:00+10:00,2025-09-05T14:00:00+10:00,2025-09-03T12:00:00+10:00,Completed,180,online
B001,HB00421,C0001,S01,2025-09-08T09:00:00+10:00,2025-09-08T11:00:00+10:00,2025-08-29T09:00:00+10:00,Completed,180,phone
B001,HB00422,C0105,S01,2025-09-08T12:00:00+10:00,2025-09-08T13:00:00+10:00,2025-09-06T12:00:00+10:00,Completed,70,online
B001,HB00423,C0001,S01,2025-09-09T09:00:00+10:00,2025-09-09T10:00:00+10:00,2025-08-30T09:00:00+10:00,Completed,70,phone
B001,HB00424,C0107,S01,2025-09-09T12:00:00+10:00,2025-09-09T13:00:00+10:00,2025-09-07T12:00:00+10:00,Completed,70,online
B001,HB00425,C0001,S01,2025-09-10T09:00:00+10:00,2025-09-10T10:00:00+10:00,2025-08-31T09:00:00+10:00,Completed,70,phone
B001,HB00426,C0109,S01,2025-09-10T12:00:00+10:00,2025-09-10T14:00:00+10:00,2025-09-08T12:00:00+10:00,Completed,180,online
B001,HB00427,C0001,S01,2025-09-11T09:00:00+10:00,2025-09-11T11:00:00+10:00,2025-09-01T09:00:00+10:00,Completed,180,phone
B001,HB00428,C0111,S01,2025-09-11T12:00:00+10:00,2025-09-11T13:00:00+10:00,2025-09-09T12:00:00+10:00,Completed,70,online
B001,HB00429,C0001,S01,2025-09-12T09:00:00+10:00,2025-09-12T10:00:00+10:00,2025-09-02T09:00:00+10:00,Completed,70,phone
B001,HB00430,C0113,S01,2025-09-12T12:00:00+10:00,2025-09-12T13:00:00+10:00,2025-09-10T12:00:00+10:00,Completed,70,online
B001,HB00431,C0001,S02,2025-09-08T09:00:00+10:00,2025-09-08T10:00:00+10:00,2025-08-29T09:00:00+10:00,Completed,70,phone
B001,HB00432,C0115,S02,2025-09-08T12:00:00+10:00,2025-09-08T13:00:00+10:00,2025-09-06T12:00:00+10:00,Completed,70,online
B001,HB00433,C0001,S02,2025-09-09T09:00:00+10:00,2025-09-09T10:00:00+10:00,2025-08-30T09:00:00+10:00,Completed,70,phone
B001,HB00434,C0117,S02,2025-09-09T12:00:00+10:00,2025-09-09T14:00:00+10:00,2025-09-07T12:00:00+10:00,Completed,180,online
B001,HB00435,C0001,S02,2025-09-10T09:00:00+10:00,2025-09-10T11:00:00+10:00,2025-08-31T09:00:00+10:00,Completed,180,phone
B001,HB00436,C0119,S02,2025-09-10T12:00:00+10:00,2025-09-10T13:00:00+10:00,2025-09-08T12:00:00+10:00,Completed,70,online
B001,HB00437,C0001,S02,2025-09-11T09:00:00+10:00,2025-09-11T10:00:00+10:00,2025-09-01T09:00:00+10:00,Completed,70,phone
B001,HB00438,C0121,S02,2025-09-11T12:00:00+10:00,2025-09-11T13:00:00+10:00,2025-09-09T12:00:00+10:00,Completed,70,online
B001,HB00439,C0001,S02,2025-09-12T09:00:00+10:00,2025-09-12T10:00:00+10:00,2025-09-02T09:00:00+10:00,Completed,70,phone
B001,HB00440,C0123,S02,2025-09-12T12:00:00+10:00,2025-09-12T14:00:00+10:00,2025-09-10T12:00:00+10:00,Completed,180,online
B001,HB00441,C0001,S03,2025-09-08T09:00:00+10:00,2025-09-08T10:00:00+10:00,2025-08-29T09:00:00+10:00,Completed,70,phone
B001,HB00442,C0125,S03,2025-09-08T12:00:00+10:00,2025-09-08T14:00:00+10:00,2025-09-06T12:00:00+10:00,Completed,180,online
B001,HB00443,C0001,S03,2025-09-09T09:00:00+10:00,2025-09-09T11:00:00+10:00,2025-08-30T09:00:00+10:00,Completed,180,phone
B001,HB00444,C0127,S03,2025-09-09T12:00:00+10:00,2025-09-09T13:00:00+10:00,2025-09-07T12:00:00+10:00,Completed,70,online
B001,HB00445,C0001,S03,2025-09-10T09:00:00+10:00,2025-09-10T10:00:00+10:00,2025-08-31T09:00:00+10:00,Completed,70,phone
B001,HB00446,C0129,S03,2025-09-10T12:00:00+10:00,2025-09-10T13:00:00+10:00,2025-09-08T12:00:00+10:00,Completed,70,online
B001,HB00447,C0001,S03,2025-09-11T09:00:00+10:00,2025-09-11T10:00:00+10:00,2025-09-01T09:00:00+10:00,Completed,70,phone
B001,HB00448,C0131,S03,2025-09-11T12:00:00+10:00,2025-09-11T14:00:00+10:00,2025-09-09T12:00:00+10:00,Completed,180,online
B001,HB00449,C0001,S03,2025-09-12T09:00:00+10:00,2025-09-12T11:00:00+10:00,2025-09-02T09:00:00+10:00,Completed,180,phone
B001,HB00450,C0133,S03,2025-09-12T12:00:00+10:00,2025-09-12T13:00:00+10:00,2025-09-10T12:00:00+10:00,Completed,70,online
B001,HB00451,C0001,S01,2025-09-15T09:00:00+10:00,2025-09-15T10:00:00+10:00,2025-09-05T09:00:00+10:00,Completed,70,phone
B001,HB00452,C0135,S01,2025-09-15T12:00:00+10:00,2025-09-15T13:00:00+10:00,2025-09-13T12:00:00+10:00,Completed,70,online
B001,HB00453,C0001,S01,2025-09-16T09:00:00+10:00,2025-09-16T10:00:00+10:00,2025-09-06T09:00:00+10:00,Completed,70,phone
B001,HB00454,C0137,S01,2025-09-16T12:00:00+10:00,2025-09-16T14:00:00+10:00,2025-09-14T12:00:00+10:00,Completed,180,online
B001,HB00455,C0001,S01,2025-09-17T09:00:00+10:00,2025-09-17T11:00:00+10:00,2025-09-07T09:00:00+10:00,Completed,180,phone
B001,HB00456,C0139,S01,2025-09-17T12:00:00+10:00,2025-09-17T13:00:00+10:00,2025-09-15T12:00:00+10:00,Completed,70,online
B001,HB00457,C0001,S01,2025-09-18T09:00:00+10:00,2025-09-18T10:00:00+10:00,2025-09-08T09:00:00+10:00,Completed,70,phone
B001,HB00458,C0141,S01,2025-09-18T12:00:00+10:00,2025-09-18T13:00:00+10:00,2025-09-16T12:00:00+10:00,Completed,70,online
B001,HB00459,C0001,S01,2025-09-19T09:00:00+10:00,2025-09-19T10:00:00+10:00,2025-09-09T09:00:00+10:00,Completed,70,phone
B001,HB00460,C0143,S01,2025-09-19T12:00:00+10:00,2025-09-19T14:00:00+10:00,2025-09-17T12:00:00+10:00,Completed,180,online
B001,HB00461,C0001,S02,2025-09-15T09:00:00+10:00,2025-09-15T10:00:00+10:00,2025-09-05T09:00:00+10:00,Completed,70,phone
B001,HB00462,C0145,S02,2025-09-15T12:00:00+10:00,2025-09-15T14:00:00+10:00,2025-09-13T12:00:00+10:00,Completed,180,online
B001,HB00463,C0001,S02,2025-09-16T09:00:00+10:00,2025-09-16T11:00:00+10:00,2025-09-06T09:00:00+10:00,Completed,180,phone
B001,HB00464,C0147,S02,2025-09-16T12:00:00+10:00,2025-09-16T13:00:00+10:00,2025-09-14T12:00:00+10:00,Completed,70,online
B001,HB00465,C0001,S02,2025-09-17T09:00:00+10:00,2025-09-17T10:00:00+10:00,2025-09-07T09:00:00+10:00,Completed,70,phone
B001,HB00466,C0149,S02,2025-09-17T12:00:00+10:00,2025-09-17T13:00:00+10:00,2025-09-15T12:00:00+10:00,Completed,70,online
B001,HB00467,C0001,S02,2025-09-18T09:00:00+10:00,2025-09-18T10:00:00+10:00,2025-09-08T09:00:00+10:00,Completed,70,phone
B001,HB00468,C0151,S02,2025-09-18T12:00:00+10:00,2025-09-18T14:00:00+10:00,2025-09-16T12:00:00+10:00,Completed,180,online
B001,HB00469,C0001,S02,2025-09-19T09:00:00+10:00,2025-09-19T11:00:00+10:00,2025-09-09T09:00:00+10:00,Completed,180,phone
B001,HB00470,C0153,S02,2025-09-19T12:00:00+10:00,2025-09-19T13:00:00+10:00,2025-09-17T12:00:00+10:00,Completed,70,online
B001,HB00471,C0001,S03,2025-09-15T09:00:00+10:00,2025-09-15T11:00:00+10:00,2025-09-05T09:00:00+10:00,Completed,180,phone
B001,HB00472,C0155,S03,2025-09-15T12:00:00+10:00,2025-09-15T13:00:00+10:00,2025-09-13T12:00:00+10:00,Completed,70,online
B001,HB00473,C0001,S03,2025-09-16T09:00:00+10:00,2025-09-16T10:00:00+10:00,2025-09-06T09:00:00+10:00,Completed,70,phone
B001,HB00474,C0157,S03,2025-09-16T12:00:00+10:00,2025-09-16T13:00:00+10:00,2025-09-14T12:00:00+10:00,Completed,70,online
B001,HB00475,C0001,S03,2025-09-17T09:00:00+10:00,2025-09-17T10:00:00+10:00,2025-09-07T09:00:00+10:00,Completed,70,phone
B001,HB00476,C0159,S03,2025-09-17T12:00:00+10:00,2025-09-17T14:00:00+10:00,2025-09-15T12:00:00+10:00,Completed,180,online
B001,HB00477,C0001,S03,2025-09-18T09:00:00+10:00,2025-09-18T11:00:00+10:00,2025-09-08T09:00:00+10:00,Completed,180,phone
B001,HB00478,C0161,S03,2025-09-18T12:00:00+10:00,2025-09-18T13:00:00+10:00,2025-09-16T12:00:00+10:00,Completed,70,online
B001,HB00479,C0001,S03,2025-09-19T09:00:00+10:00,2025-09-19T10:00:00+10:00,2025-09-09T09:00:00+10:00,Completed,70,phone
B001,HB00480,C0003,S03,2025-09-19T12:00:00+10:00,2025-09-19T13:00:00+10:00,2025-09-17T12:00:00+10:00,Completed,70,online
B001,HB00481,C0001,S01,2025-09-22T09:00:00+10:00,2025-09-22T10:00:00+10:00,2025-09-12T09:00:00+10:00,Completed,70,phone
B001,HB00482,C0005,S01,2025-09-22T12:00:00+10:00,2025-09-22T14:00:00+10:00,2025-09-20T12:00:00+10:00,Completed,180,online
B001,HB00483,C0001,S01,2025-09-23T09:00:00+10:00,2025-09-23T11:00:00+10:00,2025-09-13T09:00:00+10:00,Completed,180,phone
B001,HB00484,C0007,S01,2025-09-23T12:00:00+10:00,2025-09-23T13:00:00+10:00,2025-09-21T12:00:00+10:00,Completed,70,online
B001,HB00485,C0001,S01,2025-09-24T09:00:00+10:00,2025-09-24T10:00:00+10:00,2025-09-14T09:00:00+10:00,Completed,70,phone
B001,HB00486,C0009,S01,2025-09-24T12:00:00+10:00,2025-09-24T13:00:00+10:00,2025-09-22T12:00:00+10:00,Completed,70,online
B001,HB00487,C0001,S01,2025-09-25T09:00:00+10:00,2025-09-25T10:00:00+10:00,2025-09-15T09:00:00+10:00,Completed,70,phone
B001,HB00488,C0011,S01,2025-09-25T12:00:00+10:00,2025-09-25T14:00:00+10:00,2025-09-23T12:00:00+10:00,Completed,180,online
B001,HB00489,C0001,S01,2025-09-26T09:00:00+10:00,2025-09-26T11:00:00+10:00,2025-09-16T09:00:00+10:00,Completed,180,phone
B001,HB00490,C0013,S01,2025-09-26T12:00:00+10:00,2025-09-26T13:00:00+10:00,2025-09-24T12:00:00+10:00,Completed,70,online
B001,HB00491,C0001,S02,2025-09-22T09:00:00+10:00,2025-09-22T11:00:00+10:00,2025-09-12T09:00:00+10:00,Completed,180,phone
B001,HB00492,C0015,S02,2025-09-22T12:00:00+10:00,2025-09-22T13:00:00+10:00,2025-09-20T12:00:00+10:00,Completed,70,online
B001,HB00493,C0001,S02,2025-09-23T09:00:00+10:00,2025-09-23T10:00:00+10:00,2025-09-13T09:00:00+10:00,Completed,70,phone
B001,HB00494,C0017,S02,2025-09-23T12:00:00+10:00,2025-09-23T13:00:00+10:00,2025-09-21T12:00:00+10:00,Completed,70,online
B001,HB00495,C0001,S02,2025-09-24T09:00:00+10:00,2025-09-24T10:00:00+10:00,2025-09-14T09:00:00+10:00,Completed,70,phone
B001,HB00496,C0019,S02,2025-09-24T12:00:00+10:00,2025-09-24T14:00:00+10:00,2025-09-22T12:00:00+10:00,Completed,180,online
B001,HB00497,C0001,S02,2025-09-25T09:00:00+10:00,2025-09-25T11:00:00+10:00,2025-09-15T09:00:00+10:00,Completed,180,phone
B001,HB00498,C0021,S02,2025-09-25T12:00:00+10:00,2025-09-25T13:00:00+10:00,2025-09-23T12:00:00+10:00,Completed,70,online
B001,HB00499,C0001,S02,2025-09-26T09:00:00+10:00,2025-09-26T10:00:00+10:00,2025-09-16T09:00:00+10:00,Completed,70,phone
B001,HB00500,C0023,S02,2025-09-26T12:00:00+10:00,2025-09-26T13:00:00+10:00,2025-09-24T12:00:00+10:00,Completed,70,online
B001,HB00501,C0001,S03,2025-09-22T09:00:00+10:00,2025-09-22T10:00:00+10:00,2025-09-12T09:00:00+10:00,Completed,70,phone
B001,HB00502,C0025,S03,2025-09-22T12:00:00+10:00,2025-09-22T13:00:00+10:00,2025-09-20T12:00:00+10:00,Completed,70,online
B001,HB00503,C0001,S03,2025-09-23T09:00:00+10:00,2025-09-23T10:00:00+10:00,2025-09-13T09:00:00+10:00,Completed,70,phone
B001,HB00504,C0027,S03,2025-09-23T12:00:00+10:00,2025-09-23T14:00:00+10:00,2025-09-21T12:00:00+10:00,Completed,180,online
B001,HB00505,C0001,S03,2025-09-24T09:00:00+10:00,2025-09-24T11:00:00+10:00,2025-09-14T09:00:00+10:00,Completed,180,phone
B001,HB00506,C0029,S03,2025-09-24T12:00:00+10:00,2025-09-24T13:00:00+10:00,2025-09-22T12:00:00+10:00,Completed,70,online
B001,HB00507,C0001,S03,2025-09-25T09:00:00+10:00,2025-09-25T10:00:00+10:00,2025-09-15T09:00:00+10:00,Completed,70,phone
B001,HB00508,C0031,S03,2025-09-25T12:00:00+10:00,2025-09-25T13:00:00+10:00,2025-09-23T12:00:00+10:00,Completed,70,online
B001,HB00509,C0001,S03,2025-09-26T09:00:00+10:00,2025-09-26T10:00:00+10:00,2025-09-16T09:00:00+10:00,Completed,70,phone
B001,HB00510,C0033,S03,2025-09-26T12:00:00+10:00,2025-09-26T14:00:00+10:00,2025-09-24T12:00:00+10:00,Completed,180,online
B001,HB00511,C0001,S01,2025-09-29T09:00:00+10:00,2025-09-29T11:00:00+10:00,2025-09-19T09:00:00+10:00,Completed,180,phone
B001,HB00512,C0035,S01,2025-09-29T12:00:00+10:00,2025-09-29T13:00:00+10:00,2025-09-27T12:00:00+10:00,Completed,70,online
B001,HB00513,C0001,S01,2025-09-30T09:00:00+10:00,2025-09-30T10:00:00+10:00,2025-09-20T09:00:00+10:00,Completed,70,phone
B001,HB00514,C0037,S01,2025-09-30T12:00:00+10:00,2025-09-30T13:00:00+10:00,2025-09-28T12:00:00+10:00,Completed,70,online
B001,HB00515,C0001,S01,2025-10-01T09:00:00+10:00,2025-10-01T10:00:00+10:00,2025-09-21T09:00:00+10:00,Completed,70,phone
B001,HB00516,C0039,S01,2025-10-01T12:00:00+10:00,2025-10-01T14:00:00+10:00,2025-09-29T12:00:00+10:00,Completed,180,online
B001,HB00517,C0001,S01,2025-10-02T09:00:00+10:00,2025-10-02T11:00:00+10:00,2025-09-22T09:00:00+10:00,Completed,180,phone
B001,HB00518,C0041,S01,2025-10-02T12:00:00+10:00,2025-10-02T13:00:00+10:00,2025-09-30T12:00:00+10:00,Completed,70,online
B001,HB00519,C0001,S01,2025-10-03T09:00:00+10:00,2025-10-03T10:00:00+10:00,2025-09-23T09:00:00+10:00,Completed,70,phone
B001,HB00520,C0043,S01,2025-10-03T12:00:00+10:00,2025-10-03T13:00:00+10:00,2025-10-01T12:00:00+10:00,Completed,70,online
B001,HB00521,C0001,S02,2025-09-29T09:00:00+10:00,2025-09-29T10:00:00+10:00,2025-09-19T09:00:00+10:00,Completed,70,phone
B001,HB00522,C0045,S02,2025-09-29T12:00:00+10:00,2025-09-29T13:00:00+10:00,2025-09-27T12:00:00+10:00,Completed,70,online
B001,HB00523,C0001,S02,2025-09-30T09:00:00+10:00,2025-09-30T10:00:00+10:00,2025-09-20T09:00:00+10:00,Completed,70,phone
B001,HB00524,C0047,S02,2025-09-30T12:00:00+10:00,2025-09-30T14:00:00+10:00,2025-09-28T12:00:00+10:00,Completed,180,online
B001,HB00525,C0001,S02,2025-10-01T09:00:00+10:00,2025-10-01T11:00:00+10:00,2025-09-21T09:00:00+10:00,Completed,180,phone
B001,HB00526,C0049,S02,2025-10-01T12:00:00+10:00,2025-10-01T13:00:00+10:00,2025-09-29T12:00:00+10:00,Completed,70,online
B001,HB00527,C0001,S02,2025-10-02T09:00:00+10:00,2025-10-02T10:00:00+10:00,2025-09-22T09:00:00+10:00,Completed,70,phone
B001,HB00528,C0051,S02,2025-10-02T12:00:00+10:00,2025-10-02T13:00:00+10:00,2025-09-30T12:00:00+10:00,Completed,70,online
B001,HB00529,C0001,S02,2025-10-03T09:00:00+10:00,2025-10-03T10:00:00+10:00,2025-09-23T09:00:00+10:00,Completed,70,phone
B001,HB00530,C0053,S02,2025-10-03T12:00:00+10:00,2025-10-03T14:00:00+10:00,2025-10-01T12:00:00+10:00,Completed,180,online
B001,HB00531,C0001,S03,2025-09-29T09:00:00+10:00,2025-09-29T10:00:00+10:00,2025-09-19T09:00:00+10:00,Completed,70,phone
B001,HB00532,C0055,S03,2025-09-29T12:00:00+10:00,2025-09-29T14:00:00+10:00,2025-09-27T12:00:00+10:00,Completed,180,online
B001,HB00533,C0001,S03,2025-09-30T09:00:00+10:00,2025-09-30T11:00:00+10:00,2025-09-20T09:00:00+10:00,Completed,180,phone
B001,HB00534,C0057,S03,2025-09-30T12:00:00+10:00,2025-09-30T13:00:00+10:00,2025-09-28T12:00:00+10:00,Completed,70,online
B001,HB00535,C0001,S03,2025-10-01T09:00:00+10:00,2025-10-01T10:00:00+10:00,2025-09-21T09:00:00+10:00,Completed,70,phone
B001,HB00536,C0059,S03,2025-10-01T12:00:00+10:00,2025-10-01T13:00:00+10:00,2025-09-29T12:00:00+10:00,Completed,70,online
B001,HB00537,C0001,S03,2025-10-02T09:00:00+10:00,2025-10-02T10:00:00+10:00,2025-09-22T09:00:00+10:00,Completed,70,phone
B001,HB00538,C0061,S03,2025-10-02T12:00:00+10:00,2025-10-02T14:00:00+10:00,2025-09-30T12:00:00+10:00,Completed,180,online
B001,HB00539,C0001,S03,2025-10-03T09:00:00+10:00,2025-10-03T11:00:00+10:00,2025-09-23T09:00:00+10:00,Completed,180,phone
B001,HB00540,C0063,S03,2025-10-03T12:00:00+10:00,2025-10-03T13:00:00+10:00,2025-10-01T12:00:00+10:00,Completed,70,online
B001,HB00541,C0001,S01,2025-10-06T09:00:00+11:00,2025-10-06T10:00:00+11:00,2025-09-26T09:00:00+11:00,Completed,70,phone
B001,HB00542,C0065,S01,2025-10-06T12:00:00+11:00,2025-10-06T13:00:00+11:00,2025-10-04T12:00:00+11:00,Completed,70,online
B001,HB00543,C0001,S01,2025-10-07T09:00:00+11:00,2025-10-07T10:00:00+11:00,2025-09-27T09:00:00+11:00,Completed,70,phone
B001,HB00544,C0067,S01,2025-10-07T12:00:00+11:00,2025-10-07T14:00:00+11:00,2025-10-05T12:00:00+11:00,Completed,180,online
B001,HB00545,C0001,S01,2025-10-08T09:00:00+11:00,2025-10-08T11:00:00+11:00,2025-09-28T09:00:00+11:00,Completed,180,phone
B001,HB00546,C0069,S01,2025-10-08T12:00:00+11:00,2025-10-08T13:00:00+11:00,2025-10-06T12:00:00+11:00,Completed,70,online
B001,HB00547,C0001,S01,2025-10-09T09:00:00+11:00,2025-10-09T10:00:00+11:00,2025-09-29T09:00:00+11:00,Completed,70,phone
B001,HB00548,C0071,S01,2025-10-09T12:00:00+11:00,2025-10-09T13:00:00+11:00,2025-10-07T12:00:00+11:00,Completed,70,online
B001,HB00549,C0001,S01,2025-10-10T09:00:00+11:00,2025-10-10T10:00:00+11:00,2025-09-30T09:00:00+11:00,Completed,70,phone
B001,HB00550,C0073,S01,2025-10-10T12:00:00+11:00,2025-10-10T14:00:00+11:00,2025-10-08T12:00:00+11:00,Completed,180,online
B001,HB00551,C0001,S02,2025-10-06T09:00:00+11:00,2025-10-06T10:00:00+11:00,2025-09-26T09:00:00+11:00,Completed,70,phone
B001,HB00552,C0075,S02,2025-10-06T12:00:00+11:00,2025-10-06T14:00:00+11:00,2025-10-04T12:00:00+11:00,Completed,180,online
B001,HB00553,C0001,S02,2025-10-07T09:00:00+11:00,2025-10-07T11:00:00+11:00,2025-09-27T09:00:00+11:00,Completed,180,phone
B001,HB00554,C0077,S02,2025-10-07T12:00:00+11:00,2025-10-07T13:00:00+11:00,2025-10-05T12:00:00+11:00,Completed,70,online
B001,HB00555,C0001,S02,2025-10-08T09:00:00+11:00,2025-10-08T10:00:00+11:00,2025-09-28T09:00:00+11:00,Completed,70,phone
B001,HB00556,C0079,S02,2025-10-08T12:00:00+11:00,2025-10-08T13:00:00+11:00,2025-10-06T12:00:00+11:00,Completed,70,online
B001,HB00557,C0001,S02,2025-10-09T09:00:00+11:00,2025-10-09T10:00:00+11:00,2025-09-29T09:00:00+11:00,Completed,70,phone
B001,HB00558,C0081,S02,2025-10-09T12:00:00+11:00,2025-10-09T14:00:00+11:00,2025-10-07T12:00:00+11:00,Completed,180,online
B001,HB00559,C0001,S02,2025-10-10T09:00:00+11:00,2025-10-10T11:00:00+11:00,2025-09-30T09:00:00+11:00,Completed,180,phone
B001,HB00560,C0083,S02,2025-10-10T12:00:00+11:00,2025-10-10T13:00:00+11:00,2025-10-08T12:00:00+11:00,Completed,70,online
B001,HB00561,C0001,S03,2025-10-06T09:00:00+11:00,2025-10-06T11:00:00+11:00,2025-09-26T09:00:00+11:00,Completed,180,phone
B001,HB00562,C0085,S03,2025-10-06T12:00:00+11:00,2025-10-06T13:00:00+11:00,2025-10-04T12:00:00+11:00,Completed,70,online
B001,HB00563,C0001,S03,2025-10-07T09:00:00+11:00,2025-10-07T10:00:00+11:00,2025-09-27T09:00:00+11:00,Completed,70,phone
B001,HB00564,C0087,S03,2025-10-07T12:00:00+11:00,2025-10-07T13:00:00+11:00,2025-10-05T12:00:00+11:00,Completed,70,online
B001,HB00565,C0001,S03,2025-10-08T09:00:00+11:00,2025-10-08T10:00:00+11:00,2025-09-28T09:00:00+11:00,Completed,70,phone
B001,HB00566,C0089,S03,2025-10-08T12:00:00+11:00,2025-10-08T14:00:00+11:00,2025-10-06T12:00:00+11:00,Completed,180,online
B001,HB00567,C0001,S03,2025-10-09T09:00:00+11:00,2025-10-09T11:00:00+11:00,2025-09-29T09:00:00+11:00,Completed,180,phone
B001,HB00568,C0091,S03,2025-10-09T12:00:00+11:00,2025-10-09T13:00:00+11:00,2025-10-07T12:00:00+11:00,Completed,70,online
B001,HB00569,C0001,S03,2025-10-10T09:00:00+11:00,2025-10-10T10:00:00+11:00,2025-09-30T09:00:00+11:00,Completed,70,phone
B001,HB00570,C0093,S03,2025-10-10T12:00:00+11:00,2025-10-10T13:00:00+11:00,2025-10-08T12:00:00+11:00,Completed,70,online
B001,HB00571,C0001,S01,2025-10-13T09:00:00+11:00,2025-10-13T10:00:00+11:00,2025-10-03T09:00:00+11:00,Completed,70,phone
B001,HB00572,C0095,S01,2025-10-13T12:00:00+11:00,2025-10-13T14:00:00+11:00,2025-10-11T12:00:00+11:00,Completed,180,online
B001,HB00573,C0001,S01,2025-10-14T09:00:00+11:00,2025-10-14T11:00:00+11:00,2025-10-04T09:00:00+11:00,Completed,180,phone
B001,HB00574,C0097,S01,2025-10-14T12:00:00+11:00,2025-10-14T13:00:00+11:00,2025-10-12T12:00:00+11:00,Completed,70,online
B001,HB00575,C0001,S01,2025-10-15T09:00:00+11:00,2025-10-15T10:00:00+11:00,2025-10-05T09:00:00+11:00,Completed,70,phone
B001,HB00576,C0099,S01,2025-10-15T12:00:00+11:00,2025-10-15T13:00:00+11:00,2025-10-13T12:00:00+11:00,Completed,70,online
B001,HB00577,C0001,S01,2025-10-16T09:00:00+11:00,2025-10-16T10:00:00+11:00,2025-10-06T09:00:00+11:00,Completed,70,phone
B001,HB00578,C0101,S01,2025-10-16T12:00:00+11:00,2025-10-16T14:00:00+11:00,2025-10-14T12:00:00+11:00,Completed,180,online
B001,HB00579,C0001,S01,2025-10-17T09:00:00+11:00,2025-10-17T11:00:00+11:00,2025-10-07T09:00:00+11:00,Completed,180,phone
B001,HB00580,C0103,S01,2025-10-17T12:00:00+11:00,2025-10-17T13:00:00+11:00,2025-10-15T12:00:00+11:00,Completed,70,online
B001,HB00581,C0001,S02,2025-10-13T09:00:00+11:00,2025-10-13T11:00:00+11:00,2025-10-03T09:00:00+11:00,Completed,180,phone
B001,HB00582,C0105,S02,2025-10-13T12:00:00+11:00,2025-10-13T13:00:00+11:00,2025-10-11T12:00:00+11:00,Completed,70,online
B001,HB00583,C0001,S02,2025-10-14T09:00:00+11:00,2025-10-14T10:00:00+11:00,2025-10-04T09:00:00+11:00,Completed,70,phone
B001,HB00584,C0107,S02,2025-10-14T12:00:00+11:00,2025-10-14T13:00:00+11:00,2025-10-12T12:00:00+11:00,Completed,70,online
B001,HB00585,C0001,S02,2025-10-15T09:00:00+11:00,2025-10-15T10:00:00+11:00,2025-10-05T09:00:00+11:00,Completed,70,phone
B001,HB00586,C0109,S02,2025-10-15T12:00:00+11:00,2025-10-15T14:00:00+11:00,2025-10-13T12:00:00+11:00,Completed,180,online
B001,HB00587,C0001,S02,2025-10-16T09:00:00+11:00,2025-10-16T11:00:00+11:00,2025-10-06T09:00:00+11:00,Completed,180,phone
B001,HB00588,C0111,S02,2025-10-16T12:00:00+11:00,2025-10-16T13:00:00+11:00,2025-10-14T12:00:00+11:00,Completed,70,online
B001,HB00589,C0001,S02,2025-10-17T09:00:00+11:00,2025-10-17T10:00:00+11:00,2025-10-07T09:00:00+11:00,Completed,70,phone
B001,HB00590,C0113,S02,2025-10-17T12:00:00+11:00,2025-10-17T13:00:00+11:00,2025-10-15T12:00:00+11:00,Completed,70,online
B001,HB00591,C0001,S03,2025-10-13T09:00:00+11:00,2025-10-13T10:00:00+11:00,2025-10-03T09:00:00+11:00,Completed,70,phone
B001,HB00592,C0115,S03,2025-10-13T12:00:00+11:00,2025-10-13T13:00:00+11:00,2025-10-11T12:00:00+11:00,Completed,70,online
B001,HB00593,C0001,S03,2025-10-14T09:00:00+11:00,2025-10-14T10:00:00+11:00,2025-10-04T09:00:00+11:00,Completed,70,phone
B001,HB00594,C0117,S03,2025-10-14T12:00:00+11:00,2025-10-14T14:00:00+11:00,2025-10-12T12:00:00+11:00,Completed,180,online
B001,HB00595,C0001,S03,2025-10-15T09:00:00+11:00,2025-10-15T11:00:00+11:00,2025-10-05T09:00:00+11:00,Completed,180,phone
B001,HB00596,C0119,S03,2025-10-15T12:00:00+11:00,2025-10-15T13:00:00+11:00,2025-10-13T12:00:00+11:00,Completed,70,online
B001,HB00597,C0001,S03,2025-10-16T09:00:00+11:00,2025-10-16T10:00:00+11:00,2025-10-06T09:00:00+11:00,Completed,70,phone
B001,HB00598,C0121,S03,2025-10-16T12:00:00+11:00,2025-10-16T13:00:00+11:00,2025-10-14T12:00:00+11:00,Completed,70,online
B001,HB00599,C0001,S03,2025-10-17T09:00:00+11:00,2025-10-17T10:00:00+11:00,2025-10-07T09:00:00+11:00,Completed,70,phone
B001,HB00600,C0123,S03,2025-10-17T12:00:00+11:00,2025-10-17T14:00:00+11:00,2025-10-15T12:00:00+11:00,Completed,180,online
B001,HB00601,C0001,S01,2025-10-20T09:00:00+11:00,2025-10-20T11:00:00+11:00,2025-10-10T09:00:00+11:00,Completed,180,phone
B001,HB00602,C0125,S01,2025-10-20T12:00:00+11:00,2025-10-20T13:00:00+11:00,2025-10-18T12:00:00+11:00,Completed,70,online
B001,HB00603,C0001,S01,2025-10-21T09:00:00+11:00,2025-10-21T10:00:00+11:00,2025-10-11T09:00:00+11:00,Completed,70,phone
B001,HB00604,C0127,S01,2025-10-21T12:00:00+11:00,2025-10-21T13:00:00+11:00,2025-10-19T12:00:00+11:00,Completed,70,online
B001,HB00605,C0001,S01,2025-10-22T09:00:00+11:00,2025-10-22T10:00:00+11:00,2025-10-12T09:00:00+11:00,Completed,70,phone
B001,HB00606,C0129,S01,2025-10-22T12:00:00+11:00,2025-10-22T14:00:00+11:00,2025-10-20T12:00:00+11:00,Completed,180,online
B001,HB00607,C0001,S01,2025-10-23T09:00:00+11:00,2025-10-23T11:00:00+11:00,2025-10-13T09:00:00+11:00,Completed,180,phone
B001,HB00608,C0131,S01,2025-10-23T12:00:00+11:00,2025-10-23T13:00:00+11:00,2025-10-21T12:00:00+11:00,Completed,70,online
B001,HB00609,C0001,S01,2025-10-24T09:00:00+11:00,2025-10-24T10:00:00+11:00,2025-10-14T09:00:00+11:00,Completed,70,phone
B001,HB00610,C0133,S01,2025-10-24T12:00:00+11:00,2025-10-24T13:00:00+11:00,2025-10-22T12:00:00+11:00,Completed,70,online
B001,HB00611,C0001,S02,2025-10-20T09:00:00+11:00,2025-10-20T10:00:00+11:00,2025-10-10T09:00:00+11:00,Completed,70,phone
B001,HB00612,C0135,S02,2025-10-20T12:00:00+11:00,2025-10-20T13:00:00+11:00,2025-10-18T12:00:00+11:00,Completed,70,online
B001,HB00613,C0001,S02,2025-10-21T09:00:00+11:00,2025-10-21T10:00:00+11:00,2025-10-11T09:00:00+11:00,Completed,70,phone
B001,HB00614,C0137,S02,2025-10-21T12:00:00+11:00,2025-10-21T14:00:00+11:00,2025-10-19T12:00:00+11:00,Completed,180,online
B001,HB00615,C0001,S02,2025-10-22T09:00:00+11:00,2025-10-22T11:00:00+11:00,2025-10-12T09:00:00+11:00,Completed,180,phone
B001,HB00616,C0139,S02,2025-10-22T12:00:00+11:00,2025-10-22T13:00:00+11:00,2025-10-20T12:00:00+11:00,Completed,70,online
B001,HB00617,C0001,S02,2025-10-23T09:00:00+11:00,2025-10-23T10:00:00+11:00,2025-10-13T09:00:00+11:00,Completed,70,phone
B001,HB00618,C0141,S02,2025-10-23T12:00:00+11:00,2025-10-23T13:00:00+11:00,2025-10-21T12:00:00+11:00,Completed,70,online
B001,HB00619,C0001,S02,2025-10-24T09:00:00+11:00,2025-10-24T10:00:00+11:00,2025-10-14T09:00:00+11:00,Completed,70,phone
B001,HB00620,C0143,S02,2025-10-24T12:00:00+11:00,2025-10-24T14:00:00+11:00,2025-10-22T12:00:00+11:00,Completed,180,online
B001,HB00621,C0001,S03,2025-10-20T09:00:00+11:00,2025-10-20T10:00:00+11:00,2025-10-10T09:00:00+11:00,Completed,70,phone
B001,HB00622,C0145,S03,2025-10-20T12:00:00+11:00,2025-10-20T14:00:00+11:00,2025-10-18T12:00:00+11:00,Completed,180,online
B001,HB00623,C0001,S03,2025-10-21T09:00:00+11:00,2025-10-21T11:00:00+11:00,2025-10-11T09:00:00+11:00,Completed,180,phone
B001,HB00624,C0147,S03,2025-10-21T12:00:00+11:00,2025-10-21T13:00:00+11:00,2025-10-19T12:00:00+11:00,Completed,70,online
B001,HB00625,C0001,S03,2025-10-22T09:00:00+11:00,2025-10-22T10:00:00+11:00,2025-10-12T09:00:00+11:00,Completed,70,phone
B001,HB00626,C0149,S03,2025-10-22T12:00:00+11:00,2025-10-22T13:00:00+11:00,2025-10-20T12:00:00+11:00,Completed,70,online
B001,HB00627,C0001,S03,2025-10-23T09:00:00+11:00,2025-10-23T10:00:00+11:00,2025-10-13T09:00:00+11:00,Completed,70,phone
B001,HB00628,C0151,S03,2025-10-23T12:00:00+11:00,2025-10-23T14:00:00+11:00,2025-10-21T12:00:00+11:00,Completed,180,online
B001,HB00629,C0001,S03,2025-10-24T09:00:00+11:00,2025-10-24T11:00:00+11:00,2025-10-14T09:00:00+11:00,Completed,180,phone
B001,HB00630,C0153,S03,2025-10-24T12:00:00+11:00,2025-10-24T13:00:00+11:00,2025-10-22T12:00:00+11:00,Completed,70,online
B001,HB00631,C0001,S01,2025-10-27T09:00:00+11:00,2025-10-27T10:00:00+11:00,2025-10-17T09:00:00+11:00,Completed,70,phone
B001,HB00632,C0155,S01,2025-10-27T12:00:00+11:00,2025-10-27T13:00:00+11:00,2025-10-25T12:00:00+11:00,Completed,70,online
B001,HB00633,C0001,S01,2025-10-28T09:00:00+11:00,2025-10-28T10:00:00+11:00,2025-10-18T09:00:00+11:00,Completed,70,phone
B001,HB00634,C0157,S01,2025-10-28T12:00:00+11:00,2025-10-28T14:00:00+11:00,2025-10-26T12:00:00+11:00,Completed,180,online
B001,HB00635,C0001,S01,2025-10-29T09:00:00+11:00,2025-10-29T11:00:00+11:00,2025-10-19T09:00:00+11:00,Completed,180,phone
B001,HB00636,C0159,S01,2025-10-29T12:00:00+11:00,2025-10-29T13:00:00+11:00,2025-10-27T12:00:00+11:00,Completed,70,online
B001,HB00637,C0001,S01,2025-10-30T09:00:00+11:00,2025-10-30T10:00:00+11:00,2025-10-20T09:00:00+11:00,Completed,70,phone
B001,HB00638,C0161,S01,2025-10-30T12:00:00+11:00,2025-10-30T13:00:00+11:00,2025-10-28T12:00:00+11:00,Completed,70,online
B001,HB00639,C0001,S01,2025-10-31T09:00:00+11:00,2025-10-31T10:00:00+11:00,2025-10-21T09:00:00+11:00,Completed,70,phone
B001,HB00640,C0003,S01,2025-10-31T12:00:00+11:00,2025-10-31T14:00:00+11:00,2025-10-29T12:00:00+11:00,Completed,180,online
B001,HB00641,C0001,S02,2025-10-27T09:00:00+11:00,2025-10-27T10:00:00+11:00,2025-10-17T09:00:00+11:00,Completed,70,phone
B001,HB00642,C0005,S02,2025-10-27T12:00:00+11:00,2025-10-27T14:00:00+11:00,2025-10-25T12:00:00+11:00,Completed,180,online
B001,HB00643,C0001,S02,2025-10-28T09:00:00+11:00,2025-10-28T11:00:00+11:00,2025-10-18T09:00:00+11:00,Completed,180,phone
B001,HB00644,C0007,S02,2025-10-28T12:00:00+11:00,2025-10-28T13:00:00+11:00,2025-10-26T12:00:00+11:00,Completed,70,online
B001,HB00645,C0001,S02,2025-10-29T09:00:00+11:00,2025-10-29T10:00:00+11:00,2025-10-19T09:00:00+11:00,Completed,70,phone
B001,HB00646,C0009,S02,2025-10-29T12:00:00+11:00,2025-10-29T13:00:00+11:00,2025-10-27T12:00:00+11:00,Completed,70,online
B001,HB00647,C0001,S02,2025-10-30T09:00:00+11:00,2025-10-30T10:00:00+11:00,2025-10-20T09:00:00+11:00,Completed,70,phone
B001,HB00648,C0011,S02,2025-10-30T12:00:00+11:00,2025-10-30T14:00:00+11:00,2025-10-28T12:00:00+11:00,Completed,180,online
B001,HB00649,C0001,S02,2025-10-31T09:00:00+11:00,2025-10-31T11:00:00+11:00,2025-10-21T09:00:00+11:00,Completed,180,phone
B001,HB00650,C0013,S02,2025-10-31T12:00:00+11:00,2025-10-31T13:00:00+11:00,2025-10-29T12:00:00+11:00,Completed,70,online
B001,HB00651,C0001,S03,2025-10-27T09:00:00+11:00,2025-10-27T11:00:00+11:00,2025-10-17T09:00:00+11:00,Completed,180,phone
B001,HB00652,C0015,S03,2025-10-27T12:00:00+11:00,2025-10-27T13:00:00+11:00,2025-10-25T12:00:00+11:00,Completed,70,online
B001,HB00653,C0001,S03,2025-10-28T09:00:00+11:00,2025-10-28T10:00:00+11:00,2025-10-18T09:00:00+11:00,Completed,70,phone
B001,HB00654,C0017,S03,2025-10-28T12:00:00+11:00,2025-10-28T13:00:00+11:00,2025-10-26T12:00:00+11:00,Completed,70,online
B001,HB00655,C0001,S03,2025-10-29T09:00:00+11:00,2025-10-29T10:00:00+11:00,2025-10-19T09:00:00+11:00,Completed,70,phone
B001,HB00656,C0019,S03,2025-10-29T12:00:00+11:00,2025-10-29T14:00:00+11:00,2025-10-27T12:00:00+11:00,Completed,180,online
B001,HB00657,C0001,S03,2025-10-30T09:00:00+11:00,2025-10-30T11:00:00+11:00,2025-10-20T09:00:00+11:00,Completed,180,phone
B001,HB00658,C0021,S03,2025-10-30T12:00:00+11:00,2025-10-30T13:00:00+11:00,2025-10-28T12:00:00+11:00,Completed,70,online
B001,HB00659,C0001,S03,2025-10-31T09:00:00+11:00,2025-10-31T10:00:00+11:00,2025-10-21T09:00:00+11:00,Completed,70,phone
B001,HB00660,C0023,S03,2025-10-31T12:00:00+11:00,2025-10-31T13:00:00+11:00,2025-10-29T12:00:00+11:00,Completed,70,online
B001,HB00661,C0001,S01,2025-11-03T09:00:00+11:00,2025-11-03T10:00:00+11:00,2025-10-24T09:00:00+11:00,Completed,70,phone
B001,HB00662,C0025,S01,2025-11-03T12:00:00+11:00,2025-11-03T14:00:00+11:00,2025-11-01T12:00:00+11:00,Completed,180,online
B001,HB00663,C0001,S01,2025-11-04T09:00:00+11:00,2025-11-04T11:00:00+11:00,2025-10-25T09:00:00+11:00,Completed,180,phone
B001,HB00664,C0027,S01,2025-11-04T12:00:00+11:00,2025-11-04T13:00:00+11:00,2025-11-02T12:00:00+11:00,Completed,70,online
B001,HB00665,C0001,S01,2025-11-05T09:00:00+11:00,2025-11-05T10:00:00+11:00,2025-10-26T09:00:00+11:00,Completed,70,phone
B001,HB00666,C0029,S01,2025-11-05T12:00:00+11:00,2025-11-05T13:00:00+11:00,2025-11-03T12:00:00+11:00,Completed,70,online
B001,HB00667,C0001,S01,2025-11-06T09:00:00+11:00,2025-11-06T10:00:00+11:00,2025-10-27T09:00:00+11:00,Completed,70,phone
B001,HB00668,C0031,S01,2025-11-06T12:00:00+11:00,2025-11-06T14:00:00+11:00,2025-11-04T12:00:00+11:00,Completed,180,online
B001,HB00669,C0001,S01,2025-11-07T09:00:00+11:00,2025-11-07T11:00:00+11:00,2025-10-28T09:00:00+11:00,Completed,180,phone
B001,HB00670,C0033,S01,2025-11-07T12:00:00+11:00,2025-11-07T13:00:00+11:00,2025-11-05T12:00:00+11:00,Completed,70,online
B001,HB00671,C0001,S02,2025-11-03T09:00:00+11:00,2025-11-03T11:00:00+11:00,2025-10-24T09:00:00+11:00,Completed,180,phone
B001,HB00672,C0035,S02,2025-11-03T12:00:00+11:00,2025-11-03T13:00:00+11:00,2025-11-01T12:00:00+11:00,Completed,70,online
B001,HB00673,C0001,S02,2025-11-04T09:00:00+11:00,2025-11-04T10:00:00+11:00,2025-10-25T09:00:00+11:00,Completed,70,phone
B001,HB00674,C0037,S02,2025-11-04T12:00:00+11:00,2025-11-04T13:00:00+11:00,2025-11-02T12:00:00+11:00,Completed,70,online
B001,HB00675,C0001,S02,2025-11-05T09:00:00+11:00,2025-11-05T10:00:00+11:00,2025-10-26T09:00:00+11:00,Completed,70,phone
B001,HB00676,C0039,S02,2025-11-05T12:00:00+11:00,2025-11-05T14:00:00+11:00,2025-11-03T12:00:00+11:00,Completed,180,online
B001,HB00677,C0001,S02,2025-11-06T09:00:00+11:00,2025-11-06T11:00:00+11:00,2025-10-27T09:00:00+11:00,Completed,180,phone
B001,HB00678,C0041,S02,2025-11-06T12:00:00+11:00,2025-11-06T13:00:00+11:00,2025-11-04T12:00:00+11:00,Completed,70,online
B001,HB00679,C0001,S02,2025-11-07T09:00:00+11:00,2025-11-07T10:00:00+11:00,2025-10-28T09:00:00+11:00,Completed,70,phone
B001,HB00680,C0043,S02,2025-11-07T12:00:00+11:00,2025-11-07T13:00:00+11:00,2025-11-05T12:00:00+11:00,Completed,70,online
B001,HB00681,C0001,S03,2025-11-03T09:00:00+11:00,2025-11-03T10:00:00+11:00,2025-10-24T09:00:00+11:00,Completed,70,phone
B001,HB00682,C0045,S03,2025-11-03T12:00:00+11:00,2025-11-03T13:00:00+11:00,2025-11-01T12:00:00+11:00,Completed,70,online
B001,HB00683,C0001,S03,2025-11-04T09:00:00+11:00,2025-11-04T10:00:00+11:00,2025-10-25T09:00:00+11:00,Completed,70,phone
B001,HB00684,C0047,S03,2025-11-04T12:00:00+11:00,2025-11-04T14:00:00+11:00,2025-11-02T12:00:00+11:00,Completed,180,online
B001,HB00685,C0001,S03,2025-11-05T09:00:00+11:00,2025-11-05T11:00:00+11:00,2025-10-26T09:00:00+11:00,Completed,180,phone
B001,HB00686,C0049,S03,2025-11-05T12:00:00+11:00,2025-11-05T13:00:00+11:00,2025-11-03T12:00:00+11:00,Completed,70,online
B001,HB00687,C0001,S03,2025-11-06T09:00:00+11:00,2025-11-06T10:00:00+11:00,2025-10-27T09:00:00+11:00,Completed,70,phone
B001,HB00688,C0051,S03,2025-11-06T12:00:00+11:00,2025-11-06T13:00:00+11:00,2025-11-04T12:00:00+11:00,Completed,70,online
B001,HB00689,C0001,S03,2025-11-07T09:00:00+11:00,2025-11-07T10:00:00+11:00,2025-10-28T09:00:00+11:00,Completed,70,phone
B001,HB00690,C0053,S03,2025-11-07T12:00:00+11:00,2025-11-07T14:00:00+11:00,2025-11-05T12:00:00+11:00,Completed,180,online
B001,HB00691,C0001,S01,2025-11-10T09:00:00+11:00,2025-11-10T11:00:00+11:00,2025-10-31T09:00:00+11:00,Completed,180,phone
B001,HB00692,C0055,S01,2025-11-10T12:00:00+11:00,2025-11-10T13:00:00+11:00,2025-11-08T12:00:00+11:00,Completed,70,online
B001,HB00693,C0001,S01,2025-11-11T09:00:00+11:00,2025-11-11T10:00:00+11:00,2025-11-01T09:00:00+11:00,Completed,70,phone
B001,HB00694,C0057,S01,2025-11-11T12:00:00+11:00,2025-11-11T13:00:00+11:00,2025-11-09T12:00:00+11:00,Completed,70,online
B001,HB00695,C0001,S01,2025-11-12T09:00:00+11:00,2025-11-12T10:00:00+11:00,2025-11-02T09:00:00+11:00,Completed,70,phone
B001,HB00696,C0059,S01,2025-11-12T12:00:00+11:00,2025-11-12T14:00:00+11:00,2025-11-10T12:00:00+11:00,Completed,180,online
B001,HB00697,C0001,S01,2025-11-13T09:00:00+11:00,2025-11-13T11:00:00+11:00,2025-11-03T09:00:00+11:00,Completed,180,phone
B001,HB00698,C0061,S01,2025-11-13T12:00:00+11:00,2025-11-13T13:00:00+11:00,2025-11-11T12:00:00+11:00,Completed,70,online
B001,HB00699,C0001,S01,2025-11-14T09:00:00+11:00,2025-11-14T10:00:00+11:00,2025-11-04T09:00:00+11:00,Completed,70,phone
B001,HB00700,C0063,S01,2025-11-14T12:00:00+11:00,2025-11-14T13:00:00+11:00,2025-11-12T12:00:00+11:00,Completed,70,online
B001,HB00701,C0001,S02,2025-11-10T09:00:00+11:00,2025-11-10T10:00:00+11:00,2025-10-31T09:00:00+11:00,Completed,70,phone
B001,HB00702,C0065,S02,2025-11-10T12:00:00+11:00,2025-11-10T13:00:00+11:00,2025-11-08T12:00:00+11:00,Completed,70,online
B001,HB00703,C0001,S02,2025-11-11T09:00:00+11:00,2025-11-11T10:00:00+11:00,2025-11-01T09:00:00+11:00,Completed,70,phone
B001,HB00704,C0067,S02,2025-11-11T12:00:00+11:00,2025-11-11T14:00:00+11:00,2025-11-09T12:00:00+11:00,Completed,180,online
B001,HB00705,C0001,S02,2025-11-12T09:00:00+11:00,2025-11-12T11:00:00+11:00,2025-11-02T09:00:00+11:00,Completed,180,phone
B001,HB00706,C0069,S02,2025-11-12T12:00:00+11:00,2025-11-12T13:00:00+11:00,2025-11-10T12:00:00+11:00,Completed,70,online
B001,HB00707,C0001,S02,2025-11-13T09:00:00+11:00,2025-11-13T10:00:00+11:00,2025-11-03T09:00:00+11:00,Completed,70,phone
B001,HB00708,C0071,S02,2025-11-13T12:00:00+11:00,2025-11-13T13:00:00+11:00,2025-11-11T12:00:00+11:00,Completed,70,online
B001,HB00709,C0001,S02,2025-11-14T09:00:00+11:00,2025-11-14T10:00:00+11:00,2025-11-04T09:00:00+11:00,Completed,70,phone
B001,HB00710,C0073,S02,2025-11-14T12:00:00+11:00,2025-11-14T14:00:00+11:00,2025-11-12T12:00:00+11:00,Completed,180,online
B001,HB00711,C0001,S03,2025-11-10T09:00:00+11:00,2025-11-10T10:00:00+11:00,2025-10-31T09:00:00+11:00,Completed,70,phone
B001,HB00712,C0075,S03,2025-11-10T12:00:00+11:00,2025-11-10T14:00:00+11:00,2025-11-08T12:00:00+11:00,Completed,180,online
B001,HB00713,C0001,S03,2025-11-11T09:00:00+11:00,2025-11-11T11:00:00+11:00,2025-11-01T09:00:00+11:00,Completed,180,phone
B001,HB00714,C0077,S03,2025-11-11T12:00:00+11:00,2025-11-11T13:00:00+11:00,2025-11-09T12:00:00+11:00,Completed,70,online
B001,HB00715,C0001,S03,2025-11-12T09:00:00+11:00,2025-11-12T10:00:00+11:00,2025-11-02T09:00:00+11:00,Completed,70,phone
B001,HB00716,C0079,S03,2025-11-12T12:00:00+11:00,2025-11-12T13:00:00+11:00,2025-11-10T12:00:00+11:00,Completed,70,online
B001,HB00717,C0001,S03,2025-11-13T09:00:00+11:00,2025-11-13T10:00:00+11:00,2025-11-03T09:00:00+11:00,Completed,70,phone
B001,HB00718,C0081,S03,2025-11-13T12:00:00+11:00,2025-11-13T14:00:00+11:00,2025-11-11T12:00:00+11:00,Completed,180,online
B001,HB00719,C0001,S03,2025-11-14T09:00:00+11:00,2025-11-14T11:00:00+11:00,2025-11-04T09:00:00+11:00,Completed,180,phone
B001,HB00720,C0083,S03,2025-11-14T12:00:00+11:00,2025-11-14T13:00:00+11:00,2025-11-12T12:00:00+11:00,Completed,70,online
B001,HB00721,C0001,S01,2025-11-17T09:00:00+11:00,2025-11-17T10:00:00+11:00,2025-11-07T09:00:00+11:00,Completed,70,phone
B001,HB00722,C0085,S01,2025-11-17T12:00:00+11:00,2025-11-17T13:00:00+11:00,2025-11-15T12:00:00+11:00,Completed,70,online
B001,HB00723,C0001,S01,2025-11-18T09:00:00+11:00,2025-11-18T10:00:00+11:00,2025-11-08T09:00:00+11:00,Completed,70,phone
B001,HB00724,C0087,S01,2025-11-18T12:00:00+11:00,2025-11-18T14:00:00+11:00,2025-11-16T12:00:00+11:00,Completed,180,online
B001,HB00725,C0001,S01,2025-11-19T09:00:00+11:00,2025-11-19T11:00:00+11:00,2025-11-09T09:00:00+11:00,Completed,180,phone
B001,HB00726,C0089,S01,2025-11-19T12:00:00+11:00,2025-11-19T13:00:00+11:00,2025-11-17T12:00:00+11:00,Completed,70,online
B001,HB00727,C0001,S01,2025-11-20T09:00:00+11:00,2025-11-20T10:00:00+11:00,2025-11-10T09:00:00+11:00,Completed,70,phone
B001,HB00728,C0091,S01,2025-11-20T12:00:00+11:00,2025-11-20T13:00:00+11:00,2025-11-18T12:00:00+11:00,Completed,70,online
B001,HB00729,C0001,S01,2025-11-21T09:00:00+11:00,2025-11-21T10:00:00+11:00,2025-11-11T09:00:00+11:00,Completed,70,phone
B001,HB00730,C0093,S01,2025-11-21T12:00:00+11:00,2025-11-21T14:00:00+11:00,2025-11-19T12:00:00+11:00,Completed,180,online
B001,HB00731,C0001,S02,2025-11-17T09:00:00+11:00,2025-11-17T10:00:00+11:00,2025-11-07T09:00:00+11:00,Completed,70,phone
B001,HB00732,C0095,S02,2025-11-17T12:00:00+11:00,2025-11-17T14:00:00+11:00,2025-11-15T12:00:00+11:00,Completed,180,online
B001,HB00733,C0001,S02,2025-11-18T09:00:00+11:00,2025-11-18T11:00:00+11:00,2025-11-08T09:00:00+11:00,Completed,180,phone
B001,HB00734,C0097,S02,2025-11-18T12:00:00+11:00,2025-11-18T13:00:00+11:00,2025-11-16T12:00:00+11:00,Completed,70,online
B001,HB00735,C0001,S02,2025-11-19T09:00:00+11:00,2025-11-19T10:00:00+11:00,2025-11-09T09:00:00+11:00,Completed,70,phone
B001,HB00736,C0099,S02,2025-11-19T12:00:00+11:00,2025-11-19T13:00:00+11:00,2025-11-17T12:00:00+11:00,Completed,70,online
B001,HB00737,C0001,S02,2025-11-20T09:00:00+11:00,2025-11-20T10:00:00+11:00,2025-11-10T09:00:00+11:00,Completed,70,phone
B001,HB00738,C0101,S02,2025-11-20T12:00:00+11:00,2025-11-20T14:00:00+11:00,2025-11-18T12:00:00+11:00,Completed,180,online
B001,HB00739,C0001,S02,2025-11-21T09:00:00+11:00,2025-11-21T11:00:00+11:00,2025-11-11T09:00:00+11:00,Completed,180,phone
B001,HB00740,C0103,S02,2025-11-21T12:00:00+11:00,2025-11-21T13:00:00+11:00,2025-11-19T12:00:00+11:00,Completed,70,online
B001,HB00741,C0001,S03,2025-11-17T09:00:00+11:00,2025-11-17T11:00:00+11:00,2025-11-07T09:00:00+11:00,Completed,180,phone
B001,HB00742,C0105,S03,2025-11-17T12:00:00+11:00,2025-11-17T13:00:00+11:00,2025-11-15T12:00:00+11:00,Completed,70,online
B001,HB00743,C0001,S03,2025-11-18T09:00:00+11:00,2025-11-18T10:00:00+11:00,2025-11-08T09:00:00+11:00,Completed,70,phone
B001,HB00744,C0107,S03,2025-11-18T12:00:00+11:00,2025-11-18T13:00:00+11:00,2025-11-16T12:00:00+11:00,Completed,70,online
B001,HB00745,C0001,S03,2025-11-19T09:00:00+11:00,2025-11-19T10:00:00+11:00,2025-11-09T09:00:00+11:00,Completed,70,phone
B001,HB00746,C0109,S03,2025-11-19T12:00:00+11:00,2025-11-19T14:00:00+11:00,2025-11-17T12:00:00+11:00,Completed,180,online
B001,HB00747,C0001,S03,2025-11-20T09:00:00+11:00,2025-11-20T11:00:00+11:00,2025-11-10T09:00:00+11:00,Completed,180,phone
B001,HB00748,C0111,S03,2025-11-20T12:00:00+11:00,2025-11-20T13:00:00+11:00,2025-11-18T12:00:00+11:00,Completed,70,online
B001,HB00749,C0001,S03,2025-11-21T09:00:00+11:00,2025-11-21T10:00:00+11:00,2025-11-11T09:00:00+11:00,Completed,70,phone
B001,HB00750,C0113,S03,2025-11-21T12:00:00+11:00,2025-11-21T13:00:00+11:00,2025-11-19T12:00:00+11:00,Completed,70,online
B001,HB00751,C0114,S01,2025-11-24T09:00:00+11:00,2025-11-24T10:00:00+11:00,2025-11-14T09:00:00+11:00,Completed,70,phone
B001,HB00752,C0115,S01,2025-11-24T12:00:00+11:00,2025-11-24T14:00:00+11:00,2025-11-22T12:00:00+11:00,Completed,180,online
B001,HB00753,C0116,S01,2025-11-25T09:00:00+11:00,2025-11-25T11:00:00+11:00,2025-11-15T09:00:00+11:00,Completed,180,phone
B001,HB00754,C0117,S01,2025-11-25T12:00:00+11:00,2025-11-25T13:00:00+11:00,2025-11-23T12:00:00+11:00,Completed,70,online
B001,HB00755,C0118,S01,2025-11-26T09:00:00+11:00,2025-11-26T10:00:00+11:00,2025-11-16T09:00:00+11:00,Completed,70,phone
B001,HB00756,C0119,S01,2025-11-26T12:00:00+11:00,2025-11-26T13:00:00+11:00,2025-11-24T12:00:00+11:00,Completed,70,online
B001,HB00757,C0120,S01,2025-11-27T09:00:00+11:00,2025-11-27T10:00:00+11:00,2025-11-17T09:00:00+11:00,Completed,70,phone
B001,HB00758,C0121,S01,2025-11-27T12:00:00+11:00,2025-11-27T14:00:00+11:00,2025-11-25T12:00:00+11:00,Completed,180,online
B001,HB00759,C0122,S01,2025-11-28T09:00:00+11:00,2025-11-28T11:00:00+11:00,2025-11-18T09:00:00+11:00,Completed,180,phone
B001,HB00760,C0123,S01,2025-11-28T12:00:00+11:00,2025-11-28T13:00:00+11:00,2025-11-26T12:00:00+11:00,Completed,70,online
B001,HB00761,C0124,S02,2025-11-24T09:00:00+11:00,2025-11-24T11:00:00+11:00,2025-11-14T09:00:00+11:00,Completed,180,phone
B001,HB00762,C0125,S02,2025-11-24T12:00:00+11:00,2025-11-24T13:00:00+11:00,2025-11-22T12:00:00+11:00,Completed,70,online
B001,HB00763,C0126,S02,2025-11-25T09:00:00+11:00,2025-11-25T10:00:00+11:00,2025-11-15T09:00:00+11:00,Completed,70,phone
B001,HB00764,C0127,S02,2025-11-25T12:00:00+11:00,2025-11-25T13:00:00+11:00,2025-11-23T12:00:00+11:00,Completed,70,online
B001,HB00765,C0128,S02,2025-11-26T09:00:00+11:00,2025-11-26T10:00:00+11:00,2025-11-16T09:00:00+11:00,Completed,70,phone
B001,HB00766,C0129,S02,2025-11-26T12:00:00+11:00,2025-11-26T14:00:00+11:00,2025-11-24T12:00:00+11:00,Completed,180,online
B001,HB00767,C0130,S02,2025-11-27T09:00:00+11:00,2025-11-27T11:00:00+11:00,2025-11-17T09:00:00+11:00,Completed,180,phone
B001,HB00768,C0131,S02,2025-11-27T12:00:00+11:00,2025-11-27T13:00:00+11:00,2025-11-25T12:00:00+11:00,Completed,70,online
B001,HB00769,C0132,S02,2025-11-28T09:00:00+11:00,2025-11-28T10:00:00+11:00,2025-11-18T09:00:00+11:00,Completed,70,phone
B001,HB00770,C0133,S02,2025-11-28T12:00:00+11:00,2025-11-28T13:00:00+11:00,2025-11-26T12:00:00+11:00,Completed,70,online
B001,HB00771,C0134,S03,2025-11-24T09:00:00+11:00,2025-11-24T10:00:00+11:00,2025-11-14T09:00:00+11:00,Completed,70,phone
B001,HB00772,C0135,S03,2025-11-24T12:00:00+11:00,2025-11-24T13:00:00+11:00,2025-11-22T12:00:00+11:00,Completed,70,online
B001,HB00773,C0136,S03,2025-11-25T09:00:00+11:00,2025-11-25T10:00:00+11:00,2025-11-15T09:00:00+11:00,Completed,70,phone
B001,HB00774,C0137,S03,2025-11-25T12:00:00+11:00,2025-11-25T14:00:00+11:00,2025-11-23T12:00:00+11:00,Completed,180,online
B001,HB00775,C0138,S03,2025-11-26T09:00:00+11:00,2025-11-26T11:00:00+11:00,2025-11-16T09:00:00+11:00,Completed,180,phone
B001,HB00776,C0139,S03,2025-11-26T12:00:00+11:00,2025-11-26T13:00:00+11:00,2025-11-24T12:00:00+11:00,Completed,70,online
B001,HB00777,C0140,S03,2025-11-27T09:00:00+11:00,2025-11-27T10:00:00+11:00,2025-11-17T09:00:00+11:00,Completed,70,phone
B001,HB00778,C0141,S03,2025-11-27T12:00:00+11:00,2025-11-27T13:00:00+11:00,2025-11-25T12:00:00+11:00,Completed,70,online
B001,HB00779,C0142,S03,2025-11-28T09:00:00+11:00,2025-11-28T10:00:00+11:00,2025-11-18T09:00:00+11:00,Completed,70,phone
B001,HB00780,C0143,S03,2025-11-28T12:00:00+11:00,2025-11-28T14:00:00+11:00,2025-11-26T12:00:00+11:00,Completed,180,online
B001,HB00781,C0144,S01,2025-12-01T09:00:00+11:00,2025-12-01T11:00:00+11:00,2025-11-21T09:00:00+11:00,Completed,180,phone
B001,HB00782,C0145,S01,2025-12-01T12:00:00+11:00,2025-12-01T13:00:00+11:00,2025-11-29T12:00:00+11:00,Completed,70,online
B001,HB00783,C0146,S01,2025-12-02T09:00:00+11:00,2025-12-02T10:00:00+11:00,2025-11-22T09:00:00+11:00,Completed,70,phone
B001,HB00784,C0147,S01,2025-12-02T12:00:00+11:00,2025-12-02T13:00:00+11:00,2025-11-30T12:00:00+11:00,Completed,70,online
B001,HB00785,C0148,S01,2025-12-03T09:00:00+11:00,2025-12-03T10:00:00+11:00,2025-11-23T09:00:00+11:00,Completed,70,phone
B001,HB00786,C0149,S01,2025-12-03T12:00:00+11:00,2025-12-03T14:00:00+11:00,2025-12-01T12:00:00+11:00,Completed,180,online
B001,HB00787,C0150,S01,2025-12-04T09:00:00+11:00,2025-12-04T11:00:00+11:00,2025-11-24T09:00:00+11:00,Completed,180,phone
B001,HB00788,C0151,S01,2025-12-04T12:00:00+11:00,2025-12-04T13:00:00+11:00,2025-12-02T12:00:00+11:00,Completed,70,online
B001,HB00789,C0152,S01,2025-12-05T09:00:00+11:00,2025-12-05T10:00:00+11:00,2025-11-25T09:00:00+11:00,Completed,70,phone
B001,HB00790,C0153,S01,2025-12-05T12:00:00+11:00,2025-12-05T13:00:00+11:00,2025-12-03T12:00:00+11:00,Completed,70,online
B001,HB00791,C0154,S02,2025-12-01T09:00:00+11:00,2025-12-01T10:00:00+11:00,2025-11-21T09:00:00+11:00,Completed,70,phone
B001,HB00792,C0155,S02,2025-12-01T12:00:00+11:00,2025-12-01T13:00:00+11:00,2025-11-29T12:00:00+11:00,Completed,70,online
B001,HB00793,C0156,S02,2025-12-02T09:00:00+11:00,2025-12-02T10:00:00+11:00,2025-11-22T09:00:00+11:00,Completed,70,phone
B001,HB00794,C0157,S02,2025-12-02T12:00:00+11:00,2025-12-02T14:00:00+11:00,2025-11-30T12:00:00+11:00,Completed,180,online
B001,HB00795,C0158,S02,2025-12-03T09:00:00+11:00,2025-12-03T11:00:00+11:00,2025-11-23T09:00:00+11:00,Completed,180,phone
B001,HB00796,C0159,S02,2025-12-03T12:00:00+11:00,2025-12-03T13:00:00+11:00,2025-12-01T12:00:00+11:00,Completed,70,online
B001,HB00797,C0160,S02,2025-12-04T09:00:00+11:00,2025-12-04T10:00:00+11:00,2025-11-24T09:00:00+11:00,Completed,70,phone
B001,HB00798,C0161,S02,2025-12-04T12:00:00+11:00,2025-12-04T13:00:00+11:00,2025-12-02T12:00:00+11:00,Completed,70,online
B001,HB00799,C0162,S02,2025-12-05T09:00:00+11:00,2025-12-05T10:00:00+11:00,2025-11-25T09:00:00+11:00,Completed,70,phone
B001,HB00800,C0003,S02,2025-12-05T12:00:00+11:00,2025-12-05T14:00:00+11:00,2025-12-03T12:00:00+11:00,Completed,180,online
B001,HB00801,C0004,S03,2025-12-01T09:00:00+11:00,2025-12-01T10:00:00+11:00,2025-11-21T09:00:00+11:00,Completed,70,phone
B001,HB00802,C0005,S03,2025-12-01T12:00:00+11:00,2025-12-01T14:00:00+11:00,2025-11-29T12:00:00+11:00,Completed,180,online
B001,HB00803,C0006,S03,2025-12-02T09:00:00+11:00,2025-12-02T11:00:00+11:00,2025-11-22T09:00:00+11:00,Completed,180,phone
B001,HB00804,C0007,S03,2025-12-02T12:00:00+11:00,2025-12-02T13:00:00+11:00,2025-11-30T12:00:00+11:00,Completed,70,online
B001,HB00805,C0008,S03,2025-12-03T09:00:00+11:00,2025-12-03T10:00:00+11:00,2025-11-23T09:00:00+11:00,Completed,70,phone
B001,HB00806,C0009,S03,2025-12-03T12:00:00+11:00,2025-12-03T13:00:00+11:00,2025-12-01T12:00:00+11:00,Completed,70,online
B001,HB00807,C0010,S03,2025-12-04T09:00:00+11:00,2025-12-04T10:00:00+11:00,2025-11-24T09:00:00+11:00,Completed,70,phone
B001,HB00808,C0011,S03,2025-12-04T12:00:00+11:00,2025-12-04T14:00:00+11:00,2025-12-02T12:00:00+11:00,Completed,180,online
B001,HB00809,C0012,S03,2025-12-05T09:00:00+11:00,2025-12-05T11:00:00+11:00,2025-11-25T09:00:00+11:00,Completed,180,phone
B001,HB00810,C0013,S03,2025-12-05T12:00:00+11:00,2025-12-05T13:00:00+11:00,2025-12-03T12:00:00+11:00,Completed,70,online
B001,HB00811,C0014,S01,2025-12-08T09:00:00+11:00,2025-12-08T10:00:00+11:00,2025-11-28T09:00:00+11:00,Completed,70,phone
B001,HB00812,C0015,S01,2025-12-08T12:00:00+11:00,2025-12-08T13:00:00+11:00,2025-12-06T12:00:00+11:00,Completed,70,online
B001,HB00813,C0016,S01,2025-12-09T09:00:00+11:00,2025-12-09T10:00:00+11:00,2025-11-29T09:00:00+11:00,Completed,70,phone
B001,HB00814,C0017,S01,2025-12-09T12:00:00+11:00,2025-12-09T14:00:00+11:00,2025-12-07T12:00:00+11:00,Completed,180,online
B001,HB00815,C0018,S01,2025-12-10T09:00:00+11:00,2025-12-10T11:00:00+11:00,2025-11-30T09:00:00+11:00,Completed,180,phone
B001,HB00816,C0019,S01,2025-12-10T12:00:00+11:00,2025-12-10T13:00:00+11:00,2025-12-08T12:00:00+11:00,Completed,70,online
B001,HB00817,C0020,S01,2025-12-11T09:00:00+11:00,2025-12-11T10:00:00+11:00,2025-12-01T09:00:00+11:00,Completed,70,phone
B001,HB00818,C0021,S01,2025-12-11T12:00:00+11:00,2025-12-11T13:00:00+11:00,2025-12-09T12:00:00+11:00,Completed,70,online
B001,HB00819,C0022,S01,2025-12-12T09:00:00+11:00,2025-12-12T10:00:00+11:00,2025-12-02T09:00:00+11:00,Completed,70,phone
B001,HB00820,C0023,S01,2025-12-12T12:00:00+11:00,2025-12-12T14:00:00+11:00,2025-12-10T12:00:00+11:00,Completed,180,online
B001,HB00821,C0024,S02,2025-12-08T09:00:00+11:00,2025-12-08T10:00:00+11:00,2025-11-28T09:00:00+11:00,Completed,70,phone
B001,HB00822,C0025,S02,2025-12-08T12:00:00+11:00,2025-12-08T14:00:00+11:00,2025-12-06T12:00:00+11:00,Completed,180,online
B001,HB00823,C0026,S02,2025-12-09T09:00:00+11:00,2025-12-09T11:00:00+11:00,2025-11-29T09:00:00+11:00,Completed,180,phone
B001,HB00824,C0027,S02,2025-12-09T12:00:00+11:00,2025-12-09T13:00:00+11:00,2025-12-07T12:00:00+11:00,Completed,70,online
B001,HB00825,C0028,S02,2025-12-10T09:00:00+11:00,2025-12-10T10:00:00+11:00,2025-11-30T09:00:00+11:00,Completed,70,phone
B001,HB00826,C0029,S02,2025-12-10T12:00:00+11:00,2025-12-10T13:00:00+11:00,2025-12-08T12:00:00+11:00,Completed,70,online
B001,HB00827,C0030,S02,2025-12-11T09:00:00+11:00,2025-12-11T10:00:00+11:00,2025-12-01T09:00:00+11:00,Completed,70,phone
B001,HB00828,C0031,S02,2025-12-11T12:00:00+11:00,2025-12-11T14:00:00+11:00,2025-12-09T12:00:00+11:00,Completed,180,online
B001,HB00829,C0032,S02,2025-12-12T09:00:00+11:00,2025-12-12T11:00:00+11:00,2025-12-02T09:00:00+11:00,Completed,180,phone
B001,HB00830,C0033,S02,2025-12-12T12:00:00+11:00,2025-12-12T13:00:00+11:00,2025-12-10T12:00:00+11:00,Completed,70,online
B001,HB00831,C0034,S03,2025-12-08T09:00:00+11:00,2025-12-08T11:00:00+11:00,2025-11-28T09:00:00+11:00,Completed,180,phone
B001,HB00832,C0035,S03,2025-12-08T12:00:00+11:00,2025-12-08T13:00:00+11:00,2025-12-06T12:00:00+11:00,Completed,70,online
B001,HB00833,C0036,S03,2025-12-09T09:00:00+11:00,2025-12-09T10:00:00+11:00,2025-11-29T09:00:00+11:00,Completed,70,phone
B001,HB00834,C0037,S03,2025-12-09T12:00:00+11:00,2025-12-09T13:00:00+11:00,2025-12-07T12:00:00+11:00,Completed,70,online
B001,HB00835,C0038,S03,2025-12-10T09:00:00+11:00,2025-12-10T10:00:00+11:00,2025-11-30T09:00:00+11:00,Completed,70,phone
B001,HB00836,C0039,S03,2025-12-10T12:00:00+11:00,2025-12-10T14:00:00+11:00,2025-12-08T12:00:00+11:00,Completed,180,online
B001,HB00837,C0040,S03,2025-12-11T09:00:00+11:00,2025-12-11T11:00:00+11:00,2025-12-01T09:00:00+11:00,Completed,180,phone
B001,HB00838,C0041,S03,2025-12-11T12:00:00+11:00,2025-12-11T13:00:00+11:00,2025-12-09T12:00:00+11:00,Completed,70,online
B001,HB00839,C0042,S03,2025-12-12T09:00:00+11:00,2025-12-12T10:00:00+11:00,2025-12-02T09:00:00+11:00,Completed,70,phone
B001,HB00840,C0043,S03,2025-12-12T12:00:00+11:00,2025-12-12T13:00:00+11:00,2025-12-10T12:00:00+11:00,Completed,70,online
B001,HB00841,C0044,S01,2025-12-15T09:00:00+11:00,2025-12-15T10:00:00+11:00,2025-12-05T09:00:00+11:00,Completed,70,phone
B001,HB00842,C0045,S01,2025-12-15T12:00:00+11:00,2025-12-15T14:00:00+11:00,2025-12-13T12:00:00+11:00,Completed,180,online
B001,HB00843,C0046,S01,2025-12-16T09:00:00+11:00,2025-12-16T11:00:00+11:00,2025-12-06T09:00:00+11:00,Completed,180,phone
B001,HB00844,C0047,S01,2025-12-16T12:00:00+11:00,2025-12-16T13:00:00+11:00,2025-12-14T12:00:00+11:00,Completed,70,online
B001,HB00845,C0048,S01,2025-12-17T09:00:00+11:00,2025-12-17T10:00:00+11:00,2025-12-07T09:00:00+11:00,Completed,70,phone
B001,HB00846,C0049,S01,2025-12-17T12:00:00+11:00,2025-12-17T13:00:00+11:00,2025-12-15T12:00:00+11:00,Completed,70,online
B001,HB00847,C0050,S01,2025-12-18T09:00:00+11:00,2025-12-18T10:00:00+11:00,2025-12-08T09:00:00+11:00,Completed,70,phone
B001,HB00848,C0051,S01,2025-12-18T12:00:00+11:00,2025-12-18T14:00:00+11:00,2025-12-16T12:00:00+11:00,Completed,180,online
B001,HB00849,C0052,S01,2025-12-19T09:00:00+11:00,2025-12-19T11:00:00+11:00,2025-12-09T09:00:00+11:00,Completed,180,phone
B001,HB00850,C0053,S01,2025-12-19T12:00:00+11:00,2025-12-19T13:00:00+11:00,2025-12-17T12:00:00+11:00,Completed,70,online
B001,HB00851,C0054,S02,2025-12-15T09:00:00+11:00,2025-12-15T11:00:00+11:00,2025-12-05T09:00:00+11:00,Completed,180,phone
B001,HB00852,C0055,S02,2025-12-15T12:00:00+11:00,2025-12-15T13:00:00+11:00,2025-12-13T12:00:00+11:00,Completed,70,online
B001,HB00853,C0056,S02,2025-12-16T09:00:00+11:00,2025-12-16T10:00:00+11:00,2025-12-06T09:00:00+11:00,Completed,70,phone
B001,HB00854,C0057,S02,2025-12-16T12:00:00+11:00,2025-12-16T13:00:00+11:00,2025-12-14T12:00:00+11:00,Completed,70,online
B001,HB00855,C0058,S02,2025-12-17T09:00:00+11:00,2025-12-17T10:00:00+11:00,2025-12-07T09:00:00+11:00,Completed,70,phone
B001,HB00856,C0059,S02,2025-12-17T12:00:00+11:00,2025-12-17T14:00:00+11:00,2025-12-15T12:00:00+11:00,Completed,180,online
B001,HB00857,C0060,S02,2025-12-18T09:00:00+11:00,2025-12-18T11:00:00+11:00,2025-12-08T09:00:00+11:00,Completed,180,phone
B001,HB00858,C0061,S02,2025-12-18T12:00:00+11:00,2025-12-18T13:00:00+11:00,2025-12-16T12:00:00+11:00,Completed,70,online
B001,HB00859,C0062,S02,2025-12-19T09:00:00+11:00,2025-12-19T10:00:00+11:00,2025-12-09T09:00:00+11:00,Completed,70,phone
B001,HB00860,C0063,S02,2025-12-19T12:00:00+11:00,2025-12-19T13:00:00+11:00,2025-12-17T12:00:00+11:00,Completed,70,online
B001,HB00861,C0064,S03,2025-12-15T09:00:00+11:00,2025-12-15T10:00:00+11:00,2025-12-05T09:00:00+11:00,Completed,70,phone
B001,HB00862,C0065,S03,2025-12-15T12:00:00+11:00,2025-12-15T13:00:00+11:00,2025-12-13T12:00:00+11:00,Completed,70,online
B001,HB00863,C0066,S03,2025-12-16T09:00:00+11:00,2025-12-16T10:00:00+11:00,2025-12-06T09:00:00+11:00,Completed,70,phone
B001,HB00864,C0067,S03,2025-12-16T12:00:00+11:00,2025-12-16T14:00:00+11:00,2025-12-14T12:00:00+11:00,Completed,180,online
B001,HB00865,C0068,S03,2025-12-17T09:00:00+11:00,2025-12-17T11:00:00+11:00,2025-12-07T09:00:00+11:00,Completed,180,phone
B001,HB00866,C0069,S03,2025-12-17T12:00:00+11:00,2025-12-17T13:00:00+11:00,2025-12-15T12:00:00+11:00,Completed,70,online
B001,HB00867,C0070,S03,2025-12-18T09:00:00+11:00,2025-12-18T10:00:00+11:00,2025-12-08T09:00:00+11:00,Completed,70,phone
B001,HB00868,C0071,S03,2025-12-18T12:00:00+11:00,2025-12-18T13:00:00+11:00,2025-12-16T12:00:00+11:00,Completed,70,online
B001,HB00869,C0072,S03,2025-12-19T09:00:00+11:00,2025-12-19T10:00:00+11:00,2025-12-09T09:00:00+11:00,Completed,70,phone
B001,HB00870,C0073,S03,2025-12-19T12:00:00+11:00,2025-12-19T14:00:00+11:00,2025-12-17T12:00:00+11:00,Completed,180,online
B001,HB00871,C0074,S01,2025-12-22T09:00:00+11:00,2025-12-22T11:00:00+11:00,2025-12-12T09:00:00+11:00,Completed,180,phone
B001,HB00872,C0075,S01,2025-12-22T12:00:00+11:00,2025-12-22T13:00:00+11:00,2025-12-20T12:00:00+11:00,Completed,70,online
B001,HB00873,C0076,S01,2025-12-23T09:00:00+11:00,2025-12-23T10:00:00+11:00,2025-12-13T09:00:00+11:00,Completed,70,phone
B001,HB00874,C0077,S01,2025-12-23T12:00:00+11:00,2025-12-23T13:00:00+11:00,2025-12-21T12:00:00+11:00,Completed,70,online
B001,HB00875,C0078,S01,2025-12-24T09:00:00+11:00,2025-12-24T10:00:00+11:00,2025-12-14T09:00:00+11:00,Completed,70,phone
B001,HB00876,C0079,S01,2025-12-24T12:00:00+11:00,2025-12-24T14:00:00+11:00,2025-12-22T12:00:00+11:00,Completed,180,online
B001,HB00877,C0080,S01,2025-12-25T09:00:00+11:00,2025-12-25T11:00:00+11:00,2025-12-15T09:00:00+11:00,Completed,180,phone
B001,HB00878,C0081,S01,2025-12-25T12:00:00+11:00,2025-12-25T13:00:00+11:00,2025-12-23T12:00:00+11:00,Completed,70,online
B001,HB00879,C0082,S01,2025-12-26T09:00:00+11:00,2025-12-26T10:00:00+11:00,2025-12-16T09:00:00+11:00,Completed,70,phone
B001,HB00880,C0083,S01,2025-12-26T12:00:00+11:00,2025-12-26T13:00:00+11:00,2025-12-24T12:00:00+11:00,Completed,70,online
B001,HB00881,C0084,S02,2025-12-22T09:00:00+11:00,2025-12-22T10:00:00+11:00,2025-12-12T09:00:00+11:00,Completed,70,phone
B001,HB00882,C0085,S02,2025-12-22T12:00:00+11:00,2025-12-22T13:00:00+11:00,2025-12-20T12:00:00+11:00,Completed,70,online
B001,HB00883,C0086,S02,2025-12-23T09:00:00+11:00,2025-12-23T10:00:00+11:00,2025-12-13T09:00:00+11:00,Completed,70,phone
B001,HB00884,C0087,S02,2025-12-23T12:00:00+11:00,2025-12-23T14:00:00+11:00,2025-12-21T12:00:00+11:00,Completed,180,online
B001,HB00885,C0088,S02,2025-12-24T09:00:00+11:00,2025-12-24T11:00:00+11:00,2025-12-14T09:00:00+11:00,Completed,180,phone
B001,HB00886,C0089,S02,2025-12-24T12:00:00+11:00,2025-12-24T13:00:00+11:00,2025-12-22T12:00:00+11:00,Completed,70,online
B001,HB00887,C0090,S02,2025-12-25T09:00:00+11:00,2025-12-25T10:00:00+11:00,2025-12-15T09:00:00+11:00,Completed,70,phone
B001,HB00888,C0091,S02,2025-12-25T12:00:00+11:00,2025-12-25T13:00:00+11:00,2025-12-23T12:00:00+11:00,Completed,70,online
B001,HB00889,C0092,S02,2025-12-26T09:00:00+11:00,2025-12-26T10:00:00+11:00,2025-12-16T09:00:00+11:00,Completed,70,phone
B001,HB00890,C0093,S02,2025-12-26T12:00:00+11:00,2025-12-26T14:00:00+11:00,2025-12-24T12:00:00+11:00,Completed,180,online
B001,HB00891,C0094,S03,2025-12-22T09:00:00+11:00,2025-12-22T10:00:00+11:00,2025-12-12T09:00:00+11:00,Completed,70,phone
B001,HB00892,C0095,S03,2025-12-22T12:00:00+11:00,2025-12-22T14:00:00+11:00,2025-12-20T12:00:00+11:00,Completed,180,online
B001,HB00893,C0096,S03,2025-12-23T09:00:00+11:00,2025-12-23T11:00:00+11:00,2025-12-13T09:00:00+11:00,Completed,180,phone
B001,HB00894,C0097,S03,2025-12-23T12:00:00+11:00,2025-12-23T13:00:00+11:00,2025-12-21T12:00:00+11:00,Completed,70,online
B001,HB00895,C0098,S03,2025-12-24T09:00:00+11:00,2025-12-24T10:00:00+11:00,2025-12-14T09:00:00+11:00,Completed,70,phone
B001,HB00896,C0099,S03,2025-12-24T12:00:00+11:00,2025-12-24T13:00:00+11:00,2025-12-22T12:00:00+11:00,Completed,70,online
B001,HB00897,C0100,S03,2025-12-25T09:00:00+11:00,2025-12-25T10:00:00+11:00,2025-12-15T09:00:00+11:00,Completed,70,phone
B001,HB00898,C0101,S03,2025-12-25T12:00:00+11:00,2025-12-25T14:00:00+11:00,2025-12-23T12:00:00+11:00,Completed,180,online
B001,HB00899,C0102,S03,2025-12-26T09:00:00+11:00,2025-12-26T11:00:00+11:00,2025-12-16T09:00:00+11:00,Completed,180,phone
B001,HB00900,C0103,S03,2025-12-26T12:00:00+11:00,2025-12-26T13:00:00+11:00,2025-12-24T12:00:00+11:00,Completed,70,online
B001,HB00901,C0104,S01,2025-12-29T09:00:00+11:00,2025-12-29T10:00:00+11:00,2025-12-19T09:00:00+11:00,Completed,70,phone
B001,HB00902,C0105,S01,2025-12-29T12:00:00+11:00,2025-12-29T13:00:00+11:00,2025-12-27T12:00:00+11:00,Completed,70,online
B001,HB00903,C0106,S01,2025-12-30T09:00:00+11:00,2025-12-30T10:00:00+11:00,2025-12-20T09:00:00+11:00,Completed,70,phone
B001,HB00904,C0107,S01,2025-12-30T12:00:00+11:00,2025-12-30T14:00:00+11:00,2025-12-28T12:00:00+11:00,Completed,180,online
B001,HB00905,C0108,S01,2025-12-31T09:00:00+11:00,2025-12-31T11:00:00+11:00,2025-12-21T09:00:00+11:00,Completed,180,phone
B001,HB00906,C0109,S01,2025-12-31T12:00:00+11:00,2025-12-31T13:00:00+11:00,2025-12-29T12:00:00+11:00,Completed,70,online
B001,HB00907,C0110,S01,2026-01-01T09:00:00+11:00,2026-01-01T10:00:00+11:00,2025-12-22T09:00:00+11:00,Completed,70,phone
B001,HB00908,C0111,S01,2026-01-01T12:00:00+11:00,2026-01-01T13:00:00+11:00,2025-12-30T12:00:00+11:00,Completed,70,online
B001,HB00909,C0112,S01,2026-01-02T09:00:00+11:00,2026-01-02T10:00:00+11:00,2025-12-23T09:00:00+11:00,Completed,70,phone
B001,HB00910,C0113,S01,2026-01-02T12:00:00+11:00,2026-01-02T14:00:00+11:00,2025-12-31T12:00:00+11:00,Completed,180,online
B001,HB00911,C0114,S02,2025-12-29T09:00:00+11:00,2025-12-29T10:00:00+11:00,2025-12-19T09:00:00+11:00,Completed,70,phone
B001,HB00912,C0115,S02,2025-12-29T12:00:00+11:00,2025-12-29T14:00:00+11:00,2025-12-27T12:00:00+11:00,Completed,180,online
B001,HB00913,C0116,S02,2025-12-30T09:00:00+11:00,2025-12-30T11:00:00+11:00,2025-12-20T09:00:00+11:00,Completed,180,phone
B001,HB00914,C0117,S02,2025-12-30T12:00:00+11:00,2025-12-30T13:00:00+11:00,2025-12-28T12:00:00+11:00,Completed,70,online
B001,HB00915,C0118,S02,2025-12-31T09:00:00+11:00,2025-12-31T10:00:00+11:00,2025-12-21T09:00:00+11:00,Completed,70,phone
B001,HB00916,C0119,S02,2025-12-31T12:00:00+11:00,2025-12-31T13:00:00+11:00,2025-12-29T12:00:00+11:00,Completed,70,online
B001,HB00917,C0120,S02,2026-01-01T09:00:00+11:00,2026-01-01T10:00:00+11:00,2025-12-22T09:00:00+11:00,Completed,70,phone
B001,HB00918,C0121,S02,2026-01-01T12:00:00+11:00,2026-01-01T14:00:00+11:00,2025-12-30T12:00:00+11:00,Completed,180,online
B001,HB00919,C0122,S02,2026-01-02T09:00:00+11:00,2026-01-02T11:00:00+11:00,2025-12-23T09:00:00+11:00,Completed,180,phone
B001,HB00920,C0123,S02,2026-01-02T12:00:00+11:00,2026-01-02T13:00:00+11:00,2025-12-31T12:00:00+11:00,Completed,70,online
B001,HB00921,C0124,S03,2025-12-29T09:00:00+11:00,2025-12-29T11:00:00+11:00,2025-12-19T09:00:00+11:00,Completed,180,phone
B001,HB00922,C0125,S03,2025-12-29T12:00:00+11:00,2025-12-29T13:00:00+11:00,2025-12-27T12:00:00+11:00,Completed,70,online
B001,HB00923,C0126,S03,2025-12-30T09:00:00+11:00,2025-12-30T10:00:00+11:00,2025-12-20T09:00:00+11:00,Completed,70,phone
B001,HB00924,C0127,S03,2025-12-30T12:00:00+11:00,2025-12-30T13:00:00+11:00,2025-12-28T12:00:00+11:00,Completed,70,online
B001,HB00925,C0128,S03,2025-12-31T09:00:00+11:00,2025-12-31T10:00:00+11:00,2025-12-21T09:00:00+11:00,Completed,70,phone
B001,HB00926,C0129,S03,2025-12-31T12:00:00+11:00,2025-12-31T14:00:00+11:00,2025-12-29T12:00:00+11:00,Completed,180,online
B001,HB00927,C0130,S03,2026-01-01T09:00:00+11:00,2026-01-01T11:00:00+11:00,2025-12-22T09:00:00+11:00,Completed,180,phone
B001,HB00928,C0131,S03,2026-01-01T12:00:00+11:00,2026-01-01T13:00:00+11:00,2025-12-30T12:00:00+11:00,Completed,70,online
B001,HB00929,C0132,S03,2026-01-02T09:00:00+11:00,2026-01-02T10:00:00+11:00,2025-12-23T09:00:00+11:00,Completed,70,phone
B001,HB00930,C0133,S03,2026-01-02T12:00:00+11:00,2026-01-02T13:00:00+11:00,2025-12-31T12:00:00+11:00,Completed,70,online
B001,HB00931,C0134,S01,2026-01-05T09:00:00+11:00,2026-01-05T10:00:00+11:00,2025-12-26T09:00:00+11:00,Completed,70,phone
B001,HB00932,C0135,S01,2026-01-05T12:00:00+11:00,2026-01-05T14:00:00+11:00,2026-01-03T12:00:00+11:00,Completed,180,online
B001,HB00933,C0136,S01,2026-01-06T09:00:00+11:00,2026-01-06T11:00:00+11:00,2025-12-27T09:00:00+11:00,Completed,180,phone
B001,HB00934,C0137,S01,2026-01-06T12:00:00+11:00,2026-01-06T13:00:00+11:00,2026-01-04T12:00:00+11:00,Completed,70,online
B001,HB00935,C0138,S01,2026-01-07T09:00:00+11:00,2026-01-07T10:00:00+11:00,2025-12-28T09:00:00+11:00,Completed,70,phone
B001,HB00936,C0139,S01,2026-01-07T12:00:00+11:00,2026-01-07T13:00:00+11:00,2026-01-05T12:00:00+11:00,Completed,70,online
B001,HB00937,C0140,S01,2026-01-08T09:00:00+11:00,2026-01-08T10:00:00+11:00,2025-12-29T09:00:00+11:00,Completed,70,phone
B001,HB00938,C0141,S01,2026-01-08T12:00:00+11:00,2026-01-08T14:00:00+11:00,2026-01-06T12:00:00+11:00,Completed,180,online
B001,HB00939,C0142,S01,2026-01-09T09:00:00+11:00,2026-01-09T11:00:00+11:00,2025-12-30T09:00:00+11:00,Completed,180,phone
B001,HB00940,C0143,S01,2026-01-09T12:00:00+11:00,2026-01-09T13:00:00+11:00,2026-01-07T12:00:00+11:00,Completed,70,online
B001,HB00941,C0144,S02,2026-01-05T09:00:00+11:00,2026-01-05T11:00:00+11:00,2025-12-26T09:00:00+11:00,Completed,180,phone
B001,HB00942,C0145,S02,2026-01-05T12:00:00+11:00,2026-01-05T13:00:00+11:00,2026-01-03T12:00:00+11:00,Completed,70,online
B001,HB00943,C0146,S02,2026-01-06T09:00:00+11:00,2026-01-06T10:00:00+11:00,2025-12-27T09:00:00+11:00,Completed,70,phone
B001,HB00944,C0147,S02,2026-01-06T12:00:00+11:00,2026-01-06T13:00:00+11:00,2026-01-04T12:00:00+11:00,Completed,70,online
B001,HB00945,C0148,S02,2026-01-07T09:00:00+11:00,2026-01-07T10:00:00+11:00,2025-12-28T09:00:00+11:00,Completed,70,phone
B001,HB00946,C0149,S02,2026-01-07T12:00:00+11:00,2026-01-07T14:00:00+11:00,2026-01-05T12:00:00+11:00,Completed,180,online
B001,HB00947,C0150,S02,2026-01-08T09:00:00+11:00,2026-01-08T11:00:00+11:00,2025-12-29T09:00:00+11:00,Completed,180,phone
B001,HB00948,C0151,S02,2026-01-08T12:00:00+11:00,2026-01-08T13:00:00+11:00,2026-01-06T12:00:00+11:00,Completed,70,online
B001,HB00949,C0152,S02,2026-01-09T09:00:00+11:00,2026-01-09T10:00:00+11:00,2025-12-30T09:00:00+11:00,Completed,70,phone
B001,HB00950,C0153,S02,2026-01-09T12:00:00+11:00,2026-01-09T13:00:00+11:00,2026-01-07T12:00:00+11:00,Completed,70,online
B001,HB00951,C0154,S03,2026-01-05T09:00:00+11:00,2026-01-05T10:00:00+11:00,2025-12-26T09:00:00+11:00,Completed,70,phone
B001,HB00952,C0155,S03,2026-01-05T12:00:00+11:00,2026-01-05T13:00:00+11:00,2026-01-03T12:00:00+11:00,Completed,70,online
B001,HB00953,C0156,S03,2026-01-06T09:00:00+11:00,2026-01-06T10:00:00+11:00,2025-12-27T09:00:00+11:00,Completed,70,phone
B001,HB00954,C0157,S03,2026-01-06T12:00:00+11:00,2026-01-06T14:00:00+11:00,2026-01-04T12:00:00+11:00,Completed,180,online
B001,HB00955,C0158,S03,2026-01-07T09:00:00+11:00,2026-01-07T11:00:00+11:00,2025-12-28T09:00:00+11:00,Completed,180,phone
B001,HB00956,C0159,S03,2026-01-07T12:00:00+11:00,2026-01-07T13:00:00+11:00,2026-01-05T12:00:00+11:00,Completed,70,online
B001,HB00957,C0160,S03,2026-01-08T09:00:00+11:00,2026-01-08T10:00:00+11:00,2025-12-29T09:00:00+11:00,Completed,70,phone
B001,HB00958,C0161,S03,2026-01-08T12:00:00+11:00,2026-01-08T13:00:00+11:00,2026-01-06T12:00:00+11:00,Completed,70,online
B001,HB00959,C0162,S03,2026-01-09T09:00:00+11:00,2026-01-09T10:00:00+11:00,2025-12-30T09:00:00+11:00,Completed,70,phone
B001,HB00960,C0003,S03,2026-01-09T12:00:00+11:00,2026-01-09T14:00:00+11:00,2026-01-07T12:00:00+11:00,Completed,180,online
B001,HB00961,C0004,S01,2026-01-12T09:00:00+11:00,2026-01-12T11:00:00+11:00,2026-01-02T09:00:00+11:00,Completed,180,phone
B001,HB00962,C0005,S01,2026-01-12T12:00:00+11:00,2026-01-12T13:00:00+11:00,2026-01-10T12:00:00+11:00,Completed,70,online
B001,HB00963,C0006,S01,2026-01-13T09:00:00+11:00,2026-01-13T10:00:00+11:00,2026-01-03T09:00:00+11:00,Completed,70,phone
B001,HB00964,C0007,S01,2026-01-13T12:00:00+11:00,2026-01-13T13:00:00+11:00,2026-01-11T12:00:00+11:00,Completed,70,online
B001,HB00965,C0008,S01,2026-01-14T09:00:00+11:00,2026-01-14T10:00:00+11:00,2026-01-04T09:00:00+11:00,Completed,70,phone
B001,HB00966,C0009,S01,2026-01-14T12:00:00+11:00,2026-01-14T14:00:00+11:00,2026-01-12T12:00:00+11:00,Completed,180,online
B001,HB00967,C0010,S01,2026-01-15T09:00:00+11:00,2026-01-15T11:00:00+11:00,2026-01-05T09:00:00+11:00,Completed,180,phone
B001,HB00968,C0011,S01,2026-01-15T12:00:00+11:00,2026-01-15T13:00:00+11:00,2026-01-13T12:00:00+11:00,Completed,70,online
B001,HB00969,C0012,S01,2026-01-16T09:00:00+11:00,2026-01-16T10:00:00+11:00,2026-01-06T09:00:00+11:00,Completed,70,phone
B001,HB00970,C0013,S01,2026-01-16T12:00:00+11:00,2026-01-16T13:00:00+11:00,2026-01-14T12:00:00+11:00,Completed,70,online
B001,HB00971,C0014,S02,2026-01-12T09:00:00+11:00,2026-01-12T10:00:00+11:00,2026-01-02T09:00:00+11:00,Completed,70,phone
B001,HB00972,C0015,S02,2026-01-12T12:00:00+11:00,2026-01-12T13:00:00+11:00,2026-01-10T12:00:00+11:00,Completed,70,online
B001,HB00973,C0016,S02,2026-01-13T09:00:00+11:00,2026-01-13T10:00:00+11:00,2026-01-03T09:00:00+11:00,Completed,70,phone
B001,HB00974,C0017,S02,2026-01-13T12:00:00+11:00,2026-01-13T14:00:00+11:00,2026-01-11T12:00:00+11:00,Completed,180,online
B001,HB00975,C0018,S02,2026-01-14T09:00:00+11:00,2026-01-14T11:00:00+11:00,2026-01-04T09:00:00+11:00,Completed,180,phone
B001,HB00976,C0019,S02,2026-01-14T12:00:00+11:00,2026-01-14T13:00:00+11:00,2026-01-12T12:00:00+11:00,Completed,70,online
B001,HB00977,C0020,S02,2026-01-15T09:00:00+11:00,2026-01-15T10:00:00+11:00,2026-01-05T09:00:00+11:00,Completed,70,phone
B001,HB00978,C0021,S02,2026-01-15T12:00:00+11:00,2026-01-15T13:00:00+11:00,2026-01-13T12:00:00+11:00,Completed,70,online
B001,HB00979,C0022,S02,2026-01-16T09:00:00+11:00,2026-01-16T10:00:00+11:00,2026-01-06T09:00:00+11:00,Completed,70,phone
B001,HB00980,C0023,S02,2026-01-16T12:00:00+11:00,2026-01-16T14:00:00+11:00,2026-01-14T12:00:00+11:00,Completed,180,online
B001,HB00981,C0024,S03,2026-01-12T09:00:00+11:00,2026-01-12T10:00:00+11:00,2026-01-02T09:00:00+11:00,Completed,70,phone
B001,HB00982,C0025,S03,2026-01-12T12:00:00+11:00,2026-01-12T14:00:00+11:00,2026-01-10T12:00:00+11:00,Completed,180,online
B001,HB00983,C0026,S03,2026-01-13T09:00:00+11:00,2026-01-13T11:00:00+11:00,2026-01-03T09:00:00+11:00,Completed,180,phone
B001,HB00984,C0027,S03,2026-01-13T12:00:00+11:00,2026-01-13T13:00:00+11:00,2026-01-11T12:00:00+11:00,Completed,70,online
B001,HB00985,C0028,S03,2026-01-14T09:00:00+11:00,2026-01-14T10:00:00+11:00,2026-01-04T09:00:00+11:00,Completed,70,phone
B001,HB00986,C0029,S03,2026-01-14T12:00:00+11:00,2026-01-14T13:00:00+11:00,2026-01-12T12:00:00+11:00,Completed,70,online
B001,HB00987,C0030,S03,2026-01-15T09:00:00+11:00,2026-01-15T10:00:00+11:00,2026-01-05T09:00:00+11:00,Completed,70,phone
B001,HB00988,C0031,S03,2026-01-15T12:00:00+11:00,2026-01-15T14:00:00+11:00,2026-01-13T12:00:00+11:00,Completed,180,online
B001,HB00989,C0032,S03,2026-01-16T09:00:00+11:00,2026-01-16T11:00:00+11:00,2026-01-06T09:00:00+11:00,Completed,180,phone
B001,HB00990,C0033,S03,2026-01-16T12:00:00+11:00,2026-01-16T13:00:00+11:00,2026-01-14T12:00:00+11:00,Completed,70,online
B001,HB00991,C0034,S01,2026-01-19T09:00:00+11:00,2026-01-19T10:00:00+11:00,2026-01-09T09:00:00+11:00,Completed,70,phone
B001,HB00992,C0035,S01,2026-01-19T12:00:00+11:00,2026-01-19T13:00:00+11:00,2026-01-17T12:00:00+11:00,Completed,70,online
B001,HB00993,C0036,S01,2026-01-20T09:00:00+11:00,2026-01-20T10:00:00+11:00,2026-01-10T09:00:00+11:00,Completed,70,phone
B001,HB00994,C0037,S01,2026-01-20T12:00:00+11:00,2026-01-20T14:00:00+11:00,2026-01-18T12:00:00+11:00,Completed,180,online
B001,HB00995,C0038,S01,2026-01-21T09:00:00+11:00,2026-01-21T11:00:00+11:00,2026-01-11T09:00:00+11:00,Completed,180,phone
B001,HB00996,C0039,S01,2026-01-21T12:00:00+11:00,2026-01-21T13:00:00+11:00,2026-01-19T12:00:00+11:00,Completed,70,online
B001,HB00997,C0040,S01,2026-01-22T09:00:00+11:00,2026-01-22T10:00:00+11:00,2026-01-12T09:00:00+11:00,Completed,70,phone
B001,HB00998,C0041,S01,2026-01-22T12:00:00+11:00,2026-01-22T13:00:00+11:00,2026-01-20T12:00:00+11:00,Completed,70,online
B001,HB00999,C0042,S01,2026-01-23T09:00:00+11:00,2026-01-23T10:00:00+11:00,2026-01-13T09:00:00+11:00,Completed,70,phone
B001,HB01000,C0043,S01,2026-01-23T12:00:00+11:00,2026-01-23T14:00:00+11:00,2026-01-21T12:00:00+11:00,Completed,180,online
B001,HB01001,C0044,S02,2026-01-19T09:00:00+11:00,2026-01-19T10:00:00+11:00,2026-01-09T09:00:00+11:00,Completed,70,phone
B001,HB01002,C0045,S02,2026-01-19T12:00:00+11:00,2026-01-19T14:00:00+11:00,2026-01-17T12:00:00+11:00,Completed,180,online
B001,HB01003,C0046,S02,2026-01-20T09:00:00+11:00,2026-01-20T11:00:00+11:00,2026-01-10T09:00:00+11:00,Completed,180,phone
B001,HB01004,C0047,S02,2026-01-20T12:00:00+11:00,2026-01-20T13:00:00+11:00,2026-01-18T12:00:00+11:00,Completed,70,online
B001,HB01005,C0048,S02,2026-01-21T09:00:00+11:00,2026-01-21T10:00:00+11:00,2026-01-11T09:00:00+11:00,Completed,70,phone
B001,HB01006,C0049,S02,2026-01-21T12:00:00+11:00,2026-01-21T13:00:00+11:00,2026-01-19T12:00:00+11:00,Completed,70,online
B001,HB01007,C0050,S02,2026-01-22T09:00:00+11:00,2026-01-22T10:00:00+11:00,2026-01-12T09:00:00+11:00,Completed,70,phone
B001,HB01008,C0051,S02,2026-01-22T12:00:00+11:00,2026-01-22T14:00:00+11:00,2026-01-20T12:00:00+11:00,Completed,180,online
B001,HB01009,C0052,S02,2026-01-23T09:00:00+11:00,2026-01-23T11:00:00+11:00,2026-01-13T09:00:00+11:00,Completed,180,phone
B001,HB01010,C0053,S02,2026-01-23T12:00:00+11:00,2026-01-23T13:00:00+11:00,2026-01-21T12:00:00+11:00,Completed,70,online
B001,HB01011,C0054,S03,2026-01-19T09:00:00+11:00,2026-01-19T11:00:00+11:00,2026-01-09T09:00:00+11:00,Completed,180,phone
B001,HB01012,C0055,S03,2026-01-19T12:00:00+11:00,2026-01-19T13:00:00+11:00,2026-01-17T12:00:00+11:00,Completed,70,online
B001,HB01013,C0056,S03,2026-01-20T09:00:00+11:00,2026-01-20T10:00:00+11:00,2026-01-10T09:00:00+11:00,Completed,70,phone
B001,HB01014,C0057,S03,2026-01-20T12:00:00+11:00,2026-01-20T13:00:00+11:00,2026-01-18T12:00:00+11:00,Completed,70,online
B001,HB01015,C0058,S03,2026-01-21T09:00:00+11:00,2026-01-21T10:00:00+11:00,2026-01-11T09:00:00+11:00,Completed,70,phone
B001,HB01016,C0059,S03,2026-01-21T12:00:00+11:00,2026-01-21T14:00:00+11:00,2026-01-19T12:00:00+11:00,Completed,180,online
B001,HB01017,C0060,S03,2026-01-22T09:00:00+11:00,2026-01-22T11:00:00+11:00,2026-01-12T09:00:00+11:00,Completed,180,phone
B001,HB01018,C0061,S03,2026-01-22T12:00:00+11:00,2026-01-22T13:00:00+11:00,2026-01-20T12:00:00+11:00,Completed,70,online
B001,HB01019,C0062,S03,2026-01-23T09:00:00+11:00,2026-01-23T10:00:00+11:00,2026-01-13T09:00:00+11:00,Completed,70,phone
B001,HB01020,C0063,S03,2026-01-23T12:00:00+11:00,2026-01-23T13:00:00+11:00,2026-01-21T12:00:00+11:00,Completed,70,online
B001,HB01021,C0064,S01,2026-01-26T09:00:00+11:00,2026-01-26T10:00:00+11:00,2026-01-16T09:00:00+11:00,Completed,70,phone
B001,HB01022,C0065,S01,2026-01-26T12:00:00+11:00,2026-01-26T14:00:00+11:00,2026-01-24T12:00:00+11:00,Completed,180,online
B001,HB01023,C0066,S01,2026-01-27T09:00:00+11:00,2026-01-27T11:00:00+11:00,2026-01-17T09:00:00+11:00,Completed,180,phone
B001,HB01024,C0067,S01,2026-01-27T12:00:00+11:00,2026-01-27T13:00:00+11:00,2026-01-25T12:00:00+11:00,Completed,70,online
B001,HB01025,C0068,S01,2026-01-28T09:00:00+11:00,2026-01-28T10:00:00+11:00,2026-01-18T09:00:00+11:00,Completed,70,phone
B001,HB01026,C0069,S01,2026-01-28T12:00:00+11:00,2026-01-28T13:00:00+11:00,2026-01-26T12:00:00+11:00,Completed,70,online
B001,HB01027,C0070,S01,2026-01-29T09:00:00+11:00,2026-01-29T10:00:00+11:00,2026-01-19T09:00:00+11:00,Completed,70,phone
B001,HB01028,C0071,S01,2026-01-29T12:00:00+11:00,2026-01-29T14:00:00+11:00,2026-01-27T12:00:00+11:00,Completed,180,online
B001,HB01029,C0072,S01,2026-01-30T09:00:00+11:00,2026-01-30T11:00:00+11:00,2026-01-20T09:00:00+11:00,Completed,180,phone
B001,HB01030,C0073,S01,2026-01-30T12:00:00+11:00,2026-01-30T13:00:00+11:00,2026-01-28T12:00:00+11:00,Completed,70,online
B001,HB01031,C0074,S02,2026-01-26T09:00:00+11:00,2026-01-26T11:00:00+11:00,2026-01-16T09:00:00+11:00,Completed,180,phone
B001,HB01032,C0075,S02,2026-01-26T12:00:00+11:00,2026-01-26T13:00:00+11:00,2026-01-24T12:00:00+11:00,Completed,70,online
B001,HB01033,C0076,S02,2026-01-27T09:00:00+11:00,2026-01-27T10:00:00+11:00,2026-01-17T09:00:00+11:00,Completed,70,phone
B001,HB01034,C0077,S02,2026-01-27T12:00:00+11:00,2026-01-27T13:00:00+11:00,2026-01-25T12:00:00+11:00,Completed,70,online
B001,HB01035,C0078,S02,2026-01-28T09:00:00+11:00,2026-01-28T10:00:00+11:00,2026-01-18T09:00:00+11:00,Completed,70,phone
B001,HB01036,C0079,S02,2026-01-28T12:00:00+11:00,2026-01-28T14:00:00+11:00,2026-01-26T12:00:00+11:00,Completed,180,online
B001,HB01037,C0080,S02,2026-01-29T09:00:00+11:00,2026-01-29T11:00:00+11:00,2026-01-19T09:00:00+11:00,Completed,180,phone
B001,HB01038,C0081,S02,2026-01-29T12:00:00+11:00,2026-01-29T13:00:00+11:00,2026-01-27T12:00:00+11:00,Completed,70,online
B001,HB01039,C0082,S02,2026-01-30T09:00:00+11:00,2026-01-30T10:00:00+11:00,2026-01-20T09:00:00+11:00,Completed,70,phone
B001,HB01040,C0083,S02,2026-01-30T12:00:00+11:00,2026-01-30T13:00:00+11:00,2026-01-28T12:00:00+11:00,Completed,70,online
B001,HB01041,C0084,S03,2026-01-26T09:00:00+11:00,2026-01-26T10:00:00+11:00,2026-01-16T09:00:00+11:00,Completed,70,phone
B001,HB01042,C0085,S03,2026-01-26T12:00:00+11:00,2026-01-26T13:00:00+11:00,2026-01-24T12:00:00+11:00,Completed,70,online
B001,HB01043,C0086,S03,2026-01-27T09:00:00+11:00,2026-01-27T10:00:00+11:00,2026-01-17T09:00:00+11:00,Completed,70,phone
B001,HB01044,C0087,S03,2026-01-27T12:00:00+11:00,2026-01-27T14:00:00+11:00,2026-01-25T12:00:00+11:00,Completed,180,online
B001,HB01045,C0088,S03,2026-01-28T09:00:00+11:00,2026-01-28T11:00:00+11:00,2026-01-18T09:00:00+11:00,Completed,180,phone
B001,HB01046,C0089,S03,2026-01-28T12:00:00+11:00,2026-01-28T13:00:00+11:00,2026-01-26T12:00:00+11:00,Completed,70,online
B001,HB01047,C0090,S03,2026-01-29T09:00:00+11:00,2026-01-29T10:00:00+11:00,2026-01-19T09:00:00+11:00,Completed,70,phone
B001,HB01048,C0091,S03,2026-01-29T12:00:00+11:00,2026-01-29T13:00:00+11:00,2026-01-27T12:00:00+11:00,Completed,70,online
B001,HB01049,C0092,S03,2026-01-30T09:00:00+11:00,2026-01-30T10:00:00+11:00,2026-01-20T09:00:00+11:00,Completed,70,phone
B001,HB01050,C0093,S03,2026-01-30T12:00:00+11:00,2026-01-30T14:00:00+11:00,2026-01-28T12:00:00+11:00,Completed,180,online
B001,HB01051,C0002,S01,2026-02-02T09:00:00+11:00,2026-02-02T11:00:00+11:00,2026-01-23T09:00:00+11:00,Completed,180,phone
B001,HB01052,C0095,S01,2026-02-02T12:00:00+11:00,2026-02-02T13:00:00+11:00,2026-01-31T12:00:00+11:00,Completed,70,online
B001,HB01053,C0002,S01,2026-02-03T09:00:00+11:00,2026-02-03T10:00:00+11:00,2026-01-24T09:00:00+11:00,Completed,70,phone
B001,HB01054,C0097,S01,2026-02-03T12:00:00+11:00,2026-02-03T13:00:00+11:00,2026-02-01T12:00:00+11:00,Completed,70,online
B001,HB01055,C0002,S01,2026-02-04T09:00:00+11:00,2026-02-04T10:00:00+11:00,2026-01-25T09:00:00+11:00,Completed,70,phone
B001,HB01056,C0099,S01,2026-02-04T12:00:00+11:00,2026-02-04T14:00:00+11:00,2026-02-02T12:00:00+11:00,Completed,180,online
B001,HB01057,C0002,S01,2026-02-05T09:00:00+11:00,2026-02-05T11:00:00+11:00,2026-01-26T09:00:00+11:00,Completed,180,phone
B001,HB01058,C0101,S01,2026-02-05T12:00:00+11:00,2026-02-05T13:00:00+11:00,2026-02-03T12:00:00+11:00,Completed,70,online
B001,HB01059,C0002,S01,2026-02-06T09:00:00+11:00,2026-02-06T10:00:00+11:00,2026-01-27T09:00:00+11:00,Completed,70,phone
B001,HB01060,C0103,S01,2026-02-06T12:00:00+11:00,2026-02-06T13:00:00+11:00,2026-02-04T12:00:00+11:00,Completed,70,online
B001,HB01061,C0002,S02,2026-02-02T09:00:00+11:00,2026-02-02T10:00:00+11:00,2026-01-23T09:00:00+11:00,Completed,70,phone
B001,HB01062,C0105,S02,2026-02-02T12:00:00+11:00,2026-02-02T13:00:00+11:00,2026-01-31T12:00:00+11:00,Completed,70,online
B001,HB01063,C0002,S02,2026-02-03T09:00:00+11:00,2026-02-03T10:00:00+11:00,2026-01-24T09:00:00+11:00,Completed,70,phone
B001,HB01064,C0107,S02,2026-02-03T12:00:00+11:00,2026-02-03T14:00:00+11:00,2026-02-01T12:00:00+11:00,Completed,180,online
B001,HB01065,C0002,S02,2026-02-04T09:00:00+11:00,2026-02-04T11:00:00+11:00,2026-01-25T09:00:00+11:00,Completed,180,phone
B001,HB01066,C0109,S02,2026-02-04T12:00:00+11:00,2026-02-04T13:00:00+11:00,2026-02-02T12:00:00+11:00,Completed,70,online
B001,HB01067,C0002,S02,2026-02-05T09:00:00+11:00,2026-02-05T10:00:00+11:00,2026-01-26T09:00:00+11:00,Completed,70,phone
B001,HB01068,C0111,S02,2026-02-05T12:00:00+11:00,2026-02-05T13:00:00+11:00,2026-02-03T12:00:00+11:00,Completed,70,online
B001,HB01069,C0002,S02,2026-02-06T09:00:00+11:00,2026-02-06T10:00:00+11:00,2026-01-27T09:00:00+11:00,Completed,70,phone
B001,HB01070,C0113,S02,2026-02-06T12:00:00+11:00,2026-02-06T14:00:00+11:00,2026-02-04T12:00:00+11:00,Completed,180,online
B001,HB01071,C0002,S03,2026-02-02T09:00:00+11:00,2026-02-02T10:00:00+11:00,2026-01-23T09:00:00+11:00,Completed,70,phone
B001,HB01072,C0115,S03,2026-02-02T12:00:00+11:00,2026-02-02T14:00:00+11:00,2026-01-31T12:00:00+11:00,Completed,180,online
B001,HB01073,C0002,S03,2026-02-03T09:00:00+11:00,2026-02-03T11:00:00+11:00,2026-01-24T09:00:00+11:00,Completed,180,phone
B001,HB01074,C0117,S03,2026-02-03T12:00:00+11:00,2026-02-03T13:00:00+11:00,2026-02-01T12:00:00+11:00,Completed,70,online
B001,HB01075,C0002,S03,2026-02-04T09:00:00+11:00,2026-02-04T10:00:00+11:00,2026-01-25T09:00:00+11:00,Completed,70,phone
B001,HB01076,C0119,S03,2026-02-04T12:00:00+11:00,2026-02-04T13:00:00+11:00,2026-02-02T12:00:00+11:00,Completed,70,online
B001,HB01077,C0002,S03,2026-02-05T09:00:00+11:00,2026-02-05T10:00:00+11:00,2026-01-26T09:00:00+11:00,Completed,70,phone
B001,HB01078,C0121,S03,2026-02-05T12:00:00+11:00,2026-02-05T14:00:00+11:00,2026-02-03T12:00:00+11:00,Completed,180,online
B001,HB01079,C0002,S03,2026-02-06T09:00:00+11:00,2026-02-06T11:00:00+11:00,2026-01-27T09:00:00+11:00,Completed,180,phone
B001,HB01080,C0123,S03,2026-02-06T12:00:00+11:00,2026-02-06T13:00:00+11:00,2026-02-04T12:00:00+11:00,Completed,70,online
B001,HB01081,C0002,S01,2026-02-09T09:00:00+11:00,2026-02-09T10:00:00+11:00,2026-01-30T09:00:00+11:00,Completed,70,phone
B001,HB01082,C0125,S01,2026-02-09T12:00:00+11:00,2026-02-09T13:00:00+11:00,2026-02-07T12:00:00+11:00,Completed,70,online
B001,HB01083,C0002,S01,2026-02-10T09:00:00+11:00,2026-02-10T10:00:00+11:00,2026-01-31T09:00:00+11:00,Completed,70,phone
B001,HB01084,C0127,S01,2026-02-10T12:00:00+11:00,2026-02-10T14:00:00+11:00,2026-02-08T12:00:00+11:00,Completed,180,online
B001,HB01085,C0002,S01,2026-02-11T09:00:00+11:00,2026-02-11T11:00:00+11:00,2026-02-01T09:00:00+11:00,Completed,180,phone
B001,HB01086,C0129,S01,2026-02-11T12:00:00+11:00,2026-02-11T13:00:00+11:00,2026-02-09T12:00:00+11:00,Completed,70,online
B001,HB01087,C0002,S01,2026-02-12T09:00:00+11:00,2026-02-12T10:00:00+11:00,2026-02-02T09:00:00+11:00,Completed,70,phone
B001,HB01088,C0131,S01,2026-02-12T12:00:00+11:00,2026-02-12T13:00:00+11:00,2026-02-10T12:00:00+11:00,Completed,70,online
B001,HB01089,C0002,S01,2026-02-13T09:00:00+11:00,2026-02-13T10:00:00+11:00,2026-02-03T09:00:00+11:00,Completed,70,phone
B001,HB01090,C0133,S01,2026-02-13T12:00:00+11:00,2026-02-13T14:00:00+11:00,2026-02-11T12:00:00+11:00,Completed,180,online
B001,HB01091,C0002,S02,2026-02-09T09:00:00+11:00,2026-02-09T10:00:00+11:00,2026-01-30T09:00:00+11:00,Completed,70,phone
B001,HB01092,C0135,S02,2026-02-09T12:00:00+11:00,2026-02-09T14:00:00+11:00,2026-02-07T12:00:00+11:00,Completed,180,online
B001,HB01093,C0002,S02,2026-02-10T09:00:00+11:00,2026-02-10T11:00:00+11:00,2026-01-31T09:00:00+11:00,Completed,180,phone
B001,HB01094,C0137,S02,2026-02-10T12:00:00+11:00,2026-02-10T13:00:00+11:00,2026-02-08T12:00:00+11:00,Completed,70,online
B001,HB01095,C0002,S02,2026-02-11T09:00:00+11:00,2026-02-11T10:00:00+11:00,2026-02-01T09:00:00+11:00,Completed,70,phone
B001,HB01096,C0139,S02,2026-02-11T12:00:00+11:00,2026-02-11T13:00:00+11:00,2026-02-09T12:00:00+11:00,Completed,70,online
B001,HB01097,C0002,S02,2026-02-12T09:00:00+11:00,2026-02-12T10:00:00+11:00,2026-02-02T09:00:00+11:00,Completed,70,phone
B001,HB01098,C0141,S02,2026-02-12T12:00:00+11:00,2026-02-12T14:00:00+11:00,2026-02-10T12:00:00+11:00,Completed,180,online
B001,HB01099,C0002,S02,2026-02-13T09:00:00+11:00,2026-02-13T11:00:00+11:00,2026-02-03T09:00:00+11:00,Completed,180,phone
B001,HB01100,C0143,S02,2026-02-13T12:00:00+11:00,2026-02-13T13:00:00+11:00,2026-02-11T12:00:00+11:00,Completed,70,online
B001,HB01101,C0002,S03,2026-02-09T09:00:00+11:00,2026-02-09T11:00:00+11:00,2026-01-30T09:00:00+11:00,Completed,180,phone
B001,HB01102,C0145,S03,2026-02-09T12:00:00+11:00,2026-02-09T13:00:00+11:00,2026-02-07T12:00:00+11:00,Completed,70,online
B001,HB01103,C0002,S03,2026-02-10T09:00:00+11:00,2026-02-10T10:00:00+11:00,2026-01-31T09:00:00+11:00,Completed,70,phone
B001,HB01104,C0147,S03,2026-02-10T12:00:00+11:00,2026-02-10T13:00:00+11:00,2026-02-08T12:00:00+11:00,Completed,70,online
B001,HB01105,C0002,S03,2026-02-11T09:00:00+11:00,2026-02-11T10:00:00+11:00,2026-02-01T09:00:00+11:00,Completed,70,phone
B001,HB01106,C0149,S03,2026-02-11T12:00:00+11:00,2026-02-11T14:00:00+11:00,2026-02-09T12:00:00+11:00,Completed,180,online
B001,HB01107,C0002,S03,2026-02-12T09:00:00+11:00,2026-02-12T11:00:00+11:00,2026-02-02T09:00:00+11:00,Completed,180,phone
B001,HB01108,C0151,S03,2026-02-12T12:00:00+11:00,2026-02-12T13:00:00+11:00,2026-02-10T12:00:00+11:00,Completed,70,online
B001,HB01109,C0002,S03,2026-02-13T09:00:00+11:00,2026-02-13T10:00:00+11:00,2026-02-03T09:00:00+11:00,Completed,70,phone
B001,HB01110,C0153,S03,2026-02-13T12:00:00+11:00,2026-02-13T13:00:00+11:00,2026-02-11T12:00:00+11:00,Completed,70,online
B001,HB01111,C0002,S01,2026-02-16T09:00:00+11:00,2026-02-16T10:00:00+11:00,2026-02-06T09:00:00+11:00,Completed,70,phone
B001,HB01112,C0155,S01,2026-02-16T12:00:00+11:00,2026-02-16T14:00:00+11:00,2026-02-14T12:00:00+11:00,Completed,180,online
B001,HB01113,C0002,S01,2026-02-17T09:00:00+11:00,2026-02-17T11:00:00+11:00,2026-02-07T09:00:00+11:00,Completed,180,phone
B001,HB01114,C0157,S01,2026-02-17T12:00:00+11:00,2026-02-17T13:00:00+11:00,2026-02-15T12:00:00+11:00,Completed,70,online
B001,HB01115,C0002,S01,2026-02-18T09:00:00+11:00,2026-02-18T10:00:00+11:00,2026-02-08T09:00:00+11:00,Completed,70,phone
B001,HB01116,C0159,S01,2026-02-18T12:00:00+11:00,2026-02-18T13:00:00+11:00,2026-02-16T12:00:00+11:00,Completed,70,online
B001,HB01117,C0002,S01,2026-02-19T09:00:00+11:00,2026-02-19T10:00:00+11:00,2026-02-09T09:00:00+11:00,Completed,70,phone
B001,HB01118,C0161,S01,2026-02-19T12:00:00+11:00,2026-02-19T14:00:00+11:00,2026-02-17T12:00:00+11:00,Completed,180,online
B001,HB01119,C0002,S01,2026-02-20T09:00:00+11:00,2026-02-20T11:00:00+11:00,2026-02-10T09:00:00+11:00,Completed,180,phone
B001,HB01120,C0003,S01,2026-02-20T12:00:00+11:00,2026-02-20T13:00:00+11:00,2026-02-18T12:00:00+11:00,Completed,70,online
B001,HB01121,C0002,S02,2026-02-16T09:00:00+11:00,2026-02-16T11:00:00+11:00,2026-02-06T09:00:00+11:00,Completed,180,phone
B001,HB01122,C0005,S02,2026-02-16T12:00:00+11:00,2026-02-16T13:00:00+11:00,2026-02-14T12:00:00+11:00,Completed,70,online
B001,HB01123,C0002,S02,2026-02-17T09:00:00+11:00,2026-02-17T10:00:00+11:00,2026-02-07T09:00:00+11:00,Completed,70,phone
B001,HB01124,C0007,S02,2026-02-17T12:00:00+11:00,2026-02-17T13:00:00+11:00,2026-02-15T12:00:00+11:00,Completed,70,online
B001,HB01125,C0002,S02,2026-02-18T09:00:00+11:00,2026-02-18T10:00:00+11:00,2026-02-08T09:00:00+11:00,Completed,70,phone
B001,HB01126,C0009,S02,2026-02-18T12:00:00+11:00,2026-02-18T14:00:00+11:00,2026-02-16T12:00:00+11:00,Completed,180,online
B001,HB01127,C0002,S02,2026-02-19T09:00:00+11:00,2026-02-19T11:00:00+11:00,2026-02-09T09:00:00+11:00,Completed,180,phone
B001,HB01128,C0011,S02,2026-02-19T12:00:00+11:00,2026-02-19T13:00:00+11:00,2026-02-17T12:00:00+11:00,Completed,70,online
B001,HB01129,C0002,S02,2026-02-20T09:00:00+11:00,2026-02-20T10:00:00+11:00,2026-02-10T09:00:00+11:00,Completed,70,phone
B001,HB01130,C0013,S02,2026-02-20T12:00:00+11:00,2026-02-20T13:00:00+11:00,2026-02-18T12:00:00+11:00,Completed,70,online
B001,HB01131,C0002,S03,2026-02-16T09:00:00+11:00,2026-02-16T10:00:00+11:00,2026-02-06T09:00:00+11:00,Completed,70,phone
B001,HB01132,C0015,S03,2026-02-16T12:00:00+11:00,2026-02-16T13:00:00+11:00,2026-02-14T12:00:00+11:00,Completed,70,online
B001,HB01133,C0002,S03,2026-02-17T09:00:00+11:00,2026-02-17T10:00:00+11:00,2026-02-07T09:00:00+11:00,Completed,70,phone
B001,HB01134,C0017,S03,2026-02-17T12:00:00+11:00,2026-02-17T14:00:00+11:00,2026-02-15T12:00:00+11:00,Completed,180,online
B001,HB01135,C0002,S03,2026-02-18T09:00:00+11:00,2026-02-18T11:00:00+11:00,2026-02-08T09:00:00+11:00,Completed,180,phone
B001,HB01136,C0019,S03,2026-02-18T12:00:00+11:00,2026-02-18T13:00:00+11:00,2026-02-16T12:00:00+11:00,Completed,70,online
B001,HB01137,C0002,S03,2026-02-19T09:00:00+11:00,2026-02-19T10:00:00+11:00,2026-02-09T09:00:00+11:00,Completed,70,phone
B001,HB01138,C0021,S03,2026-02-19T12:00:00+11:00,2026-02-19T13:00:00+11:00,2026-02-17T12:00:00+11:00,Completed,70,online
B001,HB01139,C0002,S03,2026-02-20T09:00:00+11:00,2026-02-20T10:00:00+11:00,2026-02-10T09:00:00+11:00,Completed,70,phone
B001,HB01140,C0023,S03,2026-02-20T12:00:00+11:00,2026-02-20T14:00:00+11:00,2026-02-18T12:00:00+11:00,Completed,180,online
B001,HB01141,C0002,S01,2026-02-23T09:00:00+11:00,2026-02-23T11:00:00+11:00,2026-02-13T09:00:00+11:00,Completed,180,phone
B001,HB01142,C0025,S01,2026-02-23T12:00:00+11:00,2026-02-23T13:00:00+11:00,2026-02-21T12:00:00+11:00,Completed,70,online
B001,HB01143,C0002,S01,2026-02-24T09:00:00+11:00,2026-02-24T10:00:00+11:00,2026-02-14T09:00:00+11:00,Completed,70,phone
B001,HB01144,C0027,S01,2026-02-24T12:00:00+11:00,2026-02-24T13:00:00+11:00,2026-02-22T12:00:00+11:00,Completed,70,online
B001,HB01145,C0002,S01,2026-02-25T09:00:00+11:00,2026-02-25T10:00:00+11:00,2026-02-15T09:00:00+11:00,Completed,70,phone
B001,HB01146,C0029,S01,2026-02-25T12:00:00+11:00,2026-02-25T14:00:00+11:00,2026-02-23T12:00:00+11:00,Completed,180,online
B001,HB01147,C0002,S01,2026-02-26T09:00:00+11:00,2026-02-26T11:00:00+11:00,2026-02-16T09:00:00+11:00,Completed,180,phone
B001,HB01148,C0031,S01,2026-02-26T12:00:00+11:00,2026-02-26T13:00:00+11:00,2026-02-24T12:00:00+11:00,Completed,70,online
B001,HB01149,C0002,S01,2026-02-27T09:00:00+11:00,2026-02-27T10:00:00+11:00,2026-02-17T09:00:00+11:00,Completed,70,phone
B001,HB01150,C0033,S01,2026-02-27T12:00:00+11:00,2026-02-27T13:00:00+11:00,2026-02-25T12:00:00+11:00,Completed,70,online
B001,HB01151,C0002,S02,2026-02-23T09:00:00+11:00,2026-02-23T10:00:00+11:00,2026-02-13T09:00:00+11:00,Completed,70,phone
B001,HB01152,C0035,S02,2026-02-23T12:00:00+11:00,2026-02-23T13:00:00+11:00,2026-02-21T12:00:00+11:00,Completed,70,online
B001,HB01153,C0002,S02,2026-02-24T09:00:00+11:00,2026-02-24T10:00:00+11:00,2026-02-14T09:00:00+11:00,Completed,70,phone
B001,HB01154,C0037,S02,2026-02-24T12:00:00+11:00,2026-02-24T14:00:00+11:00,2026-02-22T12:00:00+11:00,Completed,180,online
B001,HB01155,C0002,S02,2026-02-25T09:00:00+11:00,2026-02-25T11:00:00+11:00,2026-02-15T09:00:00+11:00,Completed,180,phone
B001,HB01156,C0039,S02,2026-02-25T12:00:00+11:00,2026-02-25T13:00:00+11:00,2026-02-23T12:00:00+11:00,Completed,70,online
B001,HB01157,C0002,S02,2026-02-26T09:00:00+11:00,2026-02-26T10:00:00+11:00,2026-02-16T09:00:00+11:00,Completed,70,phone
B001,HB01158,C0041,S02,2026-02-26T12:00:00+11:00,2026-02-26T13:00:00+11:00,2026-02-24T12:00:00+11:00,Completed,70,online
B001,HB01159,C0002,S02,2026-02-27T09:00:00+11:00,2026-02-27T10:00:00+11:00,2026-02-17T09:00:00+11:00,Completed,70,phone
B001,HB01160,C0043,S02,2026-02-27T12:00:00+11:00,2026-02-27T14:00:00+11:00,2026-02-25T12:00:00+11:00,Completed,180,online
B001,HB01161,C0002,S03,2026-02-23T09:00:00+11:00,2026-02-23T10:00:00+11:00,2026-02-13T09:00:00+11:00,Completed,70,phone
B001,HB01162,C0045,S03,2026-02-23T12:00:00+11:00,2026-02-23T14:00:00+11:00,2026-02-21T12:00:00+11:00,Completed,180,online
B001,HB01163,C0002,S03,2026-02-24T09:00:00+11:00,2026-02-24T11:00:00+11:00,2026-02-14T09:00:00+11:00,Completed,180,phone
B001,HB01164,C0047,S03,2026-02-24T12:00:00+11:00,2026-02-24T13:00:00+11:00,2026-02-22T12:00:00+11:00,Completed,70,online
B001,HB01165,C0002,S03,2026-02-25T09:00:00+11:00,2026-02-25T10:00:00+11:00,2026-02-15T09:00:00+11:00,Completed,70,phone
B001,HB01166,C0049,S03,2026-02-25T12:00:00+11:00,2026-02-25T13:00:00+11:00,2026-02-23T12:00:00+11:00,Completed,70,online
B001,HB01167,C0002,S03,2026-02-26T09:00:00+11:00,2026-02-26T10:00:00+11:00,2026-02-16T09:00:00+11:00,Completed,70,phone
B001,HB01168,C0051,S03,2026-02-26T12:00:00+11:00,2026-02-26T14:00:00+11:00,2026-02-24T12:00:00+11:00,Completed,180,online
B001,HB01169,C0002,S03,2026-02-27T09:00:00+11:00,2026-02-27T11:00:00+11:00,2026-02-17T09:00:00+11:00,Completed,180,phone
B001,HB01170,C0053,S03,2026-02-27T12:00:00+11:00,2026-02-27T13:00:00+11:00,2026-02-25T12:00:00+11:00,Completed,70,online
B001,HB01171,C0002,S01,2026-03-02T09:00:00+11:00,2026-03-02T10:00:00+11:00,2026-02-20T09:00:00+11:00,Completed,70,phone
B001,HB01172,C0055,S01,2026-03-02T12:00:00+11:00,2026-03-02T13:00:00+11:00,2026-02-28T12:00:00+11:00,Completed,70,online
B001,HB01173,C0002,S01,2026-03-03T09:00:00+11:00,2026-03-03T10:00:00+11:00,2026-02-21T09:00:00+11:00,Completed,70,phone
B001,HB01174,C0057,S01,2026-03-03T12:00:00+11:00,2026-03-03T14:00:00+11:00,2026-03-01T12:00:00+11:00,Completed,180,online
B001,HB01175,C0002,S01,2026-03-04T09:00:00+11:00,2026-03-04T11:00:00+11:00,2026-02-22T09:00:00+11:00,Completed,180,phone
B001,HB01176,C0059,S01,2026-03-04T12:00:00+11:00,2026-03-04T13:00:00+11:00,2026-03-02T12:00:00+11:00,Completed,70,online
B001,HB01177,C0002,S01,2026-03-05T09:00:00+11:00,2026-03-05T10:00:00+11:00,2026-02-23T09:00:00+11:00,Completed,70,phone
B001,HB01178,C0061,S01,2026-03-05T12:00:00+11:00,2026-03-05T13:00:00+11:00,2026-03-03T12:00:00+11:00,Completed,70,online
B001,HB01179,C0002,S01,2026-03-06T09:00:00+11:00,2026-03-06T10:00:00+11:00,2026-02-24T09:00:00+11:00,Completed,70,phone
B001,HB01180,C0063,S01,2026-03-06T12:00:00+11:00,2026-03-06T14:00:00+11:00,2026-03-04T12:00:00+11:00,Completed,180,online
B001,HB01181,C0002,S02,2026-03-02T09:00:00+11:00,2026-03-02T10:00:00+11:00,2026-02-20T09:00:00+11:00,Completed,70,phone
B001,HB01182,C0065,S02,2026-03-02T12:00:00+11:00,2026-03-02T14:00:00+11:00,2026-02-28T12:00:00+11:00,Completed,180,online
B001,HB01183,C0002,S02,2026-03-03T09:00:00+11:00,2026-03-03T11:00:00+11:00,2026-02-21T09:00:00+11:00,Completed,180,phone
B001,HB01184,C0067,S02,2026-03-03T12:00:00+11:00,2026-03-03T13:00:00+11:00,2026-03-01T12:00:00+11:00,Completed,70,online
B001,HB01185,C0002,S02,2026-03-04T09:00:00+11:00,2026-03-04T10:00:00+11:00,2026-02-22T09:00:00+11:00,Completed,70,phone
B001,HB01186,C0069,S02,2026-03-04T12:00:00+11:00,2026-03-04T13:00:00+11:00,2026-03-02T12:00:00+11:00,Completed,70,online
B001,HB01187,C0002,S02,2026-03-05T09:00:00+11:00,2026-03-05T10:00:00+11:00,2026-02-23T09:00:00+11:00,Completed,70,phone
B001,HB01188,C0071,S02,2026-03-05T12:00:00+11:00,2026-03-05T14:00:00+11:00,2026-03-03T12:00:00+11:00,Completed,180,online
B001,HB01189,C0002,S02,2026-03-06T09:00:00+11:00,2026-03-06T11:00:00+11:00,2026-02-24T09:00:00+11:00,Completed,180,phone
B001,HB01190,C0073,S02,2026-03-06T12:00:00+11:00,2026-03-06T13:00:00+11:00,2026-03-04T12:00:00+11:00,Completed,70,online
B001,HB01191,C0002,S03,2026-03-02T09:00:00+11:00,2026-03-02T11:00:00+11:00,2026-02-20T09:00:00+11:00,Completed,180,phone
B001,HB01192,C0075,S03,2026-03-02T12:00:00+11:00,2026-03-02T13:00:00+11:00,2026-02-28T12:00:00+11:00,Completed,70,online
B001,HB01193,C0002,S03,2026-03-03T09:00:00+11:00,2026-03-03T10:00:00+11:00,2026-02-21T09:00:00+11:00,Completed,70,phone
B001,HB01194,C0077,S03,2026-03-03T12:00:00+11:00,2026-03-03T13:00:00+11:00,2026-03-01T12:00:00+11:00,Completed,70,online
B001,HB01195,C0002,S03,2026-03-04T09:00:00+11:00,2026-03-04T10:00:00+11:00,2026-02-22T09:00:00+11:00,Completed,70,phone
B001,HB01196,C0079,S03,2026-03-04T12:00:00+11:00,2026-03-04T14:00:00+11:00,2026-03-02T12:00:00+11:00,Completed,180,online
B001,HB01197,C0002,S03,2026-03-05T09:00:00+11:00,2026-03-05T11:00:00+11:00,2026-02-23T09:00:00+11:00,Completed,180,phone
B001,HB01198,C0081,S03,2026-03-05T12:00:00+11:00,2026-03-05T13:00:00+11:00,2026-03-03T12:00:00+11:00,Completed,70,online
B001,HB01199,C0002,S03,2026-03-06T09:00:00+11:00,2026-03-06T10:00:00+11:00,2026-02-24T09:00:00+11:00,Completed,70,phone
B001,HB01200,C0083,S03,2026-03-06T12:00:00+11:00,2026-03-06T13:00:00+11:00,2026-03-04T12:00:00+11:00,Completed,70,online
B001,HB01201,C0002,S01,2026-03-09T09:00:00+11:00,2026-03-09T10:00:00+11:00,2026-02-27T09:00:00+11:00,Completed,70,phone
B001,HB01202,C0085,S01,2026-03-09T12:00:00+11:00,2026-03-09T14:00:00+11:00,2026-03-07T12:00:00+11:00,Completed,180,online
B001,HB01203,C0002,S01,2026-03-10T09:00:00+11:00,2026-03-10T11:00:00+11:00,2026-02-28T09:00:00+11:00,Completed,180,phone
B001,HB01204,C0087,S01,2026-03-10T12:00:00+11:00,2026-03-10T13:00:00+11:00,2026-03-08T12:00:00+11:00,Completed,70,online
B001,HB01205,C0002,S01,2026-03-11T09:00:00+11:00,2026-03-11T10:00:00+11:00,2026-03-01T09:00:00+11:00,Completed,70,phone
B001,HB01206,C0089,S01,2026-03-11T12:00:00+11:00,2026-03-11T13:00:00+11:00,2026-03-09T12:00:00+11:00,Completed,70,online
B001,HB01207,C0002,S01,2026-03-12T09:00:00+11:00,2026-03-12T10:00:00+11:00,2026-03-02T09:00:00+11:00,Completed,70,phone
B001,HB01208,C0091,S01,2026-03-12T12:00:00+11:00,2026-03-12T14:00:00+11:00,2026-03-10T12:00:00+11:00,Completed,180,online
B001,HB01209,C0002,S01,2026-03-13T09:00:00+11:00,2026-03-13T11:00:00+11:00,2026-03-03T09:00:00+11:00,Completed,180,phone
B001,HB01210,C0093,S01,2026-03-13T12:00:00+11:00,2026-03-13T13:00:00+11:00,2026-03-11T12:00:00+11:00,Completed,70,online
B001,HB01211,C0002,S02,2026-03-09T09:00:00+11:00,2026-03-09T11:00:00+11:00,2026-02-27T09:00:00+11:00,Completed,180,phone
B001,HB01212,C0095,S02,2026-03-09T12:00:00+11:00,2026-03-09T13:00:00+11:00,2026-03-07T12:00:00+11:00,Completed,70,online
B001,HB01213,C0002,S02,2026-03-10T09:00:00+11:00,2026-03-10T10:00:00+11:00,2026-02-28T09:00:00+11:00,Completed,70,phone
B001,HB01214,C0097,S02,2026-03-10T12:00:00+11:00,2026-03-10T13:00:00+11:00,2026-03-08T12:00:00+11:00,Completed,70,online
B001,HB01215,C0002,S02,2026-03-11T09:00:00+11:00,2026-03-11T10:00:00+11:00,2026-03-01T09:00:00+11:00,Completed,70,phone
B001,HB01216,C0099,S02,2026-03-11T12:00:00+11:00,2026-03-11T14:00:00+11:00,2026-03-09T12:00:00+11:00,Completed,180,online
B001,HB01217,C0002,S02,2026-03-12T09:00:00+11:00,2026-03-12T11:00:00+11:00,2026-03-02T09:00:00+11:00,Completed,180,phone
B001,HB01218,C0101,S02,2026-03-12T12:00:00+11:00,2026-03-12T13:00:00+11:00,2026-03-10T12:00:00+11:00,Completed,70,online
B001,HB01219,C0002,S02,2026-03-13T09:00:00+11:00,2026-03-13T10:00:00+11:00,2026-03-03T09:00:00+11:00,Completed,70,phone
B001,HB01220,C0103,S02,2026-03-13T12:00:00+11:00,2026-03-13T13:00:00+11:00,2026-03-11T12:00:00+11:00,Completed,70,online
B001,HB01221,C0002,S03,2026-03-09T09:00:00+11:00,2026-03-09T10:00:00+11:00,2026-02-27T09:00:00+11:00,Completed,70,phone
B001,HB01222,C0105,S03,2026-03-09T12:00:00+11:00,2026-03-09T13:00:00+11:00,2026-03-07T12:00:00+11:00,Completed,70,online
B001,HB01223,C0002,S03,2026-03-10T09:00:00+11:00,2026-03-10T10:00:00+11:00,2026-02-28T09:00:00+11:00,Completed,70,phone
B001,HB01224,C0107,S03,2026-03-10T12:00:00+11:00,2026-03-10T14:00:00+11:00,2026-03-08T12:00:00+11:00,Completed,180,online
B001,HB01225,C0002,S03,2026-03-11T09:00:00+11:00,2026-03-11T11:00:00+11:00,2026-03-01T09:00:00+11:00,Completed,180,phone
B001,HB01226,C0109,S03,2026-03-11T12:00:00+11:00,2026-03-11T13:00:00+11:00,2026-03-09T12:00:00+11:00,Completed,70,online
B001,HB01227,C0002,S03,2026-03-12T09:00:00+11:00,2026-03-12T10:00:00+11:00,2026-03-02T09:00:00+11:00,Completed,70,phone
B001,HB01228,C0111,S03,2026-03-12T12:00:00+11:00,2026-03-12T13:00:00+11:00,2026-03-10T12:00:00+11:00,Completed,70,online
B001,HB01229,C0002,S03,2026-03-13T09:00:00+11:00,2026-03-13T10:00:00+11:00,2026-03-03T09:00:00+11:00,Completed,70,phone
B001,HB01230,C0113,S03,2026-03-13T12:00:00+11:00,2026-03-13T14:00:00+11:00,2026-03-11T12:00:00+11:00,Completed,180,online
B001,HB01231,C0002,S01,2026-03-16T09:00:00+11:00,2026-03-16T11:00:00+11:00,2026-03-06T09:00:00+11:00,Completed,180,phone
B001,HB01232,C0115,S01,2026-03-16T12:00:00+11:00,2026-03-16T13:00:00+11:00,2026-03-14T12:00:00+11:00,Completed,70,online
B001,HB01233,C0002,S01,2026-03-17T09:00:00+11:00,2026-03-17T10:00:00+11:00,2026-03-07T09:00:00+11:00,Completed,70,phone
B001,HB01234,C0117,S01,2026-03-17T12:00:00+11:00,2026-03-17T13:00:00+11:00,2026-03-15T12:00:00+11:00,Completed,70,online
B001,HB01235,C0002,S01,2026-03-18T09:00:00+11:00,2026-03-18T10:00:00+11:00,2026-03-08T09:00:00+11:00,Completed,70,phone
B001,HB01236,C0119,S01,2026-03-18T12:00:00+11:00,2026-03-18T14:00:00+11:00,2026-03-16T12:00:00+11:00,Completed,180,online
B001,HB01237,C0002,S01,2026-03-19T09:00:00+11:00,2026-03-19T11:00:00+11:00,2026-03-09T09:00:00+11:00,Completed,180,phone
B001,HB01238,C0121,S01,2026-03-19T12:00:00+11:00,2026-03-19T13:00:00+11:00,2026-03-17T12:00:00+11:00,Completed,70,online
B001,HB01239,C0002,S01,2026-03-20T09:00:00+11:00,2026-03-20T10:00:00+11:00,2026-03-10T09:00:00+11:00,Completed,70,phone
B001,HB01240,C0123,S01,2026-03-20T12:00:00+11:00,2026-03-20T13:00:00+11:00,2026-03-18T12:00:00+11:00,Completed,70,online
B001,HB01241,C0002,S02,2026-03-16T09:00:00+11:00,2026-03-16T10:00:00+11:00,2026-03-06T09:00:00+11:00,Completed,70,phone
B001,HB01242,C0125,S02,2026-03-16T12:00:00+11:00,2026-03-16T13:00:00+11:00,2026-03-14T12:00:00+11:00,Completed,70,online
B001,HB01243,C0002,S02,2026-03-17T09:00:00+11:00,2026-03-17T10:00:00+11:00,2026-03-07T09:00:00+11:00,Completed,70,phone
B001,HB01244,C0127,S02,2026-03-17T12:00:00+11:00,2026-03-17T14:00:00+11:00,2026-03-15T12:00:00+11:00,Completed,180,online
B001,HB01245,C0002,S02,2026-03-18T09:00:00+11:00,2026-03-18T11:00:00+11:00,2026-03-08T09:00:00+11:00,Completed,180,phone
B001,HB01246,C0129,S02,2026-03-18T12:00:00+11:00,2026-03-18T13:00:00+11:00,2026-03-16T12:00:00+11:00,Completed,70,online
B001,HB01247,C0002,S02,2026-03-19T09:00:00+11:00,2026-03-19T10:00:00+11:00,2026-03-09T09:00:00+11:00,Completed,70,phone
B001,HB01248,C0131,S02,2026-03-19T12:00:00+11:00,2026-03-19T13:00:00+11:00,2026-03-17T12:00:00+11:00,Completed,70,online
B001,HB01249,C0002,S02,2026-03-20T09:00:00+11:00,2026-03-20T10:00:00+11:00,2026-03-10T09:00:00+11:00,Completed,70,phone
B001,HB01250,C0133,S02,2026-03-20T12:00:00+11:00,2026-03-20T14:00:00+11:00,2026-03-18T12:00:00+11:00,Completed,180,online
B001,HB01251,C0002,S03,2026-03-16T09:00:00+11:00,2026-03-16T10:00:00+11:00,2026-03-06T09:00:00+11:00,Completed,70,phone
B001,HB01252,C0135,S03,2026-03-16T12:00:00+11:00,2026-03-16T14:00:00+11:00,2026-03-14T12:00:00+11:00,Completed,180,online
B001,HB01253,C0002,S03,2026-03-17T09:00:00+11:00,2026-03-17T11:00:00+11:00,2026-03-07T09:00:00+11:00,Completed,180,phone
B001,HB01254,C0137,S03,2026-03-17T12:00:00+11:00,2026-03-17T13:00:00+11:00,2026-03-15T12:00:00+11:00,Completed,70,online
B001,HB01255,C0002,S03,2026-03-18T09:00:00+11:00,2026-03-18T10:00:00+11:00,2026-03-08T09:00:00+11:00,Completed,70,phone
B001,HB01256,C0139,S03,2026-03-18T12:00:00+11:00,2026-03-18T13:00:00+11:00,2026-03-16T12:00:00+11:00,Completed,70,online
B001,HB01257,C0002,S03,2026-03-19T09:00:00+11:00,2026-03-19T10:00:00+11:00,2026-03-09T09:00:00+11:00,Completed,70,phone
B001,HB01258,C0141,S03,2026-03-19T12:00:00+11:00,2026-03-19T14:00:00+11:00,2026-03-17T12:00:00+11:00,Completed,180,online
B001,HB01259,C0002,S03,2026-03-20T09:00:00+11:00,2026-03-20T11:00:00+11:00,2026-03-10T09:00:00+11:00,Completed,180,phone
B001,HB01260,C0143,S03,2026-03-20T12:00:00+11:00,2026-03-20T13:00:00+11:00,2026-03-18T12:00:00+11:00,Completed,70,online
B001,HB01261,C0002,S01,2026-03-23T09:00:00+11:00,2026-03-23T10:00:00+11:00,2026-03-13T09:00:00+11:00,Completed,70,phone
B001,HB01262,C0145,S01,2026-03-23T12:00:00+11:00,2026-03-23T13:00:00+11:00,2026-03-21T12:00:00+11:00,Completed,70,online
B001,HB01263,C0002,S01,2026-03-24T09:00:00+11:00,2026-03-24T10:00:00+11:00,2026-03-14T09:00:00+11:00,Completed,70,phone
B001,HB01264,C0147,S01,2026-03-24T12:00:00+11:00,2026-03-24T14:00:00+11:00,2026-03-22T12:00:00+11:00,Completed,180,online
B001,HB01265,C0002,S01,2026-03-25T09:00:00+11:00,2026-03-25T11:00:00+11:00,2026-03-15T09:00:00+11:00,Completed,180,phone
B001,HB01266,C0149,S01,2026-03-25T12:00:00+11:00,2026-03-25T13:00:00+11:00,2026-03-23T12:00:00+11:00,Completed,70,online
B001,HB01267,C0002,S01,2026-03-26T09:00:00+11:00,2026-03-26T10:00:00+11:00,2026-03-16T09:00:00+11:00,Completed,70,phone
B001,HB01268,C0151,S01,2026-03-26T12:00:00+11:00,2026-03-26T13:00:00+11:00,2026-03-24T12:00:00+11:00,Completed,70,online
B001,HB01269,C0002,S01,2026-03-27T09:00:00+11:00,2026-03-27T10:00:00+11:00,2026-03-17T09:00:00+11:00,Completed,70,phone
B001,HB01270,C0153,S01,2026-03-27T12:00:00+11:00,2026-03-27T14:00:00+11:00,2026-03-25T12:00:00+11:00,Completed,180,online
B001,HB01271,C0002,S02,2026-03-23T09:00:00+11:00,2026-03-23T10:00:00+11:00,2026-03-13T09:00:00+11:00,Completed,70,phone
B001,HB01272,C0155,S02,2026-03-23T12:00:00+11:00,2026-03-23T14:00:00+11:00,2026-03-21T12:00:00+11:00,Completed,180,online
B001,HB01273,C0002,S02,2026-03-24T09:00:00+11:00,2026-03-24T11:00:00+11:00,2026-03-14T09:00:00+11:00,Completed,180,phone
B001,HB01274,C0157,S02,2026-03-24T12:00:00+11:00,2026-03-24T13:00:00+11:00,2026-03-22T12:00:00+11:00,Completed,70,online
B001,HB01275,C0002,S02,2026-03-25T09:00:00+11:00,2026-03-25T10:00:00+11:00,2026-03-15T09:00:00+11:00,Completed,70,phone
B001,HB01276,C0159,S02,2026-03-25T12:00:00+11:00,2026-03-25T13:00:00+11:00,2026-03-23T12:00:00+11:00,Completed,70,online
B001,HB01277,C0002,S02,2026-03-26T09:00:00+11:00,2026-03-26T10:00:00+11:00,2026-03-16T09:00:00+11:00,Completed,70,phone
B001,HB01278,C0161,S02,2026-03-26T12:00:00+11:00,2026-03-26T14:00:00+11:00,2026-03-24T12:00:00+11:00,Completed,180,online
B001,HB01279,C0002,S02,2026-03-27T09:00:00+11:00,2026-03-27T11:00:00+11:00,2026-03-17T09:00:00+11:00,Completed,180,phone
B001,HB01280,C0003,S02,2026-03-27T12:00:00+11:00,2026-03-27T13:00:00+11:00,2026-03-25T12:00:00+11:00,Completed,70,online
B001,HB01281,C0002,S03,2026-03-23T09:00:00+11:00,2026-03-23T11:00:00+11:00,2026-03-13T09:00:00+11:00,Completed,180,phone
B001,HB01282,C0005,S03,2026-03-23T12:00:00+11:00,2026-03-23T13:00:00+11:00,2026-03-21T12:00:00+11:00,Completed,70,online
B001,HB01283,C0002,S03,2026-03-24T09:00:00+11:00,2026-03-24T10:00:00+11:00,2026-03-14T09:00:00+11:00,Completed,70,phone
B001,HB01284,C0007,S03,2026-03-24T12:00:00+11:00,2026-03-24T13:00:00+11:00,2026-03-22T12:00:00+11:00,Completed,70,online
B001,HB01285,C0002,S03,2026-03-25T09:00:00+11:00,2026-03-25T10:00:00+11:00,2026-03-15T09:00:00+11:00,Completed,70,phone
B001,HB01286,C0009,S03,2026-03-25T12:00:00+11:00,2026-03-25T14:00:00+11:00,2026-03-23T12:00:00+11:00,Completed,180,online
B001,HB01287,C0002,S03,2026-03-26T09:00:00+11:00,2026-03-26T11:00:00+11:00,2026-03-16T09:00:00+11:00,Completed,180,phone
B001,HB01288,C0011,S03,2026-03-26T12:00:00+11:00,2026-03-26T13:00:00+11:00,2026-03-24T12:00:00+11:00,Completed,70,online
B001,HB01289,C0002,S03,2026-03-27T09:00:00+11:00,2026-03-27T10:00:00+11:00,2026-03-17T09:00:00+11:00,Completed,70,phone
B001,HB01290,C0013,S03,2026-03-27T12:00:00+11:00,2026-03-27T13:00:00+11:00,2026-03-25T12:00:00+11:00,Completed,70,online
B001,HB01291,C0002,S01,2026-03-30T09:00:00+11:00,2026-03-30T10:00:00+11:00,2026-03-20T09:00:00+11:00,Completed,70,phone
B001,HB01292,C0015,S01,2026-03-30T12:00:00+11:00,2026-03-30T14:00:00+11:00,2026-03-28T12:00:00+11:00,Completed,180,online
B001,HB01293,C0002,S01,2026-03-31T09:00:00+11:00,2026-03-31T11:00:00+11:00,2026-03-21T09:00:00+11:00,Completed,180,phone
B001,HB01294,C0017,S01,2026-03-31T12:00:00+11:00,2026-03-31T13:00:00+11:00,2026-03-29T12:00:00+11:00,Completed,70,online
B001,HB01295,C0002,S01,2026-04-01T09:00:00+11:00,2026-04-01T10:00:00+11:00,2026-03-22T09:00:00+11:00,Completed,70,phone
B001,HB01296,C0019,S01,2026-04-01T12:00:00+11:00,2026-04-01T13:00:00+11:00,2026-03-30T12:00:00+11:00,Completed,70,online
B001,HB01297,C0002,S01,2026-04-02T09:00:00+11:00,2026-04-02T10:00:00+11:00,2026-03-23T09:00:00+11:00,Completed,70,phone
B001,HB01298,C0021,S01,2026-04-02T12:00:00+11:00,2026-04-02T14:00:00+11:00,2026-03-31T12:00:00+11:00,Completed,180,online
B001,HB01299,C0002,S01,2026-04-03T09:00:00+11:00,2026-04-03T11:00:00+11:00,2026-03-24T09:00:00+11:00,Completed,180,phone
B001,HB01300,C0023,S01,2026-04-03T12:00:00+11:00,2026-04-03T13:00:00+11:00,2026-04-01T12:00:00+11:00,Completed,70,online
B001,HB01301,C0002,S02,2026-03-30T09:00:00+11:00,2026-03-30T11:00:00+11:00,2026-03-20T09:00:00+11:00,Completed,180,phone
B001,HB01302,C0025,S02,2026-03-30T12:00:00+11:00,2026-03-30T13:00:00+11:00,2026-03-28T12:00:00+11:00,Completed,70,online
B001,HB01303,C0002,S02,2026-03-31T09:00:00+11:00,2026-03-31T10:00:00+11:00,2026-03-21T09:00:00+11:00,Completed,70,phone
B001,HB01304,C0027,S02,2026-03-31T12:00:00+11:00,2026-03-31T13:00:00+11:00,2026-03-29T12:00:00+11:00,Completed,70,online
B001,HB01305,C0002,S02,2026-04-01T09:00:00+11:00,2026-04-01T10:00:00+11:00,2026-03-22T09:00:00+11:00,Completed,70,phone
B001,HB01306,C0029,S02,2026-04-01T12:00:00+11:00,2026-04-01T14:00:00+11:00,2026-03-30T12:00:00+11:00,Completed,180,online
B001,HB01307,C0002,S02,2026-04-02T09:00:00+11:00,2026-04-02T11:00:00+11:00,2026-03-23T09:00:00+11:00,Completed,180,phone
B001,HB01308,C0031,S02,2026-04-02T12:00:00+11:00,2026-04-02T13:00:00+11:00,2026-03-31T12:00:00+11:00,Completed,70,online
B001,HB01309,C0002,S02,2026-04-03T09:00:00+11:00,2026-04-03T10:00:00+11:00,2026-03-24T09:00:00+11:00,Completed,70,phone
B001,HB01310,C0033,S02,2026-04-03T12:00:00+11:00,2026-04-03T13:00:00+11:00,2026-04-01T12:00:00+11:00,Completed,70,online
B001,HB01311,C0002,S03,2026-03-30T09:00:00+11:00,2026-03-30T10:00:00+11:00,2026-03-20T09:00:00+11:00,Completed,70,phone
B001,HB01312,C0035,S03,2026-03-30T12:00:00+11:00,2026-03-30T13:00:00+11:00,2026-03-28T12:00:00+11:00,Completed,70,online
B001,HB01313,C0002,S03,2026-03-31T09:00:00+11:00,2026-03-31T10:00:00+11:00,2026-03-21T09:00:00+11:00,Completed,70,phone
B001,HB01314,C0037,S03,2026-03-31T12:00:00+11:00,2026-03-31T14:00:00+11:00,2026-03-29T12:00:00+11:00,Completed,180,online
B001,HB01315,C0002,S03,2026-04-01T09:00:00+11:00,2026-04-01T11:00:00+11:00,2026-03-22T09:00:00+11:00,Completed,180,phone
B001,HB01316,C0039,S03,2026-04-01T12:00:00+11:00,2026-04-01T13:00:00+11:00,2026-03-30T12:00:00+11:00,Completed,70,online
B001,HB01317,C0002,S03,2026-04-02T09:00:00+11:00,2026-04-02T10:00:00+11:00,2026-03-23T09:00:00+11:00,Completed,70,phone
B001,HB01318,C0041,S03,2026-04-02T12:00:00+11:00,2026-04-02T13:00:00+11:00,2026-03-31T12:00:00+11:00,Completed,70,online
B001,HB01319,C0002,S03,2026-04-03T09:00:00+11:00,2026-04-03T10:00:00+11:00,2026-03-24T09:00:00+11:00,Completed,70,phone
B001,HB01320,C0043,S03,2026-04-03T12:00:00+11:00,2026-04-03T14:00:00+11:00,2026-04-01T12:00:00+11:00,Completed,180,online
B001,HB01321,C0002,S01,2026-04-06T09:00:00+10:00,2026-04-06T11:00:00+10:00,2026-03-27T09:00:00+10:00,Completed,180,phone
B001,HB01322,C0045,S01,2026-04-06T12:00:00+10:00,2026-04-06T13:00:00+10:00,2026-04-04T12:00:00+10:00,Completed,70,online
B001,HB01323,C0002,S01,2026-04-07T09:00:00+10:00,2026-04-07T10:00:00+10:00,2026-03-28T09:00:00+10:00,Completed,70,phone
B001,HB01324,C0047,S01,2026-04-07T12:00:00+10:00,2026-04-07T13:00:00+10:00,2026-04-05T12:00:00+10:00,Completed,70,online
B001,HB01325,C0002,S01,2026-04-08T09:00:00+10:00,2026-04-08T10:00:00+10:00,2026-03-29T09:00:00+10:00,Completed,70,phone
B001,HB01326,C0049,S01,2026-04-08T12:00:00+10:00,2026-04-08T14:00:00+10:00,2026-04-06T12:00:00+10:00,Completed,180,online
B001,HB01327,C0002,S01,2026-04-09T09:00:00+10:00,2026-04-09T11:00:00+10:00,2026-03-30T09:00:00+10:00,Completed,180,phone
B001,HB01328,C0051,S01,2026-04-09T12:00:00+10:00,2026-04-09T13:00:00+10:00,2026-04-07T12:00:00+10:00,Completed,70,online
B001,HB01329,C0002,S01,2026-04-10T09:00:00+10:00,2026-04-10T10:00:00+10:00,2026-03-31T09:00:00+10:00,Completed,70,phone
B001,HB01330,C0053,S01,2026-04-10T12:00:00+10:00,2026-04-10T13:00:00+10:00,2026-04-08T12:00:00+10:00,Completed,70,online
B001,HB01331,C0002,S02,2026-04-06T09:00:00+10:00,2026-04-06T10:00:00+10:00,2026-03-27T09:00:00+10:00,Completed,70,phone
B001,HB01332,C0055,S02,2026-04-06T12:00:00+10:00,2026-04-06T13:00:00+10:00,2026-04-04T12:00:00+10:00,Completed,70,online
B001,HB01333,C0002,S02,2026-04-07T09:00:00+10:00,2026-04-07T10:00:00+10:00,2026-03-28T09:00:00+10:00,Completed,70,phone
B001,HB01334,C0057,S02,2026-04-07T12:00:00+10:00,2026-04-07T14:00:00+10:00,2026-04-05T12:00:00+10:00,Completed,180,online
B001,HB01335,C0002,S02,2026-04-08T09:00:00+10:00,2026-04-08T11:00:00+10:00,2026-03-29T09:00:00+10:00,Completed,180,phone
B001,HB01336,C0059,S02,2026-04-08T12:00:00+10:00,2026-04-08T13:00:00+10:00,2026-04-06T12:00:00+10:00,Completed,70,online
B001,HB01337,C0002,S02,2026-04-09T09:00:00+10:00,2026-04-09T10:00:00+10:00,2026-03-30T09:00:00+10:00,Completed,70,phone
B001,HB01338,C0061,S02,2026-04-09T12:00:00+10:00,2026-04-09T13:00:00+10:00,2026-04-07T12:00:00+10:00,Completed,70,online
B001,HB01339,C0002,S02,2026-04-10T09:00:00+10:00,2026-04-10T10:00:00+10:00,2026-03-31T09:00:00+10:00,Completed,70,phone
B001,HB01340,C0063,S02,2026-04-10T12:00:00+10:00,2026-04-10T14:00:00+10:00,2026-04-08T12:00:00+10:00,Completed,180,online
B001,HB01341,C0002,S03,2026-04-06T09:00:00+10:00,2026-04-06T10:00:00+10:00,2026-03-27T09:00:00+10:00,Completed,70,phone
B001,HB01342,C0065,S03,2026-04-06T12:00:00+10:00,2026-04-06T14:00:00+10:00,2026-04-04T12:00:00+10:00,Completed,180,online
B001,HB01343,C0002,S03,2026-04-07T09:00:00+10:00,2026-04-07T11:00:00+10:00,2026-03-28T09:00:00+10:00,Completed,180,phone
B001,HB01344,C0067,S03,2026-04-07T12:00:00+10:00,2026-04-07T13:00:00+10:00,2026-04-05T12:00:00+10:00,Completed,70,online
B001,HB01345,C0002,S03,2026-04-08T09:00:00+10:00,2026-04-08T10:00:00+10:00,2026-03-29T09:00:00+10:00,Completed,70,phone
B001,HB01346,C0069,S03,2026-04-08T12:00:00+10:00,2026-04-08T13:00:00+10:00,2026-04-06T12:00:00+10:00,Completed,70,online
B001,HB01347,C0002,S03,2026-04-09T09:00:00+10:00,2026-04-09T10:00:00+10:00,2026-03-30T09:00:00+10:00,Completed,70,phone
B001,HB01348,C0071,S03,2026-04-09T12:00:00+10:00,2026-04-09T14:00:00+10:00,2026-04-07T12:00:00+10:00,Completed,180,online
B001,HB01349,C0002,S03,2026-04-10T09:00:00+10:00,2026-04-10T11:00:00+10:00,2026-03-31T09:00:00+10:00,Completed,180,phone
B001,HB01350,C0073,S03,2026-04-10T12:00:00+10:00,2026-04-10T13:00:00+10:00,2026-04-08T12:00:00+10:00,Completed,70,online
B001,HB01351,C0002,S01,2026-04-13T09:00:00+10:00,2026-04-13T10:00:00+10:00,2026-04-03T09:00:00+10:00,Completed,70,phone
B001,HB01352,C0075,S01,2026-04-13T12:00:00+10:00,2026-04-13T13:00:00+10:00,2026-04-11T12:00:00+10:00,Completed,70,online
B001,HB01353,C0002,S01,2026-04-14T09:00:00+10:00,2026-04-14T10:00:00+10:00,2026-04-04T09:00:00+10:00,Completed,70,phone
B001,HB01354,C0077,S01,2026-04-14T12:00:00+10:00,2026-04-14T14:00:00+10:00,2026-04-12T12:00:00+10:00,Completed,180,online
B001,HB01355,C0002,S01,2026-04-15T09:00:00+10:00,2026-04-15T11:00:00+10:00,2026-04-05T09:00:00+10:00,Completed,180,phone
B001,HB01356,C0079,S01,2026-04-15T12:00:00+10:00,2026-04-15T13:00:00+10:00,2026-04-13T12:00:00+10:00,Completed,70,online
B001,HB01357,C0002,S01,2026-04-16T09:00:00+10:00,2026-04-16T10:00:00+10:00,2026-04-06T09:00:00+10:00,Completed,70,phone
B001,HB01358,C0081,S01,2026-04-16T12:00:00+10:00,2026-04-16T13:00:00+10:00,2026-04-14T12:00:00+10:00,Completed,70,online
B001,HB01359,C0002,S01,2026-04-17T09:00:00+10:00,2026-04-17T10:00:00+10:00,2026-04-07T09:00:00+10:00,Completed,70,phone
B001,HB01360,C0083,S01,2026-04-17T12:00:00+10:00,2026-04-17T14:00:00+10:00,2026-04-15T12:00:00+10:00,Completed,180,online
B001,HB01361,C0002,S02,2026-04-13T09:00:00+10:00,2026-04-13T10:00:00+10:00,2026-04-03T09:00:00+10:00,Completed,70,phone
B001,HB01362,C0085,S02,2026-04-13T12:00:00+10:00,2026-04-13T14:00:00+10:00,2026-04-11T12:00:00+10:00,Completed,180,online
B001,HB01363,C0002,S02,2026-04-14T09:00:00+10:00,2026-04-14T11:00:00+10:00,2026-04-04T09:00:00+10:00,Completed,180,phone
B001,HB01364,C0087,S02,2026-04-14T12:00:00+10:00,2026-04-14T13:00:00+10:00,2026-04-12T12:00:00+10:00,Completed,70,online
B001,HB01365,C0002,S02,2026-04-15T09:00:00+10:00,2026-04-15T10:00:00+10:00,2026-04-05T09:00:00+10:00,Completed,70,phone
B001,HB01366,C0089,S02,2026-04-15T12:00:00+10:00,2026-04-15T13:00:00+10:00,2026-04-13T12:00:00+10:00,Completed,70,online
B001,HB01367,C0002,S02,2026-04-16T09:00:00+10:00,2026-04-16T10:00:00+10:00,2026-04-06T09:00:00+10:00,Completed,70,phone
B001,HB01368,C0091,S02,2026-04-16T12:00:00+10:00,2026-04-16T14:00:00+10:00,2026-04-14T12:00:00+10:00,Completed,180,online
B001,HB01369,C0002,S02,2026-04-17T09:00:00+10:00,2026-04-17T11:00:00+10:00,2026-04-07T09:00:00+10:00,Completed,180,phone
B001,HB01370,C0093,S02,2026-04-17T12:00:00+10:00,2026-04-17T13:00:00+10:00,2026-04-15T12:00:00+10:00,Completed,70,online
B001,HB01371,C0002,S03,2026-04-13T09:00:00+10:00,2026-04-13T11:00:00+10:00,2026-04-03T09:00:00+10:00,Completed,180,phone
B001,HB01372,C0095,S03,2026-04-13T12:00:00+10:00,2026-04-13T13:00:00+10:00,2026-04-11T12:00:00+10:00,Completed,70,online
B001,HB01373,C0002,S03,2026-04-14T09:00:00+10:00,2026-04-14T10:00:00+10:00,2026-04-04T09:00:00+10:00,Completed,70,phone
B001,HB01374,C0097,S03,2026-04-14T12:00:00+10:00,2026-04-14T13:00:00+10:00,2026-04-12T12:00:00+10:00,Completed,70,online
B001,HB01375,C0002,S03,2026-04-15T09:00:00+10:00,2026-04-15T10:00:00+10:00,2026-04-05T09:00:00+10:00,Completed,70,phone
B001,HB01376,C0099,S03,2026-04-15T12:00:00+10:00,2026-04-15T14:00:00+10:00,2026-04-13T12:00:00+10:00,Completed,180,online
B001,HB01377,C0002,S03,2026-04-16T09:00:00+10:00,2026-04-16T11:00:00+10:00,2026-04-06T09:00:00+10:00,Completed,180,phone
B001,HB01378,C0101,S03,2026-04-16T12:00:00+10:00,2026-04-16T13:00:00+10:00,2026-04-14T12:00:00+10:00,Completed,70,online
B001,HB01379,C0002,S03,2026-04-17T09:00:00+10:00,2026-04-17T10:00:00+10:00,2026-04-07T09:00:00+10:00,Completed,70,phone
B001,HB01380,C0103,S03,2026-04-17T12:00:00+10:00,2026-04-17T13:00:00+10:00,2026-04-15T12:00:00+10:00,Completed,70,online
B001,HB01381,C0002,S01,2026-04-20T09:00:00+10:00,2026-04-20T10:00:00+10:00,2026-04-10T09:00:00+10:00,Completed,70,phone
B001,HB01382,C0105,S01,2026-04-20T12:00:00+10:00,2026-04-20T14:00:00+10:00,2026-04-18T12:00:00+10:00,Completed,180,online
B001,HB01383,C0002,S01,2026-04-21T09:00:00+10:00,2026-04-21T11:00:00+10:00,2026-04-11T09:00:00+10:00,Completed,180,phone
B001,HB01384,C0107,S01,2026-04-21T12:00:00+10:00,2026-04-21T13:00:00+10:00,2026-04-19T12:00:00+10:00,Completed,70,online
B001,HB01385,C0002,S01,2026-04-22T09:00:00+10:00,2026-04-22T10:00:00+10:00,2026-04-12T09:00:00+10:00,Completed,70,phone
B001,HB01386,C0109,S01,2026-04-22T12:00:00+10:00,2026-04-22T13:00:00+10:00,2026-04-20T12:00:00+10:00,Completed,70,online
B001,HB01387,C0002,S01,2026-04-23T09:00:00+10:00,2026-04-23T10:00:00+10:00,2026-04-13T09:00:00+10:00,Completed,70,phone
B001,HB01388,C0111,S01,2026-04-23T12:00:00+10:00,2026-04-23T14:00:00+10:00,2026-04-21T12:00:00+10:00,Completed,180,online
B001,HB01389,C0002,S01,2026-04-24T09:00:00+10:00,2026-04-24T11:00:00+10:00,2026-04-14T09:00:00+10:00,Completed,180,phone
B001,HB01390,C0113,S01,2026-04-24T12:00:00+10:00,2026-04-24T13:00:00+10:00,2026-04-22T12:00:00+10:00,Completed,70,online
B001,HB01391,C0002,S02,2026-04-20T09:00:00+10:00,2026-04-20T11:00:00+10:00,2026-04-10T09:00:00+10:00,Completed,180,phone
B001,HB01392,C0115,S02,2026-04-20T12:00:00+10:00,2026-04-20T13:00:00+10:00,2026-04-18T12:00:00+10:00,Completed,70,online
B001,HB01393,C0002,S02,2026-04-21T09:00:00+10:00,2026-04-21T10:00:00+10:00,2026-04-11T09:00:00+10:00,Completed,70,phone
B001,HB01394,C0117,S02,2026-04-21T12:00:00+10:00,2026-04-21T13:00:00+10:00,2026-04-19T12:00:00+10:00,Completed,70,online
B001,HB01395,C0002,S02,2026-04-22T09:00:00+10:00,2026-04-22T10:00:00+10:00,2026-04-12T09:00:00+10:00,Completed,70,phone
B001,HB01396,C0119,S02,2026-04-22T12:00:00+10:00,2026-04-22T14:00:00+10:00,2026-04-20T12:00:00+10:00,Completed,180,online
B001,HB01397,C0002,S02,2026-04-23T09:00:00+10:00,2026-04-23T11:00:00+10:00,2026-04-13T09:00:00+10:00,Completed,180,phone
B001,HB01398,C0121,S02,2026-04-23T12:00:00+10:00,2026-04-23T13:00:00+10:00,2026-04-21T12:00:00+10:00,Completed,70,online
B001,HB01399,C0002,S02,2026-04-24T09:00:00+10:00,2026-04-24T10:00:00+10:00,2026-04-14T09:00:00+10:00,Completed,70,phone
B001,HB01400,C0123,S02,2026-04-24T12:00:00+10:00,2026-04-24T13:00:00+10:00,2026-04-22T12:00:00+10:00,Completed,70,online
B001,HB01401,C0002,S03,2026-04-20T09:00:00+10:00,2026-04-20T10:00:00+10:00,2026-04-10T09:00:00+10:00,Completed,70,phone
B001,HB01402,C0125,S03,2026-04-20T12:00:00+10:00,2026-04-20T13:00:00+10:00,2026-04-18T12:00:00+10:00,Completed,70,online
B001,HB01403,C0002,S03,2026-04-21T09:00:00+10:00,2026-04-21T10:00:00+10:00,2026-04-11T09:00:00+10:00,Completed,70,phone
B001,HB01404,C0127,S03,2026-04-21T12:00:00+10:00,2026-04-21T14:00:00+10:00,2026-04-19T12:00:00+10:00,Completed,180,online
B001,HB01405,C0002,S03,2026-04-22T09:00:00+10:00,2026-04-22T11:00:00+10:00,2026-04-12T09:00:00+10:00,Completed,180,phone
B001,HB01406,C0129,S03,2026-04-22T12:00:00+10:00,2026-04-22T13:00:00+10:00,2026-04-20T12:00:00+10:00,Completed,70,online
B001,HB01407,C0002,S03,2026-04-23T09:00:00+10:00,2026-04-23T10:00:00+10:00,2026-04-13T09:00:00+10:00,Completed,70,phone
B001,HB01408,C0131,S03,2026-04-23T12:00:00+10:00,2026-04-23T13:00:00+10:00,2026-04-21T12:00:00+10:00,Completed,70,online
B001,HB01409,C0002,S03,2026-04-24T09:00:00+10:00,2026-04-24T10:00:00+10:00,2026-04-14T09:00:00+10:00,Completed,70,phone
B001,HB01410,C0133,S03,2026-04-24T12:00:00+10:00,2026-04-24T14:00:00+10:00,2026-04-22T12:00:00+10:00,Completed,180,online
B001,HB01411,C0002,S01,2026-04-27T09:00:00+10:00,2026-04-27T11:00:00+10:00,2026-04-17T09:00:00+10:00,Completed,180,phone
B001,HB01412,C0135,S01,2026-04-27T12:00:00+10:00,2026-04-27T13:00:00+10:00,2026-04-25T12:00:00+10:00,Completed,70,online
B001,HB01413,C0002,S01,2026-04-28T09:00:00+10:00,2026-04-28T10:00:00+10:00,2026-04-18T09:00:00+10:00,Completed,70,phone
B001,HB01414,C0137,S01,2026-04-28T12:00:00+10:00,2026-04-28T13:00:00+10:00,2026-04-26T12:00:00+10:00,Completed,70,online
B001,HB01415,C0002,S01,2026-04-29T09:00:00+10:00,2026-04-29T10:00:00+10:00,2026-04-19T09:00:00+10:00,Completed,70,phone
B001,HB01416,C0139,S01,2026-04-29T12:00:00+10:00,2026-04-29T14:00:00+10:00,2026-04-27T12:00:00+10:00,Completed,180,online
B001,HB01417,C0002,S01,2026-04-30T09:00:00+10:00,2026-04-30T11:00:00+10:00,2026-04-20T09:00:00+10:00,Completed,180,phone
B001,HB01418,C0141,S01,2026-04-30T12:00:00+10:00,2026-04-30T13:00:00+10:00,2026-04-28T12:00:00+10:00,Completed,70,online
B001,HB01419,C0002,S01,2026-05-01T09:00:00+10:00,2026-05-01T10:00:00+10:00,2026-04-21T09:00:00+10:00,Completed,70,phone
B001,HB01420,C0143,S01,2026-05-01T12:00:00+10:00,2026-05-01T13:00:00+10:00,2026-04-29T12:00:00+10:00,Completed,70,online
B001,HB01421,C0002,S02,2026-04-27T09:00:00+10:00,2026-04-27T10:00:00+10:00,2026-04-17T09:00:00+10:00,Completed,70,phone
B001,HB01422,C0145,S02,2026-04-27T12:00:00+10:00,2026-04-27T13:00:00+10:00,2026-04-25T12:00:00+10:00,Completed,70,online
B001,HB01423,C0002,S02,2026-04-28T09:00:00+10:00,2026-04-28T10:00:00+10:00,2026-04-18T09:00:00+10:00,Completed,70,phone
B001,HB01424,C0147,S02,2026-04-28T12:00:00+10:00,2026-04-28T14:00:00+10:00,2026-04-26T12:00:00+10:00,Completed,180,online
B001,HB01425,C0002,S02,2026-04-29T09:00:00+10:00,2026-04-29T11:00:00+10:00,2026-04-19T09:00:00+10:00,Completed,180,phone
B001,HB01426,C0149,S02,2026-04-29T12:00:00+10:00,2026-04-29T13:00:00+10:00,2026-04-27T12:00:00+10:00,Completed,70,online
B001,HB01427,C0002,S02,2026-04-30T09:00:00+10:00,2026-04-30T10:00:00+10:00,2026-04-20T09:00:00+10:00,Completed,70,phone
B001,HB01428,C0151,S02,2026-04-30T12:00:00+10:00,2026-04-30T13:00:00+10:00,2026-04-28T12:00:00+10:00,Completed,70,online
B001,HB01429,C0002,S02,2026-05-01T09:00:00+10:00,2026-05-01T10:00:00+10:00,2026-04-21T09:00:00+10:00,Completed,70,phone
B001,HB01430,C0153,S02,2026-05-01T12:00:00+10:00,2026-05-01T14:00:00+10:00,2026-04-29T12:00:00+10:00,Completed,180,online
B001,HB01431,C0002,S03,2026-04-27T09:00:00+10:00,2026-04-27T10:00:00+10:00,2026-04-17T09:00:00+10:00,Completed,70,phone
B001,HB01432,C0155,S03,2026-04-27T12:00:00+10:00,2026-04-27T14:00:00+10:00,2026-04-25T12:00:00+10:00,Completed,180,online
B001,HB01433,C0002,S03,2026-04-28T09:00:00+10:00,2026-04-28T11:00:00+10:00,2026-04-18T09:00:00+10:00,Completed,180,phone
B001,HB01434,C0157,S03,2026-04-28T12:00:00+10:00,2026-04-28T13:00:00+10:00,2026-04-26T12:00:00+10:00,Completed,70,online
B001,HB01435,C0002,S03,2026-04-29T09:00:00+10:00,2026-04-29T10:00:00+10:00,2026-04-19T09:00:00+10:00,Completed,70,phone
B001,HB01436,C0159,S03,2026-04-29T12:00:00+10:00,2026-04-29T13:00:00+10:00,2026-04-27T12:00:00+10:00,Completed,70,online
B001,HB01437,C0002,S03,2026-04-30T09:00:00+10:00,2026-04-30T10:00:00+10:00,2026-04-20T09:00:00+10:00,Completed,70,phone
B001,HB01438,C0161,S03,2026-04-30T12:00:00+10:00,2026-04-30T14:00:00+10:00,2026-04-28T12:00:00+10:00,Completed,180,online
B001,HB01439,C0002,S03,2026-05-01T09:00:00+10:00,2026-05-01T11:00:00+10:00,2026-04-21T09:00:00+10:00,Completed,180,phone
B001,HB01440,C0003,S03,2026-05-01T12:00:00+10:00,2026-05-01T13:00:00+10:00,2026-04-29T12:00:00+10:00,Completed,70,online
B001,HB01441,C0002,S01,2026-05-04T09:00:00+10:00,2026-05-04T10:00:00+10:00,2026-04-24T09:00:00+10:00,Completed,70,phone
B001,HB01442,C0005,S01,2026-05-04T12:00:00+10:00,2026-05-04T13:00:00+10:00,2026-05-02T12:00:00+10:00,Completed,70,online
B001,HB01443,C0002,S01,2026-05-05T09:00:00+10:00,2026-05-05T10:00:00+10:00,2026-04-25T09:00:00+10:00,Completed,70,phone
B001,HB01444,C0007,S01,2026-05-05T12:00:00+10:00,2026-05-05T14:00:00+10:00,2026-05-03T12:00:00+10:00,Completed,180,online
B001,HB01445,C0002,S01,2026-05-06T09:00:00+10:00,2026-05-06T11:00:00+10:00,2026-04-26T09:00:00+10:00,Completed,180,phone
B001,HB01446,C0009,S01,2026-05-06T12:00:00+10:00,2026-05-06T13:00:00+10:00,2026-05-04T12:00:00+10:00,Completed,70,online
B001,HB01447,C0002,S01,2026-05-07T09:00:00+10:00,2026-05-07T10:00:00+10:00,2026-04-27T09:00:00+10:00,Completed,70,phone
B001,HB01448,C0011,S01,2026-05-07T12:00:00+10:00,2026-05-07T13:00:00+10:00,2026-05-05T12:00:00+10:00,Completed,70,online
B001,HB01449,C0002,S01,2026-05-08T09:00:00+10:00,2026-05-08T10:00:00+10:00,2026-04-28T09:00:00+10:00,Completed,70,phone
B001,HB01450,C0013,S01,2026-05-08T12:00:00+10:00,2026-05-08T14:00:00+10:00,2026-05-06T12:00:00+10:00,Completed,180,online
B001,HB01451,C0002,S02,2026-05-04T09:00:00+10:00,2026-05-04T10:00:00+10:00,2026-04-24T09:00:00+10:00,Completed,70,phone
B001,HB01452,C0015,S02,2026-05-04T12:00:00+10:00,2026-05-04T14:00:00+10:00,2026-05-02T12:00:00+10:00,Completed,180,online
B001,HB01453,C0002,S02,2026-05-05T09:00:00+10:00,2026-05-05T11:00:00+10:00,2026-04-25T09:00:00+10:00,Completed,180,phone
B001,HB01454,C0017,S02,2026-05-05T12:00:00+10:00,2026-05-05T13:00:00+10:00,2026-05-03T12:00:00+10:00,Completed,70,online
B001,HB01455,C0002,S02,2026-05-06T09:00:00+10:00,2026-05-06T10:00:00+10:00,2026-04-26T09:00:00+10:00,Completed,70,phone
B001,HB01456,C0019,S02,2026-05-06T12:00:00+10:00,2026-05-06T13:00:00+10:00,2026-05-04T12:00:00+10:00,Completed,70,online
B001,HB01457,C0002,S02,2026-05-07T09:00:00+10:00,2026-05-07T10:00:00+10:00,2026-04-27T09:00:00+10:00,Completed,70,phone
B001,HB01458,C0021,S02,2026-05-07T12:00:00+10:00,2026-05-07T14:00:00+10:00,2026-05-05T12:00:00+10:00,Completed,180,online
B001,HB01459,C0002,S02,2026-05-08T09:00:00+10:00,2026-05-08T11:00:00+10:00,2026-04-28T09:00:00+10:00,Completed,180,phone
B001,HB01460,C0023,S02,2026-05-08T12:00:00+10:00,2026-05-08T13:00:00+10:00,2026-05-06T12:00:00+10:00,Completed,70,online
B001,HB01461,C0002,S03,2026-05-04T09:00:00+10:00,2026-05-04T11:00:00+10:00,2026-04-24T09:00:00+10:00,Completed,180,phone
B001,HB01462,C0025,S03,2026-05-04T12:00:00+10:00,2026-05-04T13:00:00+10:00,2026-05-02T12:00:00+10:00,Completed,70,online
B001,HB01463,C0002,S03,2026-05-05T09:00:00+10:00,2026-05-05T10:00:00+10:00,2026-04-25T09:00:00+10:00,Completed,70,phone
B001,HB01464,C0027,S03,2026-05-05T12:00:00+10:00,2026-05-05T13:00:00+10:00,2026-05-03T12:00:00+10:00,Completed,70,online
B001,HB01465,C0002,S03,2026-05-06T09:00:00+10:00,2026-05-06T10:00:00+10:00,2026-04-26T09:00:00+10:00,Completed,70,phone
B001,HB01466,C0029,S03,2026-05-06T12:00:00+10:00,2026-05-06T14:00:00+10:00,2026-05-04T12:00:00+10:00,Completed,180,online
B001,HB01467,C0002,S03,2026-05-07T09:00:00+10:00,2026-05-07T11:00:00+10:00,2026-04-27T09:00:00+10:00,Completed,180,phone
B001,HB01468,C0031,S03,2026-05-07T12:00:00+10:00,2026-05-07T13:00:00+10:00,2026-05-05T12:00:00+10:00,Completed,70,online
B001,HB01469,C0002,S03,2026-05-08T09:00:00+10:00,2026-05-08T10:00:00+10:00,2026-04-28T09:00:00+10:00,Completed,70,phone
B001,HB01470,C0033,S03,2026-05-08T12:00:00+10:00,2026-05-08T13:00:00+10:00,2026-05-06T12:00:00+10:00,Completed,70,online
B001,HB01471,C0002,S01,2026-05-11T09:00:00+10:00,2026-05-11T10:00:00+10:00,2026-05-01T09:00:00+10:00,Completed,70,phone
B001,HB01472,C0035,S01,2026-05-11T12:00:00+10:00,2026-05-11T14:00:00+10:00,2026-05-09T12:00:00+10:00,Completed,180,online
B001,HB01473,C0002,S01,2026-05-12T09:00:00+10:00,2026-05-12T11:00:00+10:00,2026-05-02T09:00:00+10:00,Completed,180,phone
B001,HB01474,C0037,S01,2026-05-12T12:00:00+10:00,2026-05-12T13:00:00+10:00,2026-05-10T12:00:00+10:00,Completed,70,online
B001,HB01475,C0002,S01,2026-05-13T09:00:00+10:00,2026-05-13T10:00:00+10:00,2026-05-03T09:00:00+10:00,Completed,70,phone
B001,HB01476,C0039,S01,2026-05-13T12:00:00+10:00,2026-05-13T13:00:00+10:00,2026-05-11T12:00:00+10:00,Completed,70,online
B001,HB01477,C0002,S01,2026-05-14T09:00:00+10:00,2026-05-14T10:00:00+10:00,2026-05-04T09:00:00+10:00,Completed,70,phone
B001,HB01478,C0041,S01,2026-05-14T12:00:00+10:00,2026-05-14T14:00:00+10:00,2026-05-12T12:00:00+10:00,Completed,180,online
B001,HB01479,C0002,S01,2026-05-15T09:00:00+10:00,2026-05-15T11:00:00+10:00,2026-05-05T09:00:00+10:00,Completed,180,phone
B001,HB01480,C0043,S01,2026-05-15T12:00:00+10:00,2026-05-15T13:00:00+10:00,2026-05-13T12:00:00+10:00,Completed,70,online
B001,HB01481,C0002,S02,2026-05-11T09:00:00+10:00,2026-05-11T11:00:00+10:00,2026-05-01T09:00:00+10:00,Completed,180,phone
B001,HB01482,C0045,S02,2026-05-11T12:00:00+10:00,2026-05-11T13:00:00+10:00,2026-05-09T12:00:00+10:00,Completed,70,online
B001,HB01483,C0002,S02,2026-05-12T09:00:00+10:00,2026-05-12T10:00:00+10:00,2026-05-02T09:00:00+10:00,Completed,70,phone
B001,HB01484,C0047,S02,2026-05-12T12:00:00+10:00,2026-05-12T13:00:00+10:00,2026-05-10T12:00:00+10:00,Completed,70,online
B001,HB01485,C0002,S02,2026-05-13T09:00:00+10:00,2026-05-13T10:00:00+10:00,2026-05-03T09:00:00+10:00,Completed,70,phone
B001,HB01486,C0049,S02,2026-05-13T12:00:00+10:00,2026-05-13T14:00:00+10:00,2026-05-11T12:00:00+10:00,Completed,180,online
B001,HB01487,C0002,S02,2026-05-14T09:00:00+10:00,2026-05-14T11:00:00+10:00,2026-05-04T09:00:00+10:00,Completed,180,phone
B001,HB01488,C0051,S02,2026-05-14T12:00:00+10:00,2026-05-14T13:00:00+10:00,2026-05-12T12:00:00+10:00,Completed,70,online
B001,HB01489,C0002,S02,2026-05-15T09:00:00+10:00,2026-05-15T10:00:00+10:00,2026-05-05T09:00:00+10:00,Completed,70,phone
B001,HB01490,C0053,S02,2026-05-15T12:00:00+10:00,2026-05-15T13:00:00+10:00,2026-05-13T12:00:00+10:00,Completed,70,online
B001,HB01491,C0002,S03,2026-05-11T09:00:00+10:00,2026-05-11T10:00:00+10:00,2026-05-01T09:00:00+10:00,Completed,70,phone
B001,HB01492,C0055,S03,2026-05-11T12:00:00+10:00,2026-05-11T13:00:00+10:00,2026-05-09T12:00:00+10:00,Completed,70,online
B001,HB01493,C0002,S03,2026-05-12T09:00:00+10:00,2026-05-12T10:00:00+10:00,2026-05-02T09:00:00+10:00,Completed,70,phone
B001,HB01494,C0057,S03,2026-05-12T12:00:00+10:00,2026-05-12T14:00:00+10:00,2026-05-10T12:00:00+10:00,Completed,180,online
B001,HB01495,C0002,S03,2026-05-13T09:00:00+10:00,2026-05-13T11:00:00+10:00,2026-05-03T09:00:00+10:00,Completed,180,phone
B001,HB01496,C0059,S03,2026-05-13T12:00:00+10:00,2026-05-13T13:00:00+10:00,2026-05-11T12:00:00+10:00,Completed,70,online
B001,HB01497,C0002,S03,2026-05-14T09:00:00+10:00,2026-05-14T10:00:00+10:00,2026-05-04T09:00:00+10:00,Completed,70,phone
B001,HB01498,C0061,S03,2026-05-14T12:00:00+10:00,2026-05-14T13:00:00+10:00,2026-05-12T12:00:00+10:00,Completed,70,online
B001,HB01499,C0002,S03,2026-05-15T09:00:00+10:00,2026-05-15T10:00:00+10:00,2026-05-05T09:00:00+10:00,Completed,70,phone
B001,HB01500,C0063,S03,2026-05-15T12:00:00+10:00,2026-05-15T14:00:00+10:00,2026-05-13T12:00:00+10:00,Completed,180,online
B001,HB01501,C0002,S01,2026-05-18T09:00:00+10:00,2026-05-18T11:00:00+10:00,2026-05-08T09:00:00+10:00,Completed,180,phone
B001,HB01502,C0065,S01,2026-05-18T12:00:00+10:00,2026-05-18T13:00:00+10:00,2026-05-16T12:00:00+10:00,Completed,70,online
B001,HB01503,C0002,S01,2026-05-19T09:00:00+10:00,2026-05-19T10:00:00+10:00,2026-05-09T09:00:00+10:00,Completed,70,phone
B001,HB01504,C0067,S01,2026-05-19T12:00:00+10:00,2026-05-19T13:00:00+10:00,2026-05-17T12:00:00+10:00,Completed,70,online
B001,HB01505,C0002,S01,2026-05-20T09:00:00+10:00,2026-05-20T10:00:00+10:00,2026-05-10T09:00:00+10:00,Completed,70,phone
B001,HB01506,C0069,S01,2026-05-20T12:00:00+10:00,2026-05-20T14:00:00+10:00,2026-05-18T12:00:00+10:00,Completed,180,online
B001,HB01507,C0002,S01,2026-05-21T09:00:00+10:00,2026-05-21T11:00:00+10:00,2026-05-11T09:00:00+10:00,Completed,180,phone
B001,HB01508,C0071,S01,2026-05-21T12:00:00+10:00,2026-05-21T13:00:00+10:00,2026-05-19T12:00:00+10:00,Completed,70,online
B001,HB01509,C0002,S01,2026-05-22T09:00:00+10:00,2026-05-22T10:00:00+10:00,2026-05-12T09:00:00+10:00,Completed,70,phone
B001,HB01510,C0073,S01,2026-05-22T12:00:00+10:00,2026-05-22T13:00:00+10:00,2026-05-20T12:00:00+10:00,Completed,70,online
B001,HB01511,C0002,S02,2026-05-18T09:00:00+10:00,2026-05-18T10:00:00+10:00,2026-05-08T09:00:00+10:00,Completed,70,phone
B001,HB01512,C0075,S02,2026-05-18T12:00:00+10:00,2026-05-18T13:00:00+10:00,2026-05-16T12:00:00+10:00,Completed,70,online
B001,HB01513,C0002,S02,2026-05-19T09:00:00+10:00,2026-05-19T10:00:00+10:00,2026-05-09T09:00:00+10:00,Completed,70,phone
B001,HB01514,C0077,S02,2026-05-19T12:00:00+10:00,2026-05-19T14:00:00+10:00,2026-05-17T12:00:00+10:00,Completed,180,online
B001,HB01515,C0002,S02,2026-05-20T09:00:00+10:00,2026-05-20T11:00:00+10:00,2026-05-10T09:00:00+10:00,Completed,180,phone
B001,HB01516,C0079,S02,2026-05-20T12:00:00+10:00,2026-05-20T13:00:00+10:00,2026-05-18T12:00:00+10:00,Completed,70,online
B001,HB01517,C0002,S02,2026-05-21T09:00:00+10:00,2026-05-21T10:00:00+10:00,2026-05-11T09:00:00+10:00,Completed,70,phone
B001,HB01518,C0081,S02,2026-05-21T12:00:00+10:00,2026-05-21T13:00:00+10:00,2026-05-19T12:00:00+10:00,Completed,70,online
B001,HB01519,C0002,S02,2026-05-22T09:00:00+10:00,2026-05-22T10:00:00+10:00,2026-05-12T09:00:00+10:00,Completed,70,phone
B001,HB01520,C0083,S02,2026-05-22T12:00:00+10:00,2026-05-22T14:00:00+10:00,2026-05-20T12:00:00+10:00,Completed,180,online
B001,HB01521,C0002,S03,2026-05-18T09:00:00+10:00,2026-05-18T10:00:00+10:00,2026-05-08T09:00:00+10:00,Completed,70,phone
B001,HB01522,C0085,S03,2026-05-18T12:00:00+10:00,2026-05-18T14:00:00+10:00,2026-05-16T12:00:00+10:00,Completed,180,online
B001,HB01523,C0002,S03,2026-05-19T09:00:00+10:00,2026-05-19T11:00:00+10:00,2026-05-09T09:00:00+10:00,Completed,180,phone
B001,HB01524,C0087,S03,2026-05-19T12:00:00+10:00,2026-05-19T13:00:00+10:00,2026-05-17T12:00:00+10:00,Completed,70,online
B001,HB01525,C0002,S03,2026-05-20T09:00:00+10:00,2026-05-20T10:00:00+10:00,2026-05-10T09:00:00+10:00,Completed,70,phone
B001,HB01526,C0089,S03,2026-05-20T12:00:00+10:00,2026-05-20T13:00:00+10:00,2026-05-18T12:00:00+10:00,Completed,70,online
B001,HB01527,C0002,S03,2026-05-21T09:00:00+10:00,2026-05-21T10:00:00+10:00,2026-05-11T09:00:00+10:00,Completed,70,phone
B001,HB01528,C0091,S03,2026-05-21T12:00:00+10:00,2026-05-21T14:00:00+10:00,2026-05-19T12:00:00+10:00,Completed,180,online
B001,HB01529,C0002,S03,2026-05-22T09:00:00+10:00,2026-05-22T11:00:00+10:00,2026-05-12T09:00:00+10:00,Completed,180,phone
B001,HB01530,C0093,S03,2026-05-22T12:00:00+10:00,2026-05-22T13:00:00+10:00,2026-05-20T12:00:00+10:00,Completed,70,online
B001,HB01531,C0002,S01,2026-05-25T09:00:00+10:00,2026-05-25T10:00:00+10:00,2026-05-15T09:00:00+10:00,Completed,70,phone
B001,HB01532,C0095,S01,2026-05-25T12:00:00+10:00,2026-05-25T13:00:00+10:00,2026-05-23T12:00:00+10:00,Completed,70,online
B001,HB01533,C0002,S01,2026-05-26T09:00:00+10:00,2026-05-26T10:00:00+10:00,2026-05-16T09:00:00+10:00,Completed,70,phone
B001,HB01534,C0097,S01,2026-05-26T12:00:00+10:00,2026-05-26T14:00:00+10:00,2026-05-24T12:00:00+10:00,Completed,180,online
B001,HB01535,C0002,S01,2026-05-27T09:00:00+10:00,2026-05-27T11:00:00+10:00,2026-05-17T09:00:00+10:00,Completed,180,phone
B001,HB01536,C0099,S01,2026-05-27T12:00:00+10:00,2026-05-27T13:00:00+10:00,2026-05-25T12:00:00+10:00,Completed,70,online
B001,HB01537,C0002,S01,2026-05-28T09:00:00+10:00,2026-05-28T10:00:00+10:00,2026-05-18T09:00:00+10:00,Completed,70,phone
B001,HB01538,C0101,S01,2026-05-28T12:00:00+10:00,2026-05-28T13:00:00+10:00,2026-05-26T12:00:00+10:00,Completed,70,online
B001,HB01539,C0002,S01,2026-05-29T09:00:00+10:00,2026-05-29T10:00:00+10:00,2026-05-19T09:00:00+10:00,Completed,70,phone
B001,HB01540,C0103,S01,2026-05-29T12:00:00+10:00,2026-05-29T14:00:00+10:00,2026-05-27T12:00:00+10:00,Completed,180,online
B001,HB01541,C0002,S02,2026-05-25T09:00:00+10:00,2026-05-25T10:00:00+10:00,2026-05-15T09:00:00+10:00,Completed,70,phone
B001,HB01542,C0105,S02,2026-05-25T12:00:00+10:00,2026-05-25T14:00:00+10:00,2026-05-23T12:00:00+10:00,Completed,180,online
B001,HB01543,C0002,S02,2026-05-26T09:00:00+10:00,2026-05-26T11:00:00+10:00,2026-05-16T09:00:00+10:00,Completed,180,phone
B001,HB01544,C0107,S02,2026-05-26T12:00:00+10:00,2026-05-26T13:00:00+10:00,2026-05-24T12:00:00+10:00,Completed,70,online
B001,HB01545,C0002,S02,2026-05-27T09:00:00+10:00,2026-05-27T10:00:00+10:00,2026-05-17T09:00:00+10:00,Completed,70,phone
B001,HB01546,C0109,S02,2026-05-27T12:00:00+10:00,2026-05-27T13:00:00+10:00,2026-05-25T12:00:00+10:00,Completed,70,online
B001,HB01547,C0002,S02,2026-05-28T09:00:00+10:00,2026-05-28T10:00:00+10:00,2026-05-18T09:00:00+10:00,Completed,70,phone
B001,HB01548,C0111,S02,2026-05-28T12:00:00+10:00,2026-05-28T14:00:00+10:00,2026-05-26T12:00:00+10:00,Completed,180,online
B001,HB01549,C0002,S02,2026-05-29T09:00:00+10:00,2026-05-29T11:00:00+10:00,2026-05-19T09:00:00+10:00,Completed,180,phone
B001,HB01550,C0113,S02,2026-05-29T12:00:00+10:00,2026-05-29T13:00:00+10:00,2026-05-27T12:00:00+10:00,Completed,70,online
B001,HB01551,C0002,S03,2026-05-25T09:00:00+10:00,2026-05-25T11:00:00+10:00,2026-05-15T09:00:00+10:00,Completed,180,phone
B001,HB01552,C0115,S03,2026-05-25T12:00:00+10:00,2026-05-25T13:00:00+10:00,2026-05-23T12:00:00+10:00,Completed,70,online
B001,HB01553,C0002,S03,2026-05-26T09:00:00+10:00,2026-05-26T10:00:00+10:00,2026-05-16T09:00:00+10:00,Completed,70,phone
B001,HB01554,C0117,S03,2026-05-26T12:00:00+10:00,2026-05-26T13:00:00+10:00,2026-05-24T12:00:00+10:00,Completed,70,online
B001,HB01555,C0002,S03,2026-05-27T09:00:00+10:00,2026-05-27T10:00:00+10:00,2026-05-17T09:00:00+10:00,Completed,70,phone
B001,HB01556,C0119,S03,2026-05-27T12:00:00+10:00,2026-05-27T14:00:00+10:00,2026-05-25T12:00:00+10:00,Completed,180,online
B001,HB01557,C0002,S03,2026-05-28T09:00:00+10:00,2026-05-28T11:00:00+10:00,2026-05-18T09:00:00+10:00,Completed,180,phone
B001,HB01558,C0121,S03,2026-05-28T12:00:00+10:00,2026-05-28T13:00:00+10:00,2026-05-26T12:00:00+10:00,Completed,70,online
B001,HB01559,C0002,S03,2026-05-29T09:00:00+10:00,2026-05-29T10:00:00+10:00,2026-05-19T09:00:00+10:00,Completed,70,phone
B001,HB01560,C0123,S03,2026-05-29T12:00:00+10:00,2026-05-29T13:00:00+10:00,2026-05-27T12:00:00+10:00,Completed,70,online
B001,HB01561,C0002,S01,2026-06-01T09:00:00+10:00,2026-06-01T10:00:00+10:00,2026-05-22T09:00:00+10:00,Completed,70,phone
B001,HB01562,C0125,S01,2026-06-01T12:00:00+10:00,2026-06-01T14:00:00+10:00,2026-05-30T12:00:00+10:00,Completed,180,online
B001,HB01563,C0002,S01,2026-06-02T09:00:00+10:00,2026-06-02T11:00:00+10:00,2026-05-23T09:00:00+10:00,Completed,180,phone
B001,HB01564,C0127,S01,2026-06-02T12:00:00+10:00,2026-06-02T13:00:00+10:00,2026-05-31T12:00:00+10:00,Completed,70,online
B001,HB01565,C0002,S01,2026-06-03T09:00:00+10:00,2026-06-03T10:00:00+10:00,2026-05-24T09:00:00+10:00,Completed,70,phone
B001,HB01566,C0129,S01,2026-06-03T12:00:00+10:00,2026-06-03T13:00:00+10:00,2026-06-01T12:00:00+10:00,Completed,70,online
B001,HB01567,C0002,S01,2026-06-04T09:00:00+10:00,2026-06-04T10:00:00+10:00,2026-05-25T09:00:00+10:00,Completed,70,phone
B001,HB01568,C0131,S01,2026-06-04T12:00:00+10:00,2026-06-04T14:00:00+10:00,2026-06-02T12:00:00+10:00,Completed,180,online
B001,HB01569,C0002,S01,2026-06-05T09:00:00+10:00,2026-06-05T11:00:00+10:00,2026-05-26T09:00:00+10:00,Completed,180,phone
B001,HB01570,C0133,S01,2026-06-05T12:00:00+10:00,2026-06-05T13:00:00+10:00,2026-06-03T12:00:00+10:00,Completed,70,online
B001,HB01571,C0002,S02,2026-06-01T09:00:00+10:00,2026-06-01T11:00:00+10:00,2026-05-22T09:00:00+10:00,Completed,180,phone
B001,HB01572,C0135,S02,2026-06-01T12:00:00+10:00,2026-06-01T13:00:00+10:00,2026-05-30T12:00:00+10:00,Completed,70,online
B001,HB01573,C0002,S02,2026-06-02T09:00:00+10:00,2026-06-02T10:00:00+10:00,2026-05-23T09:00:00+10:00,Completed,70,phone
B001,HB01574,C0137,S02,2026-06-02T12:00:00+10:00,2026-06-02T13:00:00+10:00,2026-05-31T12:00:00+10:00,Completed,70,online
B001,HB01575,C0002,S02,2026-06-03T09:00:00+10:00,2026-06-03T10:00:00+10:00,2026-05-24T09:00:00+10:00,Completed,70,phone
B001,HB01576,C0139,S02,2026-06-03T12:00:00+10:00,2026-06-03T14:00:00+10:00,2026-06-01T12:00:00+10:00,Completed,180,online
B001,HB01577,C0002,S02,2026-06-04T09:00:00+10:00,2026-06-04T11:00:00+10:00,2026-05-25T09:00:00+10:00,Completed,180,phone
B001,HB01578,C0141,S02,2026-06-04T12:00:00+10:00,2026-06-04T13:00:00+10:00,2026-06-02T12:00:00+10:00,Completed,70,online
B001,HB01579,C0002,S02,2026-06-05T09:00:00+10:00,2026-06-05T10:00:00+10:00,2026-05-26T09:00:00+10:00,Completed,70,phone
B001,HB01580,C0143,S02,2026-06-05T12:00:00+10:00,2026-06-05T13:00:00+10:00,2026-06-03T12:00:00+10:00,Completed,70,online
B001,HB01581,C0002,S03,2026-06-01T09:00:00+10:00,2026-06-01T10:00:00+10:00,2026-05-22T09:00:00+10:00,Completed,70,phone
B001,HB01582,C0145,S03,2026-06-01T12:00:00+10:00,2026-06-01T13:00:00+10:00,2026-05-30T12:00:00+10:00,Completed,70,online
B001,HB01583,C0002,S03,2026-06-02T09:00:00+10:00,2026-06-02T10:00:00+10:00,2026-05-23T09:00:00+10:00,Completed,70,phone
B001,HB01584,C0147,S03,2026-06-02T12:00:00+10:00,2026-06-02T14:00:00+10:00,2026-05-31T12:00:00+10:00,Completed,180,online
B001,HB01585,C0002,S03,2026-06-03T09:00:00+10:00,2026-06-03T11:00:00+10:00,2026-05-24T09:00:00+10:00,Completed,180,phone
B001,HB01586,C0149,S03,2026-06-03T12:00:00+10:00,2026-06-03T13:00:00+10:00,2026-06-01T12:00:00+10:00,Completed,70,online
B001,HB01587,C0002,S03,2026-06-04T09:00:00+10:00,2026-06-04T10:00:00+10:00,2026-05-25T09:00:00+10:00,Completed,70,phone
B001,HB01588,C0151,S03,2026-06-04T12:00:00+10:00,2026-06-04T13:00:00+10:00,2026-06-02T12:00:00+10:00,Completed,70,online
B001,HB01589,C0002,S03,2026-06-05T09:00:00+10:00,2026-06-05T10:00:00+10:00,2026-05-26T09:00:00+10:00,Completed,70,phone
B001,HB01590,C0153,S03,2026-06-05T12:00:00+10:00,2026-06-05T14:00:00+10:00,2026-06-03T12:00:00+10:00,Completed,180,online
B001,HB01591,C0002,S01,2026-06-08T09:00:00+10:00,2026-06-08T11:00:00+10:00,2026-05-29T09:00:00+10:00,Completed,180,phone
B001,HB01592,C0155,S01,2026-06-08T12:00:00+10:00,2026-06-08T13:00:00+10:00,2026-06-06T12:00:00+10:00,Completed,70,online
B001,HB01593,C0002,S01,2026-06-09T09:00:00+10:00,2026-06-09T10:00:00+10:00,2026-05-30T09:00:00+10:00,Completed,70,phone
B001,HB01594,C0157,S01,2026-06-09T12:00:00+10:00,2026-06-09T13:00:00+10:00,2026-06-07T12:00:00+10:00,Completed,70,online
B001,HB01595,C0002,S01,2026-06-10T09:00:00+10:00,2026-06-10T10:00:00+10:00,2026-05-31T09:00:00+10:00,Completed,70,phone
B001,HB01596,C0159,S01,2026-06-10T12:00:00+10:00,2026-06-10T14:00:00+10:00,2026-06-08T12:00:00+10:00,Completed,180,online
B001,HB01597,C0002,S01,2026-06-11T09:00:00+10:00,2026-06-11T11:00:00+10:00,2026-06-01T09:00:00+10:00,Completed,180,phone
B001,HB01598,C0161,S01,2026-06-11T12:00:00+10:00,2026-06-11T13:00:00+10:00,2026-06-09T12:00:00+10:00,Completed,70,online
B001,HB01599,C0002,S01,2026-06-12T09:00:00+10:00,2026-06-12T10:00:00+10:00,2026-06-02T09:00:00+10:00,Completed,70,phone
B001,HB01600,C0003,S01,2026-06-12T12:00:00+10:00,2026-06-12T13:00:00+10:00,2026-06-10T12:00:00+10:00,Completed,70,online
B001,HB01601,C0002,S02,2026-06-08T09:00:00+10:00,2026-06-08T10:00:00+10:00,2026-05-29T09:00:00+10:00,Completed,70,phone
B001,HB01602,C0005,S02,2026-06-08T12:00:00+10:00,2026-06-08T13:00:00+10:00,2026-06-06T12:00:00+10:00,Completed,70,online
B001,HB01603,C0002,S02,2026-06-09T09:00:00+10:00,2026-06-09T10:00:00+10:00,2026-05-30T09:00:00+10:00,Completed,70,phone
B001,HB01604,C0007,S02,2026-06-09T12:00:00+10:00,2026-06-09T14:00:00+10:00,2026-06-07T12:00:00+10:00,Completed,180,online
B001,HB01605,C0002,S02,2026-06-10T09:00:00+10:00,2026-06-10T11:00:00+10:00,2026-05-31T09:00:00+10:00,Completed,180,phone
B001,HB01606,C0009,S02,2026-06-10T12:00:00+10:00,2026-06-10T13:00:00+10:00,2026-06-08T12:00:00+10:00,Completed,70,online
B001,HB01607,C0002,S02,2026-06-11T09:00:00+10:00,2026-06-11T10:00:00+10:00,2026-06-01T09:00:00+10:00,Completed,70,phone
B001,HB01608,C0011,S02,2026-06-11T12:00:00+10:00,2026-06-11T13:00:00+10:00,2026-06-09T12:00:00+10:00,Completed,70,online
B001,HB01609,C0002,S02,2026-06-12T09:00:00+10:00,2026-06-12T10:00:00+10:00,2026-06-02T09:00:00+10:00,Completed,70,phone
B001,HB01610,C0013,S02,2026-06-12T12:00:00+10:00,2026-06-12T14:00:00+10:00,2026-06-10T12:00:00+10:00,Completed,180,online
B001,HB01611,C0002,S03,2026-06-08T09:00:00+10:00,2026-06-08T10:00:00+10:00,2026-05-29T09:00:00+10:00,Completed,70,phone
B001,HB01612,C0015,S03,2026-06-08T12:00:00+10:00,2026-06-08T14:00:00+10:00,2026-06-06T12:00:00+10:00,Completed,180,online
B001,HB01613,C0002,S03,2026-06-09T09:00:00+10:00,2026-06-09T11:00:00+10:00,2026-05-30T09:00:00+10:00,Completed,180,phone
B001,HB01614,C0017,S03,2026-06-09T12:00:00+10:00,2026-06-09T13:00:00+10:00,2026-06-07T12:00:00+10:00,Completed,70,online
B001,HB01615,C0002,S03,2026-06-10T09:00:00+10:00,2026-06-10T10:00:00+10:00,2026-05-31T09:00:00+10:00,Completed,70,phone
B001,HB01616,C0019,S03,2026-06-10T12:00:00+10:00,2026-06-10T13:00:00+10:00,2026-06-08T12:00:00+10:00,Completed,70,online
B001,HB01617,C0002,S03,2026-06-11T09:00:00+10:00,2026-06-11T10:00:00+10:00,2026-06-01T09:00:00+10:00,Completed,70,phone
B001,HB01618,C0021,S03,2026-06-11T12:00:00+10:00,2026-06-11T14:00:00+10:00,2026-06-09T12:00:00+10:00,Completed,180,online
B001,HB01619,C0002,S03,2026-06-12T09:00:00+10:00,2026-06-12T11:00:00+10:00,2026-06-02T09:00:00+10:00,Completed,180,phone
B001,HB01620,C0023,S03,2026-06-12T12:00:00+10:00,2026-06-12T13:00:00+10:00,2026-06-10T12:00:00+10:00,Completed,70,online
B001,HB01621,C0002,S01,2026-06-15T09:00:00+10:00,2026-06-15T10:00:00+10:00,2026-06-05T09:00:00+10:00,Completed,70,phone
B001,HB01622,C0025,S01,2026-06-15T12:00:00+10:00,2026-06-15T13:00:00+10:00,2026-06-13T12:00:00+10:00,Completed,70,online
B001,HB01623,C0002,S01,2026-06-16T09:00:00+10:00,2026-06-16T10:00:00+10:00,2026-06-06T09:00:00+10:00,Completed,70,phone
B001,HB01624,C0027,S01,2026-06-16T12:00:00+10:00,2026-06-16T14:00:00+10:00,2026-06-14T12:00:00+10:00,Completed,180,online
B001,HB01625,C0002,S01,2026-06-17T09:00:00+10:00,2026-06-17T11:00:00+10:00,2026-06-07T09:00:00+10:00,Completed,180,phone
B001,HB01626,C0029,S01,2026-06-17T12:00:00+10:00,2026-06-17T13:00:00+10:00,2026-06-15T12:00:00+10:00,Completed,70,online
B001,HB01627,C0002,S01,2026-06-18T09:00:00+10:00,2026-06-18T10:00:00+10:00,2026-06-08T09:00:00+10:00,Completed,70,phone
B001,HB01628,C0031,S01,2026-06-18T12:00:00+10:00,2026-06-18T13:00:00+10:00,2026-06-16T12:00:00+10:00,Completed,70,online
B001,HB01629,C0002,S01,2026-06-19T09:00:00+10:00,2026-06-19T10:00:00+10:00,2026-06-09T09:00:00+10:00,Completed,70,phone
B001,HB01630,C0033,S01,2026-06-19T12:00:00+10:00,2026-06-19T14:00:00+10:00,2026-06-17T12:00:00+10:00,Completed,180,online
B001,HB01631,C0002,S02,2026-06-15T09:00:00+10:00,2026-06-15T10:00:00+10:00,2026-06-05T09:00:00+10:00,Completed,70,phone
B001,HB01632,C0035,S02,2026-06-15T12:00:00+10:00,2026-06-15T14:00:00+10:00,2026-06-13T12:00:00+10:00,Completed,180,online
B001,HB01633,C0002,S02,2026-06-16T09:00:00+10:00,2026-06-16T11:00:00+10:00,2026-06-06T09:00:00+10:00,Completed,180,phone
B001,HB01634,C0037,S02,2026-06-16T12:00:00+10:00,2026-06-16T13:00:00+10:00,2026-06-14T12:00:00+10:00,Completed,70,online
B001,HB01635,C0002,S02,2026-06-17T09:00:00+10:00,2026-06-17T10:00:00+10:00,2026-06-07T09:00:00+10:00,Completed,70,phone
B001,HB01636,C0039,S02,2026-06-17T12:00:00+10:00,2026-06-17T13:00:00+10:00,2026-06-15T12:00:00+10:00,Completed,70,online
B001,HB01637,C0002,S02,2026-06-18T09:00:00+10:00,2026-06-18T10:00:00+10:00,2026-06-08T09:00:00+10:00,Completed,70,phone
B001,HB01638,C0041,S02,2026-06-18T12:00:00+10:00,2026-06-18T14:00:00+10:00,2026-06-16T12:00:00+10:00,Completed,180,online
B001,HB01639,C0002,S02,2026-06-19T09:00:00+10:00,2026-06-19T11:00:00+10:00,2026-06-09T09:00:00+10:00,Completed,180,phone
B001,HB01640,C0043,S02,2026-06-19T12:00:00+10:00,2026-06-19T13:00:00+10:00,2026-06-17T12:00:00+10:00,Completed,70,online
B001,HB01641,C0002,S03,2026-06-15T09:00:00+10:00,2026-06-15T11:00:00+10:00,2026-06-05T09:00:00+10:00,Completed,180,phone
B001,HB01642,C0045,S03,2026-06-15T12:00:00+10:00,2026-06-15T13:00:00+10:00,2026-06-13T12:00:00+10:00,Completed,70,online
B001,HB01643,C0002,S03,2026-06-16T09:00:00+10:00,2026-06-16T10:00:00+10:00,2026-06-06T09:00:00+10:00,Completed,70,phone
B001,HB01644,C0047,S03,2026-06-16T12:00:00+10:00,2026-06-16T13:00:00+10:00,2026-06-14T12:00:00+10:00,Completed,70,online
B001,HB01645,C0002,S03,2026-06-17T09:00:00+10:00,2026-06-17T10:00:00+10:00,2026-06-07T09:00:00+10:00,Completed,70,phone
B001,HB01646,C0049,S03,2026-06-17T12:00:00+10:00,2026-06-17T14:00:00+10:00,2026-06-15T12:00:00+10:00,Completed,180,online
B001,HB01647,C0002,S03,2026-06-18T09:00:00+10:00,2026-06-18T11:00:00+10:00,2026-06-08T09:00:00+10:00,Completed,180,phone
B001,HB01648,C0051,S03,2026-06-18T12:00:00+10:00,2026-06-18T13:00:00+10:00,2026-06-16T12:00:00+10:00,Completed,70,online
B001,HB01649,C0002,S03,2026-06-19T09:00:00+10:00,2026-06-19T10:00:00+10:00,2026-06-09T09:00:00+10:00,Completed,70,phone
B001,HB01650,C0053,S03,2026-06-19T12:00:00+10:00,2026-06-19T13:00:00+10:00,2026-06-17T12:00:00+10:00,Completed,70,online
B001,PKB000,C0100,S01,2026-07-11T09:00:00+10:00,2026-07-11T10:30:00+10:00,2026-06-29T09:00:00+10:00,Completed,100,phone
B001,PKB001,C0101,S02,2026-07-11T09:00:00+10:00,2026-07-11T12:00:00+10:00,2026-06-29T09:00:00+10:00,Completed,265,phone
B001,PKB002,C0102,S03,2026-07-11T09:00:00+10:00,2026-07-11T12:00:00+10:00,2026-06-29T09:00:00+10:00,Completed,265,phone
B001,PKB003,C0103,S01,2026-07-18T09:00:00+10:00,2026-07-18T12:00:00+10:00,2026-07-06T09:00:00+10:00,Completed,265,phone
B001,PKB004,C0104,S02,2026-07-18T09:00:00+10:00,2026-07-18T10:30:00+10:00,2026-07-06T09:00:00+10:00,Completed,100,phone
B001,PKB005,C0105,S03,2026-07-18T09:00:00+10:00,2026-07-18T12:00:00+10:00,2026-07-06T09:00:00+10:00,Completed,265,phone
B001,PKB006,C0106,S01,2026-07-25T09:00:00+10:00,2026-07-25T12:00:00+10:00,2026-07-13T09:00:00+10:00,Completed,265,phone
B001,PKB007,C0107,S02,2026-07-25T09:00:00+10:00,2026-07-25T12:00:00+10:00,2026-07-13T09:00:00+10:00,Completed,265,phone
B001,PKB008,C0108,S03,2026-07-25T09:00:00+10:00,2026-07-25T10:30:00+10:00,2026-07-13T09:00:00+10:00,Completed,100,phone
B001,PKB009,C0109,S01,2026-08-01T09:00:00+10:00,2026-08-01T12:00:00+10:00,2026-07-20T09:00:00+10:00,Completed,265,phone
B001,PKB010,C0110,S02,2026-08-01T09:00:00+10:00,2026-08-01T12:00:00+10:00,2026-07-20T09:00:00+10:00,Completed,265,phone
B001,PKB011,C0111,S03,2026-08-01T09:00:00+10:00,2026-08-01T12:00:00+10:00,2026-07-20T09:00:00+10:00,Completed,265,phone
B001,PKB012,C0112,S01,2026-08-08T09:00:00+10:00,2026-08-08T10:30:00+10:00,2026-07-27T09:00:00+10:00,Completed,100,phone
B001,PKB013,C0113,S02,2026-08-08T09:00:00+10:00,2026-08-08T12:00:00+10:00,2026-07-27T09:00:00+10:00,Completed,265,phone
B001,PKB014,C0114,S03,2026-08-08T09:00:00+10:00,2026-08-08T12:00:00+10:00,2026-07-27T09:00:00+10:00,Completed,265,phone
B001,PKB015,C0115,S01,2026-08-15T09:00:00+10:00,2026-08-15T12:00:00+10:00,2026-08-03T09:00:00+10:00,Completed,265,phone
B001,PKB016,C0116,S02,2026-08-15T09:00:00+10:00,2026-08-15T10:30:00+10:00,2026-08-03T09:00:00+10:00,Completed,100,phone
B001,PKB017,C0117,S03,2026-08-15T09:00:00+10:00,2026-08-15T12:00:00+10:00,2026-08-03T09:00:00+10:00,Completed,265,phone
B001,PKB018,C0118,S01,2026-08-22T09:00:00+10:00,2026-08-22T12:00:00+10:00,2026-08-10T09:00:00+10:00,Completed,265,phone
B001,PKB019,C0119,S02,2026-08-22T09:00:00+10:00,2026-08-22T12:00:00+10:00,2026-08-10T09:00:00+10:00,Completed,265,phone
B001,PKB020,C0120,S03,2026-08-22T09:00:00+10:00,2026-08-22T10:30:00+10:00,2026-08-10T09:00:00+10:00,Completed,100,phone
B001,PKB021,C0121,S01,2026-08-29T09:00:00+10:00,2026-08-29T12:00:00+10:00,2026-08-17T09:00:00+10:00,Completed,265,phone
B001,PKB022,C0122,S02,2026-08-29T09:00:00+10:00,2026-08-29T12:00:00+10:00,2026-08-17T09:00:00+10:00,Completed,265,phone
B001,PKB023,C0123,S03,2026-08-29T09:00:00+10:00,2026-08-29T12:00:00+10:00,2026-08-17T09:00:00+10:00,Completed,265,phone
B001,FALLB,C0183,S03,2026-07-04T09:00:00+10:00,2026-07-04T09:30:00+10:00,2026-06-25T09:00:00+10:00,Completed,35,phone
