business_id,event_id,booking_id,event_type,event_at,status_after,start_after,end_after,staff_id_after,expected_value_ex_gst_after
B001,E00001,B00001,created,2026-06-12T10:00:00+10:00,Booked,2026-06-22T09:00:00+10:00,2026-06-22T11:00:00+10:00,S01,180
B001,E00002,B00001,completed,2026-06-22T11:00:00+10:00,Completed,2026-06-22T09:00:00+10:00,2026-06-22T11:00:00+10:00,S01,180
B001,E00003,B00002,created,2026-06-12T10:00:00+10:00,Booked,2026-06-22T11:00:00+10:00,2026-06-22T13:00:00+10:00,S01,180
B001,E00004,B00002,completed,2026-06-22T13:00:00+10:00,Completed,2026-06-22T11:00:00+10:00,2026-06-22T13:00:00+10:00,S01,180
B001,E00005,B00003,created,2026-06-12T10:00:00+10:00,Booked,2026-06-22T13:00:00+10:00,2026-06-22T15:00:00+10:00,S01,180
B001,E00006,B00003,completed,2026-06-22T15:00:00+10:00,Completed,2026-06-22T13:00:00+10:00,2026-06-22T15:00:00+10:00,S01,180
B001,E00007,B00004,created,2026-06-12T10:00:00+10:00,Booked,2026-06-22T15:00:00+10:00,2026-06-22T17:00:00+10:00,S01,180
B001,E00008,B00004,completed,2026-06-22T17:00:00+10:00,Completed,2026-06-22T15:00:00+10:00,2026-06-22T17:00:00+10:00,S01,180
B001,E00009,B00005,created,2026-06-12T10:00:00+10:00,Booked,2026-06-23T09:00:00+10:00,2026-06-23T11:00:00+10:00,S01,180
B001,E00010,B00005,completed,2026-06-23T11:00:00+10:00,Completed,2026-06-23T09:00:00+10:00,2026-06-23T11:00:00+10:00,S01,180
B001,E00011,B00006,created,2026-06-12T10:00:00+10:00,Booked,2026-06-23T11:00:00+10:00,2026-06-23T13:00:00+10:00,S01,180
B001,E00012,B00006,completed,2026-06-23T13:00:00+10:00,Completed,2026-06-23T11:00:00+10:00,2026-06-23T13:00:00+10:00,S01,180
B001,E00013,B00007,created,2026-06-12T10:00:00+10:00,Booked,2026-06-23T13:00:00+10:00,2026-06-23T15:00:00+10:00,S01,180
B001,E00014,B00007,completed,2026-06-23T15:00:00+10:00,Completed,2026-06-23T13:00:00+10:00,2026-06-23T15:00:00+10:00,S01,180
B001,E00015,B00008,created,2026-06-12T10:00:00+10:00,Booked,2026-06-23T15:00:00+10:00,2026-06-23T17:00:00+10:00,S01,180
B001,E00016,B00008,completed,2026-06-23T17:00:00+10:00,Completed,2026-06-23T15:00:00+10:00,2026-06-23T17:00:00+10:00,S01,180
B001,E00017,B00009,created,2026-06-12T10:00:00+10:00,Booked,2026-06-24T09:00:00+10:00,2026-06-24T11:00:00+10:00,S01,180
B001,E00018,B00009,completed,2026-06-24T11:00:00+10:00,Completed,2026-06-24T09:00:00+10:00,2026-06-24T11:00:00+10:00,S01,180
B001,E00019,B00010,created,2026-06-12T10:00:00+10:00,Booked,2026-06-24T11:00:00+10:00,2026-06-24T13:00:00+10:00,S01,180
B001,E00020,B00010,completed,2026-06-24T13:00:00+10:00,Completed,2026-06-24T11:00:00+10:00,2026-06-24T13:00:00+10:00,S01,180
B001,E00021,B00011,created,2026-06-20T10:00:00+10:00,Booked,2026-06-24T13:00:00+10:00,2026-06-24T14:00:00+10:00,S01,70
B001,E00022,B00011,completed,2026-06-24T14:00:00+10:00,Completed,2026-06-24T13:00:00+10:00,2026-06-24T14:00:00+10:00,S01,70
B001,E00023,B00012,created,2026-06-20T10:00:00+10:00,Booked,2026-06-24T14:00:00+10:00,2026-06-24T15:00:00+10:00,S01,70
B001,E00024,B00012,completed,2026-06-24T15:00:00+10:00,Completed,2026-06-24T14:00:00+10:00,2026-06-24T15:00:00+10:00,S01,70
B001,E00025,B00013,created,2026-06-20T10:00:00+10:00,Booked,2026-06-24T15:00:00+10:00,2026-06-24T16:00:00+10:00,S01,70
B001,E00026,B00013,completed,2026-06-24T16:00:00+10:00,Completed,2026-06-24T15:00:00+10:00,2026-06-24T16:00:00+10:00,S01,70
B001,E00027,B00014,created,2026-06-20T10:00:00+10:00,Booked,2026-06-24T16:00:00+10:00,2026-06-24T17:00:00+10:00,S01,70
B001,E00028,B00014,completed,2026-06-24T17:00:00+10:00,Completed,2026-06-24T16:00:00+10:00,2026-06-24T17:00:00+10:00,S01,70
B001,E00029,B00015,created,2026-06-20T10:00:00+10:00,Booked,2026-06-25T09:00:00+10:00,2026-06-25T10:00:00+10:00,S01,70
B001,E00030,B00015,completed,2026-06-25T10:00:00+10:00,Completed,2026-06-25T09:00:00+10:00,2026-06-25T10:00:00+10:00,S01,70
B001,E00031,B00016,created,2026-06-20T10:00:00+10:00,Booked,2026-06-25T10:00:00+10:00,2026-06-25T11:00:00+10:00,S01,70
B001,E00032,B00016,completed,2026-06-25T11:00:00+10:00,Completed,2026-06-25T10:00:00+10:00,2026-06-25T11:00:00+10:00,S01,70
B001,E00033,B00017,created,2026-06-20T10:00:00+10:00,Booked,2026-06-25T11:00:00+10:00,2026-06-25T12:00:00+10:00,S01,70
B001,E00034,B00017,completed,2026-06-25T12:00:00+10:00,Completed,2026-06-25T11:00:00+10:00,2026-06-25T12:00:00+10:00,S01,70
B001,E00035,B00018,created,2026-06-20T10:00:00+10:00,Booked,2026-06-25T12:00:00+10:00,2026-06-25T13:00:00+10:00,S01,70
B001,E00036,B00018,completed,2026-06-25T13:00:00+10:00,Completed,2026-06-25T12:00:00+10:00,2026-06-25T13:00:00+10:00,S01,70
B001,E00037,B00019,created,2026-06-20T10:00:00+10:00,Booked,2026-06-25T13:00:00+10:00,2026-06-25T14:00:00+10:00,S01,70
B001,E00038,B00019,completed,2026-06-25T14:00:00+10:00,Completed,2026-06-25T13:00:00+10:00,2026-06-25T14:00:00+10:00,S01,70
B001,E00039,B00020,created,2026-06-20T10:00:00+10:00,Booked,2026-06-25T14:00:00+10:00,2026-06-25T15:00:00+10:00,S01,70
B001,E00040,B00020,completed,2026-06-25T15:00:00+10:00,Completed,2026-06-25T14:00:00+10:00,2026-06-25T15:00:00+10:00,S01,70
B001,E00041,B00021,created,2026-06-12T10:00:00+10:00,Booked,2026-06-22T09:00:00+10:00,2026-06-22T11:00:00+10:00,S02,180
B001,E00042,B00021,completed,2026-06-22T11:00:00+10:00,Completed,2026-06-22T09:00:00+10:00,2026-06-22T11:00:00+10:00,S02,180
B001,E00043,B00022,created,2026-06-12T10:00:00+10:00,Booked,2026-06-22T11:00:00+10:00,2026-06-22T13:00:00+10:00,S02,180
B001,E00044,B00022,completed,2026-06-22T13:00:00+10:00,Completed,2026-06-22T11:00:00+10:00,2026-06-22T13:00:00+10:00,S02,180
B001,E00045,B00023,created,2026-06-12T10:00:00+10:00,Booked,2026-06-22T13:00:00+10:00,2026-06-22T15:00:00+10:00,S02,180
B001,E00046,B00023,completed,2026-06-22T15:00:00+10:00,Completed,2026-06-22T13:00:00+10:00,2026-06-22T15:00:00+10:00,S02,180
B001,E00047,B00024,created,2026-06-12T10:00:00+10:00,Booked,2026-06-22T15:00:00+10:00,2026-06-22T17:00:00+10:00,S02,180
B001,E00048,B00024,completed,2026-06-22T17:00:00+10:00,Completed,2026-06-22T15:00:00+10:00,2026-06-22T17:00:00+10:00,S02,180
B001,E00049,B00025,created,2026-06-12T10:00:00+10:00,Booked,2026-06-23T09:00:00+10:00,2026-06-23T11:00:00+10:00,S02,180
B001,E00050,B00025,completed,2026-06-23T11:00:00+10:00,Completed,2026-06-23T09:00:00+10:00,2026-06-23T11:00:00+10:00,S02,180
B001,E00051,B00026,created,2026-06-12T10:00:00+10:00,Booked,2026-06-23T11:00:00+10:00,2026-06-23T13:00:00+10:00,S02,180
B001,E00052,B00026,completed,2026-06-23T13:00:00+10:00,Completed,2026-06-23T11:00:00+10:00,2026-06-23T13:00:00+10:00,S02,180
B001,E00053,B00027,created,2026-06-12T10:00:00+10:00,Booked,2026-06-23T13:00:00+10:00,2026-06-23T15:00:00+10:00,S02,180
B001,E00054,B00027,completed,2026-06-23T15:00:00+10:00,Completed,2026-06-23T13:00:00+10:00,2026-06-23T15:00:00+10:00,S02,180
B001,E00055,B00028,created,2026-06-12T10:00:00+10:00,Booked,2026-06-23T15:00:00+10:00,2026-06-23T17:00:00+10:00,S02,180
B001,E00056,B00028,completed,2026-06-23T17:00:00+10:00,Completed,2026-06-23T15:00:00+10:00,2026-06-23T17:00:00+10:00,S02,180
B001,E00057,B00029,created,2026-06-12T10:00:00+10:00,Booked,2026-06-24T09:00:00+10:00,2026-06-24T11:00:00+10:00,S02,180
B001,E00058,B00029,completed,2026-06-24T11:00:00+10:00,Completed,2026-06-24T09:00:00+10:00,2026-06-24T11:00:00+10:00,S02,180
B001,E00059,B00030,created,2026-06-12T10:00:00+10:00,Booked,2026-06-24T11:00:00+10:00,2026-06-24T13:00:00+10:00,S02,180
B001,E00060,B00030,completed,2026-06-24T13:00:00+10:00,Completed,2026-06-24T11:00:00+10:00,2026-06-24T13:00:00+10:00,S02,180
B001,E00061,B00031,created,2026-06-20T10:00:00+10:00,Booked,2026-06-24T13:00:00+10:00,2026-06-24T14:00:00+10:00,S02,70
B001,E00062,B00031,completed,2026-06-24T14:00:00+10:00,Completed,2026-06-24T13:00:00+10:00,2026-06-24T14:00:00+10:00,S02,70
B001,E00063,B00032,created,2026-06-20T10:00:00+10:00,Booked,2026-06-24T14:00:00+10:00,2026-06-24T15:00:00+10:00,S02,70
B001,E00064,B00032,completed,2026-06-24T15:00:00+10:00,Completed,2026-06-24T14:00:00+10:00,2026-06-24T15:00:00+10:00,S02,70
B001,E00065,B00033,created,2026-06-20T10:00:00+10:00,Booked,2026-06-24T15:00:00+10:00,2026-06-24T16:00:00+10:00,S02,70
B001,E00066,B00033,completed,2026-06-24T16:00:00+10:00,Completed,2026-06-24T15:00:00+10:00,2026-06-24T16:00:00+10:00,S02,70
B001,E00067,B00034,created,2026-06-20T10:00:00+10:00,Booked,2026-06-24T16:00:00+10:00,2026-06-24T17:00:00+10:00,S02,70
B001,E00068,B00034,completed,2026-06-24T17:00:00+10:00,Completed,2026-06-24T16:00:00+10:00,2026-06-24T17:00:00+10:00,S02,70
B001,E00069,B00035,created,2026-06-20T10:00:00+10:00,Booked,2026-06-25T09:00:00+10:00,2026-06-25T10:00:00+10:00,S02,70
B001,E00070,B00035,completed,2026-06-25T10:00:00+10:00,Completed,2026-06-25T09:00:00+10:00,2026-06-25T10:00:00+10:00,S02,70
B001,E00071,B00036,created,2026-06-20T10:00:00+10:00,Booked,2026-06-25T10:00:00+10:00,2026-06-25T11:00:00+10:00,S02,70
B001,E00072,B00036,completed,2026-06-25T11:00:00+10:00,Completed,2026-06-25T10:00:00+10:00,2026-06-25T11:00:00+10:00,S02,70
B001,E00073,B00037,created,2026-06-20T10:00:00+10:00,Booked,2026-06-25T11:00:00+10:00,2026-06-25T12:00:00+10:00,S02,70
B001,E00074,B00037,completed,2026-06-25T12:00:00+10:00,Completed,2026-06-25T11:00:00+10:00,2026-06-25T12:00:00+10:00,S02,70
B001,E00075,B00038,created,2026-06-20T10:00:00+10:00,Booked,2026-06-25T12:00:00+10:00,2026-06-25T13:00:00+10:00,S02,70
B001,E00076,B00038,completed,2026-06-25T13:00:00+10:00,Completed,2026-06-25T12:00:00+10:00,2026-06-25T13:00:00+10:00,S02,70
B001,E00077,B00039,created,2026-06-20T10:00:00+10:00,Booked,2026-06-25T13:00:00+10:00,2026-06-25T14:00:00+10:00,S02,70
B001,E00078,B00039,completed,2026-06-25T14:00:00+10:00,Completed,2026-06-25T13:00:00+10:00,2026-06-25T14:00:00+10:00,S02,70
B001,E00079,B00040,created,2026-06-20T10:00:00+10:00,Booked,2026-06-25T14:00:00+10:00,2026-06-25T15:00:00+10:00,S02,70
B001,E00080,B00040,completed,2026-06-25T15:00:00+10:00,Completed,2026-06-25T14:00:00+10:00,2026-06-25T15:00:00+10:00,S02,70
B001,E00081,B00041,created,2026-06-12T10:00:00+10:00,Booked,2026-06-22T09:00:00+10:00,2026-06-22T11:00:00+10:00,S03,180
B001,E00082,B00041,completed,2026-06-22T11:00:00+10:00,Completed,2026-06-22T09:00:00+10:00,2026-06-22T11:00:00+10:00,S03,180
B001,E00083,B00042,created,2026-06-12T10:00:00+10:00,Booked,2026-06-22T11:00:00+10:00,2026-06-22T13:00:00+10:00,S03,180
B001,E00084,B00042,completed,2026-06-22T13:00:00+10:00,Completed,2026-06-22T11:00:00+10:00,2026-06-22T13:00:00+10:00,S03,180
B001,E00085,B00043,created,2026-06-12T10:00:00+10:00,Booked,2026-06-22T13:00:00+10:00,2026-06-22T15:00:00+10:00,S03,180
B001,E00086,B00043,completed,2026-06-22T15:00:00+10:00,Completed,2026-06-22T13:00:00+10:00,2026-06-22T15:00:00+10:00,S03,180
B001,E00087,B00044,created,2026-06-12T10:00:00+10:00,Booked,2026-06-22T15:00:00+10:00,2026-06-22T17:00:00+10:00,S03,180
B001,E00088,B00044,completed,2026-06-22T17:00:00+10:00,Completed,2026-06-22T15:00:00+10:00,2026-06-22T17:00:00+10:00,S03,180
B001,E00089,B00045,created,2026-06-12T10:00:00+10:00,Booked,2026-06-23T09:00:00+10:00,2026-06-23T11:00:00+10:00,S03,180
B001,E00090,B00045,completed,2026-06-23T11:00:00+10:00,Completed,2026-06-23T09:00:00+10:00,2026-06-23T11:00:00+10:00,S03,180
B001,E00091,B00046,created,2026-06-12T10:00:00+10:00,Booked,2026-06-23T11:00:00+10:00,2026-06-23T13:00:00+10:00,S03,180
B001,E00092,B00046,completed,2026-06-23T13:00:00+10:00,Completed,2026-06-23T11:00:00+10:00,2026-06-23T13:00:00+10:00,S03,180
B001,E00093,B00047,created,2026-06-12T10:00:00+10:00,Booked,2026-06-23T13:00:00+10:00,2026-06-23T15:00:00+10:00,S03,180
B001,E00094,B00047,completed,2026-06-23T15:00:00+10:00,Completed,2026-06-23T13:00:00+10:00,2026-06-23T15:00:00+10:00,S03,180
B001,E00095,B00048,created,2026-06-12T10:00:00+10:00,Booked,2026-06-23T15:00:00+10:00,2026-06-23T17:00:00+10:00,S03,180
B001,E00096,B00048,completed,2026-06-23T17:00:00+10:00,Completed,2026-06-23T15:00:00+10:00,2026-06-23T17:00:00+10:00,S03,180
B001,E00097,B00049,created,2026-06-12T10:00:00+10:00,Booked,2026-06-24T09:00:00+10:00,2026-06-24T11:00:00+10:00,S03,180
B001,E00098,B00049,completed,2026-06-24T11:00:00+10:00,Completed,2026-06-24T09:00:00+10:00,2026-06-24T11:00:00+10:00,S03,180
B001,E00099,B00050,created,2026-06-12T10:00:00+10:00,Booked,2026-06-24T11:00:00+10:00,2026-06-24T13:00:00+10:00,S03,180
B001,E00100,B00050,completed,2026-06-24T13:00:00+10:00,Completed,2026-06-24T11:00:00+10:00,2026-06-24T13:00:00+10:00,S03,180
B001,E00101,B00051,created,2026-06-20T10:00:00+10:00,Booked,2026-06-24T13:00:00+10:00,2026-06-24T15:00:00+10:00,S03,180
B001,E00102,B00051,completed,2026-06-24T15:00:00+10:00,Completed,2026-06-24T13:00:00+10:00,2026-06-24T15:00:00+10:00,S03,180
B001,E00103,B00052,created,2026-06-20T10:00:00+10:00,Booked,2026-06-24T15:00:00+10:00,2026-06-24T17:00:00+10:00,S03,180
B001,E00104,B00052,completed,2026-06-24T17:00:00+10:00,Completed,2026-06-24T15:00:00+10:00,2026-06-24T17:00:00+10:00,S03,180
B001,E00105,B00053,created,2026-06-20T10:00:00+10:00,Booked,2026-06-25T09:00:00+10:00,2026-06-25T10:00:00+10:00,S03,70
B001,E00106,B00053,completed,2026-06-25T10:00:00+10:00,Completed,2026-06-25T09:00:00+10:00,2026-06-25T10:00:00+10:00,S03,70
B001,E00107,B00054,created,2026-06-20T10:00:00+10:00,Booked,2026-06-25T10:00:00+10:00,2026-06-25T11:00:00+10:00,S03,70
B001,E00108,B00054,completed,2026-06-25T11:00:00+10:00,Completed,2026-06-25T10:00:00+10:00,2026-06-25T11:00:00+10:00,S03,70
B001,E00109,B00055,created,2026-06-20T10:00:00+10:00,Booked,2026-06-25T11:00:00+10:00,2026-06-25T12:00:00+10:00,S03,70
B001,E00110,B00055,completed,2026-06-25T12:00:00+10:00,Completed,2026-06-25T11:00:00+10:00,2026-06-25T12:00:00+10:00,S03,70
B001,E00111,B00056,created,2026-06-20T10:00:00+10:00,Booked,2026-06-25T12:00:00+10:00,2026-06-25T13:00:00+10:00,S03,70
B001,E00112,B00056,completed,2026-06-25T13:00:00+10:00,Completed,2026-06-25T12:00:00+10:00,2026-06-25T13:00:00+10:00,S03,70
B001,E00113,B00057,created,2026-06-20T10:00:00+10:00,Booked,2026-06-25T13:00:00+10:00,2026-06-25T14:00:00+10:00,S03,70
B001,E00114,B00057,completed,2026-06-25T14:00:00+10:00,Completed,2026-06-25T13:00:00+10:00,2026-06-25T14:00:00+10:00,S03,70
B001,E00115,B00058,created,2026-06-20T10:00:00+10:00,Booked,2026-06-25T14:00:00+10:00,2026-06-25T15:00:00+10:00,S03,70
B001,E00116,B00058,completed,2026-06-25T15:00:00+10:00,Completed,2026-06-25T14:00:00+10:00,2026-06-25T15:00:00+10:00,S03,70
B001,E00117,B00059,created,2026-06-19T10:00:00+10:00,Booked,2026-06-29T09:00:00+10:00,2026-06-29T11:00:00+10:00,S01,180
B001,E00118,B00059,completed,2026-06-29T11:00:00+10:00,Completed,2026-06-29T09:00:00+10:00,2026-06-29T11:00:00+10:00,S01,180
B001,E00119,B00060,created,2026-06-19T10:00:00+10:00,Booked,2026-06-29T11:00:00+10:00,2026-06-29T13:00:00+10:00,S01,180
B001,E00120,B00060,completed,2026-06-29T13:00:00+10:00,Completed,2026-06-29T11:00:00+10:00,2026-06-29T13:00:00+10:00,S01,180
B001,E00121,B00061,created,2026-06-19T10:00:00+10:00,Booked,2026-06-29T13:00:00+10:00,2026-06-29T15:00:00+10:00,S01,180
B001,E00122,B00061,completed,2026-06-29T15:00:00+10:00,Completed,2026-06-29T13:00:00+10:00,2026-06-29T15:00:00+10:00,S01,180
B001,E00123,B00062,created,2026-06-19T10:00:00+10:00,Booked,2026-06-29T15:00:00+10:00,2026-06-29T17:00:00+10:00,S01,180
B001,E00124,B00062,completed,2026-06-29T17:00:00+10:00,Completed,2026-06-29T15:00:00+10:00,2026-06-29T17:00:00+10:00,S01,180
B001,E00125,B00063,created,2026-06-19T10:00:00+10:00,Booked,2026-06-30T09:00:00+10:00,2026-06-30T11:00:00+10:00,S01,180
B001,E00126,B00063,completed,2026-06-30T11:00:00+10:00,Completed,2026-06-30T09:00:00+10:00,2026-06-30T11:00:00+10:00,S01,180
B001,E00127,B00064,created,2026-06-19T10:00:00+10:00,Booked,2026-06-30T11:00:00+10:00,2026-06-30T13:00:00+10:00,S01,180
B001,E00128,B00064,completed,2026-06-30T13:00:00+10:00,Completed,2026-06-30T11:00:00+10:00,2026-06-30T13:00:00+10:00,S01,180
B001,E00129,B00065,created,2026-06-19T10:00:00+10:00,Booked,2026-06-30T13:00:00+10:00,2026-06-30T15:00:00+10:00,S01,180
B001,E00130,B00065,completed,2026-06-30T15:00:00+10:00,Completed,2026-06-30T13:00:00+10:00,2026-06-30T15:00:00+10:00,S01,180
B001,E00131,B00066,created,2026-06-19T10:00:00+10:00,Booked,2026-06-30T15:00:00+10:00,2026-06-30T17:00:00+10:00,S01,180
B001,E00132,B00066,completed,2026-06-30T17:00:00+10:00,Completed,2026-06-30T15:00:00+10:00,2026-06-30T17:00:00+10:00,S01,180
B001,E00133,B00067,created,2026-06-19T10:00:00+10:00,Booked,2026-07-01T09:00:00+10:00,2026-07-01T11:00:00+10:00,S01,180
B001,E00134,B00067,completed,2026-07-01T11:00:00+10:00,Completed,2026-07-01T09:00:00+10:00,2026-07-01T11:00:00+10:00,S01,180
B001,E00135,B00068,created,2026-06-19T10:00:00+10:00,Booked,2026-07-01T11:00:00+10:00,2026-07-01T13:00:00+10:00,S01,180
B001,E00136,B00068,completed,2026-07-01T13:00:00+10:00,Completed,2026-07-01T11:00:00+10:00,2026-07-01T13:00:00+10:00,S01,180
B001,E00137,B00069,created,2026-06-27T10:00:00+10:00,Booked,2026-07-01T13:00:00+10:00,2026-07-01T14:00:00+10:00,S01,70
B001,E00138,B00069,completed,2026-07-01T14:00:00+10:00,Completed,2026-07-01T13:00:00+10:00,2026-07-01T14:00:00+10:00,S01,70
B001,E00139,B00070,created,2026-06-27T10:00:00+10:00,Booked,2026-07-01T14:00:00+10:00,2026-07-01T15:00:00+10:00,S01,70
B001,E00140,B00070,completed,2026-07-01T15:00:00+10:00,Completed,2026-07-01T14:00:00+10:00,2026-07-01T15:00:00+10:00,S01,70
B001,E00141,B00071,created,2026-06-27T10:00:00+10:00,Booked,2026-07-01T15:00:00+10:00,2026-07-01T16:00:00+10:00,S01,70
B001,E00142,B00071,completed,2026-07-01T16:00:00+10:00,Completed,2026-07-01T15:00:00+10:00,2026-07-01T16:00:00+10:00,S01,70
B001,E00143,B00072,created,2026-06-27T10:00:00+10:00,Booked,2026-07-01T16:00:00+10:00,2026-07-01T17:00:00+10:00,S01,70
B001,E00144,B00072,completed,2026-07-01T17:00:00+10:00,Completed,2026-07-01T16:00:00+10:00,2026-07-01T17:00:00+10:00,S01,70
B001,E00145,B00073,created,2026-06-27T10:00:00+10:00,Booked,2026-07-02T09:00:00+10:00,2026-07-02T10:00:00+10:00,S01,70
B001,E00146,B00073,completed,2026-07-02T10:00:00+10:00,Completed,2026-07-02T09:00:00+10:00,2026-07-02T10:00:00+10:00,S01,70
B001,E00147,B00074,created,2026-06-27T10:00:00+10:00,Booked,2026-07-02T10:00:00+10:00,2026-07-02T11:00:00+10:00,S01,70
B001,E00148,B00074,completed,2026-07-02T11:00:00+10:00,Completed,2026-07-02T10:00:00+10:00,2026-07-02T11:00:00+10:00,S01,70
B001,E00149,B00075,created,2026-06-27T10:00:00+10:00,Booked,2026-07-02T11:00:00+10:00,2026-07-02T12:00:00+10:00,S01,70
B001,E00150,B00075,completed,2026-07-02T12:00:00+10:00,Completed,2026-07-02T11:00:00+10:00,2026-07-02T12:00:00+10:00,S01,70
B001,E00151,B00076,created,2026-06-27T10:00:00+10:00,Booked,2026-07-02T12:00:00+10:00,2026-07-02T13:00:00+10:00,S01,70
B001,E00152,B00076,completed,2026-07-02T13:00:00+10:00,Completed,2026-07-02T12:00:00+10:00,2026-07-02T13:00:00+10:00,S01,70
B001,E00153,B00077,created,2026-06-27T10:00:00+10:00,Booked,2026-07-02T13:00:00+10:00,2026-07-02T14:00:00+10:00,S01,70
B001,E00154,B00077,completed,2026-07-02T14:00:00+10:00,Completed,2026-07-02T13:00:00+10:00,2026-07-02T14:00:00+10:00,S01,70
B001,E00155,B00078,created,2026-06-27T10:00:00+10:00,Booked,2026-07-02T14:00:00+10:00,2026-07-02T15:00:00+10:00,S01,70
B001,E00156,B00078,completed,2026-07-02T15:00:00+10:00,Completed,2026-07-02T14:00:00+10:00,2026-07-02T15:00:00+10:00,S01,70
B001,E00157,B00079,created,2026-06-19T10:00:00+10:00,Booked,2026-06-29T09:00:00+10:00,2026-06-29T11:00:00+10:00,S02,180
B001,E00158,B00079,completed,2026-06-29T11:00:00+10:00,Completed,2026-06-29T09:00:00+10:00,2026-06-29T11:00:00+10:00,S02,180
B001,E00159,B00080,created,2026-06-19T10:00:00+10:00,Booked,2026-06-29T11:00:00+10:00,2026-06-29T13:00:00+10:00,S02,180
B001,E00160,B00080,completed,2026-06-29T13:00:00+10:00,Completed,2026-06-29T11:00:00+10:00,2026-06-29T13:00:00+10:00,S02,180
B001,E00161,B00081,created,2026-06-19T10:00:00+10:00,Booked,2026-06-29T13:00:00+10:00,2026-06-29T15:00:00+10:00,S02,180
B001,E00162,B00081,completed,2026-06-29T15:00:00+10:00,Completed,2026-06-29T13:00:00+10:00,2026-06-29T15:00:00+10:00,S02,180
B001,E00163,B00082,created,2026-06-19T10:00:00+10:00,Booked,2026-06-29T15:00:00+10:00,2026-06-29T17:00:00+10:00,S02,180
B001,E00164,B00082,completed,2026-06-29T17:00:00+10:00,Completed,2026-06-29T15:00:00+10:00,2026-06-29T17:00:00+10:00,S02,180
B001,E00165,B00083,created,2026-06-19T10:00:00+10:00,Booked,2026-06-30T09:00:00+10:00,2026-06-30T11:00:00+10:00,S02,180
B001,E00166,B00083,completed,2026-06-30T11:00:00+10:00,Completed,2026-06-30T09:00:00+10:00,2026-06-30T11:00:00+10:00,S02,180
B001,E00167,B00084,created,2026-06-19T10:00:00+10:00,Booked,2026-06-30T11:00:00+10:00,2026-06-30T13:00:00+10:00,S02,180
B001,E00168,B00084,completed,2026-06-30T13:00:00+10:00,Completed,2026-06-30T11:00:00+10:00,2026-06-30T13:00:00+10:00,S02,180
B001,E00169,B00085,created,2026-06-19T10:00:00+10:00,Booked,2026-06-30T13:00:00+10:00,2026-06-30T15:00:00+10:00,S02,180
B001,E00170,B00085,completed,2026-06-30T15:00:00+10:00,Completed,2026-06-30T13:00:00+10:00,2026-06-30T15:00:00+10:00,S02,180
B001,E00171,B00086,created,2026-06-19T10:00:00+10:00,Booked,2026-06-30T15:00:00+10:00,2026-06-30T17:00:00+10:00,S02,180
B001,E00172,B00086,completed,2026-06-30T17:00:00+10:00,Completed,2026-06-30T15:00:00+10:00,2026-06-30T17:00:00+10:00,S02,180
B001,E00173,B00087,created,2026-06-19T10:00:00+10:00,Booked,2026-07-01T09:00:00+10:00,2026-07-01T11:00:00+10:00,S02,180
B001,E00174,B00087,completed,2026-07-01T11:00:00+10:00,Completed,2026-07-01T09:00:00+10:00,2026-07-01T11:00:00+10:00,S02,180
B001,E00175,B00088,created,2026-06-19T10:00:00+10:00,Booked,2026-07-01T11:00:00+10:00,2026-07-01T13:00:00+10:00,S02,180
B001,E00176,B00088,completed,2026-07-01T13:00:00+10:00,Completed,2026-07-01T11:00:00+10:00,2026-07-01T13:00:00+10:00,S02,180
B001,E00177,B00089,created,2026-06-27T10:00:00+10:00,Booked,2026-07-01T13:00:00+10:00,2026-07-01T14:00:00+10:00,S02,70
B001,E00178,B00089,completed,2026-07-01T14:00:00+10:00,Completed,2026-07-01T13:00:00+10:00,2026-07-01T14:00:00+10:00,S02,70
B001,E00179,B00090,created,2026-06-27T10:00:00+10:00,Booked,2026-07-01T14:00:00+10:00,2026-07-01T15:00:00+10:00,S02,70
B001,E00180,B00090,completed,2026-07-01T15:00:00+10:00,Completed,2026-07-01T14:00:00+10:00,2026-07-01T15:00:00+10:00,S02,70
B001,E00181,B00091,created,2026-06-27T10:00:00+10:00,Booked,2026-07-01T15:00:00+10:00,2026-07-01T16:00:00+10:00,S02,70
B001,E00182,B00091,completed,2026-07-01T16:00:00+10:00,Completed,2026-07-01T15:00:00+10:00,2026-07-01T16:00:00+10:00,S02,70
B001,E00183,B00092,created,2026-06-27T10:00:00+10:00,Booked,2026-07-01T16:00:00+10:00,2026-07-01T17:00:00+10:00,S02,70
B001,E00184,B00092,completed,2026-07-01T17:00:00+10:00,Completed,2026-07-01T16:00:00+10:00,2026-07-01T17:00:00+10:00,S02,70
B001,E00185,B00093,created,2026-06-27T10:00:00+10:00,Booked,2026-07-02T09:00:00+10:00,2026-07-02T10:00:00+10:00,S02,70
B001,E00186,B00093,completed,2026-07-02T10:00:00+10:00,Completed,2026-07-02T09:00:00+10:00,2026-07-02T10:00:00+10:00,S02,70
B001,E00187,B00094,created,2026-06-27T10:00:00+10:00,Booked,2026-07-02T10:00:00+10:00,2026-07-02T11:00:00+10:00,S02,70
B001,E00188,B00094,completed,2026-07-02T11:00:00+10:00,Completed,2026-07-02T10:00:00+10:00,2026-07-02T11:00:00+10:00,S02,70
B001,E00189,B00095,created,2026-06-27T10:00:00+10:00,Booked,2026-07-02T11:00:00+10:00,2026-07-02T12:00:00+10:00,S02,70
B001,E00190,B00095,completed,2026-07-02T12:00:00+10:00,Completed,2026-07-02T11:00:00+10:00,2026-07-02T12:00:00+10:00,S02,70
B001,E00191,B00096,created,2026-06-27T10:00:00+10:00,Booked,2026-07-02T12:00:00+10:00,2026-07-02T13:00:00+10:00,S02,70
B001,E00192,B00096,completed,2026-07-02T13:00:00+10:00,Completed,2026-07-02T12:00:00+10:00,2026-07-02T13:00:00+10:00,S02,70
B001,E00193,B00097,created,2026-06-27T10:00:00+10:00,Booked,2026-07-02T13:00:00+10:00,2026-07-02T14:00:00+10:00,S02,70
B001,E00194,B00097,completed,2026-07-02T14:00:00+10:00,Completed,2026-07-02T13:00:00+10:00,2026-07-02T14:00:00+10:00,S02,70
B001,E00195,B00098,created,2026-06-27T10:00:00+10:00,Booked,2026-07-02T14:00:00+10:00,2026-07-02T15:00:00+10:00,S02,70
B001,E00196,B00098,completed,2026-07-02T15:00:00+10:00,Completed,2026-07-02T14:00:00+10:00,2026-07-02T15:00:00+10:00,S02,70
B001,E00197,B00099,created,2026-06-19T10:00:00+10:00,Booked,2026-06-29T09:00:00+10:00,2026-06-29T11:00:00+10:00,S03,180
B001,E00198,B00099,completed,2026-06-29T11:00:00+10:00,Completed,2026-06-29T09:00:00+10:00,2026-06-29T11:00:00+10:00,S03,180
B001,E00199,B00100,created,2026-06-19T10:00:00+10:00,Booked,2026-06-29T11:00:00+10:00,2026-06-29T13:00:00+10:00,S03,180
B001,E00200,B00100,completed,2026-06-29T13:00:00+10:00,Completed,2026-06-29T11:00:00+10:00,2026-06-29T13:00:00+10:00,S03,180
B001,E00201,B00101,created,2026-06-19T10:00:00+10:00,Booked,2026-06-29T13:00:00+10:00,2026-06-29T15:00:00+10:00,S03,180
B001,E00202,B00101,completed,2026-06-29T15:00:00+10:00,Completed,2026-06-29T13:00:00+10:00,2026-06-29T15:00:00+10:00,S03,180
B001,E00203,B00102,created,2026-06-19T10:00:00+10:00,Booked,2026-06-29T15:00:00+10:00,2026-06-29T17:00:00+10:00,S03,180
B001,E00204,B00102,completed,2026-06-29T17:00:00+10:00,Completed,2026-06-29T15:00:00+10:00,2026-06-29T17:00:00+10:00,S03,180
B001,E00205,B00103,created,2026-06-19T10:00:00+10:00,Booked,2026-06-30T09:00:00+10:00,2026-06-30T11:00:00+10:00,S03,180
B001,E00206,B00103,completed,2026-06-30T11:00:00+10:00,Completed,2026-06-30T09:00:00+10:00,2026-06-30T11:00:00+10:00,S03,180
B001,E00207,B00104,created,2026-06-19T10:00:00+10:00,Booked,2026-06-30T11:00:00+10:00,2026-06-30T13:00:00+10:00,S03,180
B001,E00208,B00104,completed,2026-06-30T13:00:00+10:00,Completed,2026-06-30T11:00:00+10:00,2026-06-30T13:00:00+10:00,S03,180
B001,E00209,B00105,created,2026-06-19T10:00:00+10:00,Booked,2026-06-30T13:00:00+10:00,2026-06-30T15:00:00+10:00,S03,180
B001,E00210,B00105,completed,2026-06-30T15:00:00+10:00,Completed,2026-06-30T13:00:00+10:00,2026-06-30T15:00:00+10:00,S03,180
B001,E00211,B00106,created,2026-06-19T10:00:00+10:00,Booked,2026-06-30T15:00:00+10:00,2026-06-30T17:00:00+10:00,S03,180
B001,E00212,B00106,completed,2026-06-30T17:00:00+10:00,Completed,2026-06-30T15:00:00+10:00,2026-06-30T17:00:00+10:00,S03,180
B001,E00213,B00107,created,2026-06-19T10:00:00+10:00,Booked,2026-07-01T09:00:00+10:00,2026-07-01T11:00:00+10:00,S03,180
B001,E00214,B00107,completed,2026-07-01T11:00:00+10:00,Completed,2026-07-01T09:00:00+10:00,2026-07-01T11:00:00+10:00,S03,180
B001,E00215,B00108,created,2026-06-19T10:00:00+10:00,Booked,2026-07-01T11:00:00+10:00,2026-07-01T13:00:00+10:00,S03,180
B001,E00216,B00108,completed,2026-07-01T13:00:00+10:00,Completed,2026-07-01T11:00:00+10:00,2026-07-01T13:00:00+10:00,S03,180
B001,E00217,B00109,created,2026-06-27T10:00:00+10:00,Booked,2026-07-01T13:00:00+10:00,2026-07-01T15:00:00+10:00,S03,180
B001,E00218,B00109,completed,2026-07-01T15:00:00+10:00,Completed,2026-07-01T13:00:00+10:00,2026-07-01T15:00:00+10:00,S03,180
B001,E00219,B00110,created,2026-06-27T10:00:00+10:00,Booked,2026-07-01T15:00:00+10:00,2026-07-01T17:00:00+10:00,S03,180
B001,E00220,B00110,completed,2026-07-01T17:00:00+10:00,Completed,2026-07-01T15:00:00+10:00,2026-07-01T17:00:00+10:00,S03,180
B001,E00221,B00111,created,2026-06-27T10:00:00+10:00,Booked,2026-07-02T09:00:00+10:00,2026-07-02T10:00:00+10:00,S03,70
B001,E00222,B00111,completed,2026-07-02T10:00:00+10:00,Completed,2026-07-02T09:00:00+10:00,2026-07-02T10:00:00+10:00,S03,70
B001,E00223,B00112,created,2026-06-27T10:00:00+10:00,Booked,2026-07-02T10:00:00+10:00,2026-07-02T11:00:00+10:00,S03,70
B001,E00224,B00112,completed,2026-07-02T11:00:00+10:00,Completed,2026-07-02T10:00:00+10:00,2026-07-02T11:00:00+10:00,S03,70
B001,E00225,B00113,created,2026-06-27T10:00:00+10:00,Booked,2026-07-02T11:00:00+10:00,2026-07-02T12:00:00+10:00,S03,70
B001,E00226,B00113,completed,2026-07-02T12:00:00+10:00,Completed,2026-07-02T11:00:00+10:00,2026-07-02T12:00:00+10:00,S03,70
B001,E00227,B00114,created,2026-06-27T10:00:00+10:00,Booked,2026-07-02T12:00:00+10:00,2026-07-02T13:00:00+10:00,S03,70
B001,E00228,B00114,completed,2026-07-02T13:00:00+10:00,Completed,2026-07-02T12:00:00+10:00,2026-07-02T13:00:00+10:00,S03,70
B001,E00229,B00115,created,2026-06-27T10:00:00+10:00,Booked,2026-07-02T13:00:00+10:00,2026-07-02T14:00:00+10:00,S03,70
B001,E00230,B00115,completed,2026-07-02T14:00:00+10:00,Completed,2026-07-02T13:00:00+10:00,2026-07-02T14:00:00+10:00,S03,70
B001,E00231,B00116,created,2026-06-27T10:00:00+10:00,Booked,2026-07-02T14:00:00+10:00,2026-07-02T15:00:00+10:00,S03,70
B001,E00232,B00116,completed,2026-07-02T15:00:00+10:00,Completed,2026-07-02T14:00:00+10:00,2026-07-02T15:00:00+10:00,S03,70
B001,E00233,B00117,created,2026-06-26T10:00:00+10:00,Booked,2026-07-06T09:00:00+10:00,2026-07-06T11:00:00+10:00,S01,180
B001,E00234,B00117,completed,2026-07-06T11:00:00+10:00,Completed,2026-07-06T09:00:00+10:00,2026-07-06T11:00:00+10:00,S01,180
B001,E00235,B00118,created,2026-06-26T10:00:00+10:00,Booked,2026-07-06T11:00:00+10:00,2026-07-06T13:00:00+10:00,S01,180
B001,E00236,B00118,completed,2026-07-06T13:00:00+10:00,Completed,2026-07-06T11:00:00+10:00,2026-07-06T13:00:00+10:00,S01,180
B001,E00237,B00119,created,2026-06-26T10:00:00+10:00,Booked,2026-07-06T13:00:00+10:00,2026-07-06T15:00:00+10:00,S01,180
B001,E00238,B00119,completed,2026-07-06T15:00:00+10:00,Completed,2026-07-06T13:00:00+10:00,2026-07-06T15:00:00+10:00,S01,180
B001,E00239,B00120,created,2026-06-26T10:00:00+10:00,Booked,2026-07-06T15:00:00+10:00,2026-07-06T17:00:00+10:00,S01,180
B001,E00240,B00120,completed,2026-07-06T17:00:00+10:00,Completed,2026-07-06T15:00:00+10:00,2026-07-06T17:00:00+10:00,S01,180
B001,E00241,B00121,created,2026-06-26T10:00:00+10:00,Booked,2026-07-07T09:00:00+10:00,2026-07-07T11:00:00+10:00,S01,180
B001,E00242,B00121,completed,2026-07-07T11:00:00+10:00,Completed,2026-07-07T09:00:00+10:00,2026-07-07T11:00:00+10:00,S01,180
B001,E00243,B00122,created,2026-06-26T10:00:00+10:00,Booked,2026-07-07T11:00:00+10:00,2026-07-07T13:00:00+10:00,S01,180
B001,E00244,B00122,completed,2026-07-07T13:00:00+10:00,Completed,2026-07-07T11:00:00+10:00,2026-07-07T13:00:00+10:00,S01,180
B001,E00245,B00123,created,2026-06-26T10:00:00+10:00,Booked,2026-07-07T13:00:00+10:00,2026-07-07T15:00:00+10:00,S01,180
B001,E00246,B00123,completed,2026-07-07T15:00:00+10:00,Completed,2026-07-07T13:00:00+10:00,2026-07-07T15:00:00+10:00,S01,180
B001,E00247,B00124,created,2026-06-26T10:00:00+10:00,Booked,2026-07-07T15:00:00+10:00,2026-07-07T17:00:00+10:00,S01,180
B001,E00248,B00124,completed,2026-07-07T17:00:00+10:00,Completed,2026-07-07T15:00:00+10:00,2026-07-07T17:00:00+10:00,S01,180
B001,E00249,B00125,created,2026-06-26T10:00:00+10:00,Booked,2026-07-08T09:00:00+10:00,2026-07-08T11:00:00+10:00,S01,180
B001,E00250,B00125,completed,2026-07-08T11:00:00+10:00,Completed,2026-07-08T09:00:00+10:00,2026-07-08T11:00:00+10:00,S01,180
B001,E00251,B00126,created,2026-06-26T10:00:00+10:00,Booked,2026-07-08T11:00:00+10:00,2026-07-08T13:00:00+10:00,S01,180
B001,E00252,B00126,completed,2026-07-08T13:00:00+10:00,Completed,2026-07-08T11:00:00+10:00,2026-07-08T13:00:00+10:00,S01,180
B001,E00253,B00127,created,2026-07-04T10:00:00+10:00,Booked,2026-07-08T13:00:00+10:00,2026-07-08T14:00:00+10:00,S01,70
B001,E00254,B00127,completed,2026-07-08T14:00:00+10:00,Completed,2026-07-08T13:00:00+10:00,2026-07-08T14:00:00+10:00,S01,70
B001,E00255,B00128,created,2026-07-04T10:00:00+10:00,Booked,2026-07-08T14:00:00+10:00,2026-07-08T15:00:00+10:00,S01,70
B001,E00256,B00128,completed,2026-07-08T15:00:00+10:00,Completed,2026-07-08T14:00:00+10:00,2026-07-08T15:00:00+10:00,S01,70
B001,E00257,B00129,created,2026-07-04T10:00:00+10:00,Booked,2026-07-08T15:00:00+10:00,2026-07-08T16:00:00+10:00,S01,70
B001,E00258,B00129,completed,2026-07-08T16:00:00+10:00,Completed,2026-07-08T15:00:00+10:00,2026-07-08T16:00:00+10:00,S01,70
B001,E00259,B00130,created,2026-07-04T10:00:00+10:00,Booked,2026-07-08T16:00:00+10:00,2026-07-08T17:00:00+10:00,S01,70
B001,E00260,B00130,completed,2026-07-08T17:00:00+10:00,Completed,2026-07-08T16:00:00+10:00,2026-07-08T17:00:00+10:00,S01,70
B001,E00261,B00131,created,2026-07-04T10:00:00+10:00,Booked,2026-07-09T09:00:00+10:00,2026-07-09T10:00:00+10:00,S01,70
B001,E00262,B00131,completed,2026-07-09T10:00:00+10:00,Completed,2026-07-09T09:00:00+10:00,2026-07-09T10:00:00+10:00,S01,70
B001,E00263,B00132,created,2026-07-04T10:00:00+10:00,Booked,2026-07-09T10:00:00+10:00,2026-07-09T11:00:00+10:00,S01,70
B001,E00264,B00132,completed,2026-07-09T11:00:00+10:00,Completed,2026-07-09T10:00:00+10:00,2026-07-09T11:00:00+10:00,S01,70
B001,E00265,B00133,created,2026-07-04T10:00:00+10:00,Booked,2026-07-09T11:00:00+10:00,2026-07-09T12:00:00+10:00,S01,70
B001,E00266,B00133,completed,2026-07-09T12:00:00+10:00,Completed,2026-07-09T11:00:00+10:00,2026-07-09T12:00:00+10:00,S01,70
B001,E00267,B00134,created,2026-07-04T10:00:00+10:00,Booked,2026-07-09T12:00:00+10:00,2026-07-09T13:00:00+10:00,S01,70
B001,E00268,B00134,completed,2026-07-09T13:00:00+10:00,Completed,2026-07-09T12:00:00+10:00,2026-07-09T13:00:00+10:00,S01,70
B001,E00269,B00135,created,2026-07-04T10:00:00+10:00,Booked,2026-07-09T13:00:00+10:00,2026-07-09T14:00:00+10:00,S01,70
B001,E00270,B00135,completed,2026-07-09T14:00:00+10:00,Completed,2026-07-09T13:00:00+10:00,2026-07-09T14:00:00+10:00,S01,70
B001,E00271,B00136,created,2026-07-04T10:00:00+10:00,Booked,2026-07-09T14:00:00+10:00,2026-07-09T15:00:00+10:00,S01,70
B001,E00272,B00136,completed,2026-07-09T15:00:00+10:00,Completed,2026-07-09T14:00:00+10:00,2026-07-09T15:00:00+10:00,S01,70
B001,E00273,B00137,created,2026-06-26T10:00:00+10:00,Booked,2026-07-06T09:00:00+10:00,2026-07-06T11:00:00+10:00,S02,180
B001,E00274,B00137,completed,2026-07-06T11:00:00+10:00,Completed,2026-07-06T09:00:00+10:00,2026-07-06T11:00:00+10:00,S02,180
B001,E00275,B00138,created,2026-06-26T10:00:00+10:00,Booked,2026-07-06T11:00:00+10:00,2026-07-06T13:00:00+10:00,S02,180
B001,E00276,B00138,completed,2026-07-06T13:00:00+10:00,Completed,2026-07-06T11:00:00+10:00,2026-07-06T13:00:00+10:00,S02,180
B001,E00277,B00139,created,2026-06-26T10:00:00+10:00,Booked,2026-07-06T13:00:00+10:00,2026-07-06T15:00:00+10:00,S02,180
B001,E00278,B00139,completed,2026-07-06T15:00:00+10:00,Completed,2026-07-06T13:00:00+10:00,2026-07-06T15:00:00+10:00,S02,180
B001,E00279,B00140,created,2026-06-26T10:00:00+10:00,Booked,2026-07-06T15:00:00+10:00,2026-07-06T17:00:00+10:00,S02,180
B001,E00280,B00140,completed,2026-07-06T17:00:00+10:00,Completed,2026-07-06T15:00:00+10:00,2026-07-06T17:00:00+10:00,S02,180
B001,E00281,B00141,created,2026-06-26T10:00:00+10:00,Booked,2026-07-07T09:00:00+10:00,2026-07-07T11:00:00+10:00,S02,180
B001,E00282,B00141,completed,2026-07-07T11:00:00+10:00,Completed,2026-07-07T09:00:00+10:00,2026-07-07T11:00:00+10:00,S02,180
B001,E00283,B00142,created,2026-06-26T10:00:00+10:00,Booked,2026-07-07T11:00:00+10:00,2026-07-07T13:00:00+10:00,S02,180
B001,E00284,B00142,completed,2026-07-07T13:00:00+10:00,Completed,2026-07-07T11:00:00+10:00,2026-07-07T13:00:00+10:00,S02,180
B001,E00285,B00143,created,2026-06-26T10:00:00+10:00,Booked,2026-07-07T13:00:00+10:00,2026-07-07T15:00:00+10:00,S02,180
B001,E00286,B00143,completed,2026-07-07T15:00:00+10:00,Completed,2026-07-07T13:00:00+10:00,2026-07-07T15:00:00+10:00,S02,180
B001,E00287,B00144,created,2026-06-26T10:00:00+10:00,Booked,2026-07-07T15:00:00+10:00,2026-07-07T17:00:00+10:00,S02,180
B001,E00288,B00144,completed,2026-07-07T17:00:00+10:00,Completed,2026-07-07T15:00:00+10:00,2026-07-07T17:00:00+10:00,S02,180
B001,E00289,B00145,created,2026-06-26T10:00:00+10:00,Booked,2026-07-08T09:00:00+10:00,2026-07-08T11:00:00+10:00,S02,180
B001,E00290,B00145,completed,2026-07-08T11:00:00+10:00,Completed,2026-07-08T09:00:00+10:00,2026-07-08T11:00:00+10:00,S02,180
B001,E00291,B00146,created,2026-06-26T10:00:00+10:00,Booked,2026-07-08T11:00:00+10:00,2026-07-08T13:00:00+10:00,S02,180
B001,E00292,B00146,completed,2026-07-08T13:00:00+10:00,Completed,2026-07-08T11:00:00+10:00,2026-07-08T13:00:00+10:00,S02,180
B001,E00293,B00147,created,2026-07-04T10:00:00+10:00,Booked,2026-07-08T13:00:00+10:00,2026-07-08T14:00:00+10:00,S02,70
B001,E00294,B00147,completed,2026-07-08T14:00:00+10:00,Completed,2026-07-08T13:00:00+10:00,2026-07-08T14:00:00+10:00,S02,70
B001,E00295,B00148,created,2026-07-04T10:00:00+10:00,Booked,2026-07-08T14:00:00+10:00,2026-07-08T15:00:00+10:00,S02,70
B001,E00296,B00148,completed,2026-07-08T15:00:00+10:00,Completed,2026-07-08T14:00:00+10:00,2026-07-08T15:00:00+10:00,S02,70
B001,E00297,B00149,created,2026-07-04T10:00:00+10:00,Booked,2026-07-08T15:00:00+10:00,2026-07-08T16:00:00+10:00,S02,70
B001,E00298,B00149,completed,2026-07-08T16:00:00+10:00,Completed,2026-07-08T15:00:00+10:00,2026-07-08T16:00:00+10:00,S02,70
B001,E00299,B00150,created,2026-07-04T10:00:00+10:00,Booked,2026-07-08T16:00:00+10:00,2026-07-08T17:00:00+10:00,S02,70
B001,E00300,B00150,completed,2026-07-08T17:00:00+10:00,Completed,2026-07-08T16:00:00+10:00,2026-07-08T17:00:00+10:00,S02,70
B001,E00301,B00151,created,2026-07-04T10:00:00+10:00,Booked,2026-07-09T09:00:00+10:00,2026-07-09T10:00:00+10:00,S02,70
B001,E00302,B00151,completed,2026-07-09T10:00:00+10:00,Completed,2026-07-09T09:00:00+10:00,2026-07-09T10:00:00+10:00,S02,70
B001,E00303,B00152,created,2026-07-04T10:00:00+10:00,Booked,2026-07-09T10:00:00+10:00,2026-07-09T11:00:00+10:00,S02,70
B001,E00304,B00152,completed,2026-07-09T11:00:00+10:00,Completed,2026-07-09T10:00:00+10:00,2026-07-09T11:00:00+10:00,S02,70
B001,E00305,B00153,created,2026-07-04T10:00:00+10:00,Booked,2026-07-09T11:00:00+10:00,2026-07-09T12:00:00+10:00,S02,70
B001,E00306,B00153,completed,2026-07-09T12:00:00+10:00,Completed,2026-07-09T11:00:00+10:00,2026-07-09T12:00:00+10:00,S02,70
B001,E00307,B00154,created,2026-07-04T10:00:00+10:00,Booked,2026-07-09T12:00:00+10:00,2026-07-09T13:00:00+10:00,S02,70
B001,E00308,B00154,completed,2026-07-09T13:00:00+10:00,Completed,2026-07-09T12:00:00+10:00,2026-07-09T13:00:00+10:00,S02,70
B001,E00309,B00155,created,2026-07-04T10:00:00+10:00,Booked,2026-07-09T13:00:00+10:00,2026-07-09T14:00:00+10:00,S02,70
B001,E00310,B00155,completed,2026-07-09T14:00:00+10:00,Completed,2026-07-09T13:00:00+10:00,2026-07-09T14:00:00+10:00,S02,70
B001,E00311,B00156,created,2026-07-04T10:00:00+10:00,Booked,2026-07-09T14:00:00+10:00,2026-07-09T15:00:00+10:00,S02,70
B001,E00312,B00156,completed,2026-07-09T15:00:00+10:00,Completed,2026-07-09T14:00:00+10:00,2026-07-09T15:00:00+10:00,S02,70
B001,E00313,B00157,created,2026-06-26T10:00:00+10:00,Booked,2026-07-06T09:00:00+10:00,2026-07-06T11:00:00+10:00,S03,180
B001,E00314,B00157,completed,2026-07-06T11:00:00+10:00,Completed,2026-07-06T09:00:00+10:00,2026-07-06T11:00:00+10:00,S03,180
B001,E00315,B00158,created,2026-06-26T10:00:00+10:00,Booked,2026-07-06T11:00:00+10:00,2026-07-06T13:00:00+10:00,S03,180
B001,E00316,B00158,completed,2026-07-06T13:00:00+10:00,Completed,2026-07-06T11:00:00+10:00,2026-07-06T13:00:00+10:00,S03,180
B001,E00317,B00159,created,2026-06-26T10:00:00+10:00,Booked,2026-07-06T13:00:00+10:00,2026-07-06T15:00:00+10:00,S03,180
B001,E00318,B00159,completed,2026-07-06T15:00:00+10:00,Completed,2026-07-06T13:00:00+10:00,2026-07-06T15:00:00+10:00,S03,180
B001,E00319,B00160,created,2026-06-26T10:00:00+10:00,Booked,2026-07-06T15:00:00+10:00,2026-07-06T17:00:00+10:00,S03,180
B001,E00320,B00160,completed,2026-07-06T17:00:00+10:00,Completed,2026-07-06T15:00:00+10:00,2026-07-06T17:00:00+10:00,S03,180
B001,E00321,B00161,created,2026-06-26T10:00:00+10:00,Booked,2026-07-07T09:00:00+10:00,2026-07-07T11:00:00+10:00,S03,180
B001,E00322,B00161,completed,2026-07-07T11:00:00+10:00,Completed,2026-07-07T09:00:00+10:00,2026-07-07T11:00:00+10:00,S03,180
B001,E00323,B00162,created,2026-06-26T10:00:00+10:00,Booked,2026-07-07T11:00:00+10:00,2026-07-07T13:00:00+10:00,S03,180
B001,E00324,B00162,completed,2026-07-07T13:00:00+10:00,Completed,2026-07-07T11:00:00+10:00,2026-07-07T13:00:00+10:00,S03,180
B001,E00325,B00163,created,2026-06-26T10:00:00+10:00,Booked,2026-07-07T13:00:00+10:00,2026-07-07T15:00:00+10:00,S03,180
B001,E00326,B00163,completed,2026-07-07T15:00:00+10:00,Completed,2026-07-07T13:00:00+10:00,2026-07-07T15:00:00+10:00,S03,180
B001,E00327,B00164,created,2026-06-26T10:00:00+10:00,Booked,2026-07-07T15:00:00+10:00,2026-07-07T17:00:00+10:00,S03,180
B001,E00328,B00164,completed,2026-07-07T17:00:00+10:00,Completed,2026-07-07T15:00:00+10:00,2026-07-07T17:00:00+10:00,S03,180
B001,E00329,B00165,created,2026-06-26T10:00:00+10:00,Booked,2026-07-08T09:00:00+10:00,2026-07-08T11:00:00+10:00,S03,180
B001,E00330,B00165,completed,2026-07-08T11:00:00+10:00,Completed,2026-07-08T09:00:00+10:00,2026-07-08T11:00:00+10:00,S03,180
B001,E00331,B00166,created,2026-06-26T10:00:00+10:00,Booked,2026-07-08T11:00:00+10:00,2026-07-08T13:00:00+10:00,S03,180
B001,E00332,B00166,completed,2026-07-08T13:00:00+10:00,Completed,2026-07-08T11:00:00+10:00,2026-07-08T13:00:00+10:00,S03,180
B001,E00333,B00167,created,2026-07-04T10:00:00+10:00,Booked,2026-07-08T13:00:00+10:00,2026-07-08T15:00:00+10:00,S03,180
B001,E00334,B00167,completed,2026-07-08T15:00:00+10:00,Completed,2026-07-08T13:00:00+10:00,2026-07-08T15:00:00+10:00,S03,180
B001,E00335,B00168,created,2026-07-04T10:00:00+10:00,Booked,2026-07-08T15:00:00+10:00,2026-07-08T17:00:00+10:00,S03,180
B001,E00336,B00168,completed,2026-07-08T17:00:00+10:00,Completed,2026-07-08T15:00:00+10:00,2026-07-08T17:00:00+10:00,S03,180
B001,E00337,B00169,created,2026-07-04T10:00:00+10:00,Booked,2026-07-09T09:00:00+10:00,2026-07-09T10:00:00+10:00,S03,70
B001,E00338,B00169,completed,2026-07-09T10:00:00+10:00,Completed,2026-07-09T09:00:00+10:00,2026-07-09T10:00:00+10:00,S03,70
B001,E00339,B00170,created,2026-07-04T10:00:00+10:00,Booked,2026-07-09T10:00:00+10:00,2026-07-09T11:00:00+10:00,S03,70
B001,E00340,B00170,completed,2026-07-09T11:00:00+10:00,Completed,2026-07-09T10:00:00+10:00,2026-07-09T11:00:00+10:00,S03,70
B001,E00341,B00171,created,2026-07-04T10:00:00+10:00,Booked,2026-07-09T11:00:00+10:00,2026-07-09T12:00:00+10:00,S03,70
B001,E00342,B00171,completed,2026-07-09T12:00:00+10:00,Completed,2026-07-09T11:00:00+10:00,2026-07-09T12:00:00+10:00,S03,70
B001,E00343,B00172,created,2026-07-04T10:00:00+10:00,Booked,2026-07-09T12:00:00+10:00,2026-07-09T13:00:00+10:00,S03,70
B001,E00344,B00172,completed,2026-07-09T13:00:00+10:00,Completed,2026-07-09T12:00:00+10:00,2026-07-09T13:00:00+10:00,S03,70
B001,E00345,B00173,created,2026-07-04T10:00:00+10:00,Booked,2026-07-09T13:00:00+10:00,2026-07-09T14:00:00+10:00,S03,70
B001,E00346,B00173,completed,2026-07-09T14:00:00+10:00,Completed,2026-07-09T13:00:00+10:00,2026-07-09T14:00:00+10:00,S03,70
B001,E00347,B00174,created,2026-07-04T10:00:00+10:00,Booked,2026-07-09T14:00:00+10:00,2026-07-09T15:00:00+10:00,S03,70
B001,E00348,B00174,completed,2026-07-09T15:00:00+10:00,Completed,2026-07-09T14:00:00+10:00,2026-07-09T15:00:00+10:00,S03,70
B001,E00349,B00175,created,2026-07-03T10:00:00+10:00,Booked,2026-07-13T09:00:00+10:00,2026-07-13T11:00:00+10:00,S01,180
B001,E00350,B00175,completed,2026-07-13T11:00:00+10:00,Completed,2026-07-13T09:00:00+10:00,2026-07-13T11:00:00+10:00,S01,180
B001,E00351,B00176,created,2026-07-03T10:00:00+10:00,Booked,2026-07-13T11:00:00+10:00,2026-07-13T13:00:00+10:00,S01,180
B001,E00352,B00176,completed,2026-07-13T13:00:00+10:00,Completed,2026-07-13T11:00:00+10:00,2026-07-13T13:00:00+10:00,S01,180
B001,E00353,B00177,created,2026-07-03T10:00:00+10:00,Booked,2026-07-13T13:00:00+10:00,2026-07-13T15:00:00+10:00,S01,180
B001,E00354,B00177,completed,2026-07-13T15:00:00+10:00,Completed,2026-07-13T13:00:00+10:00,2026-07-13T15:00:00+10:00,S01,180
B001,E00355,B00178,created,2026-07-03T10:00:00+10:00,Booked,2026-07-13T15:00:00+10:00,2026-07-13T17:00:00+10:00,S01,180
B001,E00356,B00178,completed,2026-07-13T17:00:00+10:00,Completed,2026-07-13T15:00:00+10:00,2026-07-13T17:00:00+10:00,S01,180
B001,E00357,B00179,created,2026-07-03T10:00:00+10:00,Booked,2026-07-14T09:00:00+10:00,2026-07-14T11:00:00+10:00,S01,180
B001,E00358,B00179,completed,2026-07-14T11:00:00+10:00,Completed,2026-07-14T09:00:00+10:00,2026-07-14T11:00:00+10:00,S01,180
B001,E00359,B00180,created,2026-07-03T10:00:00+10:00,Booked,2026-07-14T11:00:00+10:00,2026-07-14T13:00:00+10:00,S01,180
B001,E00360,B00180,completed,2026-07-14T13:00:00+10:00,Completed,2026-07-14T11:00:00+10:00,2026-07-14T13:00:00+10:00,S01,180
B001,E00361,B00181,created,2026-07-03T10:00:00+10:00,Booked,2026-07-14T13:00:00+10:00,2026-07-14T15:00:00+10:00,S01,180
B001,E00362,B00181,completed,2026-07-14T15:00:00+10:00,Completed,2026-07-14T13:00:00+10:00,2026-07-14T15:00:00+10:00,S01,180
B001,E00363,B00182,created,2026-07-03T10:00:00+10:00,Booked,2026-07-14T15:00:00+10:00,2026-07-14T17:00:00+10:00,S01,180
B001,E00364,B00182,completed,2026-07-14T17:00:00+10:00,Completed,2026-07-14T15:00:00+10:00,2026-07-14T17:00:00+10:00,S01,180
B001,E00365,B00183,created,2026-07-03T10:00:00+10:00,Booked,2026-07-15T09:00:00+10:00,2026-07-15T11:00:00+10:00,S01,180
B001,E00366,B00183,completed,2026-07-15T11:00:00+10:00,Completed,2026-07-15T09:00:00+10:00,2026-07-15T11:00:00+10:00,S01,180
B001,E00367,B00184,created,2026-07-03T10:00:00+10:00,Booked,2026-07-15T11:00:00+10:00,2026-07-15T13:00:00+10:00,S01,180
B001,E00368,B00184,completed,2026-07-15T13:00:00+10:00,Completed,2026-07-15T11:00:00+10:00,2026-07-15T13:00:00+10:00,S01,180
B001,E00369,B00185,created,2026-07-11T10:00:00+10:00,Booked,2026-07-15T13:00:00+10:00,2026-07-15T14:00:00+10:00,S01,70
B001,E00370,B00185,completed,2026-07-15T14:00:00+10:00,Completed,2026-07-15T13:00:00+10:00,2026-07-15T14:00:00+10:00,S01,70
B001,E00371,B00186,created,2026-07-11T10:00:00+10:00,Booked,2026-07-15T14:00:00+10:00,2026-07-15T15:00:00+10:00,S01,70
B001,E00372,B00186,completed,2026-07-15T15:00:00+10:00,Completed,2026-07-15T14:00:00+10:00,2026-07-15T15:00:00+10:00,S01,70
B001,E00373,B00187,created,2026-07-11T10:00:00+10:00,Booked,2026-07-15T15:00:00+10:00,2026-07-15T16:00:00+10:00,S01,70
B001,E00374,B00187,completed,2026-07-15T16:00:00+10:00,Completed,2026-07-15T15:00:00+10:00,2026-07-15T16:00:00+10:00,S01,70
B001,E00375,B00188,created,2026-07-11T10:00:00+10:00,Booked,2026-07-15T16:00:00+10:00,2026-07-15T17:00:00+10:00,S01,70
B001,E00376,B00188,completed,2026-07-15T17:00:00+10:00,Completed,2026-07-15T16:00:00+10:00,2026-07-15T17:00:00+10:00,S01,70
B001,E00377,B00189,created,2026-07-11T10:00:00+10:00,Booked,2026-07-16T09:00:00+10:00,2026-07-16T10:00:00+10:00,S01,70
B001,E00378,B00189,completed,2026-07-16T10:00:00+10:00,Completed,2026-07-16T09:00:00+10:00,2026-07-16T10:00:00+10:00,S01,70
B001,E00379,B00190,created,2026-07-11T10:00:00+10:00,Booked,2026-07-16T10:00:00+10:00,2026-07-16T11:00:00+10:00,S01,70
B001,E00380,B00190,completed,2026-07-16T11:00:00+10:00,Completed,2026-07-16T10:00:00+10:00,2026-07-16T11:00:00+10:00,S01,70
B001,E00381,B00191,created,2026-07-11T10:00:00+10:00,Booked,2026-07-16T11:00:00+10:00,2026-07-16T12:00:00+10:00,S01,70
B001,E00382,B00191,completed,2026-07-16T12:00:00+10:00,Completed,2026-07-16T11:00:00+10:00,2026-07-16T12:00:00+10:00,S01,70
B001,E00383,B00192,created,2026-07-11T10:00:00+10:00,Booked,2026-07-16T12:00:00+10:00,2026-07-16T13:00:00+10:00,S01,70
B001,E00384,B00192,completed,2026-07-16T13:00:00+10:00,Completed,2026-07-16T12:00:00+10:00,2026-07-16T13:00:00+10:00,S01,70
B001,E00385,B00193,created,2026-07-11T10:00:00+10:00,Booked,2026-07-16T13:00:00+10:00,2026-07-16T14:00:00+10:00,S01,70
B001,E00386,B00193,completed,2026-07-16T14:00:00+10:00,Completed,2026-07-16T13:00:00+10:00,2026-07-16T14:00:00+10:00,S01,70
B001,E00387,B00194,created,2026-07-11T10:00:00+10:00,Booked,2026-07-16T14:00:00+10:00,2026-07-16T15:00:00+10:00,S01,70
B001,E00388,B00194,completed,2026-07-16T15:00:00+10:00,Completed,2026-07-16T14:00:00+10:00,2026-07-16T15:00:00+10:00,S01,70
B001,E00389,B00195,created,2026-07-03T10:00:00+10:00,Booked,2026-07-13T09:00:00+10:00,2026-07-13T11:00:00+10:00,S02,180
B001,E00390,B00195,completed,2026-07-13T11:00:00+10:00,Completed,2026-07-13T09:00:00+10:00,2026-07-13T11:00:00+10:00,S02,180
B001,E00391,B00196,created,2026-07-03T10:00:00+10:00,Booked,2026-07-13T11:00:00+10:00,2026-07-13T13:00:00+10:00,S02,180
B001,E00392,B00196,completed,2026-07-13T13:00:00+10:00,Completed,2026-07-13T11:00:00+10:00,2026-07-13T13:00:00+10:00,S02,180
B001,E00393,B00197,created,2026-07-03T10:00:00+10:00,Booked,2026-07-13T13:00:00+10:00,2026-07-13T15:00:00+10:00,S02,180
B001,E00394,B00197,completed,2026-07-13T15:00:00+10:00,Completed,2026-07-13T13:00:00+10:00,2026-07-13T15:00:00+10:00,S02,180
B001,E00395,B00198,created,2026-07-03T10:00:00+10:00,Booked,2026-07-13T15:00:00+10:00,2026-07-13T17:00:00+10:00,S02,180
B001,E00396,B00198,completed,2026-07-13T17:00:00+10:00,Completed,2026-07-13T15:00:00+10:00,2026-07-13T17:00:00+10:00,S02,180
B001,E00397,B00199,created,2026-07-03T10:00:00+10:00,Booked,2026-07-14T09:00:00+10:00,2026-07-14T11:00:00+10:00,S02,180
B001,E00398,B00199,completed,2026-07-14T11:00:00+10:00,Completed,2026-07-14T09:00:00+10:00,2026-07-14T11:00:00+10:00,S02,180
B001,E00399,B00200,created,2026-07-03T10:00:00+10:00,Booked,2026-07-14T11:00:00+10:00,2026-07-14T13:00:00+10:00,S02,180
B001,E00400,B00200,completed,2026-07-14T13:00:00+10:00,Completed,2026-07-14T11:00:00+10:00,2026-07-14T13:00:00+10:00,S02,180
B001,E00401,B00201,created,2026-07-03T10:00:00+10:00,Booked,2026-07-14T13:00:00+10:00,2026-07-14T15:00:00+10:00,S02,180
B001,E00402,B00201,completed,2026-07-14T15:00:00+10:00,Completed,2026-07-14T13:00:00+10:00,2026-07-14T15:00:00+10:00,S02,180
B001,E00403,B00202,created,2026-07-03T10:00:00+10:00,Booked,2026-07-14T15:00:00+10:00,2026-07-14T17:00:00+10:00,S02,180
B001,E00404,B00202,completed,2026-07-14T17:00:00+10:00,Completed,2026-07-14T15:00:00+10:00,2026-07-14T17:00:00+10:00,S02,180
B001,E00405,B00203,created,2026-07-03T10:00:00+10:00,Booked,2026-07-15T09:00:00+10:00,2026-07-15T11:00:00+10:00,S02,180
B001,E00406,B00203,completed,2026-07-15T11:00:00+10:00,Completed,2026-07-15T09:00:00+10:00,2026-07-15T11:00:00+10:00,S02,180
B001,E00407,B00204,created,2026-07-03T10:00:00+10:00,Booked,2026-07-15T11:00:00+10:00,2026-07-15T13:00:00+10:00,S02,180
B001,E00408,B00204,completed,2026-07-15T13:00:00+10:00,Completed,2026-07-15T11:00:00+10:00,2026-07-15T13:00:00+10:00,S02,180
B001,E00409,B00205,created,2026-07-11T10:00:00+10:00,Booked,2026-07-15T13:00:00+10:00,2026-07-15T14:00:00+10:00,S02,70
B001,E00410,B00205,completed,2026-07-15T14:00:00+10:00,Completed,2026-07-15T13:00:00+10:00,2026-07-15T14:00:00+10:00,S02,70
B001,E00411,B00206,created,2026-07-11T10:00:00+10:00,Booked,2026-07-15T14:00:00+10:00,2026-07-15T15:00:00+10:00,S02,70
B001,E00412,B00206,completed,2026-07-15T15:00:00+10:00,Completed,2026-07-15T14:00:00+10:00,2026-07-15T15:00:00+10:00,S02,70
B001,E00413,B00207,created,2026-07-11T10:00:00+10:00,Booked,2026-07-15T15:00:00+10:00,2026-07-15T16:00:00+10:00,S02,70
B001,E00414,B00207,completed,2026-07-15T16:00:00+10:00,Completed,2026-07-15T15:00:00+10:00,2026-07-15T16:00:00+10:00,S02,70
B001,E00415,B00208,created,2026-07-11T10:00:00+10:00,Booked,2026-07-15T16:00:00+10:00,2026-07-15T17:00:00+10:00,S02,70
B001,E00416,B00208,completed,2026-07-15T17:00:00+10:00,Completed,2026-07-15T16:00:00+10:00,2026-07-15T17:00:00+10:00,S02,70
B001,E00417,B00209,created,2026-07-11T10:00:00+10:00,Booked,2026-07-16T09:00:00+10:00,2026-07-16T10:00:00+10:00,S02,70
B001,E00418,B00209,completed,2026-07-16T10:00:00+10:00,Completed,2026-07-16T09:00:00+10:00,2026-07-16T10:00:00+10:00,S02,70
B001,E00419,B00210,created,2026-07-11T10:00:00+10:00,Booked,2026-07-16T10:00:00+10:00,2026-07-16T11:00:00+10:00,S02,70
B001,E00420,B00210,completed,2026-07-16T11:00:00+10:00,Completed,2026-07-16T10:00:00+10:00,2026-07-16T11:00:00+10:00,S02,70
B001,E00421,B00211,created,2026-07-11T10:00:00+10:00,Booked,2026-07-16T11:00:00+10:00,2026-07-16T12:00:00+10:00,S02,70
B001,E00422,B00211,completed,2026-07-16T12:00:00+10:00,Completed,2026-07-16T11:00:00+10:00,2026-07-16T12:00:00+10:00,S02,70
B001,E00423,B00212,created,2026-07-11T10:00:00+10:00,Booked,2026-07-16T12:00:00+10:00,2026-07-16T13:00:00+10:00,S02,70
B001,E00424,B00212,completed,2026-07-16T13:00:00+10:00,Completed,2026-07-16T12:00:00+10:00,2026-07-16T13:00:00+10:00,S02,70
B001,E00425,B00213,created,2026-07-11T10:00:00+10:00,Booked,2026-07-16T13:00:00+10:00,2026-07-16T14:00:00+10:00,S02,70
B001,E00426,B00213,completed,2026-07-16T14:00:00+10:00,Completed,2026-07-16T13:00:00+10:00,2026-07-16T14:00:00+10:00,S02,70
B001,E00427,B00214,created,2026-07-11T10:00:00+10:00,Booked,2026-07-16T14:00:00+10:00,2026-07-16T15:00:00+10:00,S02,70
B001,E00428,B00214,completed,2026-07-16T15:00:00+10:00,Completed,2026-07-16T14:00:00+10:00,2026-07-16T15:00:00+10:00,S02,70
B001,E00429,B00215,created,2026-07-03T10:00:00+10:00,Booked,2026-07-13T09:00:00+10:00,2026-07-13T11:00:00+10:00,S03,180
B001,E00430,B00215,completed,2026-07-13T11:00:00+10:00,Completed,2026-07-13T09:00:00+10:00,2026-07-13T11:00:00+10:00,S03,180
B001,E00431,B00216,created,2026-07-03T10:00:00+10:00,Booked,2026-07-13T11:00:00+10:00,2026-07-13T13:00:00+10:00,S03,180
B001,E00432,B00216,completed,2026-07-13T13:00:00+10:00,Completed,2026-07-13T11:00:00+10:00,2026-07-13T13:00:00+10:00,S03,180
B001,E00433,B00217,created,2026-07-03T10:00:00+10:00,Booked,2026-07-13T13:00:00+10:00,2026-07-13T15:00:00+10:00,S03,180
B001,E00434,B00217,completed,2026-07-13T15:00:00+10:00,Completed,2026-07-13T13:00:00+10:00,2026-07-13T15:00:00+10:00,S03,180
B001,E00435,B00218,created,2026-07-03T10:00:00+10:00,Booked,2026-07-13T15:00:00+10:00,2026-07-13T17:00:00+10:00,S03,180
B001,E00436,B00218,completed,2026-07-13T17:00:00+10:00,Completed,2026-07-13T15:00:00+10:00,2026-07-13T17:00:00+10:00,S03,180
B001,E00437,B00219,created,2026-07-03T10:00:00+10:00,Booked,2026-07-14T09:00:00+10:00,2026-07-14T11:00:00+10:00,S03,180
B001,E00438,B00219,completed,2026-07-14T11:00:00+10:00,Completed,2026-07-14T09:00:00+10:00,2026-07-14T11:00:00+10:00,S03,180
B001,E00439,B00220,created,2026-07-03T10:00:00+10:00,Booked,2026-07-14T11:00:00+10:00,2026-07-14T13:00:00+10:00,S03,180
B001,E00440,B00220,completed,2026-07-14T13:00:00+10:00,Completed,2026-07-14T11:00:00+10:00,2026-07-14T13:00:00+10:00,S03,180
B001,E00441,B00221,created,2026-07-03T10:00:00+10:00,Booked,2026-07-14T13:00:00+10:00,2026-07-14T15:00:00+10:00,S03,180
B001,E00442,B00221,completed,2026-07-14T15:00:00+10:00,Completed,2026-07-14T13:00:00+10:00,2026-07-14T15:00:00+10:00,S03,180
B001,E00443,B00222,created,2026-07-03T10:00:00+10:00,Booked,2026-07-14T15:00:00+10:00,2026-07-14T17:00:00+10:00,S03,180
B001,E00444,B00222,completed,2026-07-14T17:00:00+10:00,Completed,2026-07-14T15:00:00+10:00,2026-07-14T17:00:00+10:00,S03,180
B001,E00445,B00223,created,2026-07-03T10:00:00+10:00,Booked,2026-07-15T09:00:00+10:00,2026-07-15T11:00:00+10:00,S03,180
B001,E00446,B00223,completed,2026-07-15T11:00:00+10:00,Completed,2026-07-15T09:00:00+10:00,2026-07-15T11:00:00+10:00,S03,180
B001,E00447,B00224,created,2026-07-03T10:00:00+10:00,Booked,2026-07-15T11:00:00+10:00,2026-07-15T13:00:00+10:00,S03,180
B001,E00448,B00224,completed,2026-07-15T13:00:00+10:00,Completed,2026-07-15T11:00:00+10:00,2026-07-15T13:00:00+10:00,S03,180
B001,E00449,B00225,created,2026-07-11T10:00:00+10:00,Booked,2026-07-15T13:00:00+10:00,2026-07-15T15:00:00+10:00,S03,180
B001,E00450,B00225,completed,2026-07-15T15:00:00+10:00,Completed,2026-07-15T13:00:00+10:00,2026-07-15T15:00:00+10:00,S03,180
B001,E00451,B00226,created,2026-07-11T10:00:00+10:00,Booked,2026-07-15T15:00:00+10:00,2026-07-15T17:00:00+10:00,S03,180
B001,E00452,B00226,completed,2026-07-15T17:00:00+10:00,Completed,2026-07-15T15:00:00+10:00,2026-07-15T17:00:00+10:00,S03,180
B001,E00453,B00227,created,2026-07-11T10:00:00+10:00,Booked,2026-07-16T09:00:00+10:00,2026-07-16T10:00:00+10:00,S03,70
B001,E00454,B00227,completed,2026-07-16T10:00:00+10:00,Completed,2026-07-16T09:00:00+10:00,2026-07-16T10:00:00+10:00,S03,70
B001,E00455,B00228,created,2026-07-11T10:00:00+10:00,Booked,2026-07-16T10:00:00+10:00,2026-07-16T11:00:00+10:00,S03,70
B001,E00456,B00228,completed,2026-07-16T11:00:00+10:00,Completed,2026-07-16T10:00:00+10:00,2026-07-16T11:00:00+10:00,S03,70
B001,E00457,B00229,created,2026-07-11T10:00:00+10:00,Booked,2026-07-16T11:00:00+10:00,2026-07-16T12:00:00+10:00,S03,70
B001,E00458,B00229,completed,2026-07-16T12:00:00+10:00,Completed,2026-07-16T11:00:00+10:00,2026-07-16T12:00:00+10:00,S03,70
B001,E00459,B00230,created,2026-07-11T10:00:00+10:00,Booked,2026-07-16T12:00:00+10:00,2026-07-16T13:00:00+10:00,S03,70
B001,E00460,B00230,completed,2026-07-16T13:00:00+10:00,Completed,2026-07-16T12:00:00+10:00,2026-07-16T13:00:00+10:00,S03,70
B001,E00461,B00231,created,2026-07-11T10:00:00+10:00,Booked,2026-07-16T13:00:00+10:00,2026-07-16T14:00:00+10:00,S03,70
B001,E00462,B00231,completed,2026-07-16T14:00:00+10:00,Completed,2026-07-16T13:00:00+10:00,2026-07-16T14:00:00+10:00,S03,70
B001,E00463,B00232,created,2026-07-11T10:00:00+10:00,Booked,2026-07-16T14:00:00+10:00,2026-07-16T15:00:00+10:00,S03,70
B001,E00464,B00232,completed,2026-07-16T15:00:00+10:00,Completed,2026-07-16T14:00:00+10:00,2026-07-16T15:00:00+10:00,S03,70
B001,E00465,B00233,created,2026-07-10T10:00:00+10:00,Booked,2026-07-20T09:00:00+10:00,2026-07-20T11:00:00+10:00,S01,180
B001,E00466,B00233,completed,2026-07-20T11:00:00+10:00,Completed,2026-07-20T09:00:00+10:00,2026-07-20T11:00:00+10:00,S01,180
B001,E00467,B00234,created,2026-07-10T10:00:00+10:00,Booked,2026-07-20T11:00:00+10:00,2026-07-20T13:00:00+10:00,S01,180
B001,E00468,B00234,completed,2026-07-20T13:00:00+10:00,Completed,2026-07-20T11:00:00+10:00,2026-07-20T13:00:00+10:00,S01,180
B001,E00469,B00235,created,2026-07-10T10:00:00+10:00,Booked,2026-07-20T13:00:00+10:00,2026-07-20T15:00:00+10:00,S01,180
B001,E00470,B00235,completed,2026-07-20T15:00:00+10:00,Completed,2026-07-20T13:00:00+10:00,2026-07-20T15:00:00+10:00,S01,180
B001,E00471,B00236,created,2026-07-10T10:00:00+10:00,Booked,2026-07-20T15:00:00+10:00,2026-07-20T17:00:00+10:00,S01,180
B001,E00472,B00236,completed,2026-07-20T17:00:00+10:00,Completed,2026-07-20T15:00:00+10:00,2026-07-20T17:00:00+10:00,S01,180
B001,E00473,B00237,created,2026-07-10T10:00:00+10:00,Booked,2026-07-21T09:00:00+10:00,2026-07-21T11:00:00+10:00,S01,180
B001,E00474,B00237,completed,2026-07-21T11:00:00+10:00,Completed,2026-07-21T09:00:00+10:00,2026-07-21T11:00:00+10:00,S01,180
B001,E00475,B00238,created,2026-07-10T10:00:00+10:00,Booked,2026-07-21T11:00:00+10:00,2026-07-21T13:00:00+10:00,S01,180
B001,E00476,B00238,completed,2026-07-21T13:00:00+10:00,Completed,2026-07-21T11:00:00+10:00,2026-07-21T13:00:00+10:00,S01,180
B001,E00477,B00239,created,2026-07-10T10:00:00+10:00,Booked,2026-07-21T13:00:00+10:00,2026-07-21T15:00:00+10:00,S01,180
B001,E00478,B00239,completed,2026-07-21T15:00:00+10:00,Completed,2026-07-21T13:00:00+10:00,2026-07-21T15:00:00+10:00,S01,180
B001,E00479,B00240,created,2026-07-10T10:00:00+10:00,Booked,2026-07-21T15:00:00+10:00,2026-07-21T17:00:00+10:00,S01,180
B001,E00480,B00240,completed,2026-07-21T17:00:00+10:00,Completed,2026-07-21T15:00:00+10:00,2026-07-21T17:00:00+10:00,S01,180
B001,E00481,B00241,created,2026-07-10T10:00:00+10:00,Booked,2026-07-22T09:00:00+10:00,2026-07-22T11:00:00+10:00,S01,180
B001,E00482,B00241,completed,2026-07-22T11:00:00+10:00,Completed,2026-07-22T09:00:00+10:00,2026-07-22T11:00:00+10:00,S01,180
B001,E00483,B00242,created,2026-07-10T10:00:00+10:00,Booked,2026-07-22T11:00:00+10:00,2026-07-22T13:00:00+10:00,S01,180
B001,E00484,B00242,completed,2026-07-22T13:00:00+10:00,Completed,2026-07-22T11:00:00+10:00,2026-07-22T13:00:00+10:00,S01,180
B001,E00485,B00243,created,2026-07-18T10:00:00+10:00,Booked,2026-07-22T13:00:00+10:00,2026-07-22T14:00:00+10:00,S01,70
B001,E00486,B00243,completed,2026-07-22T14:00:00+10:00,Completed,2026-07-22T13:00:00+10:00,2026-07-22T14:00:00+10:00,S01,70
B001,E00487,B00244,created,2026-07-18T10:00:00+10:00,Booked,2026-07-22T14:00:00+10:00,2026-07-22T15:00:00+10:00,S01,70
B001,E00488,B00244,completed,2026-07-22T15:00:00+10:00,Completed,2026-07-22T14:00:00+10:00,2026-07-22T15:00:00+10:00,S01,70
B001,E00489,B00245,created,2026-07-18T10:00:00+10:00,Booked,2026-07-22T15:00:00+10:00,2026-07-22T16:00:00+10:00,S01,70
B001,E00490,B00245,completed,2026-07-22T16:00:00+10:00,Completed,2026-07-22T15:00:00+10:00,2026-07-22T16:00:00+10:00,S01,70
B001,E00491,B00246,created,2026-07-18T10:00:00+10:00,Booked,2026-07-22T16:00:00+10:00,2026-07-22T17:00:00+10:00,S01,70
B001,E00492,B00246,completed,2026-07-22T17:00:00+10:00,Completed,2026-07-22T16:00:00+10:00,2026-07-22T17:00:00+10:00,S01,70
B001,E00493,B00247,created,2026-07-18T10:00:00+10:00,Booked,2026-07-23T09:00:00+10:00,2026-07-23T10:00:00+10:00,S01,70
B001,E00494,B00247,completed,2026-07-23T10:00:00+10:00,Completed,2026-07-23T09:00:00+10:00,2026-07-23T10:00:00+10:00,S01,70
B001,E00495,B00248,created,2026-07-18T10:00:00+10:00,Booked,2026-07-23T10:00:00+10:00,2026-07-23T11:00:00+10:00,S01,70
B001,E00496,B00248,completed,2026-07-23T11:00:00+10:00,Completed,2026-07-23T10:00:00+10:00,2026-07-23T11:00:00+10:00,S01,70
B001,E00497,B00249,created,2026-07-18T10:00:00+10:00,Booked,2026-07-23T11:00:00+10:00,2026-07-23T12:00:00+10:00,S01,70
B001,E00498,B00249,completed,2026-07-23T12:00:00+10:00,Completed,2026-07-23T11:00:00+10:00,2026-07-23T12:00:00+10:00,S01,70
B001,E00499,B00250,created,2026-07-18T10:00:00+10:00,Booked,2026-07-23T12:00:00+10:00,2026-07-23T13:00:00+10:00,S01,70
B001,E00500,B00250,completed,2026-07-23T13:00:00+10:00,Completed,2026-07-23T12:00:00+10:00,2026-07-23T13:00:00+10:00,S01,70
B001,E00501,B00251,created,2026-07-18T10:00:00+10:00,Booked,2026-07-23T13:00:00+10:00,2026-07-23T14:00:00+10:00,S01,70
B001,E00502,B00251,completed,2026-07-23T14:00:00+10:00,Completed,2026-07-23T13:00:00+10:00,2026-07-23T14:00:00+10:00,S01,70
B001,E00503,B00252,created,2026-07-18T10:00:00+10:00,Booked,2026-07-23T14:00:00+10:00,2026-07-23T15:00:00+10:00,S01,70
B001,E00504,B00252,completed,2026-07-23T15:00:00+10:00,Completed,2026-07-23T14:00:00+10:00,2026-07-23T15:00:00+10:00,S01,70
B001,E00505,B00253,created,2026-07-10T10:00:00+10:00,Booked,2026-07-20T09:00:00+10:00,2026-07-20T11:00:00+10:00,S02,180
B001,E00506,B00253,completed,2026-07-20T11:00:00+10:00,Completed,2026-07-20T09:00:00+10:00,2026-07-20T11:00:00+10:00,S02,180
B001,E00507,B00254,created,2026-07-10T10:00:00+10:00,Booked,2026-07-20T11:00:00+10:00,2026-07-20T13:00:00+10:00,S02,180
B001,E00508,B00254,completed,2026-07-20T13:00:00+10:00,Completed,2026-07-20T11:00:00+10:00,2026-07-20T13:00:00+10:00,S02,180
B001,E00509,B00255,created,2026-07-10T10:00:00+10:00,Booked,2026-07-20T13:00:00+10:00,2026-07-20T15:00:00+10:00,S02,180
B001,E00510,B00255,completed,2026-07-20T15:00:00+10:00,Completed,2026-07-20T13:00:00+10:00,2026-07-20T15:00:00+10:00,S02,180
B001,E00511,B00256,created,2026-07-10T10:00:00+10:00,Booked,2026-07-20T15:00:00+10:00,2026-07-20T17:00:00+10:00,S02,180
B001,E00512,B00256,completed,2026-07-20T17:00:00+10:00,Completed,2026-07-20T15:00:00+10:00,2026-07-20T17:00:00+10:00,S02,180
B001,E00513,B00257,created,2026-07-10T10:00:00+10:00,Booked,2026-07-21T09:00:00+10:00,2026-07-21T11:00:00+10:00,S02,180
B001,E00514,B00257,completed,2026-07-21T11:00:00+10:00,Completed,2026-07-21T09:00:00+10:00,2026-07-21T11:00:00+10:00,S02,180
B001,E00515,B00258,created,2026-07-10T10:00:00+10:00,Booked,2026-07-21T11:00:00+10:00,2026-07-21T13:00:00+10:00,S02,180
B001,E00516,B00258,completed,2026-07-21T13:00:00+10:00,Completed,2026-07-21T11:00:00+10:00,2026-07-21T13:00:00+10:00,S02,180
B001,E00517,B00259,created,2026-07-10T10:00:00+10:00,Booked,2026-07-21T13:00:00+10:00,2026-07-21T15:00:00+10:00,S02,180
B001,E00518,B00259,completed,2026-07-21T15:00:00+10:00,Completed,2026-07-21T13:00:00+10:00,2026-07-21T15:00:00+10:00,S02,180
B001,E00519,B00260,created,2026-07-10T10:00:00+10:00,Booked,2026-07-21T15:00:00+10:00,2026-07-21T17:00:00+10:00,S02,180
B001,E00520,B00260,completed,2026-07-21T17:00:00+10:00,Completed,2026-07-21T15:00:00+10:00,2026-07-21T17:00:00+10:00,S02,180
B001,E00521,B00261,created,2026-07-10T10:00:00+10:00,Booked,2026-07-22T09:00:00+10:00,2026-07-22T11:00:00+10:00,S02,180
B001,E00522,B00261,completed,2026-07-22T11:00:00+10:00,Completed,2026-07-22T09:00:00+10:00,2026-07-22T11:00:00+10:00,S02,180
B001,E00523,B00262,created,2026-07-10T10:00:00+10:00,Booked,2026-07-22T11:00:00+10:00,2026-07-22T13:00:00+10:00,S02,180
B001,E00524,B00262,completed,2026-07-22T13:00:00+10:00,Completed,2026-07-22T11:00:00+10:00,2026-07-22T13:00:00+10:00,S02,180
B001,E00525,B00263,created,2026-07-18T10:00:00+10:00,Booked,2026-07-22T13:00:00+10:00,2026-07-22T14:00:00+10:00,S02,70
B001,E00526,B00263,completed,2026-07-22T14:00:00+10:00,Completed,2026-07-22T13:00:00+10:00,2026-07-22T14:00:00+10:00,S02,70
B001,E00527,B00264,created,2026-07-18T10:00:00+10:00,Booked,2026-07-22T14:00:00+10:00,2026-07-22T15:00:00+10:00,S02,70
B001,E00528,B00264,completed,2026-07-22T15:00:00+10:00,Completed,2026-07-22T14:00:00+10:00,2026-07-22T15:00:00+10:00,S02,70
B001,E00529,B00265,created,2026-07-18T10:00:00+10:00,Booked,2026-07-22T15:00:00+10:00,2026-07-22T16:00:00+10:00,S02,70
B001,E00530,B00265,completed,2026-07-22T16:00:00+10:00,Completed,2026-07-22T15:00:00+10:00,2026-07-22T16:00:00+10:00,S02,70
B001,E00531,B00266,created,2026-07-18T10:00:00+10:00,Booked,2026-07-22T16:00:00+10:00,2026-07-22T17:00:00+10:00,S02,70
B001,E00532,B00266,completed,2026-07-22T17:00:00+10:00,Completed,2026-07-22T16:00:00+10:00,2026-07-22T17:00:00+10:00,S02,70
B001,E00533,B00267,created,2026-07-18T10:00:00+10:00,Booked,2026-07-23T09:00:00+10:00,2026-07-23T10:00:00+10:00,S02,70
B001,E00534,B00267,completed,2026-07-23T10:00:00+10:00,Completed,2026-07-23T09:00:00+10:00,2026-07-23T10:00:00+10:00,S02,70
B001,E00535,B00268,created,2026-07-18T10:00:00+10:00,Booked,2026-07-23T10:00:00+10:00,2026-07-23T11:00:00+10:00,S02,70
B001,E00536,B00268,completed,2026-07-23T11:00:00+10:00,Completed,2026-07-23T10:00:00+10:00,2026-07-23T11:00:00+10:00,S02,70
B001,E00537,B00269,created,2026-07-18T10:00:00+10:00,Booked,2026-07-23T11:00:00+10:00,2026-07-23T12:00:00+10:00,S02,70
B001,E00538,B00269,completed,2026-07-23T12:00:00+10:00,Completed,2026-07-23T11:00:00+10:00,2026-07-23T12:00:00+10:00,S02,70
B001,E00539,B00270,created,2026-07-18T10:00:00+10:00,Booked,2026-07-23T12:00:00+10:00,2026-07-23T13:00:00+10:00,S02,70
B001,E00540,B00270,completed,2026-07-23T13:00:00+10:00,Completed,2026-07-23T12:00:00+10:00,2026-07-23T13:00:00+10:00,S02,70
B001,E00541,B00271,created,2026-07-18T10:00:00+10:00,Booked,2026-07-23T13:00:00+10:00,2026-07-23T14:00:00+10:00,S02,70
B001,E00542,B00271,completed,2026-07-23T14:00:00+10:00,Completed,2026-07-23T13:00:00+10:00,2026-07-23T14:00:00+10:00,S02,70
B001,E00543,B00272,created,2026-07-18T10:00:00+10:00,Booked,2026-07-23T14:00:00+10:00,2026-07-23T15:00:00+10:00,S02,70
B001,E00544,B00272,completed,2026-07-23T15:00:00+10:00,Completed,2026-07-23T14:00:00+10:00,2026-07-23T15:00:00+10:00,S02,70
B001,E00545,B00273,created,2026-07-10T10:00:00+10:00,Booked,2026-07-20T09:00:00+10:00,2026-07-20T11:00:00+10:00,S03,180
B001,E00546,B00273,completed,2026-07-20T11:00:00+10:00,Completed,2026-07-20T09:00:00+10:00,2026-07-20T11:00:00+10:00,S03,180
B001,E00547,B00274,created,2026-07-10T10:00:00+10:00,Booked,2026-07-20T11:00:00+10:00,2026-07-20T13:00:00+10:00,S03,180
B001,E00548,B00274,completed,2026-07-20T13:00:00+10:00,Completed,2026-07-20T11:00:00+10:00,2026-07-20T13:00:00+10:00,S03,180
B001,E00549,B00275,created,2026-07-10T10:00:00+10:00,Booked,2026-07-20T13:00:00+10:00,2026-07-20T15:00:00+10:00,S03,180
B001,E00550,B00275,completed,2026-07-20T15:00:00+10:00,Completed,2026-07-20T13:00:00+10:00,2026-07-20T15:00:00+10:00,S03,180
B001,E00551,B00276,created,2026-07-10T10:00:00+10:00,Booked,2026-07-20T15:00:00+10:00,2026-07-20T17:00:00+10:00,S03,180
B001,E00552,B00276,completed,2026-07-20T17:00:00+10:00,Completed,2026-07-20T15:00:00+10:00,2026-07-20T17:00:00+10:00,S03,180
B001,E00553,B00277,created,2026-07-10T10:00:00+10:00,Booked,2026-07-21T09:00:00+10:00,2026-07-21T11:00:00+10:00,S03,180
B001,E00554,B00277,completed,2026-07-21T11:00:00+10:00,Completed,2026-07-21T09:00:00+10:00,2026-07-21T11:00:00+10:00,S03,180
B001,E00555,B00278,created,2026-07-10T10:00:00+10:00,Booked,2026-07-21T11:00:00+10:00,2026-07-21T13:00:00+10:00,S03,180
B001,E00556,B00278,completed,2026-07-21T13:00:00+10:00,Completed,2026-07-21T11:00:00+10:00,2026-07-21T13:00:00+10:00,S03,180
B001,E00557,B00279,created,2026-07-10T10:00:00+10:00,Booked,2026-07-21T13:00:00+10:00,2026-07-21T15:00:00+10:00,S03,180
B001,E00558,B00279,completed,2026-07-21T15:00:00+10:00,Completed,2026-07-21T13:00:00+10:00,2026-07-21T15:00:00+10:00,S03,180
B001,E00559,B00280,created,2026-07-10T10:00:00+10:00,Booked,2026-07-21T15:00:00+10:00,2026-07-21T17:00:00+10:00,S03,180
B001,E00560,B00280,completed,2026-07-21T17:00:00+10:00,Completed,2026-07-21T15:00:00+10:00,2026-07-21T17:00:00+10:00,S03,180
B001,E00561,B00281,created,2026-07-10T10:00:00+10:00,Booked,2026-07-22T09:00:00+10:00,2026-07-22T11:00:00+10:00,S03,180
B001,E00562,B00281,completed,2026-07-22T11:00:00+10:00,Completed,2026-07-22T09:00:00+10:00,2026-07-22T11:00:00+10:00,S03,180
B001,E00563,B00282,created,2026-07-10T10:00:00+10:00,Booked,2026-07-22T11:00:00+10:00,2026-07-22T13:00:00+10:00,S03,180
B001,E00564,B00282,completed,2026-07-22T13:00:00+10:00,Completed,2026-07-22T11:00:00+10:00,2026-07-22T13:00:00+10:00,S03,180
B001,E00565,B00283,created,2026-07-18T10:00:00+10:00,Booked,2026-07-22T13:00:00+10:00,2026-07-22T15:00:00+10:00,S03,180
B001,E00566,B00283,completed,2026-07-22T15:00:00+10:00,Completed,2026-07-22T13:00:00+10:00,2026-07-22T15:00:00+10:00,S03,180
B001,E00567,B00284,created,2026-07-18T10:00:00+10:00,Booked,2026-07-22T15:00:00+10:00,2026-07-22T17:00:00+10:00,S03,180
B001,E00568,B00284,completed,2026-07-22T17:00:00+10:00,Completed,2026-07-22T15:00:00+10:00,2026-07-22T17:00:00+10:00,S03,180
B001,E00569,B00285,created,2026-07-18T10:00:00+10:00,Booked,2026-07-23T09:00:00+10:00,2026-07-23T10:00:00+10:00,S03,70
B001,E00570,B00285,completed,2026-07-23T10:00:00+10:00,Completed,2026-07-23T09:00:00+10:00,2026-07-23T10:00:00+10:00,S03,70
B001,E00571,B00286,created,2026-07-18T10:00:00+10:00,Booked,2026-07-23T10:00:00+10:00,2026-07-23T11:00:00+10:00,S03,70
B001,E00572,B00286,completed,2026-07-23T11:00:00+10:00,Completed,2026-07-23T10:00:00+10:00,2026-07-23T11:00:00+10:00,S03,70
B001,E00573,B00287,created,2026-07-18T10:00:00+10:00,Booked,2026-07-23T11:00:00+10:00,2026-07-23T12:00:00+10:00,S03,70
B001,E00574,B00287,completed,2026-07-23T12:00:00+10:00,Completed,2026-07-23T11:00:00+10:00,2026-07-23T12:00:00+10:00,S03,70
B001,E00575,B00288,created,2026-07-18T10:00:00+10:00,Booked,2026-07-23T12:00:00+10:00,2026-07-23T13:00:00+10:00,S03,70
B001,E00576,B00288,completed,2026-07-23T13:00:00+10:00,Completed,2026-07-23T12:00:00+10:00,2026-07-23T13:00:00+10:00,S03,70
B001,E00577,B00289,created,2026-07-18T10:00:00+10:00,Booked,2026-07-23T13:00:00+10:00,2026-07-23T14:00:00+10:00,S03,70
B001,E00578,B00289,completed,2026-07-23T14:00:00+10:00,Completed,2026-07-23T13:00:00+10:00,2026-07-23T14:00:00+10:00,S03,70
B001,E00579,B00290,created,2026-07-18T10:00:00+10:00,Booked,2026-07-23T14:00:00+10:00,2026-07-23T15:00:00+10:00,S03,70
B001,E00580,B00290,completed,2026-07-23T15:00:00+10:00,Completed,2026-07-23T14:00:00+10:00,2026-07-23T15:00:00+10:00,S03,70
B001,E00581,B00291,created,2026-07-17T10:00:00+10:00,Booked,2026-07-27T09:00:00+10:00,2026-07-27T11:00:00+10:00,S01,180
B001,E00582,B00291,completed,2026-07-27T11:00:00+10:00,Completed,2026-07-27T09:00:00+10:00,2026-07-27T11:00:00+10:00,S01,180
B001,E00583,B00292,created,2026-07-17T10:00:00+10:00,Booked,2026-07-27T11:00:00+10:00,2026-07-27T13:00:00+10:00,S01,180
B001,E00584,B00292,completed,2026-07-27T13:00:00+10:00,Completed,2026-07-27T11:00:00+10:00,2026-07-27T13:00:00+10:00,S01,180
B001,E00585,B00293,created,2026-07-17T10:00:00+10:00,Booked,2026-07-27T13:00:00+10:00,2026-07-27T15:00:00+10:00,S01,180
B001,E00586,B00293,completed,2026-07-27T15:00:00+10:00,Completed,2026-07-27T13:00:00+10:00,2026-07-27T15:00:00+10:00,S01,180
B001,E00587,B00294,created,2026-07-17T10:00:00+10:00,Booked,2026-07-27T15:00:00+10:00,2026-07-27T17:00:00+10:00,S01,180
B001,E00588,B00294,completed,2026-07-27T17:00:00+10:00,Completed,2026-07-27T15:00:00+10:00,2026-07-27T17:00:00+10:00,S01,180
B001,E00589,B00295,created,2026-07-17T10:00:00+10:00,Booked,2026-07-28T09:00:00+10:00,2026-07-28T11:00:00+10:00,S01,180
B001,E00590,B00295,completed,2026-07-28T11:00:00+10:00,Completed,2026-07-28T09:00:00+10:00,2026-07-28T11:00:00+10:00,S01,180
B001,E00591,B00296,created,2026-07-17T10:00:00+10:00,Booked,2026-07-28T11:00:00+10:00,2026-07-28T13:00:00+10:00,S01,180
B001,E00592,B00296,completed,2026-07-28T13:00:00+10:00,Completed,2026-07-28T11:00:00+10:00,2026-07-28T13:00:00+10:00,S01,180
B001,E00593,B00297,created,2026-07-17T10:00:00+10:00,Booked,2026-07-28T13:00:00+10:00,2026-07-28T15:00:00+10:00,S01,180
B001,E00594,B00297,completed,2026-07-28T15:00:00+10:00,Completed,2026-07-28T13:00:00+10:00,2026-07-28T15:00:00+10:00,S01,180
B001,E00595,B00298,created,2026-07-17T10:00:00+10:00,Booked,2026-07-28T15:00:00+10:00,2026-07-28T17:00:00+10:00,S01,180
B001,E00596,B00298,completed,2026-07-28T17:00:00+10:00,Completed,2026-07-28T15:00:00+10:00,2026-07-28T17:00:00+10:00,S01,180
B001,E00597,B00299,created,2026-07-17T10:00:00+10:00,Booked,2026-07-29T09:00:00+10:00,2026-07-29T11:00:00+10:00,S01,180
B001,E00598,B00299,completed,2026-07-29T11:00:00+10:00,Completed,2026-07-29T09:00:00+10:00,2026-07-29T11:00:00+10:00,S01,180
B001,E00599,B00300,created,2026-07-17T10:00:00+10:00,Booked,2026-07-29T11:00:00+10:00,2026-07-29T13:00:00+10:00,S01,180
B001,E00600,B00300,completed,2026-07-29T13:00:00+10:00,Completed,2026-07-29T11:00:00+10:00,2026-07-29T13:00:00+10:00,S01,180
B001,E00601,B00301,created,2026-07-25T10:00:00+10:00,Booked,2026-07-29T13:00:00+10:00,2026-07-29T14:00:00+10:00,S01,70
B001,E00602,B00301,completed,2026-07-29T14:00:00+10:00,Completed,2026-07-29T13:00:00+10:00,2026-07-29T14:00:00+10:00,S01,70
B001,E00603,B00302,created,2026-07-25T10:00:00+10:00,Booked,2026-07-29T14:00:00+10:00,2026-07-29T15:00:00+10:00,S01,70
B001,E00604,B00302,completed,2026-07-29T15:00:00+10:00,Completed,2026-07-29T14:00:00+10:00,2026-07-29T15:00:00+10:00,S01,70
B001,E00605,B00303,created,2026-07-25T10:00:00+10:00,Booked,2026-07-29T15:00:00+10:00,2026-07-29T16:00:00+10:00,S01,70
B001,E00606,B00303,completed,2026-07-29T16:00:00+10:00,Completed,2026-07-29T15:00:00+10:00,2026-07-29T16:00:00+10:00,S01,70
B001,E00607,B00304,created,2026-07-25T10:00:00+10:00,Booked,2026-07-29T16:00:00+10:00,2026-07-29T17:00:00+10:00,S01,70
B001,E00608,B00304,completed,2026-07-29T17:00:00+10:00,Completed,2026-07-29T16:00:00+10:00,2026-07-29T17:00:00+10:00,S01,70
B001,E00609,B00305,created,2026-07-25T10:00:00+10:00,Booked,2026-07-30T09:00:00+10:00,2026-07-30T10:00:00+10:00,S01,70
B001,E00610,B00305,completed,2026-07-30T10:00:00+10:00,Completed,2026-07-30T09:00:00+10:00,2026-07-30T10:00:00+10:00,S01,70
B001,E00611,B00306,created,2026-07-25T10:00:00+10:00,Booked,2026-07-30T10:00:00+10:00,2026-07-30T11:00:00+10:00,S01,70
B001,E00612,B00306,completed,2026-07-30T11:00:00+10:00,Completed,2026-07-30T10:00:00+10:00,2026-07-30T11:00:00+10:00,S01,70
B001,E00613,B00307,created,2026-07-25T10:00:00+10:00,Booked,2026-07-30T11:00:00+10:00,2026-07-30T12:00:00+10:00,S01,70
B001,E00614,B00307,completed,2026-07-30T12:00:00+10:00,Completed,2026-07-30T11:00:00+10:00,2026-07-30T12:00:00+10:00,S01,70
B001,E00615,B00308,created,2026-07-25T10:00:00+10:00,Booked,2026-07-30T12:00:00+10:00,2026-07-30T13:00:00+10:00,S01,70
B001,E00616,B00308,completed,2026-07-30T13:00:00+10:00,Completed,2026-07-30T12:00:00+10:00,2026-07-30T13:00:00+10:00,S01,70
B001,E00617,B00309,created,2026-07-25T10:00:00+10:00,Booked,2026-07-30T13:00:00+10:00,2026-07-30T14:00:00+10:00,S01,70
B001,E00618,B00309,completed,2026-07-30T14:00:00+10:00,Completed,2026-07-30T13:00:00+10:00,2026-07-30T14:00:00+10:00,S01,70
B001,E00619,B00310,created,2026-07-25T10:00:00+10:00,Booked,2026-07-30T14:00:00+10:00,2026-07-30T15:00:00+10:00,S01,70
B001,E00620,B00310,completed,2026-07-30T15:00:00+10:00,Completed,2026-07-30T14:00:00+10:00,2026-07-30T15:00:00+10:00,S01,70
B001,E00621,B00311,created,2026-07-17T10:00:00+10:00,Booked,2026-07-27T09:00:00+10:00,2026-07-27T11:00:00+10:00,S02,180
B001,E00622,B00311,completed,2026-07-27T11:00:00+10:00,Completed,2026-07-27T09:00:00+10:00,2026-07-27T11:00:00+10:00,S02,180
B001,E00623,B00312,created,2026-07-17T10:00:00+10:00,Booked,2026-07-27T11:00:00+10:00,2026-07-27T13:00:00+10:00,S02,180
B001,E00624,B00312,completed,2026-07-27T13:00:00+10:00,Completed,2026-07-27T11:00:00+10:00,2026-07-27T13:00:00+10:00,S02,180
B001,E00625,B00313,created,2026-07-17T10:00:00+10:00,Booked,2026-07-27T13:00:00+10:00,2026-07-27T15:00:00+10:00,S02,180
B001,E00626,B00313,completed,2026-07-27T15:00:00+10:00,Completed,2026-07-27T13:00:00+10:00,2026-07-27T15:00:00+10:00,S02,180
B001,E00627,B00314,created,2026-07-17T10:00:00+10:00,Booked,2026-07-27T15:00:00+10:00,2026-07-27T17:00:00+10:00,S02,180
B001,E00628,B00314,completed,2026-07-27T17:00:00+10:00,Completed,2026-07-27T15:00:00+10:00,2026-07-27T17:00:00+10:00,S02,180
B001,E00629,B00315,created,2026-07-17T10:00:00+10:00,Booked,2026-07-28T09:00:00+10:00,2026-07-28T11:00:00+10:00,S02,180
B001,E00630,B00315,completed,2026-07-28T11:00:00+10:00,Completed,2026-07-28T09:00:00+10:00,2026-07-28T11:00:00+10:00,S02,180
B001,E00631,B00316,created,2026-07-17T10:00:00+10:00,Booked,2026-07-28T11:00:00+10:00,2026-07-28T13:00:00+10:00,S02,180
B001,E00632,B00316,completed,2026-07-28T13:00:00+10:00,Completed,2026-07-28T11:00:00+10:00,2026-07-28T13:00:00+10:00,S02,180
B001,E00633,B00317,created,2026-07-17T10:00:00+10:00,Booked,2026-07-28T13:00:00+10:00,2026-07-28T15:00:00+10:00,S02,180
B001,E00634,B00317,completed,2026-07-28T15:00:00+10:00,Completed,2026-07-28T13:00:00+10:00,2026-07-28T15:00:00+10:00,S02,180
B001,E00635,B00318,created,2026-07-17T10:00:00+10:00,Booked,2026-07-28T15:00:00+10:00,2026-07-28T17:00:00+10:00,S02,180
B001,E00636,B00318,completed,2026-07-28T17:00:00+10:00,Completed,2026-07-28T15:00:00+10:00,2026-07-28T17:00:00+10:00,S02,180
B001,E00637,B00319,created,2026-07-17T10:00:00+10:00,Booked,2026-07-29T09:00:00+10:00,2026-07-29T11:00:00+10:00,S02,180
B001,E00638,B00319,completed,2026-07-29T11:00:00+10:00,Completed,2026-07-29T09:00:00+10:00,2026-07-29T11:00:00+10:00,S02,180
B001,E00639,B00320,created,2026-07-17T10:00:00+10:00,Booked,2026-07-29T11:00:00+10:00,2026-07-29T13:00:00+10:00,S02,180
B001,E00640,B00320,completed,2026-07-29T13:00:00+10:00,Completed,2026-07-29T11:00:00+10:00,2026-07-29T13:00:00+10:00,S02,180
B001,E00641,B00321,created,2026-07-25T10:00:00+10:00,Booked,2026-07-29T13:00:00+10:00,2026-07-29T14:00:00+10:00,S02,70
B001,E00642,B00321,completed,2026-07-29T14:00:00+10:00,Completed,2026-07-29T13:00:00+10:00,2026-07-29T14:00:00+10:00,S02,70
B001,E00643,B00322,created,2026-07-25T10:00:00+10:00,Booked,2026-07-29T14:00:00+10:00,2026-07-29T15:00:00+10:00,S02,70
B001,E00644,B00322,completed,2026-07-29T15:00:00+10:00,Completed,2026-07-29T14:00:00+10:00,2026-07-29T15:00:00+10:00,S02,70
B001,E00645,B00323,created,2026-07-25T10:00:00+10:00,Booked,2026-07-29T15:00:00+10:00,2026-07-29T16:00:00+10:00,S02,70
B001,E00646,B00323,completed,2026-07-29T16:00:00+10:00,Completed,2026-07-29T15:00:00+10:00,2026-07-29T16:00:00+10:00,S02,70
B001,E00647,B00324,created,2026-07-25T10:00:00+10:00,Booked,2026-07-29T16:00:00+10:00,2026-07-29T17:00:00+10:00,S02,70
B001,E00648,B00324,completed,2026-07-29T17:00:00+10:00,Completed,2026-07-29T16:00:00+10:00,2026-07-29T17:00:00+10:00,S02,70
B001,E00649,B00325,created,2026-07-25T10:00:00+10:00,Booked,2026-07-30T09:00:00+10:00,2026-07-30T10:00:00+10:00,S02,70
B001,E00650,B00325,completed,2026-07-30T10:00:00+10:00,Completed,2026-07-30T09:00:00+10:00,2026-07-30T10:00:00+10:00,S02,70
B001,E00651,B00326,created,2026-07-25T10:00:00+10:00,Booked,2026-07-30T10:00:00+10:00,2026-07-30T11:00:00+10:00,S02,70
B001,E00652,B00326,completed,2026-07-30T11:00:00+10:00,Completed,2026-07-30T10:00:00+10:00,2026-07-30T11:00:00+10:00,S02,70
B001,E00653,B00327,created,2026-07-25T10:00:00+10:00,Booked,2026-07-30T11:00:00+10:00,2026-07-30T12:00:00+10:00,S02,70
B001,E00654,B00327,completed,2026-07-30T12:00:00+10:00,Completed,2026-07-30T11:00:00+10:00,2026-07-30T12:00:00+10:00,S02,70
B001,E00655,B00328,created,2026-07-25T10:00:00+10:00,Booked,2026-07-30T12:00:00+10:00,2026-07-30T13:00:00+10:00,S02,70
B001,E00656,B00328,completed,2026-07-30T13:00:00+10:00,Completed,2026-07-30T12:00:00+10:00,2026-07-30T13:00:00+10:00,S02,70
B001,E00657,B00329,created,2026-07-25T10:00:00+10:00,Booked,2026-07-30T13:00:00+10:00,2026-07-30T14:00:00+10:00,S02,70
B001,E00658,B00329,completed,2026-07-30T14:00:00+10:00,Completed,2026-07-30T13:00:00+10:00,2026-07-30T14:00:00+10:00,S02,70
B001,E00659,B00330,created,2026-07-25T10:00:00+10:00,Booked,2026-07-30T14:00:00+10:00,2026-07-30T15:00:00+10:00,S02,70
B001,E00660,B00330,completed,2026-07-30T15:00:00+10:00,Completed,2026-07-30T14:00:00+10:00,2026-07-30T15:00:00+10:00,S02,70
B001,E00661,B00331,created,2026-07-17T10:00:00+10:00,Booked,2026-07-27T09:00:00+10:00,2026-07-27T11:00:00+10:00,S03,180
B001,E00662,B00331,completed,2026-07-27T11:00:00+10:00,Completed,2026-07-27T09:00:00+10:00,2026-07-27T11:00:00+10:00,S03,180
B001,E00663,B00332,created,2026-07-17T10:00:00+10:00,Booked,2026-07-27T11:00:00+10:00,2026-07-27T13:00:00+10:00,S03,180
B001,E00664,B00332,completed,2026-07-27T13:00:00+10:00,Completed,2026-07-27T11:00:00+10:00,2026-07-27T13:00:00+10:00,S03,180
B001,E00665,B00333,created,2026-07-17T10:00:00+10:00,Booked,2026-07-27T13:00:00+10:00,2026-07-27T15:00:00+10:00,S03,180
B001,E00666,B00333,completed,2026-07-27T15:00:00+10:00,Completed,2026-07-27T13:00:00+10:00,2026-07-27T15:00:00+10:00,S03,180
B001,E00667,B00334,created,2026-07-17T10:00:00+10:00,Booked,2026-07-27T15:00:00+10:00,2026-07-27T17:00:00+10:00,S03,180
B001,E00668,B00334,completed,2026-07-27T17:00:00+10:00,Completed,2026-07-27T15:00:00+10:00,2026-07-27T17:00:00+10:00,S03,180
B001,E00669,B00335,created,2026-07-17T10:00:00+10:00,Booked,2026-07-28T09:00:00+10:00,2026-07-28T11:00:00+10:00,S03,180
B001,E00670,B00335,completed,2026-07-28T11:00:00+10:00,Completed,2026-07-28T09:00:00+10:00,2026-07-28T11:00:00+10:00,S03,180
B001,E00671,B00336,created,2026-07-17T10:00:00+10:00,Booked,2026-07-28T11:00:00+10:00,2026-07-28T13:00:00+10:00,S03,180
B001,E00672,B00336,completed,2026-07-28T13:00:00+10:00,Completed,2026-07-28T11:00:00+10:00,2026-07-28T13:00:00+10:00,S03,180
B001,E00673,B00337,created,2026-07-17T10:00:00+10:00,Booked,2026-07-28T13:00:00+10:00,2026-07-28T15:00:00+10:00,S03,180
B001,E00674,B00337,completed,2026-07-28T15:00:00+10:00,Completed,2026-07-28T13:00:00+10:00,2026-07-28T15:00:00+10:00,S03,180
B001,E00675,B00338,created,2026-07-17T10:00:00+10:00,Booked,2026-07-28T15:00:00+10:00,2026-07-28T17:00:00+10:00,S03,180
B001,E00676,B00338,completed,2026-07-28T17:00:00+10:00,Completed,2026-07-28T15:00:00+10:00,2026-07-28T17:00:00+10:00,S03,180
B001,E00677,B00339,created,2026-07-17T10:00:00+10:00,Booked,2026-07-29T09:00:00+10:00,2026-07-29T11:00:00+10:00,S03,180
B001,E00678,B00339,completed,2026-07-29T11:00:00+10:00,Completed,2026-07-29T09:00:00+10:00,2026-07-29T11:00:00+10:00,S03,180
B001,E00679,B00340,created,2026-07-17T10:00:00+10:00,Booked,2026-07-29T11:00:00+10:00,2026-07-29T13:00:00+10:00,S03,180
B001,E00680,B00340,completed,2026-07-29T13:00:00+10:00,Completed,2026-07-29T11:00:00+10:00,2026-07-29T13:00:00+10:00,S03,180
B001,E00681,B00341,created,2026-07-25T10:00:00+10:00,Booked,2026-07-29T13:00:00+10:00,2026-07-29T15:00:00+10:00,S03,180
B001,E00682,B00341,completed,2026-07-29T15:00:00+10:00,Completed,2026-07-29T13:00:00+10:00,2026-07-29T15:00:00+10:00,S03,180
B001,E00683,B00342,created,2026-07-25T10:00:00+10:00,Booked,2026-07-29T15:00:00+10:00,2026-07-29T17:00:00+10:00,S03,180
B001,E00684,B00342,completed,2026-07-29T17:00:00+10:00,Completed,2026-07-29T15:00:00+10:00,2026-07-29T17:00:00+10:00,S03,180
B001,E00685,B00343,created,2026-07-25T10:00:00+10:00,Booked,2026-07-30T09:00:00+10:00,2026-07-30T10:00:00+10:00,S03,70
B001,E00686,B00343,completed,2026-07-30T10:00:00+10:00,Completed,2026-07-30T09:00:00+10:00,2026-07-30T10:00:00+10:00,S03,70
B001,E00687,B00344,created,2026-07-25T10:00:00+10:00,Booked,2026-07-30T10:00:00+10:00,2026-07-30T11:00:00+10:00,S03,70
B001,E00688,B00344,completed,2026-07-30T11:00:00+10:00,Completed,2026-07-30T10:00:00+10:00,2026-07-30T11:00:00+10:00,S03,70
B001,E00689,B00345,created,2026-07-25T10:00:00+10:00,Booked,2026-07-30T11:00:00+10:00,2026-07-30T12:00:00+10:00,S03,70
B001,E00690,B00345,completed,2026-07-30T12:00:00+10:00,Completed,2026-07-30T11:00:00+10:00,2026-07-30T12:00:00+10:00,S03,70
B001,E00691,B00346,created,2026-07-25T10:00:00+10:00,Booked,2026-07-30T12:00:00+10:00,2026-07-30T13:00:00+10:00,S03,70
B001,E00692,B00346,completed,2026-07-30T13:00:00+10:00,Completed,2026-07-30T12:00:00+10:00,2026-07-30T13:00:00+10:00,S03,70
B001,E00693,B00347,created,2026-07-25T10:00:00+10:00,Booked,2026-07-30T13:00:00+10:00,2026-07-30T14:00:00+10:00,S03,70
B001,E00694,B00347,completed,2026-07-30T14:00:00+10:00,Completed,2026-07-30T13:00:00+10:00,2026-07-30T14:00:00+10:00,S03,70
B001,E00695,B00348,created,2026-07-25T10:00:00+10:00,Booked,2026-07-30T14:00:00+10:00,2026-07-30T15:00:00+10:00,S03,70
B001,E00696,B00348,completed,2026-07-30T15:00:00+10:00,Completed,2026-07-30T14:00:00+10:00,2026-07-30T15:00:00+10:00,S03,70
B001,E00697,B00349,created,2026-07-24T10:00:00+10:00,Booked,2026-08-03T09:00:00+10:00,2026-08-03T11:00:00+10:00,S01,180
B001,E00698,B00349,completed,2026-08-03T11:00:00+10:00,Completed,2026-08-03T09:00:00+10:00,2026-08-03T11:00:00+10:00,S01,180
B001,E00699,B00350,created,2026-07-24T10:00:00+10:00,Booked,2026-08-03T11:00:00+10:00,2026-08-03T13:00:00+10:00,S01,180
B001,E00700,B00350,completed,2026-08-03T13:00:00+10:00,Completed,2026-08-03T11:00:00+10:00,2026-08-03T13:00:00+10:00,S01,180
B001,E00701,B00351,created,2026-07-24T10:00:00+10:00,Booked,2026-08-03T13:00:00+10:00,2026-08-03T15:00:00+10:00,S01,180
B001,E00702,B00351,completed,2026-08-03T15:00:00+10:00,Completed,2026-08-03T13:00:00+10:00,2026-08-03T15:00:00+10:00,S01,180
B001,E00703,B00352,created,2026-07-24T10:00:00+10:00,Booked,2026-08-03T15:00:00+10:00,2026-08-03T17:00:00+10:00,S01,180
B001,E00704,B00352,completed,2026-08-03T17:00:00+10:00,Completed,2026-08-03T15:00:00+10:00,2026-08-03T17:00:00+10:00,S01,180
B001,E00705,B00353,created,2026-07-24T10:00:00+10:00,Booked,2026-08-04T09:00:00+10:00,2026-08-04T11:00:00+10:00,S01,180
B001,E00706,B00353,completed,2026-08-04T11:00:00+10:00,Completed,2026-08-04T09:00:00+10:00,2026-08-04T11:00:00+10:00,S01,180
B001,E00707,B00354,created,2026-07-24T10:00:00+10:00,Booked,2026-08-04T11:00:00+10:00,2026-08-04T13:00:00+10:00,S01,180
B001,E00708,B00354,completed,2026-08-04T13:00:00+10:00,Completed,2026-08-04T11:00:00+10:00,2026-08-04T13:00:00+10:00,S01,180
B001,E00709,B00355,created,2026-07-24T10:00:00+10:00,Booked,2026-08-04T13:00:00+10:00,2026-08-04T15:00:00+10:00,S01,180
B001,E00710,B00355,completed,2026-08-04T15:00:00+10:00,Completed,2026-08-04T13:00:00+10:00,2026-08-04T15:00:00+10:00,S01,180
B001,E00711,B00356,created,2026-07-24T10:00:00+10:00,Booked,2026-08-04T15:00:00+10:00,2026-08-04T17:00:00+10:00,S01,180
B001,E00712,B00356,completed,2026-08-04T17:00:00+10:00,Completed,2026-08-04T15:00:00+10:00,2026-08-04T17:00:00+10:00,S01,180
B001,E00713,B00357,created,2026-07-24T10:00:00+10:00,Booked,2026-08-05T09:00:00+10:00,2026-08-05T11:00:00+10:00,S01,180
B001,E00714,B00357,completed,2026-08-05T11:00:00+10:00,Completed,2026-08-05T09:00:00+10:00,2026-08-05T11:00:00+10:00,S01,180
B001,E00715,B00358,created,2026-07-24T10:00:00+10:00,Booked,2026-08-05T11:00:00+10:00,2026-08-05T13:00:00+10:00,S01,180
B001,E00716,B00358,completed,2026-08-05T13:00:00+10:00,Completed,2026-08-05T11:00:00+10:00,2026-08-05T13:00:00+10:00,S01,180
B001,E00717,B00359,created,2026-08-01T10:00:00+10:00,Booked,2026-08-05T13:00:00+10:00,2026-08-05T14:00:00+10:00,S01,70
B001,E00718,B00359,completed,2026-08-05T14:00:00+10:00,Completed,2026-08-05T13:00:00+10:00,2026-08-05T14:00:00+10:00,S01,70
B001,E00719,B00360,created,2026-08-01T10:00:00+10:00,Booked,2026-08-05T14:00:00+10:00,2026-08-05T15:00:00+10:00,S01,70
B001,E00720,B00360,completed,2026-08-05T15:00:00+10:00,Completed,2026-08-05T14:00:00+10:00,2026-08-05T15:00:00+10:00,S01,70
B001,E00721,B00361,created,2026-08-01T10:00:00+10:00,Booked,2026-08-05T15:00:00+10:00,2026-08-05T16:00:00+10:00,S01,70
B001,E00722,B00361,completed,2026-08-05T16:00:00+10:00,Completed,2026-08-05T15:00:00+10:00,2026-08-05T16:00:00+10:00,S01,70
B001,E00723,B00362,created,2026-08-01T10:00:00+10:00,Booked,2026-08-05T16:00:00+10:00,2026-08-05T17:00:00+10:00,S01,70
B001,E00724,B00362,completed,2026-08-05T17:00:00+10:00,Completed,2026-08-05T16:00:00+10:00,2026-08-05T17:00:00+10:00,S01,70
B001,E00725,B00363,created,2026-08-01T10:00:00+10:00,Booked,2026-08-06T09:00:00+10:00,2026-08-06T10:00:00+10:00,S01,70
B001,E00726,B00363,completed,2026-08-06T10:00:00+10:00,Completed,2026-08-06T09:00:00+10:00,2026-08-06T10:00:00+10:00,S01,70
B001,E00727,B00364,created,2026-08-01T10:00:00+10:00,Booked,2026-08-06T10:00:00+10:00,2026-08-06T11:00:00+10:00,S01,70
B001,E00728,B00364,completed,2026-08-06T11:00:00+10:00,Completed,2026-08-06T10:00:00+10:00,2026-08-06T11:00:00+10:00,S01,70
B001,E00729,B00365,created,2026-08-01T10:00:00+10:00,Booked,2026-08-06T11:00:00+10:00,2026-08-06T12:00:00+10:00,S01,70
B001,E00730,B00365,completed,2026-08-06T12:00:00+10:00,Completed,2026-08-06T11:00:00+10:00,2026-08-06T12:00:00+10:00,S01,70
B001,E00731,B00366,created,2026-08-01T10:00:00+10:00,Booked,2026-08-06T12:00:00+10:00,2026-08-06T13:00:00+10:00,S01,70
B001,E00732,B00366,completed,2026-08-06T13:00:00+10:00,Completed,2026-08-06T12:00:00+10:00,2026-08-06T13:00:00+10:00,S01,70
B001,E00733,B00367,created,2026-08-01T10:00:00+10:00,Booked,2026-08-06T13:00:00+10:00,2026-08-06T14:00:00+10:00,S01,70
B001,E00734,B00367,completed,2026-08-06T14:00:00+10:00,Completed,2026-08-06T13:00:00+10:00,2026-08-06T14:00:00+10:00,S01,70
B001,E00735,B00368,created,2026-08-01T10:00:00+10:00,Booked,2026-08-06T14:00:00+10:00,2026-08-06T15:00:00+10:00,S01,70
B001,E00736,B00368,completed,2026-08-06T15:00:00+10:00,Completed,2026-08-06T14:00:00+10:00,2026-08-06T15:00:00+10:00,S01,70
B001,E00737,B00369,created,2026-07-24T10:00:00+10:00,Booked,2026-08-03T09:00:00+10:00,2026-08-03T11:00:00+10:00,S02,180
B001,E00738,B00369,completed,2026-08-03T11:00:00+10:00,Completed,2026-08-03T09:00:00+10:00,2026-08-03T11:00:00+10:00,S02,180
B001,E00739,B00370,created,2026-07-24T10:00:00+10:00,Booked,2026-08-03T11:00:00+10:00,2026-08-03T13:00:00+10:00,S02,180
B001,E00740,B00370,completed,2026-08-03T13:00:00+10:00,Completed,2026-08-03T11:00:00+10:00,2026-08-03T13:00:00+10:00,S02,180
B001,E00741,B00371,created,2026-07-24T10:00:00+10:00,Booked,2026-08-03T13:00:00+10:00,2026-08-03T15:00:00+10:00,S02,180
B001,E00742,B00371,completed,2026-08-03T15:00:00+10:00,Completed,2026-08-03T13:00:00+10:00,2026-08-03T15:00:00+10:00,S02,180
B001,E00743,B00372,created,2026-07-24T10:00:00+10:00,Booked,2026-08-03T15:00:00+10:00,2026-08-03T17:00:00+10:00,S02,180
B001,E00744,B00372,completed,2026-08-03T17:00:00+10:00,Completed,2026-08-03T15:00:00+10:00,2026-08-03T17:00:00+10:00,S02,180
B001,E00745,B00373,created,2026-07-24T10:00:00+10:00,Booked,2026-08-04T09:00:00+10:00,2026-08-04T11:00:00+10:00,S02,180
B001,E00746,B00373,completed,2026-08-04T11:00:00+10:00,Completed,2026-08-04T09:00:00+10:00,2026-08-04T11:00:00+10:00,S02,180
B001,E00747,B00374,created,2026-07-24T10:00:00+10:00,Booked,2026-08-04T11:00:00+10:00,2026-08-04T13:00:00+10:00,S02,180
B001,E00748,B00374,completed,2026-08-04T13:00:00+10:00,Completed,2026-08-04T11:00:00+10:00,2026-08-04T13:00:00+10:00,S02,180
B001,E00749,B00375,created,2026-07-24T10:00:00+10:00,Booked,2026-08-04T13:00:00+10:00,2026-08-04T15:00:00+10:00,S02,180
B001,E00750,B00375,completed,2026-08-04T15:00:00+10:00,Completed,2026-08-04T13:00:00+10:00,2026-08-04T15:00:00+10:00,S02,180
B001,E00751,B00376,created,2026-07-24T10:00:00+10:00,Booked,2026-08-04T15:00:00+10:00,2026-08-04T17:00:00+10:00,S02,180
B001,E00752,B00376,completed,2026-08-04T17:00:00+10:00,Completed,2026-08-04T15:00:00+10:00,2026-08-04T17:00:00+10:00,S02,180
B001,E00753,B00377,created,2026-07-24T10:00:00+10:00,Booked,2026-08-05T09:00:00+10:00,2026-08-05T11:00:00+10:00,S02,180
B001,E00754,B00377,completed,2026-08-05T11:00:00+10:00,Completed,2026-08-05T09:00:00+10:00,2026-08-05T11:00:00+10:00,S02,180
B001,E00755,B00378,created,2026-07-24T10:00:00+10:00,Booked,2026-08-05T11:00:00+10:00,2026-08-05T13:00:00+10:00,S02,180
B001,E00756,B00378,completed,2026-08-05T13:00:00+10:00,Completed,2026-08-05T11:00:00+10:00,2026-08-05T13:00:00+10:00,S02,180
B001,E00757,B00379,created,2026-08-01T10:00:00+10:00,Booked,2026-08-05T13:00:00+10:00,2026-08-05T14:00:00+10:00,S02,70
B001,E00758,B00379,completed,2026-08-05T14:00:00+10:00,Completed,2026-08-05T13:00:00+10:00,2026-08-05T14:00:00+10:00,S02,70
B001,E00759,B00380,created,2026-08-01T10:00:00+10:00,Booked,2026-08-05T14:00:00+10:00,2026-08-05T15:00:00+10:00,S02,70
B001,E00760,B00380,completed,2026-08-05T15:00:00+10:00,Completed,2026-08-05T14:00:00+10:00,2026-08-05T15:00:00+10:00,S02,70
B001,E00761,B00381,created,2026-08-01T10:00:00+10:00,Booked,2026-08-05T15:00:00+10:00,2026-08-05T16:00:00+10:00,S02,70
B001,E00762,B00381,completed,2026-08-05T16:00:00+10:00,Completed,2026-08-05T15:00:00+10:00,2026-08-05T16:00:00+10:00,S02,70
B001,E00763,B00382,created,2026-08-01T10:00:00+10:00,Booked,2026-08-05T16:00:00+10:00,2026-08-05T17:00:00+10:00,S02,70
B001,E00764,B00382,completed,2026-08-05T17:00:00+10:00,Completed,2026-08-05T16:00:00+10:00,2026-08-05T17:00:00+10:00,S02,70
B001,E00765,B00383,created,2026-08-01T10:00:00+10:00,Booked,2026-08-06T09:00:00+10:00,2026-08-06T10:00:00+10:00,S02,70
B001,E00766,B00383,completed,2026-08-06T10:00:00+10:00,Completed,2026-08-06T09:00:00+10:00,2026-08-06T10:00:00+10:00,S02,70
B001,E00767,B00384,created,2026-08-01T10:00:00+10:00,Booked,2026-08-06T10:00:00+10:00,2026-08-06T11:00:00+10:00,S02,70
B001,E00768,B00384,completed,2026-08-06T11:00:00+10:00,Completed,2026-08-06T10:00:00+10:00,2026-08-06T11:00:00+10:00,S02,70
B001,E00769,B00385,created,2026-08-01T10:00:00+10:00,Booked,2026-08-06T11:00:00+10:00,2026-08-06T12:00:00+10:00,S02,70
B001,E00770,B00385,completed,2026-08-06T12:00:00+10:00,Completed,2026-08-06T11:00:00+10:00,2026-08-06T12:00:00+10:00,S02,70
B001,E00771,B00386,created,2026-08-01T10:00:00+10:00,Booked,2026-08-06T12:00:00+10:00,2026-08-06T13:00:00+10:00,S02,70
B001,E00772,B00386,completed,2026-08-06T13:00:00+10:00,Completed,2026-08-06T12:00:00+10:00,2026-08-06T13:00:00+10:00,S02,70
B001,E00773,B00387,created,2026-08-01T10:00:00+10:00,Booked,2026-08-06T13:00:00+10:00,2026-08-06T14:00:00+10:00,S02,70
B001,E00774,B00387,completed,2026-08-06T14:00:00+10:00,Completed,2026-08-06T13:00:00+10:00,2026-08-06T14:00:00+10:00,S02,70
B001,E00775,B00388,created,2026-08-01T10:00:00+10:00,Booked,2026-08-06T14:00:00+10:00,2026-08-06T15:00:00+10:00,S02,70
B001,E00776,B00388,completed,2026-08-06T15:00:00+10:00,Completed,2026-08-06T14:00:00+10:00,2026-08-06T15:00:00+10:00,S02,70
B001,E00777,B00389,created,2026-07-24T10:00:00+10:00,Booked,2026-08-03T09:00:00+10:00,2026-08-03T11:00:00+10:00,S03,180
B001,E00778,B00389,completed,2026-08-03T11:00:00+10:00,Completed,2026-08-03T09:00:00+10:00,2026-08-03T11:00:00+10:00,S03,180
B001,E00779,B00390,created,2026-07-24T10:00:00+10:00,Booked,2026-08-03T11:00:00+10:00,2026-08-03T13:00:00+10:00,S03,180
B001,E00780,B00390,completed,2026-08-03T13:00:00+10:00,Completed,2026-08-03T11:00:00+10:00,2026-08-03T13:00:00+10:00,S03,180
B001,E00781,B00391,created,2026-07-24T10:00:00+10:00,Booked,2026-08-03T13:00:00+10:00,2026-08-03T15:00:00+10:00,S03,180
B001,E00782,B00391,completed,2026-08-03T15:00:00+10:00,Completed,2026-08-03T13:00:00+10:00,2026-08-03T15:00:00+10:00,S03,180
B001,E00783,B00392,created,2026-07-24T10:00:00+10:00,Booked,2026-08-03T15:00:00+10:00,2026-08-03T17:00:00+10:00,S03,180
B001,E00784,B00392,completed,2026-08-03T17:00:00+10:00,Completed,2026-08-03T15:00:00+10:00,2026-08-03T17:00:00+10:00,S03,180
B001,E00785,B00393,created,2026-07-24T10:00:00+10:00,Booked,2026-08-04T09:00:00+10:00,2026-08-04T11:00:00+10:00,S03,180
B001,E00786,B00393,completed,2026-08-04T11:00:00+10:00,Completed,2026-08-04T09:00:00+10:00,2026-08-04T11:00:00+10:00,S03,180
B001,E00787,B00394,created,2026-07-24T10:00:00+10:00,Booked,2026-08-04T11:00:00+10:00,2026-08-04T13:00:00+10:00,S03,180
B001,E00788,B00394,completed,2026-08-04T13:00:00+10:00,Completed,2026-08-04T11:00:00+10:00,2026-08-04T13:00:00+10:00,S03,180
B001,E00789,B00395,created,2026-07-24T10:00:00+10:00,Booked,2026-08-04T13:00:00+10:00,2026-08-04T15:00:00+10:00,S03,180
B001,E00790,B00395,completed,2026-08-04T15:00:00+10:00,Completed,2026-08-04T13:00:00+10:00,2026-08-04T15:00:00+10:00,S03,180
B001,E00791,B00396,created,2026-07-24T10:00:00+10:00,Booked,2026-08-04T15:00:00+10:00,2026-08-04T17:00:00+10:00,S03,180
B001,E00792,B00396,completed,2026-08-04T17:00:00+10:00,Completed,2026-08-04T15:00:00+10:00,2026-08-04T17:00:00+10:00,S03,180
B001,E00793,B00397,created,2026-07-24T10:00:00+10:00,Booked,2026-08-05T09:00:00+10:00,2026-08-05T11:00:00+10:00,S03,180
B001,E00794,B00397,completed,2026-08-05T11:00:00+10:00,Completed,2026-08-05T09:00:00+10:00,2026-08-05T11:00:00+10:00,S03,180
B001,E00795,B00398,created,2026-07-24T10:00:00+10:00,Booked,2026-08-05T11:00:00+10:00,2026-08-05T13:00:00+10:00,S03,180
B001,E00796,B00398,completed,2026-08-05T13:00:00+10:00,Completed,2026-08-05T11:00:00+10:00,2026-08-05T13:00:00+10:00,S03,180
B001,E00797,B00399,created,2026-08-01T10:00:00+10:00,Booked,2026-08-05T13:00:00+10:00,2026-08-05T15:00:00+10:00,S03,180
B001,E00798,B00399,completed,2026-08-05T15:00:00+10:00,Completed,2026-08-05T13:00:00+10:00,2026-08-05T15:00:00+10:00,S03,180
B001,E00799,B00400,created,2026-08-01T10:00:00+10:00,Booked,2026-08-05T15:00:00+10:00,2026-08-05T17:00:00+10:00,S03,180
B001,E00800,B00400,completed,2026-08-05T17:00:00+10:00,Completed,2026-08-05T15:00:00+10:00,2026-08-05T17:00:00+10:00,S03,180
B001,E00801,B00401,created,2026-08-01T10:00:00+10:00,Booked,2026-08-06T09:00:00+10:00,2026-08-06T10:00:00+10:00,S03,70
B001,E00802,B00401,completed,2026-08-06T10:00:00+10:00,Completed,2026-08-06T09:00:00+10:00,2026-08-06T10:00:00+10:00,S03,70
B001,E00803,B00402,created,2026-08-01T10:00:00+10:00,Booked,2026-08-06T10:00:00+10:00,2026-08-06T11:00:00+10:00,S03,70
B001,E00804,B00402,completed,2026-08-06T11:00:00+10:00,Completed,2026-08-06T10:00:00+10:00,2026-08-06T11:00:00+10:00,S03,70
B001,E00805,B00403,created,2026-08-01T10:00:00+10:00,Booked,2026-08-06T11:00:00+10:00,2026-08-06T12:00:00+10:00,S03,70
B001,E00806,B00403,completed,2026-08-06T12:00:00+10:00,Completed,2026-08-06T11:00:00+10:00,2026-08-06T12:00:00+10:00,S03,70
B001,E00807,B00404,created,2026-08-01T10:00:00+10:00,Booked,2026-08-06T12:00:00+10:00,2026-08-06T13:00:00+10:00,S03,70
B001,E00808,B00404,completed,2026-08-06T13:00:00+10:00,Completed,2026-08-06T12:00:00+10:00,2026-08-06T13:00:00+10:00,S03,70
B001,E00809,B00405,created,2026-08-01T10:00:00+10:00,Booked,2026-08-06T13:00:00+10:00,2026-08-06T14:00:00+10:00,S03,70
B001,E00810,B00405,completed,2026-08-06T14:00:00+10:00,Completed,2026-08-06T13:00:00+10:00,2026-08-06T14:00:00+10:00,S03,70
B001,E00811,B00406,created,2026-08-01T10:00:00+10:00,Booked,2026-08-06T14:00:00+10:00,2026-08-06T15:00:00+10:00,S03,70
B001,E00812,B00406,completed,2026-08-06T15:00:00+10:00,Completed,2026-08-06T14:00:00+10:00,2026-08-06T15:00:00+10:00,S03,70
B001,E00813,B00407,created,2026-07-31T10:00:00+10:00,Booked,2026-08-10T09:00:00+10:00,2026-08-10T11:00:00+10:00,S01,180
B001,E00814,B00407,completed,2026-08-10T11:00:00+10:00,Completed,2026-08-10T09:00:00+10:00,2026-08-10T11:00:00+10:00,S01,180
B001,E00815,B00408,created,2026-07-31T10:00:00+10:00,Booked,2026-08-10T11:00:00+10:00,2026-08-10T13:00:00+10:00,S01,180
B001,E00816,B00408,completed,2026-08-10T13:00:00+10:00,Completed,2026-08-10T11:00:00+10:00,2026-08-10T13:00:00+10:00,S01,180
B001,E00817,B00409,created,2026-07-31T10:00:00+10:00,Booked,2026-08-10T13:00:00+10:00,2026-08-10T15:00:00+10:00,S01,180
B001,E00818,B00409,completed,2026-08-10T15:00:00+10:00,Completed,2026-08-10T13:00:00+10:00,2026-08-10T15:00:00+10:00,S01,180
B001,E00819,B00410,created,2026-07-31T10:00:00+10:00,Booked,2026-08-10T15:00:00+10:00,2026-08-10T17:00:00+10:00,S01,180
B001,E00820,B00410,completed,2026-08-10T17:00:00+10:00,Completed,2026-08-10T15:00:00+10:00,2026-08-10T17:00:00+10:00,S01,180
B001,E00821,B00411,created,2026-07-31T10:00:00+10:00,Booked,2026-08-11T09:00:00+10:00,2026-08-11T11:00:00+10:00,S01,180
B001,E00822,B00411,completed,2026-08-11T11:00:00+10:00,Completed,2026-08-11T09:00:00+10:00,2026-08-11T11:00:00+10:00,S01,180
B001,E00823,B00412,created,2026-07-31T10:00:00+10:00,Booked,2026-08-11T11:00:00+10:00,2026-08-11T13:00:00+10:00,S01,180
B001,E00824,B00412,completed,2026-08-11T13:00:00+10:00,Completed,2026-08-11T11:00:00+10:00,2026-08-11T13:00:00+10:00,S01,180
B001,E00825,B00413,created,2026-07-31T10:00:00+10:00,Booked,2026-08-11T13:00:00+10:00,2026-08-11T15:00:00+10:00,S01,180
B001,E00826,B00413,completed,2026-08-11T15:00:00+10:00,Completed,2026-08-11T13:00:00+10:00,2026-08-11T15:00:00+10:00,S01,180
B001,E00827,B00414,created,2026-07-31T10:00:00+10:00,Booked,2026-08-11T15:00:00+10:00,2026-08-11T17:00:00+10:00,S01,180
B001,E00828,B00414,completed,2026-08-11T17:00:00+10:00,Completed,2026-08-11T15:00:00+10:00,2026-08-11T17:00:00+10:00,S01,180
B001,E00829,B00415,created,2026-07-31T10:00:00+10:00,Booked,2026-08-12T09:00:00+10:00,2026-08-12T11:00:00+10:00,S01,180
B001,E00830,B00415,completed,2026-08-12T11:00:00+10:00,Completed,2026-08-12T09:00:00+10:00,2026-08-12T11:00:00+10:00,S01,180
B001,E00831,B00416,created,2026-07-31T10:00:00+10:00,Booked,2026-08-12T11:00:00+10:00,2026-08-12T13:00:00+10:00,S01,180
B001,E00832,B00416,completed,2026-08-12T13:00:00+10:00,Completed,2026-08-12T11:00:00+10:00,2026-08-12T13:00:00+10:00,S01,180
B001,E00833,B00417,created,2026-08-08T10:00:00+10:00,Booked,2026-08-12T13:00:00+10:00,2026-08-12T14:00:00+10:00,S01,70
B001,E00834,B00417,completed,2026-08-12T14:00:00+10:00,Completed,2026-08-12T13:00:00+10:00,2026-08-12T14:00:00+10:00,S01,70
B001,E00835,B00418,created,2026-08-08T10:00:00+10:00,Booked,2026-08-12T14:00:00+10:00,2026-08-12T15:00:00+10:00,S01,70
B001,E00836,B00418,completed,2026-08-12T15:00:00+10:00,Completed,2026-08-12T14:00:00+10:00,2026-08-12T15:00:00+10:00,S01,70
B001,E00837,B00419,created,2026-08-08T10:00:00+10:00,Booked,2026-08-12T15:00:00+10:00,2026-08-12T16:00:00+10:00,S01,70
B001,E00838,B00419,completed,2026-08-12T16:00:00+10:00,Completed,2026-08-12T15:00:00+10:00,2026-08-12T16:00:00+10:00,S01,70
B001,E00839,B00420,created,2026-08-08T10:00:00+10:00,Booked,2026-08-12T16:00:00+10:00,2026-08-12T17:00:00+10:00,S01,70
B001,E00840,B00420,completed,2026-08-12T17:00:00+10:00,Completed,2026-08-12T16:00:00+10:00,2026-08-12T17:00:00+10:00,S01,70
B001,E00841,B00421,created,2026-08-08T10:00:00+10:00,Booked,2026-08-13T09:00:00+10:00,2026-08-13T10:00:00+10:00,S01,70
B001,E00842,B00421,completed,2026-08-13T10:00:00+10:00,Completed,2026-08-13T09:00:00+10:00,2026-08-13T10:00:00+10:00,S01,70
B001,E00843,B00422,created,2026-08-08T10:00:00+10:00,Booked,2026-08-13T10:00:00+10:00,2026-08-13T11:00:00+10:00,S01,70
B001,E00844,B00422,completed,2026-08-13T11:00:00+10:00,Completed,2026-08-13T10:00:00+10:00,2026-08-13T11:00:00+10:00,S01,70
B001,E00845,B00423,created,2026-08-08T10:00:00+10:00,Booked,2026-08-13T11:00:00+10:00,2026-08-13T12:00:00+10:00,S01,70
B001,E00846,B00423,completed,2026-08-13T12:00:00+10:00,Completed,2026-08-13T11:00:00+10:00,2026-08-13T12:00:00+10:00,S01,70
B001,E00847,B00424,created,2026-08-08T10:00:00+10:00,Booked,2026-08-13T12:00:00+10:00,2026-08-13T13:00:00+10:00,S01,70
B001,E00848,B00424,completed,2026-08-13T13:00:00+10:00,Completed,2026-08-13T12:00:00+10:00,2026-08-13T13:00:00+10:00,S01,70
B001,E00849,B00425,created,2026-08-08T10:00:00+10:00,Booked,2026-08-13T13:00:00+10:00,2026-08-13T14:00:00+10:00,S01,70
B001,E00850,B00425,completed,2026-08-13T14:00:00+10:00,Completed,2026-08-13T13:00:00+10:00,2026-08-13T14:00:00+10:00,S01,70
B001,E00851,B00426,created,2026-08-08T10:00:00+10:00,Booked,2026-08-13T14:00:00+10:00,2026-08-13T15:00:00+10:00,S01,70
B001,E00852,B00426,completed,2026-08-13T15:00:00+10:00,Completed,2026-08-13T14:00:00+10:00,2026-08-13T15:00:00+10:00,S01,70
B001,E00853,B00427,created,2026-07-31T10:00:00+10:00,Booked,2026-08-10T09:00:00+10:00,2026-08-10T11:00:00+10:00,S02,180
B001,E00854,B00427,completed,2026-08-10T11:00:00+10:00,Completed,2026-08-10T09:00:00+10:00,2026-08-10T11:00:00+10:00,S02,180
B001,E00855,B00428,created,2026-07-31T10:00:00+10:00,Booked,2026-08-10T11:00:00+10:00,2026-08-10T13:00:00+10:00,S02,180
B001,E00856,B00428,completed,2026-08-10T13:00:00+10:00,Completed,2026-08-10T11:00:00+10:00,2026-08-10T13:00:00+10:00,S02,180
B001,E00857,B00429,created,2026-07-31T10:00:00+10:00,Booked,2026-08-10T13:00:00+10:00,2026-08-10T15:00:00+10:00,S02,180
B001,E00858,B00429,completed,2026-08-10T15:00:00+10:00,Completed,2026-08-10T13:00:00+10:00,2026-08-10T15:00:00+10:00,S02,180
B001,E00859,B00430,created,2026-07-31T10:00:00+10:00,Booked,2026-08-10T15:00:00+10:00,2026-08-10T17:00:00+10:00,S02,180
B001,E00860,B00430,completed,2026-08-10T17:00:00+10:00,Completed,2026-08-10T15:00:00+10:00,2026-08-10T17:00:00+10:00,S02,180
B001,E00861,B00431,created,2026-07-31T10:00:00+10:00,Booked,2026-08-11T09:00:00+10:00,2026-08-11T11:00:00+10:00,S02,180
B001,E00862,B00431,completed,2026-08-11T11:00:00+10:00,Completed,2026-08-11T09:00:00+10:00,2026-08-11T11:00:00+10:00,S02,180
B001,E00863,B00432,created,2026-07-31T10:00:00+10:00,Booked,2026-08-11T11:00:00+10:00,2026-08-11T13:00:00+10:00,S02,180
B001,E00864,B00432,completed,2026-08-11T13:00:00+10:00,Completed,2026-08-11T11:00:00+10:00,2026-08-11T13:00:00+10:00,S02,180
B001,E00865,B00433,created,2026-07-31T10:00:00+10:00,Booked,2026-08-11T13:00:00+10:00,2026-08-11T15:00:00+10:00,S02,180
B001,E00866,B00433,completed,2026-08-11T15:00:00+10:00,Completed,2026-08-11T13:00:00+10:00,2026-08-11T15:00:00+10:00,S02,180
B001,E00867,B00434,created,2026-07-31T10:00:00+10:00,Booked,2026-08-11T15:00:00+10:00,2026-08-11T17:00:00+10:00,S02,180
B001,E00868,B00434,completed,2026-08-11T17:00:00+10:00,Completed,2026-08-11T15:00:00+10:00,2026-08-11T17:00:00+10:00,S02,180
B001,E00869,B00435,created,2026-07-31T10:00:00+10:00,Booked,2026-08-12T09:00:00+10:00,2026-08-12T11:00:00+10:00,S02,180
B001,E00870,B00435,completed,2026-08-12T11:00:00+10:00,Completed,2026-08-12T09:00:00+10:00,2026-08-12T11:00:00+10:00,S02,180
B001,E00871,B00436,created,2026-07-31T10:00:00+10:00,Booked,2026-08-12T11:00:00+10:00,2026-08-12T13:00:00+10:00,S02,180
B001,E00872,B00436,completed,2026-08-12T13:00:00+10:00,Completed,2026-08-12T11:00:00+10:00,2026-08-12T13:00:00+10:00,S02,180
B001,E00873,B00437,created,2026-08-08T10:00:00+10:00,Booked,2026-08-12T13:00:00+10:00,2026-08-12T14:00:00+10:00,S02,70
B001,E00874,B00437,completed,2026-08-12T14:00:00+10:00,Completed,2026-08-12T13:00:00+10:00,2026-08-12T14:00:00+10:00,S02,70
B001,E00875,B00438,created,2026-08-08T10:00:00+10:00,Booked,2026-08-12T14:00:00+10:00,2026-08-12T15:00:00+10:00,S02,70
B001,E00876,B00438,completed,2026-08-12T15:00:00+10:00,Completed,2026-08-12T14:00:00+10:00,2026-08-12T15:00:00+10:00,S02,70
B001,E00877,B00439,created,2026-08-08T10:00:00+10:00,Booked,2026-08-12T15:00:00+10:00,2026-08-12T16:00:00+10:00,S02,70
B001,E00878,B00439,completed,2026-08-12T16:00:00+10:00,Completed,2026-08-12T15:00:00+10:00,2026-08-12T16:00:00+10:00,S02,70
B001,E00879,B00440,created,2026-08-08T10:00:00+10:00,Booked,2026-08-12T16:00:00+10:00,2026-08-12T17:00:00+10:00,S02,70
B001,E00880,B00440,completed,2026-08-12T17:00:00+10:00,Completed,2026-08-12T16:00:00+10:00,2026-08-12T17:00:00+10:00,S02,70
B001,E00881,B00441,created,2026-08-08T10:00:00+10:00,Booked,2026-08-13T09:00:00+10:00,2026-08-13T10:00:00+10:00,S02,70
B001,E00882,B00441,completed,2026-08-13T10:00:00+10:00,Completed,2026-08-13T09:00:00+10:00,2026-08-13T10:00:00+10:00,S02,70
B001,E00883,B00442,created,2026-08-08T10:00:00+10:00,Booked,2026-08-13T10:00:00+10:00,2026-08-13T11:00:00+10:00,S02,70
B001,E00884,B00442,completed,2026-08-13T11:00:00+10:00,Completed,2026-08-13T10:00:00+10:00,2026-08-13T11:00:00+10:00,S02,70
B001,E00885,B00443,created,2026-08-08T10:00:00+10:00,Booked,2026-08-13T11:00:00+10:00,2026-08-13T12:00:00+10:00,S02,70
B001,E00886,B00443,completed,2026-08-13T12:00:00+10:00,Completed,2026-08-13T11:00:00+10:00,2026-08-13T12:00:00+10:00,S02,70
B001,E00887,B00444,created,2026-08-08T10:00:00+10:00,Booked,2026-08-13T12:00:00+10:00,2026-08-13T13:00:00+10:00,S02,70
B001,E00888,B00444,completed,2026-08-13T13:00:00+10:00,Completed,2026-08-13T12:00:00+10:00,2026-08-13T13:00:00+10:00,S02,70
B001,E00889,B00445,created,2026-08-08T10:00:00+10:00,Booked,2026-08-13T13:00:00+10:00,2026-08-13T14:00:00+10:00,S02,70
B001,E00890,B00445,completed,2026-08-13T14:00:00+10:00,Completed,2026-08-13T13:00:00+10:00,2026-08-13T14:00:00+10:00,S02,70
B001,E00891,B00446,created,2026-08-08T10:00:00+10:00,Booked,2026-08-13T14:00:00+10:00,2026-08-13T15:00:00+10:00,S02,70
B001,E00892,B00446,completed,2026-08-13T15:00:00+10:00,Completed,2026-08-13T14:00:00+10:00,2026-08-13T15:00:00+10:00,S02,70
B001,E00893,B00447,created,2026-07-31T10:00:00+10:00,Booked,2026-08-10T09:00:00+10:00,2026-08-10T11:00:00+10:00,S03,180
B001,E00894,B00447,completed,2026-08-10T11:00:00+10:00,Completed,2026-08-10T09:00:00+10:00,2026-08-10T11:00:00+10:00,S03,180
B001,E00895,B00448,created,2026-07-31T10:00:00+10:00,Booked,2026-08-10T11:00:00+10:00,2026-08-10T13:00:00+10:00,S03,180
B001,E00896,B00448,completed,2026-08-10T13:00:00+10:00,Completed,2026-08-10T11:00:00+10:00,2026-08-10T13:00:00+10:00,S03,180
B001,E00897,B00449,created,2026-07-31T10:00:00+10:00,Booked,2026-08-10T13:00:00+10:00,2026-08-10T15:00:00+10:00,S03,180
B001,E00898,B00449,completed,2026-08-10T15:00:00+10:00,Completed,2026-08-10T13:00:00+10:00,2026-08-10T15:00:00+10:00,S03,180
B001,E00899,B00450,created,2026-07-31T10:00:00+10:00,Booked,2026-08-10T15:00:00+10:00,2026-08-10T17:00:00+10:00,S03,180
B001,E00900,B00450,completed,2026-08-10T17:00:00+10:00,Completed,2026-08-10T15:00:00+10:00,2026-08-10T17:00:00+10:00,S03,180
B001,E00901,B00451,created,2026-07-31T10:00:00+10:00,Booked,2026-08-11T09:00:00+10:00,2026-08-11T11:00:00+10:00,S03,180
B001,E00902,B00451,completed,2026-08-11T11:00:00+10:00,Completed,2026-08-11T09:00:00+10:00,2026-08-11T11:00:00+10:00,S03,180
B001,E00903,B00452,created,2026-07-31T10:00:00+10:00,Booked,2026-08-11T11:00:00+10:00,2026-08-11T13:00:00+10:00,S03,180
B001,E00904,B00452,completed,2026-08-11T13:00:00+10:00,Completed,2026-08-11T11:00:00+10:00,2026-08-11T13:00:00+10:00,S03,180
B001,E00905,B00453,created,2026-07-31T10:00:00+10:00,Booked,2026-08-11T13:00:00+10:00,2026-08-11T15:00:00+10:00,S03,180
B001,E00906,B00453,completed,2026-08-11T15:00:00+10:00,Completed,2026-08-11T13:00:00+10:00,2026-08-11T15:00:00+10:00,S03,180
B001,E00907,B00454,created,2026-07-31T10:00:00+10:00,Booked,2026-08-11T15:00:00+10:00,2026-08-11T17:00:00+10:00,S03,180
B001,E00908,B00454,completed,2026-08-11T17:00:00+10:00,Completed,2026-08-11T15:00:00+10:00,2026-08-11T17:00:00+10:00,S03,180
B001,E00909,B00455,created,2026-07-31T10:00:00+10:00,Booked,2026-08-12T09:00:00+10:00,2026-08-12T11:00:00+10:00,S03,180
B001,E00910,B00455,completed,2026-08-12T11:00:00+10:00,Completed,2026-08-12T09:00:00+10:00,2026-08-12T11:00:00+10:00,S03,180
B001,E00911,B00456,created,2026-07-31T10:00:00+10:00,Booked,2026-08-12T11:00:00+10:00,2026-08-12T13:00:00+10:00,S03,180
B001,E00912,B00456,completed,2026-08-12T13:00:00+10:00,Completed,2026-08-12T11:00:00+10:00,2026-08-12T13:00:00+10:00,S03,180
B001,E00913,B00457,created,2026-08-08T10:00:00+10:00,Booked,2026-08-12T13:00:00+10:00,2026-08-12T15:00:00+10:00,S03,180
B001,E00914,B00457,completed,2026-08-12T15:00:00+10:00,Completed,2026-08-12T13:00:00+10:00,2026-08-12T15:00:00+10:00,S03,180
B001,E00915,B00458,created,2026-08-08T10:00:00+10:00,Booked,2026-08-12T15:00:00+10:00,2026-08-12T17:00:00+10:00,S03,180
B001,E00916,B00458,completed,2026-08-12T17:00:00+10:00,Completed,2026-08-12T15:00:00+10:00,2026-08-12T17:00:00+10:00,S03,180
B001,E00917,B00459,created,2026-08-08T10:00:00+10:00,Booked,2026-08-13T09:00:00+10:00,2026-08-13T10:00:00+10:00,S03,70
B001,E00918,B00459,completed,2026-08-13T10:00:00+10:00,Completed,2026-08-13T09:00:00+10:00,2026-08-13T10:00:00+10:00,S03,70
B001,E00919,B00460,created,2026-08-08T10:00:00+10:00,Booked,2026-08-13T10:00:00+10:00,2026-08-13T11:00:00+10:00,S03,70
B001,E00920,B00460,completed,2026-08-13T11:00:00+10:00,Completed,2026-08-13T10:00:00+10:00,2026-08-13T11:00:00+10:00,S03,70
B001,E00921,B00461,created,2026-08-08T10:00:00+10:00,Booked,2026-08-13T11:00:00+10:00,2026-08-13T12:00:00+10:00,S03,70
B001,E00922,B00461,completed,2026-08-13T12:00:00+10:00,Completed,2026-08-13T11:00:00+10:00,2026-08-13T12:00:00+10:00,S03,70
B001,E00923,B00462,created,2026-08-08T10:00:00+10:00,Booked,2026-08-13T12:00:00+10:00,2026-08-13T13:00:00+10:00,S03,70
B001,E00924,B00462,completed,2026-08-13T13:00:00+10:00,Completed,2026-08-13T12:00:00+10:00,2026-08-13T13:00:00+10:00,S03,70
B001,E00925,B00463,created,2026-08-08T10:00:00+10:00,Booked,2026-08-13T13:00:00+10:00,2026-08-13T14:00:00+10:00,S03,70
B001,E00926,B00463,completed,2026-08-13T14:00:00+10:00,Completed,2026-08-13T13:00:00+10:00,2026-08-13T14:00:00+10:00,S03,70
B001,E00927,B00464,created,2026-08-08T10:00:00+10:00,Booked,2026-08-13T14:00:00+10:00,2026-08-13T15:00:00+10:00,S03,70
B001,E00928,B00464,completed,2026-08-13T15:00:00+10:00,Completed,2026-08-13T14:00:00+10:00,2026-08-13T15:00:00+10:00,S03,70
B001,E00929,B00465,created,2026-08-07T10:00:00+10:00,Booked,2026-08-17T09:00:00+10:00,2026-08-17T11:00:00+10:00,S01,180
B001,E00930,B00465,completed,2026-08-17T11:00:00+10:00,Completed,2026-08-17T09:00:00+10:00,2026-08-17T11:00:00+10:00,S01,180
B001,E00931,B00466,created,2026-08-07T10:00:00+10:00,Booked,2026-08-17T11:00:00+10:00,2026-08-17T13:00:00+10:00,S01,180
B001,E00932,B00466,completed,2026-08-17T13:00:00+10:00,Completed,2026-08-17T11:00:00+10:00,2026-08-17T13:00:00+10:00,S01,180
B001,E00933,B00467,created,2026-08-07T10:00:00+10:00,Booked,2026-08-17T13:00:00+10:00,2026-08-17T15:00:00+10:00,S01,180
B001,E00934,B00467,completed,2026-08-17T15:00:00+10:00,Completed,2026-08-17T13:00:00+10:00,2026-08-17T15:00:00+10:00,S01,180
B001,E00935,B00468,created,2026-08-07T10:00:00+10:00,Booked,2026-08-17T15:00:00+10:00,2026-08-17T17:00:00+10:00,S01,180
B001,E00936,B00468,completed,2026-08-17T17:00:00+10:00,Completed,2026-08-17T15:00:00+10:00,2026-08-17T17:00:00+10:00,S01,180
B001,E00937,B00469,created,2026-08-07T10:00:00+10:00,Booked,2026-08-18T09:00:00+10:00,2026-08-18T11:00:00+10:00,S01,180
B001,E00938,B00469,completed,2026-08-18T11:00:00+10:00,Completed,2026-08-18T09:00:00+10:00,2026-08-18T11:00:00+10:00,S01,180
B001,E00939,B00470,created,2026-08-07T10:00:00+10:00,Booked,2026-08-18T11:00:00+10:00,2026-08-18T13:00:00+10:00,S01,180
B001,E00940,B00470,completed,2026-08-18T13:00:00+10:00,Completed,2026-08-18T11:00:00+10:00,2026-08-18T13:00:00+10:00,S01,180
B001,E00941,B00471,created,2026-08-07T10:00:00+10:00,Booked,2026-08-18T13:00:00+10:00,2026-08-18T15:00:00+10:00,S01,180
B001,E00942,B00471,completed,2026-08-18T15:00:00+10:00,Completed,2026-08-18T13:00:00+10:00,2026-08-18T15:00:00+10:00,S01,180
B001,E00943,B00472,created,2026-08-07T10:00:00+10:00,Booked,2026-08-18T15:00:00+10:00,2026-08-18T17:00:00+10:00,S01,180
B001,E00944,B00472,completed,2026-08-18T17:00:00+10:00,Completed,2026-08-18T15:00:00+10:00,2026-08-18T17:00:00+10:00,S01,180
B001,E00945,B00473,created,2026-08-07T10:00:00+10:00,Booked,2026-08-19T09:00:00+10:00,2026-08-19T11:00:00+10:00,S01,180
B001,E00946,B00473,completed,2026-08-19T11:00:00+10:00,Completed,2026-08-19T09:00:00+10:00,2026-08-19T11:00:00+10:00,S01,180
B001,E00947,B00474,created,2026-08-07T10:00:00+10:00,Booked,2026-08-19T11:00:00+10:00,2026-08-19T13:00:00+10:00,S01,180
B001,E00948,B00474,completed,2026-08-19T13:00:00+10:00,Completed,2026-08-19T11:00:00+10:00,2026-08-19T13:00:00+10:00,S01,180
B001,E00949,B00475,created,2026-08-15T10:00:00+10:00,Booked,2026-08-19T13:00:00+10:00,2026-08-19T14:00:00+10:00,S01,70
B001,E00950,B00475,completed,2026-08-19T14:00:00+10:00,Completed,2026-08-19T13:00:00+10:00,2026-08-19T14:00:00+10:00,S01,70
B001,E00951,B00476,created,2026-08-15T10:00:00+10:00,Booked,2026-08-19T14:00:00+10:00,2026-08-19T15:00:00+10:00,S01,70
B001,E00952,B00476,completed,2026-08-19T15:00:00+10:00,Completed,2026-08-19T14:00:00+10:00,2026-08-19T15:00:00+10:00,S01,70
B001,E00953,B00477,created,2026-08-15T10:00:00+10:00,Booked,2026-08-19T15:00:00+10:00,2026-08-19T16:00:00+10:00,S01,70
B001,E00954,B00477,completed,2026-08-19T16:00:00+10:00,Completed,2026-08-19T15:00:00+10:00,2026-08-19T16:00:00+10:00,S01,70
B001,E00955,B00478,created,2026-08-15T10:00:00+10:00,Booked,2026-08-19T16:00:00+10:00,2026-08-19T17:00:00+10:00,S01,70
B001,E00956,B00478,completed,2026-08-19T17:00:00+10:00,Completed,2026-08-19T16:00:00+10:00,2026-08-19T17:00:00+10:00,S01,70
B001,E00957,B00479,created,2026-08-15T10:00:00+10:00,Booked,2026-08-20T09:00:00+10:00,2026-08-20T10:00:00+10:00,S01,70
B001,E00958,B00479,completed,2026-08-20T10:00:00+10:00,Completed,2026-08-20T09:00:00+10:00,2026-08-20T10:00:00+10:00,S01,70
B001,E00959,B00480,created,2026-08-15T10:00:00+10:00,Booked,2026-08-20T10:00:00+10:00,2026-08-20T11:00:00+10:00,S01,70
B001,E00960,B00480,completed,2026-08-20T11:00:00+10:00,Completed,2026-08-20T10:00:00+10:00,2026-08-20T11:00:00+10:00,S01,70
B001,E00961,B00481,created,2026-08-15T10:00:00+10:00,Booked,2026-08-20T11:00:00+10:00,2026-08-20T12:00:00+10:00,S01,70
B001,E00962,B00481,completed,2026-08-20T12:00:00+10:00,Completed,2026-08-20T11:00:00+10:00,2026-08-20T12:00:00+10:00,S01,70
B001,E00963,B00482,created,2026-08-15T10:00:00+10:00,Booked,2026-08-20T12:00:00+10:00,2026-08-20T13:00:00+10:00,S01,70
B001,E00964,B00482,completed,2026-08-20T13:00:00+10:00,Completed,2026-08-20T12:00:00+10:00,2026-08-20T13:00:00+10:00,S01,70
B001,E00965,B00483,created,2026-08-15T10:00:00+10:00,Booked,2026-08-20T13:00:00+10:00,2026-08-20T14:00:00+10:00,S01,70
B001,E00966,B00483,completed,2026-08-20T14:00:00+10:00,Completed,2026-08-20T13:00:00+10:00,2026-08-20T14:00:00+10:00,S01,70
B001,E00967,B00484,created,2026-08-15T10:00:00+10:00,Booked,2026-08-20T14:00:00+10:00,2026-08-20T15:00:00+10:00,S01,70
B001,E00968,B00484,completed,2026-08-20T15:00:00+10:00,Completed,2026-08-20T14:00:00+10:00,2026-08-20T15:00:00+10:00,S01,70
B001,E00969,B00485,created,2026-08-07T10:00:00+10:00,Booked,2026-08-17T09:00:00+10:00,2026-08-17T11:00:00+10:00,S02,180
B001,E00970,B00485,completed,2026-08-17T11:00:00+10:00,Completed,2026-08-17T09:00:00+10:00,2026-08-17T11:00:00+10:00,S02,180
B001,E00971,B00486,created,2026-08-07T10:00:00+10:00,Booked,2026-08-17T11:00:00+10:00,2026-08-17T13:00:00+10:00,S02,180
B001,E00972,B00486,completed,2026-08-17T13:00:00+10:00,Completed,2026-08-17T11:00:00+10:00,2026-08-17T13:00:00+10:00,S02,180
B001,E00973,B00487,created,2026-08-07T10:00:00+10:00,Booked,2026-08-17T13:00:00+10:00,2026-08-17T15:00:00+10:00,S02,180
B001,E00974,B00487,completed,2026-08-17T15:00:00+10:00,Completed,2026-08-17T13:00:00+10:00,2026-08-17T15:00:00+10:00,S02,180
B001,E00975,B00488,created,2026-08-07T10:00:00+10:00,Booked,2026-08-17T15:00:00+10:00,2026-08-17T17:00:00+10:00,S02,180
B001,E00976,B00488,completed,2026-08-17T17:00:00+10:00,Completed,2026-08-17T15:00:00+10:00,2026-08-17T17:00:00+10:00,S02,180
B001,E00977,B00489,created,2026-08-07T10:00:00+10:00,Booked,2026-08-18T09:00:00+10:00,2026-08-18T11:00:00+10:00,S02,180
B001,E00978,B00489,completed,2026-08-18T11:00:00+10:00,Completed,2026-08-18T09:00:00+10:00,2026-08-18T11:00:00+10:00,S02,180
B001,E00979,B00490,created,2026-08-07T10:00:00+10:00,Booked,2026-08-18T11:00:00+10:00,2026-08-18T13:00:00+10:00,S02,180
B001,E00980,B00490,completed,2026-08-18T13:00:00+10:00,Completed,2026-08-18T11:00:00+10:00,2026-08-18T13:00:00+10:00,S02,180
B001,E00981,B00491,created,2026-08-07T10:00:00+10:00,Booked,2026-08-18T13:00:00+10:00,2026-08-18T15:00:00+10:00,S02,180
B001,E00982,B00491,completed,2026-08-18T15:00:00+10:00,Completed,2026-08-18T13:00:00+10:00,2026-08-18T15:00:00+10:00,S02,180
B001,E00983,B00492,created,2026-08-07T10:00:00+10:00,Booked,2026-08-18T15:00:00+10:00,2026-08-18T17:00:00+10:00,S02,180
B001,E00984,B00492,completed,2026-08-18T17:00:00+10:00,Completed,2026-08-18T15:00:00+10:00,2026-08-18T17:00:00+10:00,S02,180
B001,E00985,B00493,created,2026-08-07T10:00:00+10:00,Booked,2026-08-19T09:00:00+10:00,2026-08-19T11:00:00+10:00,S02,180
B001,E00986,B00493,completed,2026-08-19T11:00:00+10:00,Completed,2026-08-19T09:00:00+10:00,2026-08-19T11:00:00+10:00,S02,180
B001,E00987,B00494,created,2026-08-07T10:00:00+10:00,Booked,2026-08-19T11:00:00+10:00,2026-08-19T13:00:00+10:00,S02,180
B001,E00988,B00494,completed,2026-08-19T13:00:00+10:00,Completed,2026-08-19T11:00:00+10:00,2026-08-19T13:00:00+10:00,S02,180
B001,E00989,B00495,created,2026-08-15T10:00:00+10:00,Booked,2026-08-19T13:00:00+10:00,2026-08-19T14:00:00+10:00,S02,70
B001,E00990,B00495,completed,2026-08-19T14:00:00+10:00,Completed,2026-08-19T13:00:00+10:00,2026-08-19T14:00:00+10:00,S02,70
B001,E00991,B00496,created,2026-08-15T10:00:00+10:00,Booked,2026-08-19T14:00:00+10:00,2026-08-19T15:00:00+10:00,S02,70
B001,E00992,B00496,completed,2026-08-19T15:00:00+10:00,Completed,2026-08-19T14:00:00+10:00,2026-08-19T15:00:00+10:00,S02,70
B001,E00993,B00497,created,2026-08-15T10:00:00+10:00,Booked,2026-08-19T15:00:00+10:00,2026-08-19T16:00:00+10:00,S02,70
B001,E00994,B00497,completed,2026-08-19T16:00:00+10:00,Completed,2026-08-19T15:00:00+10:00,2026-08-19T16:00:00+10:00,S02,70
B001,E00995,B00498,created,2026-08-15T10:00:00+10:00,Booked,2026-08-19T16:00:00+10:00,2026-08-19T17:00:00+10:00,S02,70
B001,E00996,B00498,completed,2026-08-19T17:00:00+10:00,Completed,2026-08-19T16:00:00+10:00,2026-08-19T17:00:00+10:00,S02,70
B001,E00997,B00499,created,2026-08-15T10:00:00+10:00,Booked,2026-08-20T09:00:00+10:00,2026-08-20T10:00:00+10:00,S02,70
B001,E00998,B00499,completed,2026-08-20T10:00:00+10:00,Completed,2026-08-20T09:00:00+10:00,2026-08-20T10:00:00+10:00,S02,70
B001,E00999,B00500,created,2026-08-15T10:00:00+10:00,Booked,2026-08-20T10:00:00+10:00,2026-08-20T11:00:00+10:00,S02,70
B001,E01000,B00500,completed,2026-08-20T11:00:00+10:00,Completed,2026-08-20T10:00:00+10:00,2026-08-20T11:00:00+10:00,S02,70
B001,E01001,B00501,created,2026-08-15T10:00:00+10:00,Booked,2026-08-20T11:00:00+10:00,2026-08-20T12:00:00+10:00,S02,70
B001,E01002,B00501,completed,2026-08-20T12:00:00+10:00,Completed,2026-08-20T11:00:00+10:00,2026-08-20T12:00:00+10:00,S02,70
B001,E01003,B00502,created,2026-08-15T10:00:00+10:00,Booked,2026-08-20T12:00:00+10:00,2026-08-20T13:00:00+10:00,S02,70
B001,E01004,B00502,completed,2026-08-20T13:00:00+10:00,Completed,2026-08-20T12:00:00+10:00,2026-08-20T13:00:00+10:00,S02,70
B001,E01005,B00503,created,2026-08-15T10:00:00+10:00,Booked,2026-08-20T13:00:00+10:00,2026-08-20T14:00:00+10:00,S02,70
B001,E01006,B00503,completed,2026-08-20T14:00:00+10:00,Completed,2026-08-20T13:00:00+10:00,2026-08-20T14:00:00+10:00,S02,70
B001,E01007,B00504,created,2026-08-15T10:00:00+10:00,Booked,2026-08-20T14:00:00+10:00,2026-08-20T15:00:00+10:00,S02,70
B001,E01008,B00504,completed,2026-08-20T15:00:00+10:00,Completed,2026-08-20T14:00:00+10:00,2026-08-20T15:00:00+10:00,S02,70
B001,E01009,B00505,created,2026-08-07T10:00:00+10:00,Booked,2026-08-17T09:00:00+10:00,2026-08-17T11:00:00+10:00,S03,180
B001,E01010,B00505,completed,2026-08-17T11:00:00+10:00,Completed,2026-08-17T09:00:00+10:00,2026-08-17T11:00:00+10:00,S03,180
B001,E01011,B00506,created,2026-08-07T10:00:00+10:00,Booked,2026-08-17T11:00:00+10:00,2026-08-17T13:00:00+10:00,S03,180
B001,E01012,B00506,completed,2026-08-17T13:00:00+10:00,Completed,2026-08-17T11:00:00+10:00,2026-08-17T13:00:00+10:00,S03,180
B001,E01013,B00507,created,2026-08-07T10:00:00+10:00,Booked,2026-08-17T13:00:00+10:00,2026-08-17T15:00:00+10:00,S03,180
B001,E01014,B00507,completed,2026-08-17T15:00:00+10:00,Completed,2026-08-17T13:00:00+10:00,2026-08-17T15:00:00+10:00,S03,180
B001,E01015,B00508,created,2026-08-07T10:00:00+10:00,Booked,2026-08-17T15:00:00+10:00,2026-08-17T17:00:00+10:00,S03,180
B001,E01016,B00508,completed,2026-08-17T17:00:00+10:00,Completed,2026-08-17T15:00:00+10:00,2026-08-17T17:00:00+10:00,S03,180
B001,E01017,B00509,created,2026-08-07T10:00:00+10:00,Booked,2026-08-18T09:00:00+10:00,2026-08-18T11:00:00+10:00,S03,180
B001,E01018,B00509,completed,2026-08-18T11:00:00+10:00,Completed,2026-08-18T09:00:00+10:00,2026-08-18T11:00:00+10:00,S03,180
B001,E01019,B00510,created,2026-08-07T10:00:00+10:00,Booked,2026-08-18T11:00:00+10:00,2026-08-18T13:00:00+10:00,S03,180
B001,E01020,B00510,completed,2026-08-18T13:00:00+10:00,Completed,2026-08-18T11:00:00+10:00,2026-08-18T13:00:00+10:00,S03,180
B001,E01021,B00511,created,2026-08-07T10:00:00+10:00,Booked,2026-08-18T13:00:00+10:00,2026-08-18T15:00:00+10:00,S03,180
B001,E01022,B00511,completed,2026-08-18T15:00:00+10:00,Completed,2026-08-18T13:00:00+10:00,2026-08-18T15:00:00+10:00,S03,180
B001,E01023,B00512,created,2026-08-07T10:00:00+10:00,Booked,2026-08-18T15:00:00+10:00,2026-08-18T17:00:00+10:00,S03,180
B001,E01024,B00512,completed,2026-08-18T17:00:00+10:00,Completed,2026-08-18T15:00:00+10:00,2026-08-18T17:00:00+10:00,S03,180
B001,E01025,B00513,created,2026-08-07T10:00:00+10:00,Booked,2026-08-19T09:00:00+10:00,2026-08-19T11:00:00+10:00,S03,180
B001,E01026,B00513,completed,2026-08-19T11:00:00+10:00,Completed,2026-08-19T09:00:00+10:00,2026-08-19T11:00:00+10:00,S03,180
B001,E01027,B00514,created,2026-08-07T10:00:00+10:00,Booked,2026-08-19T11:00:00+10:00,2026-08-19T13:00:00+10:00,S03,180
B001,E01028,B00514,completed,2026-08-19T13:00:00+10:00,Completed,2026-08-19T11:00:00+10:00,2026-08-19T13:00:00+10:00,S03,180
B001,E01029,B00515,created,2026-08-15T10:00:00+10:00,Booked,2026-08-19T13:00:00+10:00,2026-08-19T15:00:00+10:00,S03,180
B001,E01030,B00515,completed,2026-08-19T15:00:00+10:00,Completed,2026-08-19T13:00:00+10:00,2026-08-19T15:00:00+10:00,S03,180
B001,E01031,B00516,created,2026-08-15T10:00:00+10:00,Booked,2026-08-19T15:00:00+10:00,2026-08-19T17:00:00+10:00,S03,180
B001,E01032,B00516,completed,2026-08-19T17:00:00+10:00,Completed,2026-08-19T15:00:00+10:00,2026-08-19T17:00:00+10:00,S03,180
B001,E01033,B00517,created,2026-08-15T10:00:00+10:00,Booked,2026-08-20T09:00:00+10:00,2026-08-20T10:00:00+10:00,S03,70
B001,E01034,B00517,completed,2026-08-20T10:00:00+10:00,Completed,2026-08-20T09:00:00+10:00,2026-08-20T10:00:00+10:00,S03,70
B001,E01035,B00518,created,2026-08-15T10:00:00+10:00,Booked,2026-08-20T10:00:00+10:00,2026-08-20T11:00:00+10:00,S03,70
B001,E01036,B00518,completed,2026-08-20T11:00:00+10:00,Completed,2026-08-20T10:00:00+10:00,2026-08-20T11:00:00+10:00,S03,70
B001,E01037,B00519,created,2026-08-15T10:00:00+10:00,Booked,2026-08-20T11:00:00+10:00,2026-08-20T12:00:00+10:00,S03,70
B001,E01038,B00519,completed,2026-08-20T12:00:00+10:00,Completed,2026-08-20T11:00:00+10:00,2026-08-20T12:00:00+10:00,S03,70
B001,E01039,B00520,created,2026-08-15T10:00:00+10:00,Booked,2026-08-20T12:00:00+10:00,2026-08-20T13:00:00+10:00,S03,70
B001,E01040,B00520,completed,2026-08-20T13:00:00+10:00,Completed,2026-08-20T12:00:00+10:00,2026-08-20T13:00:00+10:00,S03,70
B001,E01041,B00521,created,2026-08-15T10:00:00+10:00,Booked,2026-08-20T13:00:00+10:00,2026-08-20T14:00:00+10:00,S03,70
B001,E01042,B00521,completed,2026-08-20T14:00:00+10:00,Completed,2026-08-20T13:00:00+10:00,2026-08-20T14:00:00+10:00,S03,70
B001,E01043,B00522,created,2026-08-15T10:00:00+10:00,Booked,2026-08-20T14:00:00+10:00,2026-08-20T15:00:00+10:00,S03,70
B001,E01044,B00522,completed,2026-08-20T15:00:00+10:00,Completed,2026-08-20T14:00:00+10:00,2026-08-20T15:00:00+10:00,S03,70
B001,E01045,B00523,created,2026-08-14T10:00:00+10:00,Booked,2026-08-24T09:00:00+10:00,2026-08-24T11:00:00+10:00,S01,180
B001,E01046,B00523,completed,2026-08-24T11:00:00+10:00,Completed,2026-08-24T09:00:00+10:00,2026-08-24T11:00:00+10:00,S01,180
B001,E01047,B00524,created,2026-08-14T10:00:00+10:00,Booked,2026-08-24T11:00:00+10:00,2026-08-24T13:00:00+10:00,S01,180
B001,E01048,B00524,completed,2026-08-24T13:00:00+10:00,Completed,2026-08-24T11:00:00+10:00,2026-08-24T13:00:00+10:00,S01,180
B001,E01049,B00525,created,2026-08-14T10:00:00+10:00,Booked,2026-08-24T13:00:00+10:00,2026-08-24T15:00:00+10:00,S01,180
B001,E01050,B00525,completed,2026-08-24T15:00:00+10:00,Completed,2026-08-24T13:00:00+10:00,2026-08-24T15:00:00+10:00,S01,180
B001,E01051,B00526,created,2026-08-14T10:00:00+10:00,Booked,2026-08-24T15:00:00+10:00,2026-08-24T17:00:00+10:00,S01,180
B001,E01052,B00526,completed,2026-08-24T17:00:00+10:00,Completed,2026-08-24T15:00:00+10:00,2026-08-24T17:00:00+10:00,S01,180
B001,E01053,B00527,created,2026-08-14T10:00:00+10:00,Booked,2026-08-25T09:00:00+10:00,2026-08-25T11:00:00+10:00,S01,180
B001,E01054,B00527,completed,2026-08-25T11:00:00+10:00,Completed,2026-08-25T09:00:00+10:00,2026-08-25T11:00:00+10:00,S01,180
B001,E01055,B00528,created,2026-08-14T10:00:00+10:00,Booked,2026-08-25T11:00:00+10:00,2026-08-25T13:00:00+10:00,S01,180
B001,E01056,B00528,completed,2026-08-25T13:00:00+10:00,Completed,2026-08-25T11:00:00+10:00,2026-08-25T13:00:00+10:00,S01,180
B001,E01057,B00529,created,2026-08-14T10:00:00+10:00,Booked,2026-08-25T13:00:00+10:00,2026-08-25T15:00:00+10:00,S01,180
B001,E01058,B00529,completed,2026-08-25T15:00:00+10:00,Completed,2026-08-25T13:00:00+10:00,2026-08-25T15:00:00+10:00,S01,180
B001,E01059,B00530,created,2026-08-14T10:00:00+10:00,Booked,2026-08-25T15:00:00+10:00,2026-08-25T17:00:00+10:00,S01,180
B001,E01060,B00530,completed,2026-08-25T17:00:00+10:00,Completed,2026-08-25T15:00:00+10:00,2026-08-25T17:00:00+10:00,S01,180
B001,E01061,B00531,created,2026-08-14T10:00:00+10:00,Booked,2026-08-26T09:00:00+10:00,2026-08-26T11:00:00+10:00,S01,180
B001,E01062,B00531,completed,2026-08-26T11:00:00+10:00,Completed,2026-08-26T09:00:00+10:00,2026-08-26T11:00:00+10:00,S01,180
B001,E01063,B00532,created,2026-08-14T10:00:00+10:00,Booked,2026-08-26T11:00:00+10:00,2026-08-26T13:00:00+10:00,S01,180
B001,E01064,B00532,completed,2026-08-26T13:00:00+10:00,Completed,2026-08-26T11:00:00+10:00,2026-08-26T13:00:00+10:00,S01,180
B001,E01065,B00533,created,2026-08-22T10:00:00+10:00,Booked,2026-08-26T13:00:00+10:00,2026-08-26T14:00:00+10:00,S01,70
B001,E01066,B00533,completed,2026-08-26T14:00:00+10:00,Completed,2026-08-26T13:00:00+10:00,2026-08-26T14:00:00+10:00,S01,70
B001,E01067,B00534,created,2026-08-22T10:00:00+10:00,Booked,2026-08-26T14:00:00+10:00,2026-08-26T15:00:00+10:00,S01,70
B001,E01068,B00534,completed,2026-08-26T15:00:00+10:00,Completed,2026-08-26T14:00:00+10:00,2026-08-26T15:00:00+10:00,S01,70
B001,E01069,B00535,created,2026-08-22T10:00:00+10:00,Booked,2026-08-26T15:00:00+10:00,2026-08-26T16:00:00+10:00,S01,70
B001,E01070,B00535,completed,2026-08-26T16:00:00+10:00,Completed,2026-08-26T15:00:00+10:00,2026-08-26T16:00:00+10:00,S01,70
B001,E01071,B00536,created,2026-08-22T10:00:00+10:00,Booked,2026-08-26T16:00:00+10:00,2026-08-26T17:00:00+10:00,S01,70
B001,E01072,B00536,completed,2026-08-26T17:00:00+10:00,Completed,2026-08-26T16:00:00+10:00,2026-08-26T17:00:00+10:00,S01,70
B001,E01073,B00537,created,2026-08-22T10:00:00+10:00,Booked,2026-08-27T09:00:00+10:00,2026-08-27T10:00:00+10:00,S01,70
B001,E01074,B00537,completed,2026-08-27T10:00:00+10:00,Completed,2026-08-27T09:00:00+10:00,2026-08-27T10:00:00+10:00,S01,70
B001,E01075,B00538,created,2026-08-22T10:00:00+10:00,Booked,2026-08-27T10:00:00+10:00,2026-08-27T11:00:00+10:00,S01,70
B001,E01076,B00538,completed,2026-08-27T11:00:00+10:00,Completed,2026-08-27T10:00:00+10:00,2026-08-27T11:00:00+10:00,S01,70
B001,E01077,B00539,created,2026-08-22T10:00:00+10:00,Booked,2026-08-27T11:00:00+10:00,2026-08-27T12:00:00+10:00,S01,70
B001,E01078,B00539,completed,2026-08-27T12:00:00+10:00,Completed,2026-08-27T11:00:00+10:00,2026-08-27T12:00:00+10:00,S01,70
B001,E01079,B00540,created,2026-08-22T10:00:00+10:00,Booked,2026-08-27T12:00:00+10:00,2026-08-27T13:00:00+10:00,S01,70
B001,E01080,B00540,completed,2026-08-27T13:00:00+10:00,Completed,2026-08-27T12:00:00+10:00,2026-08-27T13:00:00+10:00,S01,70
B001,E01081,B00541,created,2026-08-22T10:00:00+10:00,Booked,2026-08-27T13:00:00+10:00,2026-08-27T14:00:00+10:00,S01,70
B001,E01082,B00541,completed,2026-08-27T14:00:00+10:00,Completed,2026-08-27T13:00:00+10:00,2026-08-27T14:00:00+10:00,S01,70
B001,E01083,B00542,created,2026-08-22T10:00:00+10:00,Booked,2026-08-27T14:00:00+10:00,2026-08-27T15:00:00+10:00,S01,70
B001,E01084,B00542,completed,2026-08-27T15:00:00+10:00,Completed,2026-08-27T14:00:00+10:00,2026-08-27T15:00:00+10:00,S01,70
B001,E01085,B00543,created,2026-08-14T10:00:00+10:00,Booked,2026-08-24T09:00:00+10:00,2026-08-24T11:00:00+10:00,S02,180
B001,E01086,B00543,completed,2026-08-24T11:00:00+10:00,Completed,2026-08-24T09:00:00+10:00,2026-08-24T11:00:00+10:00,S02,180
B001,E01087,B00544,created,2026-08-14T10:00:00+10:00,Booked,2026-08-24T11:00:00+10:00,2026-08-24T13:00:00+10:00,S02,180
B001,E01088,B00544,completed,2026-08-24T13:00:00+10:00,Completed,2026-08-24T11:00:00+10:00,2026-08-24T13:00:00+10:00,S02,180
B001,E01089,B00545,created,2026-08-14T10:00:00+10:00,Booked,2026-08-24T13:00:00+10:00,2026-08-24T15:00:00+10:00,S02,180
B001,E01090,B00545,completed,2026-08-24T15:00:00+10:00,Completed,2026-08-24T13:00:00+10:00,2026-08-24T15:00:00+10:00,S02,180
B001,E01091,B00546,created,2026-08-14T10:00:00+10:00,Booked,2026-08-24T15:00:00+10:00,2026-08-24T17:00:00+10:00,S02,180
B001,E01092,B00546,completed,2026-08-24T17:00:00+10:00,Completed,2026-08-24T15:00:00+10:00,2026-08-24T17:00:00+10:00,S02,180
B001,E01093,B00547,created,2026-08-14T10:00:00+10:00,Booked,2026-08-25T09:00:00+10:00,2026-08-25T11:00:00+10:00,S02,180
B001,E01094,B00547,completed,2026-08-25T11:00:00+10:00,Completed,2026-08-25T09:00:00+10:00,2026-08-25T11:00:00+10:00,S02,180
B001,E01095,B00548,created,2026-08-14T10:00:00+10:00,Booked,2026-08-25T11:00:00+10:00,2026-08-25T13:00:00+10:00,S02,180
B001,E01096,B00548,completed,2026-08-25T13:00:00+10:00,Completed,2026-08-25T11:00:00+10:00,2026-08-25T13:00:00+10:00,S02,180
B001,E01097,B00549,created,2026-08-14T10:00:00+10:00,Booked,2026-08-25T13:00:00+10:00,2026-08-25T15:00:00+10:00,S02,180
B001,E01098,B00549,completed,2026-08-25T15:00:00+10:00,Completed,2026-08-25T13:00:00+10:00,2026-08-25T15:00:00+10:00,S02,180
B001,E01099,B00550,created,2026-08-14T10:00:00+10:00,Booked,2026-08-25T15:00:00+10:00,2026-08-25T17:00:00+10:00,S02,180
B001,E01100,B00550,completed,2026-08-25T17:00:00+10:00,Completed,2026-08-25T15:00:00+10:00,2026-08-25T17:00:00+10:00,S02,180
B001,E01101,B00551,created,2026-08-14T10:00:00+10:00,Booked,2026-08-26T09:00:00+10:00,2026-08-26T11:00:00+10:00,S02,180
B001,E01102,B00551,completed,2026-08-26T11:00:00+10:00,Completed,2026-08-26T09:00:00+10:00,2026-08-26T11:00:00+10:00,S02,180
B001,E01103,B00552,created,2026-08-14T10:00:00+10:00,Booked,2026-08-26T11:00:00+10:00,2026-08-26T13:00:00+10:00,S02,180
B001,E01104,B00552,completed,2026-08-26T13:00:00+10:00,Completed,2026-08-26T11:00:00+10:00,2026-08-26T13:00:00+10:00,S02,180
B001,E01105,B00553,created,2026-08-22T10:00:00+10:00,Booked,2026-08-26T13:00:00+10:00,2026-08-26T14:00:00+10:00,S02,70
B001,E01106,B00553,completed,2026-08-26T14:00:00+10:00,Completed,2026-08-26T13:00:00+10:00,2026-08-26T14:00:00+10:00,S02,70
B001,E01107,B00554,created,2026-08-22T10:00:00+10:00,Booked,2026-08-26T14:00:00+10:00,2026-08-26T15:00:00+10:00,S02,70
B001,E01108,B00554,completed,2026-08-26T15:00:00+10:00,Completed,2026-08-26T14:00:00+10:00,2026-08-26T15:00:00+10:00,S02,70
B001,E01109,B00555,created,2026-08-22T10:00:00+10:00,Booked,2026-08-26T15:00:00+10:00,2026-08-26T16:00:00+10:00,S02,70
B001,E01110,B00555,completed,2026-08-26T16:00:00+10:00,Completed,2026-08-26T15:00:00+10:00,2026-08-26T16:00:00+10:00,S02,70
B001,E01111,B00556,created,2026-08-22T10:00:00+10:00,Booked,2026-08-26T16:00:00+10:00,2026-08-26T17:00:00+10:00,S02,70
B001,E01112,B00556,completed,2026-08-26T17:00:00+10:00,Completed,2026-08-26T16:00:00+10:00,2026-08-26T17:00:00+10:00,S02,70
B001,E01113,B00557,created,2026-08-22T10:00:00+10:00,Booked,2026-08-27T09:00:00+10:00,2026-08-27T10:00:00+10:00,S02,70
B001,E01114,B00557,completed,2026-08-27T10:00:00+10:00,Completed,2026-08-27T09:00:00+10:00,2026-08-27T10:00:00+10:00,S02,70
B001,E01115,B00558,created,2026-08-22T10:00:00+10:00,Booked,2026-08-27T10:00:00+10:00,2026-08-27T11:00:00+10:00,S02,70
B001,E01116,B00558,completed,2026-08-27T11:00:00+10:00,Completed,2026-08-27T10:00:00+10:00,2026-08-27T11:00:00+10:00,S02,70
B001,E01117,B00559,created,2026-08-22T10:00:00+10:00,Booked,2026-08-27T11:00:00+10:00,2026-08-27T12:00:00+10:00,S02,70
B001,E01118,B00559,completed,2026-08-27T12:00:00+10:00,Completed,2026-08-27T11:00:00+10:00,2026-08-27T12:00:00+10:00,S02,70
B001,E01119,B00560,created,2026-08-22T10:00:00+10:00,Booked,2026-08-27T12:00:00+10:00,2026-08-27T13:00:00+10:00,S02,70
B001,E01120,B00560,completed,2026-08-27T13:00:00+10:00,Completed,2026-08-27T12:00:00+10:00,2026-08-27T13:00:00+10:00,S02,70
B001,E01121,B00561,created,2026-08-22T10:00:00+10:00,Booked,2026-08-27T13:00:00+10:00,2026-08-27T14:00:00+10:00,S02,70
B001,E01122,B00561,completed,2026-08-27T14:00:00+10:00,Completed,2026-08-27T13:00:00+10:00,2026-08-27T14:00:00+10:00,S02,70
B001,E01123,B00562,created,2026-08-22T10:00:00+10:00,Booked,2026-08-27T14:00:00+10:00,2026-08-27T15:00:00+10:00,S02,70
B001,E01124,B00562,completed,2026-08-27T15:00:00+10:00,Completed,2026-08-27T14:00:00+10:00,2026-08-27T15:00:00+10:00,S02,70
B001,E01125,B00563,created,2026-08-14T10:00:00+10:00,Booked,2026-08-24T09:00:00+10:00,2026-08-24T11:00:00+10:00,S03,180
B001,E01126,B00563,completed,2026-08-24T11:00:00+10:00,Completed,2026-08-24T09:00:00+10:00,2026-08-24T11:00:00+10:00,S03,180
B001,E01127,B00564,created,2026-08-14T10:00:00+10:00,Booked,2026-08-24T11:00:00+10:00,2026-08-24T13:00:00+10:00,S03,180
B001,E01128,B00564,completed,2026-08-24T13:00:00+10:00,Completed,2026-08-24T11:00:00+10:00,2026-08-24T13:00:00+10:00,S03,180
B001,E01129,B00565,created,2026-08-14T10:00:00+10:00,Booked,2026-08-24T13:00:00+10:00,2026-08-24T15:00:00+10:00,S03,180
B001,E01130,B00565,completed,2026-08-24T15:00:00+10:00,Completed,2026-08-24T13:00:00+10:00,2026-08-24T15:00:00+10:00,S03,180
B001,E01131,B00566,created,2026-08-14T10:00:00+10:00,Booked,2026-08-24T15:00:00+10:00,2026-08-24T17:00:00+10:00,S03,180
B001,E01132,B00566,completed,2026-08-24T17:00:00+10:00,Completed,2026-08-24T15:00:00+10:00,2026-08-24T17:00:00+10:00,S03,180
B001,E01133,B00567,created,2026-08-14T10:00:00+10:00,Booked,2026-08-25T09:00:00+10:00,2026-08-25T11:00:00+10:00,S03,180
B001,E01134,B00567,completed,2026-08-25T11:00:00+10:00,Completed,2026-08-25T09:00:00+10:00,2026-08-25T11:00:00+10:00,S03,180
B001,E01135,B00568,created,2026-08-14T10:00:00+10:00,Booked,2026-08-25T11:00:00+10:00,2026-08-25T13:00:00+10:00,S03,180
B001,E01136,B00568,completed,2026-08-25T13:00:00+10:00,Completed,2026-08-25T11:00:00+10:00,2026-08-25T13:00:00+10:00,S03,180
B001,E01137,B00569,created,2026-08-14T10:00:00+10:00,Booked,2026-08-25T13:00:00+10:00,2026-08-25T15:00:00+10:00,S03,180
B001,E01138,B00569,completed,2026-08-25T15:00:00+10:00,Completed,2026-08-25T13:00:00+10:00,2026-08-25T15:00:00+10:00,S03,180
B001,E01139,B00570,created,2026-08-14T10:00:00+10:00,Booked,2026-08-25T15:00:00+10:00,2026-08-25T17:00:00+10:00,S03,180
B001,E01140,B00570,completed,2026-08-25T17:00:00+10:00,Completed,2026-08-25T15:00:00+10:00,2026-08-25T17:00:00+10:00,S03,180
B001,E01141,B00571,created,2026-08-14T10:00:00+10:00,Booked,2026-08-26T09:00:00+10:00,2026-08-26T11:00:00+10:00,S03,180
B001,E01142,B00571,completed,2026-08-26T11:00:00+10:00,Completed,2026-08-26T09:00:00+10:00,2026-08-26T11:00:00+10:00,S03,180
B001,E01143,B00572,created,2026-08-14T10:00:00+10:00,Booked,2026-08-26T11:00:00+10:00,2026-08-26T13:00:00+10:00,S03,180
B001,E01144,B00572,completed,2026-08-26T13:00:00+10:00,Completed,2026-08-26T11:00:00+10:00,2026-08-26T13:00:00+10:00,S03,180
B001,E01145,B00573,created,2026-08-22T10:00:00+10:00,Booked,2026-08-26T13:00:00+10:00,2026-08-26T15:00:00+10:00,S03,180
B001,E01146,B00573,completed,2026-08-26T15:00:00+10:00,Completed,2026-08-26T13:00:00+10:00,2026-08-26T15:00:00+10:00,S03,180
B001,E01147,B00574,created,2026-08-22T10:00:00+10:00,Booked,2026-08-26T15:00:00+10:00,2026-08-26T17:00:00+10:00,S03,180
B001,E01148,B00574,completed,2026-08-26T17:00:00+10:00,Completed,2026-08-26T15:00:00+10:00,2026-08-26T17:00:00+10:00,S03,180
B001,E01149,B00575,created,2026-08-22T10:00:00+10:00,Booked,2026-08-27T09:00:00+10:00,2026-08-27T10:00:00+10:00,S03,70
B001,E01150,B00575,completed,2026-08-27T10:00:00+10:00,Completed,2026-08-27T09:00:00+10:00,2026-08-27T10:00:00+10:00,S03,70
B001,E01151,B00576,created,2026-08-22T10:00:00+10:00,Booked,2026-08-27T10:00:00+10:00,2026-08-27T11:00:00+10:00,S03,70
B001,E01152,B00576,completed,2026-08-27T11:00:00+10:00,Completed,2026-08-27T10:00:00+10:00,2026-08-27T11:00:00+10:00,S03,70
B001,E01153,B00577,created,2026-08-22T10:00:00+10:00,Booked,2026-08-27T11:00:00+10:00,2026-08-27T12:00:00+10:00,S03,70
B001,E01154,B00577,completed,2026-08-27T12:00:00+10:00,Completed,2026-08-27T11:00:00+10:00,2026-08-27T12:00:00+10:00,S03,70
B001,E01155,B00578,created,2026-08-22T10:00:00+10:00,Booked,2026-08-27T12:00:00+10:00,2026-08-27T13:00:00+10:00,S03,70
B001,E01156,B00578,completed,2026-08-27T13:00:00+10:00,Completed,2026-08-27T12:00:00+10:00,2026-08-27T13:00:00+10:00,S03,70
B001,E01157,B00579,created,2026-08-22T10:00:00+10:00,Booked,2026-08-27T13:00:00+10:00,2026-08-27T14:00:00+10:00,S03,70
B001,E01158,B00579,completed,2026-08-27T14:00:00+10:00,Completed,2026-08-27T13:00:00+10:00,2026-08-27T14:00:00+10:00,S03,70
B001,E01159,B00580,created,2026-08-22T10:00:00+10:00,Booked,2026-08-27T14:00:00+10:00,2026-08-27T15:00:00+10:00,S03,70
B001,E01160,B00580,completed,2026-08-27T15:00:00+10:00,Completed,2026-08-27T14:00:00+10:00,2026-08-27T15:00:00+10:00,S03,70
B001,E01161,B00581,created,2026-08-21T10:00:00+10:00,Booked,2026-08-31T09:00:00+10:00,2026-08-31T11:00:00+10:00,S01,180
B001,E01162,B00581,completed,2026-08-31T11:00:00+10:00,Completed,2026-08-31T09:00:00+10:00,2026-08-31T11:00:00+10:00,S01,180
B001,E01163,B00582,created,2026-08-21T10:00:00+10:00,Booked,2026-08-31T11:00:00+10:00,2026-08-31T13:00:00+10:00,S01,180
B001,E01164,B00582,completed,2026-08-31T13:00:00+10:00,Completed,2026-08-31T11:00:00+10:00,2026-08-31T13:00:00+10:00,S01,180
B001,E01165,B00583,created,2026-08-21T10:00:00+10:00,Booked,2026-08-31T13:00:00+10:00,2026-08-31T15:00:00+10:00,S01,180
B001,E01166,B00583,completed,2026-08-31T15:00:00+10:00,Completed,2026-08-31T13:00:00+10:00,2026-08-31T15:00:00+10:00,S01,180
B001,E01167,B00584,created,2026-08-21T10:00:00+10:00,Booked,2026-08-31T15:00:00+10:00,2026-08-31T17:00:00+10:00,S01,180
B001,E01168,B00584,completed,2026-08-31T17:00:00+10:00,Completed,2026-08-31T15:00:00+10:00,2026-08-31T17:00:00+10:00,S01,180
B001,E01169,B00585,created,2026-08-21T10:00:00+10:00,Booked,2026-09-01T09:00:00+10:00,2026-09-01T11:00:00+10:00,S01,180
B001,E01170,B00585,completed,2026-09-01T11:00:00+10:00,Completed,2026-09-01T09:00:00+10:00,2026-09-01T11:00:00+10:00,S01,180
B001,E01171,B00586,created,2026-08-21T10:00:00+10:00,Booked,2026-09-01T11:00:00+10:00,2026-09-01T13:00:00+10:00,S01,180
B001,E01172,B00586,completed,2026-09-01T13:00:00+10:00,Completed,2026-09-01T11:00:00+10:00,2026-09-01T13:00:00+10:00,S01,180
B001,E01173,B00587,created,2026-08-21T10:00:00+10:00,Booked,2026-09-01T13:00:00+10:00,2026-09-01T15:00:00+10:00,S01,180
B001,E01174,B00587,completed,2026-09-01T15:00:00+10:00,Completed,2026-09-01T13:00:00+10:00,2026-09-01T15:00:00+10:00,S01,180
B001,E01175,B00588,created,2026-08-21T10:00:00+10:00,Booked,2026-09-01T15:00:00+10:00,2026-09-01T17:00:00+10:00,S01,180
B001,E01176,B00588,completed,2026-09-01T17:00:00+10:00,Completed,2026-09-01T15:00:00+10:00,2026-09-01T17:00:00+10:00,S01,180
B001,E01177,B00589,created,2026-08-21T10:00:00+10:00,Booked,2026-09-02T09:00:00+10:00,2026-09-02T11:00:00+10:00,S01,180
B001,E01178,B00589,completed,2026-09-02T11:00:00+10:00,Completed,2026-09-02T09:00:00+10:00,2026-09-02T11:00:00+10:00,S01,180
B001,E01179,B00590,created,2026-08-21T10:00:00+10:00,Booked,2026-09-02T11:00:00+10:00,2026-09-02T13:00:00+10:00,S01,180
B001,E01180,B00590,completed,2026-09-02T13:00:00+10:00,Completed,2026-09-02T11:00:00+10:00,2026-09-02T13:00:00+10:00,S01,180
B001,E01181,B00591,created,2026-08-29T10:00:00+10:00,Booked,2026-09-02T13:00:00+10:00,2026-09-02T14:00:00+10:00,S01,70
B001,E01182,B00591,completed,2026-09-02T14:00:00+10:00,Completed,2026-09-02T13:00:00+10:00,2026-09-02T14:00:00+10:00,S01,70
B001,E01183,B00592,created,2026-08-29T10:00:00+10:00,Booked,2026-09-02T14:00:00+10:00,2026-09-02T15:00:00+10:00,S01,70
B001,E01184,B00592,completed,2026-09-02T15:00:00+10:00,Completed,2026-09-02T14:00:00+10:00,2026-09-02T15:00:00+10:00,S01,70
B001,E01185,B00593,created,2026-08-29T10:00:00+10:00,Booked,2026-09-02T15:00:00+10:00,2026-09-02T16:00:00+10:00,S01,70
B001,E01186,B00593,completed,2026-09-02T16:00:00+10:00,Completed,2026-09-02T15:00:00+10:00,2026-09-02T16:00:00+10:00,S01,70
B001,E01187,B00594,created,2026-08-29T10:00:00+10:00,Booked,2026-09-02T16:00:00+10:00,2026-09-02T17:00:00+10:00,S01,70
B001,E01188,B00594,completed,2026-09-02T17:00:00+10:00,Completed,2026-09-02T16:00:00+10:00,2026-09-02T17:00:00+10:00,S01,70
B001,E01189,B00595,created,2026-08-29T10:00:00+10:00,Booked,2026-09-03T09:00:00+10:00,2026-09-03T10:00:00+10:00,S01,70
B001,E01190,B00595,completed,2026-09-03T10:00:00+10:00,Completed,2026-09-03T09:00:00+10:00,2026-09-03T10:00:00+10:00,S01,70
B001,E01191,B00596,created,2026-08-29T10:00:00+10:00,Booked,2026-09-03T10:00:00+10:00,2026-09-03T11:00:00+10:00,S01,70
B001,E01192,B00596,completed,2026-09-03T11:00:00+10:00,Completed,2026-09-03T10:00:00+10:00,2026-09-03T11:00:00+10:00,S01,70
B001,E01193,B00597,created,2026-08-29T10:00:00+10:00,Booked,2026-09-03T11:00:00+10:00,2026-09-03T12:00:00+10:00,S01,70
B001,E01194,B00597,completed,2026-09-03T12:00:00+10:00,Completed,2026-09-03T11:00:00+10:00,2026-09-03T12:00:00+10:00,S01,70
B001,E01195,B00598,created,2026-08-29T10:00:00+10:00,Booked,2026-09-03T12:00:00+10:00,2026-09-03T13:00:00+10:00,S01,70
B001,E01196,B00598,completed,2026-09-03T13:00:00+10:00,Completed,2026-09-03T12:00:00+10:00,2026-09-03T13:00:00+10:00,S01,70
B001,E01197,B00599,created,2026-08-29T10:00:00+10:00,Booked,2026-09-03T13:00:00+10:00,2026-09-03T14:00:00+10:00,S01,70
B001,E01198,B00599,completed,2026-09-03T14:00:00+10:00,Completed,2026-09-03T13:00:00+10:00,2026-09-03T14:00:00+10:00,S01,70
B001,E01199,B00600,created,2026-08-29T10:00:00+10:00,Booked,2026-09-03T14:00:00+10:00,2026-09-03T15:00:00+10:00,S01,70
B001,E01200,B00600,completed,2026-09-03T15:00:00+10:00,Completed,2026-09-03T14:00:00+10:00,2026-09-03T15:00:00+10:00,S01,70
B001,E01201,B00601,created,2026-08-21T10:00:00+10:00,Booked,2026-08-31T09:00:00+10:00,2026-08-31T11:00:00+10:00,S02,180
B001,E01202,B00601,completed,2026-08-31T11:00:00+10:00,Completed,2026-08-31T09:00:00+10:00,2026-08-31T11:00:00+10:00,S02,180
B001,E01203,B00602,created,2026-08-21T10:00:00+10:00,Booked,2026-08-31T11:00:00+10:00,2026-08-31T13:00:00+10:00,S02,180
B001,E01204,B00602,completed,2026-08-31T13:00:00+10:00,Completed,2026-08-31T11:00:00+10:00,2026-08-31T13:00:00+10:00,S02,180
B001,E01205,B00603,created,2026-08-21T10:00:00+10:00,Booked,2026-08-31T13:00:00+10:00,2026-08-31T15:00:00+10:00,S02,180
B001,E01206,B00603,completed,2026-08-31T15:00:00+10:00,Completed,2026-08-31T13:00:00+10:00,2026-08-31T15:00:00+10:00,S02,180
B001,E01207,B00604,created,2026-08-21T10:00:00+10:00,Booked,2026-08-31T15:00:00+10:00,2026-08-31T17:00:00+10:00,S02,180
B001,E01208,B00604,completed,2026-08-31T17:00:00+10:00,Completed,2026-08-31T15:00:00+10:00,2026-08-31T17:00:00+10:00,S02,180
B001,E01209,B00605,created,2026-08-21T10:00:00+10:00,Booked,2026-09-01T09:00:00+10:00,2026-09-01T11:00:00+10:00,S02,180
B001,E01210,B00605,completed,2026-09-01T11:00:00+10:00,Completed,2026-09-01T09:00:00+10:00,2026-09-01T11:00:00+10:00,S02,180
B001,E01211,B00606,created,2026-08-21T10:00:00+10:00,Booked,2026-09-01T11:00:00+10:00,2026-09-01T13:00:00+10:00,S02,180
B001,E01212,B00606,completed,2026-09-01T13:00:00+10:00,Completed,2026-09-01T11:00:00+10:00,2026-09-01T13:00:00+10:00,S02,180
B001,E01213,B00607,created,2026-08-21T10:00:00+10:00,Booked,2026-09-01T13:00:00+10:00,2026-09-01T15:00:00+10:00,S02,180
B001,E01214,B00607,completed,2026-09-01T15:00:00+10:00,Completed,2026-09-01T13:00:00+10:00,2026-09-01T15:00:00+10:00,S02,180
B001,E01215,B00608,created,2026-08-21T10:00:00+10:00,Booked,2026-09-01T15:00:00+10:00,2026-09-01T17:00:00+10:00,S02,180
B001,E01216,B00608,completed,2026-09-01T17:00:00+10:00,Completed,2026-09-01T15:00:00+10:00,2026-09-01T17:00:00+10:00,S02,180
B001,E01217,B00609,created,2026-08-21T10:00:00+10:00,Booked,2026-09-02T09:00:00+10:00,2026-09-02T11:00:00+10:00,S02,180
B001,E01218,B00609,completed,2026-09-02T11:00:00+10:00,Completed,2026-09-02T09:00:00+10:00,2026-09-02T11:00:00+10:00,S02,180
B001,E01219,B00610,created,2026-08-21T10:00:00+10:00,Booked,2026-09-02T11:00:00+10:00,2026-09-02T13:00:00+10:00,S02,180
B001,E01220,B00610,completed,2026-09-02T13:00:00+10:00,Completed,2026-09-02T11:00:00+10:00,2026-09-02T13:00:00+10:00,S02,180
B001,E01221,B00611,created,2026-08-29T10:00:00+10:00,Booked,2026-09-02T13:00:00+10:00,2026-09-02T14:00:00+10:00,S02,70
B001,E01222,B00611,completed,2026-09-02T14:00:00+10:00,Completed,2026-09-02T13:00:00+10:00,2026-09-02T14:00:00+10:00,S02,70
B001,E01223,B00612,created,2026-08-29T10:00:00+10:00,Booked,2026-09-02T14:00:00+10:00,2026-09-02T15:00:00+10:00,S02,70
B001,E01224,B00612,completed,2026-09-02T15:00:00+10:00,Completed,2026-09-02T14:00:00+10:00,2026-09-02T15:00:00+10:00,S02,70
B001,E01225,B00613,created,2026-08-29T10:00:00+10:00,Booked,2026-09-02T15:00:00+10:00,2026-09-02T16:00:00+10:00,S02,70
B001,E01226,B00613,completed,2026-09-02T16:00:00+10:00,Completed,2026-09-02T15:00:00+10:00,2026-09-02T16:00:00+10:00,S02,70
B001,E01227,B00614,created,2026-08-29T10:00:00+10:00,Booked,2026-09-02T16:00:00+10:00,2026-09-02T17:00:00+10:00,S02,70
B001,E01228,B00614,completed,2026-09-02T17:00:00+10:00,Completed,2026-09-02T16:00:00+10:00,2026-09-02T17:00:00+10:00,S02,70
B001,E01229,B00615,created,2026-08-29T10:00:00+10:00,Booked,2026-09-03T09:00:00+10:00,2026-09-03T10:00:00+10:00,S02,70
B001,E01230,B00615,completed,2026-09-03T10:00:00+10:00,Completed,2026-09-03T09:00:00+10:00,2026-09-03T10:00:00+10:00,S02,70
B001,E01231,B00616,created,2026-08-29T10:00:00+10:00,Booked,2026-09-03T10:00:00+10:00,2026-09-03T11:00:00+10:00,S02,70
B001,E01232,B00616,completed,2026-09-03T11:00:00+10:00,Completed,2026-09-03T10:00:00+10:00,2026-09-03T11:00:00+10:00,S02,70
B001,E01233,B00617,created,2026-08-29T10:00:00+10:00,Booked,2026-09-03T11:00:00+10:00,2026-09-03T12:00:00+10:00,S02,70
B001,E01234,B00617,completed,2026-09-03T12:00:00+10:00,Completed,2026-09-03T11:00:00+10:00,2026-09-03T12:00:00+10:00,S02,70
B001,E01235,B00618,created,2026-08-29T10:00:00+10:00,Booked,2026-09-03T12:00:00+10:00,2026-09-03T13:00:00+10:00,S02,70
B001,E01236,B00618,completed,2026-09-03T13:00:00+10:00,Completed,2026-09-03T12:00:00+10:00,2026-09-03T13:00:00+10:00,S02,70
B001,E01237,B00619,created,2026-08-29T10:00:00+10:00,Booked,2026-09-03T13:00:00+10:00,2026-09-03T14:00:00+10:00,S02,70
B001,E01238,B00619,completed,2026-09-03T14:00:00+10:00,Completed,2026-09-03T13:00:00+10:00,2026-09-03T14:00:00+10:00,S02,70
B001,E01239,B00620,created,2026-08-29T10:00:00+10:00,Booked,2026-09-03T14:00:00+10:00,2026-09-03T15:00:00+10:00,S02,70
B001,E01240,B00620,completed,2026-09-03T15:00:00+10:00,Completed,2026-09-03T14:00:00+10:00,2026-09-03T15:00:00+10:00,S02,70
B001,E01241,B00621,created,2026-08-21T10:00:00+10:00,Booked,2026-08-31T09:00:00+10:00,2026-08-31T11:00:00+10:00,S03,180
B001,E01242,B00621,completed,2026-08-31T11:00:00+10:00,Completed,2026-08-31T09:00:00+10:00,2026-08-31T11:00:00+10:00,S03,180
B001,E01243,B00622,created,2026-08-21T10:00:00+10:00,Booked,2026-08-31T11:00:00+10:00,2026-08-31T13:00:00+10:00,S03,180
B001,E01244,B00622,completed,2026-08-31T13:00:00+10:00,Completed,2026-08-31T11:00:00+10:00,2026-08-31T13:00:00+10:00,S03,180
B001,E01245,B00623,created,2026-08-21T10:00:00+10:00,Booked,2026-08-31T13:00:00+10:00,2026-08-31T15:00:00+10:00,S03,180
B001,E01246,B00623,completed,2026-08-31T15:00:00+10:00,Completed,2026-08-31T13:00:00+10:00,2026-08-31T15:00:00+10:00,S03,180
B001,E01247,B00624,created,2026-08-21T10:00:00+10:00,Booked,2026-08-31T15:00:00+10:00,2026-08-31T17:00:00+10:00,S03,180
B001,E01248,B00624,completed,2026-08-31T17:00:00+10:00,Completed,2026-08-31T15:00:00+10:00,2026-08-31T17:00:00+10:00,S03,180
B001,E01249,B00625,created,2026-08-21T10:00:00+10:00,Booked,2026-09-01T09:00:00+10:00,2026-09-01T11:00:00+10:00,S03,180
B001,E01250,B00625,completed,2026-09-01T11:00:00+10:00,Completed,2026-09-01T09:00:00+10:00,2026-09-01T11:00:00+10:00,S03,180
B001,E01251,B00626,created,2026-08-21T10:00:00+10:00,Booked,2026-09-01T11:00:00+10:00,2026-09-01T13:00:00+10:00,S03,180
B001,E01252,B00626,completed,2026-09-01T13:00:00+10:00,Completed,2026-09-01T11:00:00+10:00,2026-09-01T13:00:00+10:00,S03,180
B001,E01253,B00627,created,2026-08-21T10:00:00+10:00,Booked,2026-09-01T13:00:00+10:00,2026-09-01T15:00:00+10:00,S03,180
B001,E01254,B00627,completed,2026-09-01T15:00:00+10:00,Completed,2026-09-01T13:00:00+10:00,2026-09-01T15:00:00+10:00,S03,180
B001,E01255,B00628,created,2026-08-21T10:00:00+10:00,Booked,2026-09-01T15:00:00+10:00,2026-09-01T17:00:00+10:00,S03,180
B001,E01256,B00628,completed,2026-09-01T17:00:00+10:00,Completed,2026-09-01T15:00:00+10:00,2026-09-01T17:00:00+10:00,S03,180
B001,E01257,B00629,created,2026-08-21T10:00:00+10:00,Booked,2026-09-02T09:00:00+10:00,2026-09-02T11:00:00+10:00,S03,180
B001,E01258,B00629,completed,2026-09-02T11:00:00+10:00,Completed,2026-09-02T09:00:00+10:00,2026-09-02T11:00:00+10:00,S03,180
B001,E01259,B00630,created,2026-08-21T10:00:00+10:00,Booked,2026-09-02T11:00:00+10:00,2026-09-02T13:00:00+10:00,S03,180
B001,E01260,B00630,completed,2026-09-02T13:00:00+10:00,Completed,2026-09-02T11:00:00+10:00,2026-09-02T13:00:00+10:00,S03,180
B001,E01261,B00631,created,2026-08-29T10:00:00+10:00,Booked,2026-09-02T13:00:00+10:00,2026-09-02T15:00:00+10:00,S03,180
B001,E01262,B00631,completed,2026-09-02T15:00:00+10:00,Completed,2026-09-02T13:00:00+10:00,2026-09-02T15:00:00+10:00,S03,180
B001,E01263,B00632,created,2026-08-29T10:00:00+10:00,Booked,2026-09-02T15:00:00+10:00,2026-09-02T17:00:00+10:00,S03,180
B001,E01264,B00632,completed,2026-09-02T17:00:00+10:00,Completed,2026-09-02T15:00:00+10:00,2026-09-02T17:00:00+10:00,S03,180
B001,E01265,B00633,created,2026-08-29T10:00:00+10:00,Booked,2026-09-03T09:00:00+10:00,2026-09-03T10:00:00+10:00,S03,70
B001,E01266,B00633,completed,2026-09-03T10:00:00+10:00,Completed,2026-09-03T09:00:00+10:00,2026-09-03T10:00:00+10:00,S03,70
B001,E01267,B00634,created,2026-08-29T10:00:00+10:00,Booked,2026-09-03T10:00:00+10:00,2026-09-03T11:00:00+10:00,S03,70
B001,E01268,B00634,completed,2026-09-03T11:00:00+10:00,Completed,2026-09-03T10:00:00+10:00,2026-09-03T11:00:00+10:00,S03,70
B001,E01269,B00635,created,2026-08-29T10:00:00+10:00,Booked,2026-09-03T11:00:00+10:00,2026-09-03T12:00:00+10:00,S03,70
B001,E01270,B00635,completed,2026-09-03T12:00:00+10:00,Completed,2026-09-03T11:00:00+10:00,2026-09-03T12:00:00+10:00,S03,70
B001,E01271,B00636,created,2026-08-29T10:00:00+10:00,Booked,2026-09-03T12:00:00+10:00,2026-09-03T13:00:00+10:00,S03,70
B001,E01272,B00636,completed,2026-09-03T13:00:00+10:00,Completed,2026-09-03T12:00:00+10:00,2026-09-03T13:00:00+10:00,S03,70
B001,E01273,B00637,created,2026-08-29T10:00:00+10:00,Booked,2026-09-03T13:00:00+10:00,2026-09-03T14:00:00+10:00,S03,70
B001,E01274,B00637,completed,2026-09-03T14:00:00+10:00,Completed,2026-09-03T13:00:00+10:00,2026-09-03T14:00:00+10:00,S03,70
B001,E01275,B00638,created,2026-08-29T10:00:00+10:00,Booked,2026-09-03T14:00:00+10:00,2026-09-03T15:00:00+10:00,S03,70
B001,E01276,B00638,completed,2026-09-03T15:00:00+10:00,Completed,2026-09-03T14:00:00+10:00,2026-09-03T15:00:00+10:00,S03,70
B001,E01277,B00639,created,2026-08-28T10:00:00+10:00,Booked,2026-09-07T09:00:00+10:00,2026-09-07T11:00:00+10:00,S01,180
B001,E01278,B00639,completed,2026-09-07T11:00:00+10:00,Completed,2026-09-07T09:00:00+10:00,2026-09-07T11:00:00+10:00,S01,180
B001,E01279,B00640,created,2026-08-28T10:00:00+10:00,Booked,2026-09-07T11:00:00+10:00,2026-09-07T13:00:00+10:00,S01,180
B001,E01280,B00640,completed,2026-09-07T13:00:00+10:00,Completed,2026-09-07T11:00:00+10:00,2026-09-07T13:00:00+10:00,S01,180
B001,E01281,B00641,created,2026-08-28T10:00:00+10:00,Booked,2026-09-07T13:00:00+10:00,2026-09-07T15:00:00+10:00,S01,180
B001,E01282,B00641,completed,2026-09-07T15:00:00+10:00,Completed,2026-09-07T13:00:00+10:00,2026-09-07T15:00:00+10:00,S01,180
B001,E01283,B00642,created,2026-08-28T10:00:00+10:00,Booked,2026-09-07T15:00:00+10:00,2026-09-07T16:00:00+10:00,S01,70
B001,E01284,B00642,completed,2026-09-07T16:00:00+10:00,Completed,2026-09-07T15:00:00+10:00,2026-09-07T16:00:00+10:00,S01,70
B001,E01285,B00643,created,2026-08-28T10:00:00+10:00,Booked,2026-09-07T16:00:00+10:00,2026-09-07T17:00:00+10:00,S01,70
B001,E01286,B00643,completed,2026-09-07T17:00:00+10:00,Completed,2026-09-07T16:00:00+10:00,2026-09-07T17:00:00+10:00,S01,70
B001,E01287,B00644,created,2026-08-28T10:00:00+10:00,Booked,2026-09-10T09:00:00+10:00,2026-09-10T10:00:00+10:00,S01,70
B001,E01288,B00644,completed,2026-09-10T10:00:00+10:00,Completed,2026-09-10T09:00:00+10:00,2026-09-10T10:00:00+10:00,S01,70
B001,E01289,B00645,created,2026-08-28T10:00:00+10:00,Booked,2026-09-10T10:00:00+10:00,2026-09-10T11:00:00+10:00,S01,70
B001,E01290,B00645,completed,2026-09-10T11:00:00+10:00,Completed,2026-09-10T10:00:00+10:00,2026-09-10T11:00:00+10:00,S01,70
B001,E01291,B00646,created,2026-08-28T10:00:00+10:00,Booked,2026-09-10T11:00:00+10:00,2026-09-10T12:00:00+10:00,S01,70
B001,E01292,B00646,completed,2026-09-10T12:00:00+10:00,Completed,2026-09-10T11:00:00+10:00,2026-09-10T12:00:00+10:00,S01,70
B001,E01293,B00647,created,2026-08-28T10:00:00+10:00,Booked,2026-09-10T12:00:00+10:00,2026-09-10T13:00:00+10:00,S01,70
B001,E01294,B00647,completed,2026-09-10T13:00:00+10:00,Completed,2026-09-10T12:00:00+10:00,2026-09-10T13:00:00+10:00,S01,70
B001,E01295,B00648,created,2026-08-28T10:00:00+10:00,Booked,2026-09-10T13:00:00+10:00,2026-09-10T14:00:00+10:00,S01,70
B001,E01296,B00648,completed,2026-09-10T14:00:00+10:00,Completed,2026-09-10T13:00:00+10:00,2026-09-10T14:00:00+10:00,S01,70
B001,E01297,B00649,created,2026-08-28T10:00:00+10:00,Booked,2026-09-10T14:00:00+10:00,2026-09-10T15:00:00+10:00,S01,70
B001,E01298,B00649,completed,2026-09-10T15:00:00+10:00,Completed,2026-09-10T14:00:00+10:00,2026-09-10T15:00:00+10:00,S01,70
B001,E01299,B00650,created,2026-08-28T10:00:00+10:00,Booked,2026-09-10T15:00:00+10:00,2026-09-10T16:00:00+10:00,S01,70
B001,E01300,B00650,completed,2026-09-10T16:00:00+10:00,Completed,2026-09-10T15:00:00+10:00,2026-09-10T16:00:00+10:00,S01,70
B001,E01301,B00651,created,2026-08-28T10:00:00+10:00,Booked,2026-09-10T16:00:00+10:00,2026-09-10T17:00:00+10:00,S01,70
B001,E01302,B00651,completed,2026-09-10T17:00:00+10:00,Completed,2026-09-10T16:00:00+10:00,2026-09-10T17:00:00+10:00,S01,70
B001,E01303,B00652,created,2026-08-28T10:00:00+10:00,Booked,2026-09-11T09:00:00+10:00,2026-09-11T10:00:00+10:00,S01,70
B001,E01304,B00652,completed,2026-09-11T10:00:00+10:00,Completed,2026-09-11T09:00:00+10:00,2026-09-11T10:00:00+10:00,S01,70
B001,E01305,B00653,created,2026-08-28T10:00:00+10:00,Booked,2026-09-11T10:00:00+10:00,2026-09-11T11:00:00+10:00,S01,70
B001,E01306,B00653,completed,2026-09-11T11:00:00+10:00,Completed,2026-09-11T10:00:00+10:00,2026-09-11T11:00:00+10:00,S01,70
B001,E01307,B00654,created,2026-08-28T10:00:00+10:00,Booked,2026-09-07T09:00:00+10:00,2026-09-07T11:00:00+10:00,S02,180
B001,E01308,B00654,completed,2026-09-07T11:00:00+10:00,Completed,2026-09-07T09:00:00+10:00,2026-09-07T11:00:00+10:00,S02,180
B001,E01309,B00655,created,2026-08-28T10:00:00+10:00,Booked,2026-09-07T11:00:00+10:00,2026-09-07T13:00:00+10:00,S02,180
B001,E01310,B00655,completed,2026-09-07T13:00:00+10:00,Completed,2026-09-07T11:00:00+10:00,2026-09-07T13:00:00+10:00,S02,180
B001,E01311,B00656,created,2026-08-28T10:00:00+10:00,Booked,2026-09-07T13:00:00+10:00,2026-09-07T15:00:00+10:00,S02,180
B001,E01312,B00656,completed,2026-09-07T15:00:00+10:00,Completed,2026-09-07T13:00:00+10:00,2026-09-07T15:00:00+10:00,S02,180
B001,E01313,B00657,created,2026-08-28T10:00:00+10:00,Booked,2026-09-07T15:00:00+10:00,2026-09-07T17:00:00+10:00,S02,180
B001,E01314,B00657,completed,2026-09-07T17:00:00+10:00,Completed,2026-09-07T15:00:00+10:00,2026-09-07T17:00:00+10:00,S02,180
B001,E01315,B00658,created,2026-08-28T10:00:00+10:00,Booked,2026-09-08T09:00:00+10:00,2026-09-08T11:00:00+10:00,S02,180
B001,E01316,B00658,completed,2026-09-08T11:00:00+10:00,Completed,2026-09-08T09:00:00+10:00,2026-09-08T11:00:00+10:00,S02,180
B001,E01317,B00659,created,2026-08-28T10:00:00+10:00,Booked,2026-09-08T11:00:00+10:00,2026-09-08T13:00:00+10:00,S02,180
B001,E01318,B00659,completed,2026-09-08T13:00:00+10:00,Completed,2026-09-08T11:00:00+10:00,2026-09-08T13:00:00+10:00,S02,180
B001,E01319,B00660,created,2026-08-28T10:00:00+10:00,Booked,2026-09-08T13:00:00+10:00,2026-09-08T15:00:00+10:00,S02,180
B001,E01320,B00660,completed,2026-09-08T15:00:00+10:00,Completed,2026-09-08T13:00:00+10:00,2026-09-08T15:00:00+10:00,S02,180
B001,E01321,B00661,created,2026-08-28T10:00:00+10:00,Booked,2026-09-08T15:00:00+10:00,2026-09-08T17:00:00+10:00,S02,180
B001,E01322,B00661,completed,2026-09-08T17:00:00+10:00,Completed,2026-09-08T15:00:00+10:00,2026-09-08T17:00:00+10:00,S02,180
B001,E01323,B00662,created,2026-08-28T10:00:00+10:00,Booked,2026-09-09T09:00:00+10:00,2026-09-09T11:00:00+10:00,S02,180
B001,E01324,B00662,completed,2026-09-09T11:00:00+10:00,Completed,2026-09-09T09:00:00+10:00,2026-09-09T11:00:00+10:00,S02,180
B001,E01325,B00663,created,2026-08-28T10:00:00+10:00,Booked,2026-09-09T11:00:00+10:00,2026-09-09T13:00:00+10:00,S02,180
B001,E01326,B00663,completed,2026-09-09T13:00:00+10:00,Completed,2026-09-09T11:00:00+10:00,2026-09-09T13:00:00+10:00,S02,180
B001,E01327,B00664,created,2026-09-05T10:00:00+10:00,Booked,2026-09-09T13:00:00+10:00,2026-09-09T14:00:00+10:00,S02,70
B001,E01328,B00664,completed,2026-09-09T14:00:00+10:00,Completed,2026-09-09T13:00:00+10:00,2026-09-09T14:00:00+10:00,S02,70
B001,E01329,B00665,created,2026-09-05T10:00:00+10:00,Booked,2026-09-09T14:00:00+10:00,2026-09-09T15:00:00+10:00,S02,70
B001,E01330,B00665,completed,2026-09-09T15:00:00+10:00,Completed,2026-09-09T14:00:00+10:00,2026-09-09T15:00:00+10:00,S02,70
B001,E01331,B00666,created,2026-09-05T10:00:00+10:00,Booked,2026-09-09T15:00:00+10:00,2026-09-09T16:00:00+10:00,S02,70
B001,E01332,B00666,completed,2026-09-09T16:00:00+10:00,Completed,2026-09-09T15:00:00+10:00,2026-09-09T16:00:00+10:00,S02,70
B001,E01333,B00667,created,2026-09-05T10:00:00+10:00,Booked,2026-09-09T16:00:00+10:00,2026-09-09T17:00:00+10:00,S02,70
B001,E01334,B00667,completed,2026-09-09T17:00:00+10:00,Completed,2026-09-09T16:00:00+10:00,2026-09-09T17:00:00+10:00,S02,70
B001,E01335,B00668,created,2026-09-05T10:00:00+10:00,Booked,2026-09-10T09:00:00+10:00,2026-09-10T10:00:00+10:00,S02,70
B001,E01336,B00668,completed,2026-09-10T10:00:00+10:00,Completed,2026-09-10T09:00:00+10:00,2026-09-10T10:00:00+10:00,S02,70
B001,E01337,B00669,created,2026-09-05T10:00:00+10:00,Booked,2026-09-10T10:00:00+10:00,2026-09-10T11:00:00+10:00,S02,70
B001,E01338,B00669,completed,2026-09-10T11:00:00+10:00,Completed,2026-09-10T10:00:00+10:00,2026-09-10T11:00:00+10:00,S02,70
B001,E01339,B00670,created,2026-09-05T10:00:00+10:00,Booked,2026-09-10T11:00:00+10:00,2026-09-10T12:00:00+10:00,S02,70
B001,E01340,B00670,completed,2026-09-10T12:00:00+10:00,Completed,2026-09-10T11:00:00+10:00,2026-09-10T12:00:00+10:00,S02,70
B001,E01341,B00671,created,2026-09-05T10:00:00+10:00,Booked,2026-09-10T12:00:00+10:00,2026-09-10T13:00:00+10:00,S02,70
B001,E01342,B00671,completed,2026-09-10T13:00:00+10:00,Completed,2026-09-10T12:00:00+10:00,2026-09-10T13:00:00+10:00,S02,70
B001,E01343,B00672,created,2026-09-05T10:00:00+10:00,Booked,2026-09-10T13:00:00+10:00,2026-09-10T14:00:00+10:00,S02,70
B001,E01344,B00672,completed,2026-09-10T14:00:00+10:00,Completed,2026-09-10T13:00:00+10:00,2026-09-10T14:00:00+10:00,S02,70
B001,E01345,B00673,created,2026-09-05T10:00:00+10:00,Booked,2026-09-10T14:00:00+10:00,2026-09-10T15:00:00+10:00,S02,70
B001,E01346,B00673,completed,2026-09-10T15:00:00+10:00,Completed,2026-09-10T14:00:00+10:00,2026-09-10T15:00:00+10:00,S02,70
B001,E01347,B00674,created,2026-08-28T10:00:00+10:00,Booked,2026-09-07T09:00:00+10:00,2026-09-07T11:00:00+10:00,S03,180
B001,E01348,B00674,completed,2026-09-07T11:00:00+10:00,Completed,2026-09-07T09:00:00+10:00,2026-09-07T11:00:00+10:00,S03,180
B001,E01349,B00675,created,2026-08-28T10:00:00+10:00,Booked,2026-09-07T11:00:00+10:00,2026-09-07T13:00:00+10:00,S03,180
B001,E01350,B00675,completed,2026-09-07T13:00:00+10:00,Completed,2026-09-07T11:00:00+10:00,2026-09-07T13:00:00+10:00,S03,180
B001,E01351,B00676,created,2026-08-28T10:00:00+10:00,Booked,2026-09-07T13:00:00+10:00,2026-09-07T15:00:00+10:00,S03,180
B001,E01352,B00676,completed,2026-09-07T15:00:00+10:00,Completed,2026-09-07T13:00:00+10:00,2026-09-07T15:00:00+10:00,S03,180
B001,E01353,B00677,created,2026-08-28T10:00:00+10:00,Booked,2026-09-07T15:00:00+10:00,2026-09-07T17:00:00+10:00,S03,180
B001,E01354,B00677,completed,2026-09-07T17:00:00+10:00,Completed,2026-09-07T15:00:00+10:00,2026-09-07T17:00:00+10:00,S03,180
B001,E01355,B00678,created,2026-08-28T10:00:00+10:00,Booked,2026-09-08T09:00:00+10:00,2026-09-08T11:00:00+10:00,S03,180
B001,E01356,B00678,completed,2026-09-08T11:00:00+10:00,Completed,2026-09-08T09:00:00+10:00,2026-09-08T11:00:00+10:00,S03,180
B001,E01357,B00679,created,2026-08-28T10:00:00+10:00,Booked,2026-09-08T11:00:00+10:00,2026-09-08T13:00:00+10:00,S03,180
B001,E01358,B00679,completed,2026-09-08T13:00:00+10:00,Completed,2026-09-08T11:00:00+10:00,2026-09-08T13:00:00+10:00,S03,180
B001,E01359,B00680,created,2026-08-28T10:00:00+10:00,Booked,2026-09-08T13:00:00+10:00,2026-09-08T15:00:00+10:00,S03,180
B001,E01360,B00680,completed,2026-09-08T15:00:00+10:00,Completed,2026-09-08T13:00:00+10:00,2026-09-08T15:00:00+10:00,S03,180
B001,E01361,B00681,created,2026-08-28T10:00:00+10:00,Booked,2026-09-08T15:00:00+10:00,2026-09-08T17:00:00+10:00,S03,180
B001,E01362,B00681,completed,2026-09-08T17:00:00+10:00,Completed,2026-09-08T15:00:00+10:00,2026-09-08T17:00:00+10:00,S03,180
B001,E01363,B00682,created,2026-08-28T10:00:00+10:00,Booked,2026-09-09T09:00:00+10:00,2026-09-09T11:00:00+10:00,S03,180
B001,E01364,B00682,completed,2026-09-09T11:00:00+10:00,Completed,2026-09-09T09:00:00+10:00,2026-09-09T11:00:00+10:00,S03,180
B001,E01365,B00683,created,2026-08-28T10:00:00+10:00,Booked,2026-09-09T11:00:00+10:00,2026-09-09T13:00:00+10:00,S03,180
B001,E01366,B00683,completed,2026-09-09T13:00:00+10:00,Completed,2026-09-09T11:00:00+10:00,2026-09-09T13:00:00+10:00,S03,180
B001,E01367,B00684,created,2026-09-05T10:00:00+10:00,Booked,2026-09-09T13:00:00+10:00,2026-09-09T15:00:00+10:00,S03,180
B001,E01368,B00684,completed,2026-09-09T15:00:00+10:00,Completed,2026-09-09T13:00:00+10:00,2026-09-09T15:00:00+10:00,S03,180
B001,E01369,B00685,created,2026-09-05T10:00:00+10:00,Booked,2026-09-09T15:00:00+10:00,2026-09-09T17:00:00+10:00,S03,180
B001,E01370,B00685,completed,2026-09-09T17:00:00+10:00,Completed,2026-09-09T15:00:00+10:00,2026-09-09T17:00:00+10:00,S03,180
B001,E01371,B00686,created,2026-09-05T10:00:00+10:00,Booked,2026-09-10T09:00:00+10:00,2026-09-10T10:00:00+10:00,S03,70
B001,E01372,B00686,completed,2026-09-10T10:00:00+10:00,Completed,2026-09-10T09:00:00+10:00,2026-09-10T10:00:00+10:00,S03,70
B001,E01373,B00687,created,2026-09-05T10:00:00+10:00,Booked,2026-09-10T10:00:00+10:00,2026-09-10T11:00:00+10:00,S03,70
B001,E01374,B00687,completed,2026-09-10T11:00:00+10:00,Completed,2026-09-10T10:00:00+10:00,2026-09-10T11:00:00+10:00,S03,70
B001,E01375,B00688,created,2026-09-05T10:00:00+10:00,Booked,2026-09-10T11:00:00+10:00,2026-09-10T12:00:00+10:00,S03,70
B001,E01376,B00688,completed,2026-09-10T12:00:00+10:00,Completed,2026-09-10T11:00:00+10:00,2026-09-10T12:00:00+10:00,S03,70
B001,E01377,B00689,created,2026-09-05T10:00:00+10:00,Booked,2026-09-10T12:00:00+10:00,2026-09-10T13:00:00+10:00,S03,70
B001,E01378,B00689,completed,2026-09-10T13:00:00+10:00,Completed,2026-09-10T12:00:00+10:00,2026-09-10T13:00:00+10:00,S03,70
B001,E01379,B00690,created,2026-09-05T10:00:00+10:00,Booked,2026-09-10T13:00:00+10:00,2026-09-10T14:00:00+10:00,S03,70
B001,E01380,B00690,completed,2026-09-10T14:00:00+10:00,Completed,2026-09-10T13:00:00+10:00,2026-09-10T14:00:00+10:00,S03,70
B001,E01381,B00691,created,2026-09-05T10:00:00+10:00,Booked,2026-09-10T14:00:00+10:00,2026-09-10T15:00:00+10:00,S03,70
B001,E01382,B00691,completed,2026-09-10T15:00:00+10:00,Completed,2026-09-10T14:00:00+10:00,2026-09-10T15:00:00+10:00,S03,70
B001,E01383,B00692,created,2026-09-04T10:00:00+10:00,Booked,2026-09-14T09:00:00+10:00,2026-09-14T11:00:00+10:00,S01,180
B001,E01384,B00692,completed,2026-09-14T11:00:00+10:00,Completed,2026-09-14T09:00:00+10:00,2026-09-14T11:00:00+10:00,S01,180
B001,E01385,B00693,created,2026-09-04T10:00:00+10:00,Booked,2026-09-14T11:00:00+10:00,2026-09-14T13:00:00+10:00,S01,180
B001,E01386,B00693,completed,2026-09-14T13:00:00+10:00,Completed,2026-09-14T11:00:00+10:00,2026-09-14T13:00:00+10:00,S01,180
B001,E01387,B00694,created,2026-09-04T10:00:00+10:00,Booked,2026-09-14T13:00:00+10:00,2026-09-14T15:00:00+10:00,S01,180
B001,E01388,B00694,completed,2026-09-14T15:00:00+10:00,Completed,2026-09-14T13:00:00+10:00,2026-09-14T15:00:00+10:00,S01,180
B001,E01389,B00695,created,2026-09-04T10:00:00+10:00,Booked,2026-09-14T15:00:00+10:00,2026-09-14T17:00:00+10:00,S01,180
B001,E01390,B00695,completed,2026-09-14T17:00:00+10:00,Completed,2026-09-14T15:00:00+10:00,2026-09-14T17:00:00+10:00,S01,180
B001,E01391,B00696,created,2026-09-04T10:00:00+10:00,Booked,2026-09-15T09:00:00+10:00,2026-09-15T11:00:00+10:00,S01,180
B001,E01392,B00696,completed,2026-09-15T11:00:00+10:00,Completed,2026-09-15T09:00:00+10:00,2026-09-15T11:00:00+10:00,S01,180
B001,E01393,B00697,created,2026-09-04T10:00:00+10:00,Booked,2026-09-15T11:00:00+10:00,2026-09-15T13:00:00+10:00,S01,180
B001,E01394,B00697,completed,2026-09-15T13:00:00+10:00,Completed,2026-09-15T11:00:00+10:00,2026-09-15T13:00:00+10:00,S01,180
B001,E01395,B00698,created,2026-09-04T10:00:00+10:00,Booked,2026-09-15T13:00:00+10:00,2026-09-15T15:00:00+10:00,S01,180
B001,E01396,B00698,completed,2026-09-15T15:00:00+10:00,Completed,2026-09-15T13:00:00+10:00,2026-09-15T15:00:00+10:00,S01,180
B001,E01397,B00699,created,2026-09-04T10:00:00+10:00,Booked,2026-09-15T15:00:00+10:00,2026-09-15T17:00:00+10:00,S01,180
B001,E01398,B00699,completed,2026-09-15T17:00:00+10:00,Completed,2026-09-15T15:00:00+10:00,2026-09-15T17:00:00+10:00,S01,180
B001,E01399,B00700,created,2026-09-04T10:00:00+10:00,Booked,2026-09-16T09:00:00+10:00,2026-09-16T11:00:00+10:00,S01,180
B001,E01400,B00700,completed,2026-09-16T11:00:00+10:00,Completed,2026-09-16T09:00:00+10:00,2026-09-16T11:00:00+10:00,S01,180
B001,E01401,B00701,created,2026-09-04T10:00:00+10:00,Booked,2026-09-16T11:00:00+10:00,2026-09-16T13:00:00+10:00,S01,180
B001,E01402,B00701,completed,2026-09-16T13:00:00+10:00,Completed,2026-09-16T11:00:00+10:00,2026-09-16T13:00:00+10:00,S01,180
B001,E01403,B00702,created,2026-09-12T10:00:00+10:00,Booked,2026-09-16T13:00:00+10:00,2026-09-16T14:00:00+10:00,S01,70
B001,E01404,B00702,completed,2026-09-16T14:00:00+10:00,Completed,2026-09-16T13:00:00+10:00,2026-09-16T14:00:00+10:00,S01,70
B001,E01405,B00703,created,2026-09-12T10:00:00+10:00,Booked,2026-09-16T14:00:00+10:00,2026-09-16T15:00:00+10:00,S01,70
B001,E01406,B00703,completed,2026-09-16T15:00:00+10:00,Completed,2026-09-16T14:00:00+10:00,2026-09-16T15:00:00+10:00,S01,70
B001,E01407,B00704,created,2026-09-12T10:00:00+10:00,Booked,2026-09-16T15:00:00+10:00,2026-09-16T16:00:00+10:00,S01,70
B001,E01408,B00704,completed,2026-09-16T16:00:00+10:00,Completed,2026-09-16T15:00:00+10:00,2026-09-16T16:00:00+10:00,S01,70
B001,E01409,B00705,created,2026-09-12T10:00:00+10:00,Booked,2026-09-16T16:00:00+10:00,2026-09-16T17:00:00+10:00,S01,70
B001,E01410,B00705,completed,2026-09-16T17:00:00+10:00,Completed,2026-09-16T16:00:00+10:00,2026-09-16T17:00:00+10:00,S01,70
B001,E01411,B00706,created,2026-09-12T10:00:00+10:00,Booked,2026-09-17T09:00:00+10:00,2026-09-17T10:00:00+10:00,S01,70
B001,E01412,B00706,completed,2026-09-17T10:00:00+10:00,Completed,2026-09-17T09:00:00+10:00,2026-09-17T10:00:00+10:00,S01,70
B001,E01413,B00707,created,2026-09-12T10:00:00+10:00,Booked,2026-09-17T10:00:00+10:00,2026-09-17T11:00:00+10:00,S01,70
B001,E01414,B00707,completed,2026-09-17T11:00:00+10:00,Completed,2026-09-17T10:00:00+10:00,2026-09-17T11:00:00+10:00,S01,70
B001,E01415,B00708,created,2026-09-12T10:00:00+10:00,Booked,2026-09-17T11:00:00+10:00,2026-09-17T12:00:00+10:00,S01,70
B001,E01416,B00708,completed,2026-09-17T12:00:00+10:00,Completed,2026-09-17T11:00:00+10:00,2026-09-17T12:00:00+10:00,S01,70
B001,E01417,B00709,created,2026-09-12T10:00:00+10:00,Booked,2026-09-17T12:00:00+10:00,2026-09-17T13:00:00+10:00,S01,70
B001,E01418,B00709,completed,2026-09-17T13:00:00+10:00,Completed,2026-09-17T12:00:00+10:00,2026-09-17T13:00:00+10:00,S01,70
B001,E01419,B00710,created,2026-09-12T10:00:00+10:00,Booked,2026-09-17T13:00:00+10:00,2026-09-17T14:00:00+10:00,S01,70
B001,E01420,B00710,completed,2026-09-17T14:00:00+10:00,Completed,2026-09-17T13:00:00+10:00,2026-09-17T14:00:00+10:00,S01,70
B001,E01421,B00711,created,2026-09-12T10:00:00+10:00,Booked,2026-09-17T14:00:00+10:00,2026-09-17T15:00:00+10:00,S01,70
B001,E01422,B00711,completed,2026-09-17T15:00:00+10:00,Completed,2026-09-17T14:00:00+10:00,2026-09-17T15:00:00+10:00,S01,70
B001,E01423,B00712,created,2026-09-04T10:00:00+10:00,Booked,2026-09-14T09:00:00+10:00,2026-09-14T11:00:00+10:00,S02,180
B001,E01424,B00712,completed,2026-09-14T11:00:00+10:00,Completed,2026-09-14T09:00:00+10:00,2026-09-14T11:00:00+10:00,S02,180
B001,E01425,B00713,created,2026-09-04T10:00:00+10:00,Booked,2026-09-14T11:00:00+10:00,2026-09-14T13:00:00+10:00,S02,180
B001,E01426,B00713,completed,2026-09-14T13:00:00+10:00,Completed,2026-09-14T11:00:00+10:00,2026-09-14T13:00:00+10:00,S02,180
B001,E01427,B00714,created,2026-09-04T10:00:00+10:00,Booked,2026-09-14T13:00:00+10:00,2026-09-14T15:00:00+10:00,S02,180
B001,E01428,B00714,completed,2026-09-14T15:00:00+10:00,Completed,2026-09-14T13:00:00+10:00,2026-09-14T15:00:00+10:00,S02,180
B001,E01429,B00715,created,2026-09-04T10:00:00+10:00,Booked,2026-09-14T15:00:00+10:00,2026-09-14T17:00:00+10:00,S02,180
B001,E01430,B00715,completed,2026-09-14T17:00:00+10:00,Completed,2026-09-14T15:00:00+10:00,2026-09-14T17:00:00+10:00,S02,180
B001,E01431,B00716,created,2026-09-04T10:00:00+10:00,Booked,2026-09-15T09:00:00+10:00,2026-09-15T11:00:00+10:00,S02,180
B001,E01432,B00716,completed,2026-09-15T11:00:00+10:00,Completed,2026-09-15T09:00:00+10:00,2026-09-15T11:00:00+10:00,S02,180
B001,E01433,B00717,created,2026-09-04T10:00:00+10:00,Booked,2026-09-15T11:00:00+10:00,2026-09-15T13:00:00+10:00,S02,180
B001,E01434,B00717,completed,2026-09-15T13:00:00+10:00,Completed,2026-09-15T11:00:00+10:00,2026-09-15T13:00:00+10:00,S02,180
B001,E01435,B00718,created,2026-09-04T10:00:00+10:00,Booked,2026-09-15T13:00:00+10:00,2026-09-15T15:00:00+10:00,S02,180
B001,E01436,B00718,completed,2026-09-15T15:00:00+10:00,Completed,2026-09-15T13:00:00+10:00,2026-09-15T15:00:00+10:00,S02,180
B001,E01437,B00719,created,2026-09-04T10:00:00+10:00,Booked,2026-09-15T15:00:00+10:00,2026-09-15T17:00:00+10:00,S02,180
B001,E01438,B00719,completed,2026-09-15T17:00:00+10:00,Completed,2026-09-15T15:00:00+10:00,2026-09-15T17:00:00+10:00,S02,180
B001,E01439,B00720,created,2026-09-04T10:00:00+10:00,Booked,2026-09-16T09:00:00+10:00,2026-09-16T11:00:00+10:00,S02,180
B001,E01440,B00720,completed,2026-09-16T11:00:00+10:00,Completed,2026-09-16T09:00:00+10:00,2026-09-16T11:00:00+10:00,S02,180
B001,E01441,B00721,created,2026-09-04T10:00:00+10:00,Booked,2026-09-16T11:00:00+10:00,2026-09-16T13:00:00+10:00,S02,180
B001,E01442,B00721,completed,2026-09-16T13:00:00+10:00,Completed,2026-09-16T11:00:00+10:00,2026-09-16T13:00:00+10:00,S02,180
B001,E01443,B00722,created,2026-09-12T10:00:00+10:00,Booked,2026-09-16T13:00:00+10:00,2026-09-16T14:00:00+10:00,S02,70
B001,E01444,B00722,completed,2026-09-16T14:00:00+10:00,Completed,2026-09-16T13:00:00+10:00,2026-09-16T14:00:00+10:00,S02,70
B001,E01445,B00723,created,2026-09-12T10:00:00+10:00,Booked,2026-09-16T14:00:00+10:00,2026-09-16T15:00:00+10:00,S02,70
B001,E01446,B00723,completed,2026-09-16T15:00:00+10:00,Completed,2026-09-16T14:00:00+10:00,2026-09-16T15:00:00+10:00,S02,70
B001,E01447,B00724,created,2026-09-12T10:00:00+10:00,Booked,2026-09-16T15:00:00+10:00,2026-09-16T16:00:00+10:00,S02,70
B001,E01448,B00724,completed,2026-09-16T16:00:00+10:00,Completed,2026-09-16T15:00:00+10:00,2026-09-16T16:00:00+10:00,S02,70
B001,E01449,B00725,created,2026-09-12T10:00:00+10:00,Booked,2026-09-16T16:00:00+10:00,2026-09-16T17:00:00+10:00,S02,70
B001,E01450,B00725,completed,2026-09-16T17:00:00+10:00,Completed,2026-09-16T16:00:00+10:00,2026-09-16T17:00:00+10:00,S02,70
B001,E01451,B00726,created,2026-09-12T10:00:00+10:00,Booked,2026-09-17T09:00:00+10:00,2026-09-17T10:00:00+10:00,S02,70
B001,E01452,B00726,completed,2026-09-17T10:00:00+10:00,Completed,2026-09-17T09:00:00+10:00,2026-09-17T10:00:00+10:00,S02,70
B001,E01453,B00727,created,2026-09-12T10:00:00+10:00,Booked,2026-09-17T10:00:00+10:00,2026-09-17T11:00:00+10:00,S02,70
B001,E01454,B00727,completed,2026-09-17T11:00:00+10:00,Completed,2026-09-17T10:00:00+10:00,2026-09-17T11:00:00+10:00,S02,70
B001,E01455,B00728,created,2026-09-12T10:00:00+10:00,Booked,2026-09-17T11:00:00+10:00,2026-09-17T12:00:00+10:00,S02,70
B001,E01456,B00728,completed,2026-09-17T12:00:00+10:00,Completed,2026-09-17T11:00:00+10:00,2026-09-17T12:00:00+10:00,S02,70
B001,E01457,B00729,created,2026-09-12T10:00:00+10:00,Booked,2026-09-17T12:00:00+10:00,2026-09-17T13:00:00+10:00,S02,70
B001,E01458,B00729,completed,2026-09-17T13:00:00+10:00,Completed,2026-09-17T12:00:00+10:00,2026-09-17T13:00:00+10:00,S02,70
B001,E01459,B00730,created,2026-09-12T10:00:00+10:00,Booked,2026-09-17T13:00:00+10:00,2026-09-17T14:00:00+10:00,S02,70
B001,E01460,B00730,completed,2026-09-17T14:00:00+10:00,Completed,2026-09-17T13:00:00+10:00,2026-09-17T14:00:00+10:00,S02,70
B001,E01461,B00731,created,2026-09-12T10:00:00+10:00,Booked,2026-09-17T14:00:00+10:00,2026-09-17T15:00:00+10:00,S02,70
B001,E01462,B00731,completed,2026-09-17T15:00:00+10:00,Completed,2026-09-17T14:00:00+10:00,2026-09-17T15:00:00+10:00,S02,70
B001,E01463,B00732,created,2026-09-04T10:00:00+10:00,Booked,2026-09-14T09:00:00+10:00,2026-09-14T11:00:00+10:00,S03,180
B001,E01464,B00732,completed,2026-09-14T11:00:00+10:00,Completed,2026-09-14T09:00:00+10:00,2026-09-14T11:00:00+10:00,S03,180
B001,E01465,B00733,created,2026-09-04T10:00:00+10:00,Booked,2026-09-14T11:00:00+10:00,2026-09-14T13:00:00+10:00,S03,180
B001,E01466,B00733,completed,2026-09-14T13:00:00+10:00,Completed,2026-09-14T11:00:00+10:00,2026-09-14T13:00:00+10:00,S03,180
B001,E01467,B00734,created,2026-09-04T10:00:00+10:00,Booked,2026-09-14T13:00:00+10:00,2026-09-14T15:00:00+10:00,S03,180
B001,E01468,B00734,completed,2026-09-14T15:00:00+10:00,Completed,2026-09-14T13:00:00+10:00,2026-09-14T15:00:00+10:00,S03,180
B001,E01469,B00735,created,2026-09-04T10:00:00+10:00,Booked,2026-09-14T15:00:00+10:00,2026-09-14T17:00:00+10:00,S03,180
B001,E01470,B00735,completed,2026-09-14T17:00:00+10:00,Completed,2026-09-14T15:00:00+10:00,2026-09-14T17:00:00+10:00,S03,180
B001,E01471,B00736,created,2026-09-04T10:00:00+10:00,Booked,2026-09-15T09:00:00+10:00,2026-09-15T11:00:00+10:00,S03,180
B001,E01472,B00736,completed,2026-09-15T11:00:00+10:00,Completed,2026-09-15T09:00:00+10:00,2026-09-15T11:00:00+10:00,S03,180
B001,E01473,B00737,created,2026-09-04T10:00:00+10:00,Booked,2026-09-15T11:00:00+10:00,2026-09-15T13:00:00+10:00,S03,180
B001,E01474,B00737,completed,2026-09-15T13:00:00+10:00,Completed,2026-09-15T11:00:00+10:00,2026-09-15T13:00:00+10:00,S03,180
B001,E01475,B00738,created,2026-09-04T10:00:00+10:00,Booked,2026-09-15T13:00:00+10:00,2026-09-15T15:00:00+10:00,S03,180
B001,E01476,B00738,completed,2026-09-15T15:00:00+10:00,Completed,2026-09-15T13:00:00+10:00,2026-09-15T15:00:00+10:00,S03,180
B001,E01477,B00739,created,2026-09-04T10:00:00+10:00,Booked,2026-09-15T15:00:00+10:00,2026-09-15T17:00:00+10:00,S03,180
B001,E01478,B00739,completed,2026-09-15T17:00:00+10:00,Completed,2026-09-15T15:00:00+10:00,2026-09-15T17:00:00+10:00,S03,180
B001,E01479,B00740,created,2026-09-04T10:00:00+10:00,Booked,2026-09-16T09:00:00+10:00,2026-09-16T11:00:00+10:00,S03,180
B001,E01480,B00740,completed,2026-09-16T11:00:00+10:00,Completed,2026-09-16T09:00:00+10:00,2026-09-16T11:00:00+10:00,S03,180
B001,E01481,B00741,created,2026-09-04T10:00:00+10:00,Booked,2026-09-16T11:00:00+10:00,2026-09-16T13:00:00+10:00,S03,180
B001,E01482,B00741,completed,2026-09-16T13:00:00+10:00,Completed,2026-09-16T11:00:00+10:00,2026-09-16T13:00:00+10:00,S03,180
B001,E01483,B00742,created,2026-09-12T10:00:00+10:00,Booked,2026-09-16T13:00:00+10:00,2026-09-16T15:00:00+10:00,S03,180
B001,E01484,B00742,completed,2026-09-16T15:00:00+10:00,Completed,2026-09-16T13:00:00+10:00,2026-09-16T15:00:00+10:00,S03,180
B001,E01485,B00743,created,2026-09-12T10:00:00+10:00,Booked,2026-09-16T15:00:00+10:00,2026-09-16T17:00:00+10:00,S03,180
B001,E01486,B00743,completed,2026-09-16T17:00:00+10:00,Completed,2026-09-16T15:00:00+10:00,2026-09-16T17:00:00+10:00,S03,180
B001,E01487,B00744,created,2026-09-12T10:00:00+10:00,Booked,2026-09-17T09:00:00+10:00,2026-09-17T10:00:00+10:00,S03,70
B001,E01488,B00744,completed,2026-09-17T10:00:00+10:00,Completed,2026-09-17T09:00:00+10:00,2026-09-17T10:00:00+10:00,S03,70
B001,E01489,B00745,created,2026-09-12T10:00:00+10:00,Booked,2026-09-17T10:00:00+10:00,2026-09-17T11:00:00+10:00,S03,70
B001,E01490,B00745,completed,2026-09-17T11:00:00+10:00,Completed,2026-09-17T10:00:00+10:00,2026-09-17T11:00:00+10:00,S03,70
B001,E01491,B00746,created,2026-09-12T10:00:00+10:00,Booked,2026-09-17T11:00:00+10:00,2026-09-17T12:00:00+10:00,S03,70
B001,E01492,B00746,completed,2026-09-17T12:00:00+10:00,Completed,2026-09-17T11:00:00+10:00,2026-09-17T12:00:00+10:00,S03,70
B001,E01493,B00747,created,2026-09-12T10:00:00+10:00,Booked,2026-09-17T12:00:00+10:00,2026-09-17T13:00:00+10:00,S03,70
B001,E01494,B00747,completed,2026-09-17T13:00:00+10:00,Completed,2026-09-17T12:00:00+10:00,2026-09-17T13:00:00+10:00,S03,70
B001,E01495,B00748,created,2026-09-12T10:00:00+10:00,Booked,2026-09-17T13:00:00+10:00,2026-09-17T14:00:00+10:00,S03,70
B001,E01496,B00748,completed,2026-09-17T14:00:00+10:00,Completed,2026-09-17T13:00:00+10:00,2026-09-17T14:00:00+10:00,S03,70
B001,E01497,B00749,created,2026-09-12T10:00:00+10:00,Booked,2026-09-17T14:00:00+10:00,2026-09-17T15:00:00+10:00,S03,70
B001,E01498,B00749,completed,2026-09-17T15:00:00+10:00,Completed,2026-09-17T14:00:00+10:00,2026-09-17T15:00:00+10:00,S03,70
B001,E01499,B00750,created,2026-09-10T10:00:00+10:00,Booked,2026-09-21T09:00:00+10:00,2026-09-21T10:00:00+10:00,S01,70
B001,E01500,B00751,created,2026-09-10T10:00:00+10:00,Booked,2026-09-21T10:00:00+10:00,2026-09-21T11:00:00+10:00,S01,70
B001,E01501,B00752,created,2026-09-10T10:00:00+10:00,Booked,2026-09-21T11:00:00+10:00,2026-09-21T12:00:00+10:00,S01,70
B001,E01502,B00753,created,2026-09-10T10:00:00+10:00,Booked,2026-09-21T12:00:00+10:00,2026-09-21T13:00:00+10:00,S01,70
B001,E01503,B00754,created,2026-09-10T10:00:00+10:00,Booked,2026-09-22T09:00:00+10:00,2026-09-22T10:00:00+10:00,S01,70
B001,E01504,B00755,created,2026-09-10T10:00:00+10:00,Booked,2026-09-22T10:00:00+10:00,2026-09-22T11:00:00+10:00,S01,70
B001,E01505,B00756,created,2026-09-10T10:00:00+10:00,Booked,2026-09-23T09:00:00+10:00,2026-09-23T10:00:00+10:00,S01,70
B001,E01506,B00757,created,2026-09-10T10:00:00+10:00,Booked,2026-09-23T10:00:00+10:00,2026-09-23T11:00:00+10:00,S01,70
B001,E01507,B00758,created,2026-09-10T10:00:00+10:00,Booked,2026-09-24T09:00:00+10:00,2026-09-24T10:00:00+10:00,S01,70
B001,E01508,B00759,created,2026-09-10T10:00:00+10:00,Booked,2026-09-24T10:00:00+10:00,2026-09-24T11:00:00+10:00,S01,70
B001,E01509,B00760,created,2026-09-10T10:00:00+10:00,Booked,2026-09-24T11:00:00+10:00,2026-09-24T12:00:00+10:00,S01,70
B001,E01510,B00761,created,2026-09-10T10:00:00+10:00,Booked,2026-09-24T12:00:00+10:00,2026-09-24T13:00:00+10:00,S01,70
B001,E01511,B00762,created,2026-09-10T10:00:00+10:00,Booked,2026-09-25T09:00:00+10:00,2026-09-25T10:00:00+10:00,S01,70
B001,E01512,B00763,created,2026-09-10T10:00:00+10:00,Booked,2026-09-25T10:00:00+10:00,2026-09-25T11:00:00+10:00,S01,70
B001,E01513,B00764,created,2026-09-10T10:00:00+10:00,Booked,2026-09-21T09:00:00+10:00,2026-09-21T10:00:00+10:00,S02,70
B001,E01514,B00765,created,2026-09-10T10:00:00+10:00,Booked,2026-09-21T10:00:00+10:00,2026-09-21T11:00:00+10:00,S02,70
B001,E01515,B00766,created,2026-09-10T10:00:00+10:00,Booked,2026-09-21T11:00:00+10:00,2026-09-21T12:00:00+10:00,S02,70
B001,E01516,B00767,created,2026-09-10T10:00:00+10:00,Booked,2026-09-21T12:00:00+10:00,2026-09-21T13:00:00+10:00,S02,70
B001,E01517,B00768,created,2026-09-10T10:00:00+10:00,Booked,2026-09-22T09:00:00+10:00,2026-09-22T10:00:00+10:00,S02,70
B001,E01518,B00769,created,2026-09-10T10:00:00+10:00,Booked,2026-09-22T10:00:00+10:00,2026-09-22T11:00:00+10:00,S02,70
B001,E01519,B00770,created,2026-09-10T10:00:00+10:00,Booked,2026-09-23T09:00:00+10:00,2026-09-23T10:00:00+10:00,S02,70
B001,E01520,B00771,created,2026-09-10T10:00:00+10:00,Booked,2026-09-23T10:00:00+10:00,2026-09-23T11:00:00+10:00,S02,70
B001,E01521,B00772,created,2026-09-10T10:00:00+10:00,Booked,2026-09-24T09:00:00+10:00,2026-09-24T10:00:00+10:00,S02,70
B001,E01522,B00773,created,2026-09-10T10:00:00+10:00,Booked,2026-09-24T10:00:00+10:00,2026-09-24T11:00:00+10:00,S02,70
B001,E01523,B00774,created,2026-09-10T10:00:00+10:00,Booked,2026-09-24T11:00:00+10:00,2026-09-24T12:00:00+10:00,S02,70
B001,E01524,B00775,created,2026-09-10T10:00:00+10:00,Booked,2026-09-24T12:00:00+10:00,2026-09-24T13:00:00+10:00,S02,70
B001,E01525,B00776,created,2026-09-10T10:00:00+10:00,Booked,2026-09-25T09:00:00+10:00,2026-09-25T10:00:00+10:00,S02,70
B001,E01526,B00777,created,2026-09-10T10:00:00+10:00,Booked,2026-09-25T10:00:00+10:00,2026-09-25T11:00:00+10:00,S02,70
B001,E01527,B00778,created,2026-09-10T10:00:00+10:00,Booked,2026-09-21T09:00:00+10:00,2026-09-21T10:00:00+10:00,S03,70
B001,E01528,B00779,created,2026-09-10T10:00:00+10:00,Booked,2026-09-21T10:00:00+10:00,2026-09-21T11:00:00+10:00,S03,70
B001,E01529,B00780,created,2026-09-10T10:00:00+10:00,Booked,2026-09-21T11:00:00+10:00,2026-09-21T12:00:00+10:00,S03,70
B001,E01530,B00781,created,2026-09-10T10:00:00+10:00,Booked,2026-09-21T12:00:00+10:00,2026-09-21T13:00:00+10:00,S03,70
B001,E01531,B00782,created,2026-09-10T10:00:00+10:00,Booked,2026-09-22T09:00:00+10:00,2026-09-22T10:00:00+10:00,S03,70
B001,E01532,B00783,created,2026-09-10T10:00:00+10:00,Booked,2026-09-22T10:00:00+10:00,2026-09-22T11:00:00+10:00,S03,70
B001,E01533,B00784,created,2026-09-10T10:00:00+10:00,Booked,2026-09-23T09:00:00+10:00,2026-09-23T10:00:00+10:00,S03,70
B001,E01534,B00785,created,2026-09-10T10:00:00+10:00,Booked,2026-09-23T10:00:00+10:00,2026-09-23T11:00:00+10:00,S03,70
B001,E01535,B00786,created,2026-09-10T10:00:00+10:00,Booked,2026-09-24T09:00:00+10:00,2026-09-24T10:00:00+10:00,S03,70
B001,E01536,B00787,created,2026-09-10T10:00:00+10:00,Booked,2026-09-24T10:00:00+10:00,2026-09-24T11:00:00+10:00,S03,70
B001,E01537,B00788,created,2026-09-10T10:00:00+10:00,Booked,2026-09-24T11:00:00+10:00,2026-09-24T12:00:00+10:00,S03,70
B001,E01538,B00789,created,2026-09-10T10:00:00+10:00,Booked,2026-09-24T12:00:00+10:00,2026-09-24T13:00:00+10:00,S03,70
B001,E01539,B00790,created,2026-09-10T10:00:00+10:00,Booked,2026-09-25T09:00:00+10:00,2026-09-25T10:00:00+10:00,S03,70
B001,E01540,B00791,created,2026-09-10T10:00:00+10:00,Booked,2026-09-25T10:00:00+10:00,2026-09-25T11:00:00+10:00,S03,70
B001,E01541,B00792,created,2026-09-10T10:00:00+10:00,Booked,2026-09-28T09:00:00+10:00,2026-09-28T10:00:00+10:00,S01,70
B001,E01542,B00793,created,2026-09-10T10:00:00+10:00,Booked,2026-09-28T10:00:00+10:00,2026-09-28T11:00:00+10:00,S01,70
B001,E01543,B00794,created,2026-09-10T10:00:00+10:00,Booked,2026-09-29T09:00:00+10:00,2026-09-29T10:00:00+10:00,S01,70
B001,E01544,B00795,created,2026-09-10T10:00:00+10:00,Booked,2026-09-29T10:00:00+10:00,2026-09-29T11:00:00+10:00,S01,70
B001,E01545,B00796,created,2026-09-10T10:00:00+10:00,Booked,2026-09-30T09:00:00+10:00,2026-09-30T10:00:00+10:00,S01,70
B001,E01546,B00797,created,2026-09-10T10:00:00+10:00,Booked,2026-09-30T10:00:00+10:00,2026-09-30T11:00:00+10:00,S01,70
B001,E01547,B00798,created,2026-09-10T10:00:00+10:00,Booked,2026-10-01T09:00:00+10:00,2026-10-01T10:00:00+10:00,S01,70
B001,E01548,B00799,created,2026-09-10T10:00:00+10:00,Booked,2026-10-01T10:00:00+10:00,2026-10-01T11:00:00+10:00,S01,70
B001,E01549,B00800,created,2026-09-10T10:00:00+10:00,Booked,2026-10-02T09:00:00+10:00,2026-10-02T10:00:00+10:00,S01,70
B001,E01550,B00801,created,2026-09-10T10:00:00+10:00,Booked,2026-10-02T10:00:00+10:00,2026-10-02T11:00:00+10:00,S01,70
B001,E01551,B00802,created,2026-09-10T10:00:00+10:00,Booked,2026-09-28T09:00:00+10:00,2026-09-28T10:00:00+10:00,S02,70
B001,E01552,B00803,created,2026-09-10T10:00:00+10:00,Booked,2026-09-28T10:00:00+10:00,2026-09-28T11:00:00+10:00,S02,70
B001,E01553,B00804,created,2026-09-10T10:00:00+10:00,Booked,2026-09-29T09:00:00+10:00,2026-09-29T10:00:00+10:00,S02,70
B001,E01554,B00805,created,2026-09-10T10:00:00+10:00,Booked,2026-09-29T10:00:00+10:00,2026-09-29T11:00:00+10:00,S02,70
B001,E01555,B00806,created,2026-09-10T10:00:00+10:00,Booked,2026-09-30T09:00:00+10:00,2026-09-30T10:00:00+10:00,S02,70
B001,E01556,B00807,created,2026-09-10T10:00:00+10:00,Booked,2026-09-30T10:00:00+10:00,2026-09-30T11:00:00+10:00,S02,70
B001,E01557,B00808,created,2026-09-10T10:00:00+10:00,Booked,2026-10-01T09:00:00+10:00,2026-10-01T10:00:00+10:00,S02,70
B001,E01558,B00809,created,2026-09-10T10:00:00+10:00,Booked,2026-10-01T10:00:00+10:00,2026-10-01T11:00:00+10:00,S02,70
B001,E01559,B00810,created,2026-09-10T10:00:00+10:00,Booked,2026-10-02T09:00:00+10:00,2026-10-02T10:00:00+10:00,S02,70
B001,E01560,B00811,created,2026-09-10T10:00:00+10:00,Booked,2026-10-02T10:00:00+10:00,2026-10-02T11:00:00+10:00,S02,70
B001,E01561,B00812,created,2026-09-10T10:00:00+10:00,Booked,2026-09-28T09:00:00+10:00,2026-09-28T10:00:00+10:00,S03,70
B001,E01562,B00813,created,2026-09-10T10:00:00+10:00,Booked,2026-09-28T10:00:00+10:00,2026-09-28T11:00:00+10:00,S03,70
B001,E01563,B00814,created,2026-09-10T10:00:00+10:00,Booked,2026-09-29T09:00:00+10:00,2026-09-29T10:00:00+10:00,S03,70
B001,E01564,B00815,created,2026-09-10T10:00:00+10:00,Booked,2026-09-29T10:00:00+10:00,2026-09-29T11:00:00+10:00,S03,70
B001,E01565,B00816,created,2026-09-10T10:00:00+10:00,Booked,2026-09-30T09:00:00+10:00,2026-09-30T10:00:00+10:00,S03,70
B001,E01566,B00817,created,2026-09-10T10:00:00+10:00,Booked,2026-09-30T10:00:00+10:00,2026-09-30T11:00:00+10:00,S03,70
B001,E01567,B00818,created,2026-09-10T10:00:00+10:00,Booked,2026-10-01T09:00:00+10:00,2026-10-01T10:00:00+10:00,S03,70
B001,E01568,B00819,created,2026-09-10T10:00:00+10:00,Booked,2026-10-01T10:00:00+10:00,2026-10-01T11:00:00+10:00,S03,70
B001,E01569,B00820,created,2026-09-10T10:00:00+10:00,Booked,2026-10-02T09:00:00+10:00,2026-10-02T10:00:00+10:00,S03,70
B001,E01570,B00821,created,2026-09-10T10:00:00+10:00,Booked,2026-10-02T10:00:00+10:00,2026-10-02T11:00:00+10:00,S03,70
B001,E01571,B00822,created,2026-07-28T10:00:00+10:00,Booked,2026-08-07T13:00:00+10:00,2026-08-07T14:00:00+10:00,S02,70
B001,E01572,B00822,cancelled,2026-08-07T11:00:00+10:00,Cancelled,2026-08-07T13:00:00+10:00,2026-08-07T14:00:00+10:00,S02,70
B001,E01573,B00823,created,2026-08-07T11:00:00+10:00,Booked,2026-08-07T13:00:00+10:00,2026-08-07T14:00:00+10:00,S02,70
B001,E01574,B00823,completed,2026-08-07T14:00:00+10:00,Completed,2026-08-07T13:00:00+10:00,2026-08-07T14:00:00+10:00,S02,70
B001,E01575,B00824,created,2026-07-28T10:00:00+10:00,Booked,2026-08-07T14:00:00+10:00,2026-08-07T15:00:00+10:00,S02,70
B001,E01576,B00824,cancelled,2026-08-07T12:00:00+10:00,Cancelled,2026-08-07T14:00:00+10:00,2026-08-07T15:00:00+10:00,S02,70
B001,E01577,B00825,created,2026-07-28T10:00:00+10:00,Booked,2026-08-07T11:00:00+10:00,2026-08-07T12:00:00+10:00,S02,70
B001,E01578,B00825,no_show,2026-08-07T12:00:00+10:00,No-show,2026-08-07T11:00:00+10:00,2026-08-07T12:00:00+10:00,S02,70
B001,E01579,B00826,created,2026-09-12T10:00:00+10:00,Booked,2026-09-24T14:00:00+10:00,2026-09-24T15:00:00+10:00,S03,70
B001,E01580,B00826,rescheduled,2026-09-16T12:00:00+10:00,Booked,2026-09-25T13:00:00+10:00,2026-09-25T14:00:00+10:00,S03,70
B001,E01581,B00827,created,2026-08-04T10:00:00+10:00,Booked,2026-08-14T11:00:00+10:00,2026-08-14T14:00:00+10:00,S02,250
B001,E01582,B00827,completed,2026-08-14T14:00:00+10:00,Completed,2026-08-14T11:00:00+10:00,2026-08-14T14:00:00+10:00,S02,250
B001,E01583,B00828,created,2026-06-23T10:00:00+10:00,Booked,2026-07-03T10:00:00+10:00,2026-07-03T11:00:00+10:00,S01,70
B001,E01584,B00828,completed,2026-07-03T11:00:00+10:00,Completed,2026-07-03T10:00:00+10:00,2026-07-03T11:00:00+10:00,S01,70
B001,E01585,B00829,created,2026-06-23T10:00:00+10:00,Booked,2026-07-03T11:00:00+10:00,2026-07-03T12:00:00+10:00,S01,70
B001,E01586,B00829,completed,2026-07-03T12:00:00+10:00,Completed,2026-07-03T11:00:00+10:00,2026-07-03T12:00:00+10:00,S01,70
B001,E01587,B00830,created,2026-06-23T10:00:00+10:00,Booked,2026-07-03T12:00:00+10:00,2026-07-03T13:00:00+10:00,S01,70
B001,E01588,B00830,completed,2026-07-03T13:00:00+10:00,Completed,2026-07-03T12:00:00+10:00,2026-07-03T13:00:00+10:00,S01,70
B001,E01589,B00831,created,2026-06-23T10:00:00+10:00,Booked,2026-07-03T13:00:00+10:00,2026-07-03T14:00:00+10:00,S01,70
B001,E01590,B00831,completed,2026-07-03T14:00:00+10:00,Completed,2026-07-03T13:00:00+10:00,2026-07-03T14:00:00+10:00,S01,70
B001,HB00001-created,HB00001,created,2025-05-23T09:00:00+10:00,Booked,2025-06-02T09:00:00+10:00,2025-06-02T10:00:00+10:00,S01,70
B001,HB00001-completed,HB00001,completed,2025-06-02T10:00:00+10:00,Completed,2025-06-02T09:00:00+10:00,2025-06-02T10:00:00+10:00,S01,70
B001,HB00002-created,HB00002,created,2025-05-31T12:00:00+10:00,Booked,2025-06-02T12:00:00+10:00,2025-06-02T13:00:00+10:00,S01,70
B001,HB00002-completed,HB00002,completed,2025-06-02T13:00:00+10:00,Completed,2025-06-02T12:00:00+10:00,2025-06-02T13:00:00+10:00,S01,70
B001,HB00003-created,HB00003,created,2025-05-24T09:00:00+10:00,Booked,2025-06-03T09:00:00+10:00,2025-06-03T10:00:00+10:00,S01,70
B001,HB00003-completed,HB00003,completed,2025-06-03T10:00:00+10:00,Completed,2025-06-03T09:00:00+10:00,2025-06-03T10:00:00+10:00,S01,70
B001,HB00004-created,HB00004,created,2025-06-01T12:00:00+10:00,Booked,2025-06-03T12:00:00+10:00,2025-06-03T14:00:00+10:00,S01,180
B001,HB00004-completed,HB00004,completed,2025-06-03T14:00:00+10:00,Completed,2025-06-03T12:00:00+10:00,2025-06-03T14:00:00+10:00,S01,180
B001,HB00005-created,HB00005,created,2025-05-25T09:00:00+10:00,Booked,2025-06-04T09:00:00+10:00,2025-06-04T11:00:00+10:00,S01,180
B001,HB00005-completed,HB00005,completed,2025-06-04T11:00:00+10:00,Completed,2025-06-04T09:00:00+10:00,2025-06-04T11:00:00+10:00,S01,180
B001,HB00006-created,HB00006,created,2025-06-02T12:00:00+10:00,Booked,2025-06-04T12:00:00+10:00,2025-06-04T13:00:00+10:00,S01,70
B001,HB00006-completed,HB00006,completed,2025-06-04T13:00:00+10:00,Completed,2025-06-04T12:00:00+10:00,2025-06-04T13:00:00+10:00,S01,70
B001,HB00007-created,HB00007,created,2025-05-26T09:00:00+10:00,Booked,2025-06-05T09:00:00+10:00,2025-06-05T10:00:00+10:00,S01,70
B001,HB00007-completed,HB00007,completed,2025-06-05T10:00:00+10:00,Completed,2025-06-05T09:00:00+10:00,2025-06-05T10:00:00+10:00,S01,70
B001,HB00008-created,HB00008,created,2025-06-03T12:00:00+10:00,Booked,2025-06-05T12:00:00+10:00,2025-06-05T13:00:00+10:00,S01,70
B001,HB00008-completed,HB00008,completed,2025-06-05T13:00:00+10:00,Completed,2025-06-05T12:00:00+10:00,2025-06-05T13:00:00+10:00,S01,70
B001,HB00009-created,HB00009,created,2025-05-27T09:00:00+10:00,Booked,2025-06-06T09:00:00+10:00,2025-06-06T10:00:00+10:00,S01,70
B001,HB00009-completed,HB00009,completed,2025-06-06T10:00:00+10:00,Completed,2025-06-06T09:00:00+10:00,2025-06-06T10:00:00+10:00,S01,70
B001,HB00010-created,HB00010,created,2025-06-04T12:00:00+10:00,Booked,2025-06-06T12:00:00+10:00,2025-06-06T14:00:00+10:00,S01,180
B001,HB00010-completed,HB00010,completed,2025-06-06T14:00:00+10:00,Completed,2025-06-06T12:00:00+10:00,2025-06-06T14:00:00+10:00,S01,180
B001,HB00011-created,HB00011,created,2025-05-23T09:00:00+10:00,Booked,2025-06-02T09:00:00+10:00,2025-06-02T10:00:00+10:00,S02,70
B001,HB00011-completed,HB00011,completed,2025-06-02T10:00:00+10:00,Completed,2025-06-02T09:00:00+10:00,2025-06-02T10:00:00+10:00,S02,70
B001,HB00012-created,HB00012,created,2025-05-31T12:00:00+10:00,Booked,2025-06-02T12:00:00+10:00,2025-06-02T14:00:00+10:00,S02,180
B001,HB00012-completed,HB00012,completed,2025-06-02T14:00:00+10:00,Completed,2025-06-02T12:00:00+10:00,2025-06-02T14:00:00+10:00,S02,180
B001,HB00013-created,HB00013,created,2025-05-24T09:00:00+10:00,Booked,2025-06-03T09:00:00+10:00,2025-06-03T11:00:00+10:00,S02,180
B001,HB00013-completed,HB00013,completed,2025-06-03T11:00:00+10:00,Completed,2025-06-03T09:00:00+10:00,2025-06-03T11:00:00+10:00,S02,180
B001,HB00014-created,HB00014,created,2025-06-01T12:00:00+10:00,Booked,2025-06-03T12:00:00+10:00,2025-06-03T13:00:00+10:00,S02,70
B001,HB00014-completed,HB00014,completed,2025-06-03T13:00:00+10:00,Completed,2025-06-03T12:00:00+10:00,2025-06-03T13:00:00+10:00,S02,70
B001,HB00015-created,HB00015,created,2025-05-25T09:00:00+10:00,Booked,2025-06-04T09:00:00+10:00,2025-06-04T10:00:00+10:00,S02,70
B001,HB00015-completed,HB00015,completed,2025-06-04T10:00:00+10:00,Completed,2025-06-04T09:00:00+10:00,2025-06-04T10:00:00+10:00,S02,70
B001,HB00016-created,HB00016,created,2025-06-02T12:00:00+10:00,Booked,2025-06-04T12:00:00+10:00,2025-06-04T13:00:00+10:00,S02,70
B001,HB00016-completed,HB00016,completed,2025-06-04T13:00:00+10:00,Completed,2025-06-04T12:00:00+10:00,2025-06-04T13:00:00+10:00,S02,70
B001,HB00017-created,HB00017,created,2025-05-26T09:00:00+10:00,Booked,2025-06-05T09:00:00+10:00,2025-06-05T10:00:00+10:00,S02,70
B001,HB00017-completed,HB00017,completed,2025-06-05T10:00:00+10:00,Completed,2025-06-05T09:00:00+10:00,2025-06-05T10:00:00+10:00,S02,70
B001,HB00018-created,HB00018,created,2025-06-03T12:00:00+10:00,Booked,2025-06-05T12:00:00+10:00,2025-06-05T14:00:00+10:00,S02,180
B001,HB00018-completed,HB00018,completed,2025-06-05T14:00:00+10:00,Completed,2025-06-05T12:00:00+10:00,2025-06-05T14:00:00+10:00,S02,180
B001,HB00019-created,HB00019,created,2025-05-27T09:00:00+10:00,Booked,2025-06-06T09:00:00+10:00,2025-06-06T11:00:00+10:00,S02,180
B001,HB00019-completed,HB00019,completed,2025-06-06T11:00:00+10:00,Completed,2025-06-06T09:00:00+10:00,2025-06-06T11:00:00+10:00,S02,180
B001,HB00020-created,HB00020,created,2025-06-04T12:00:00+10:00,Booked,2025-06-06T12:00:00+10:00,2025-06-06T13:00:00+10:00,S02,70
B001,HB00020-completed,HB00020,completed,2025-06-06T13:00:00+10:00,Completed,2025-06-06T12:00:00+10:00,2025-06-06T13:00:00+10:00,S02,70
B001,HB00021-created,HB00021,created,2025-05-23T09:00:00+10:00,Booked,2025-06-02T09:00:00+10:00,2025-06-02T11:00:00+10:00,S03,180
B001,HB00021-completed,HB00021,completed,2025-06-02T11:00:00+10:00,Completed,2025-06-02T09:00:00+10:00,2025-06-02T11:00:00+10:00,S03,180
B001,HB00022-created,HB00022,created,2025-05-31T12:00:00+10:00,Booked,2025-06-02T12:00:00+10:00,2025-06-02T13:00:00+10:00,S03,70
B001,HB00022-completed,HB00022,completed,2025-06-02T13:00:00+10:00,Completed,2025-06-02T12:00:00+10:00,2025-06-02T13:00:00+10:00,S03,70
B001,HB00023-created,HB00023,created,2025-05-24T09:00:00+10:00,Booked,2025-06-03T09:00:00+10:00,2025-06-03T10:00:00+10:00,S03,70
B001,HB00023-completed,HB00023,completed,2025-06-03T10:00:00+10:00,Completed,2025-06-03T09:00:00+10:00,2025-06-03T10:00:00+10:00,S03,70
B001,HB00024-created,HB00024,created,2025-06-01T12:00:00+10:00,Booked,2025-06-03T12:00:00+10:00,2025-06-03T13:00:00+10:00,S03,70
B001,HB00024-completed,HB00024,completed,2025-06-03T13:00:00+10:00,Completed,2025-06-03T12:00:00+10:00,2025-06-03T13:00:00+10:00,S03,70
B001,HB00025-created,HB00025,created,2025-05-25T09:00:00+10:00,Booked,2025-06-04T09:00:00+10:00,2025-06-04T10:00:00+10:00,S03,70
B001,HB00025-completed,HB00025,completed,2025-06-04T10:00:00+10:00,Completed,2025-06-04T09:00:00+10:00,2025-06-04T10:00:00+10:00,S03,70
B001,HB00026-created,HB00026,created,2025-06-02T12:00:00+10:00,Booked,2025-06-04T12:00:00+10:00,2025-06-04T14:00:00+10:00,S03,180
B001,HB00026-completed,HB00026,completed,2025-06-04T14:00:00+10:00,Completed,2025-06-04T12:00:00+10:00,2025-06-04T14:00:00+10:00,S03,180
B001,HB00027-created,HB00027,created,2025-05-26T09:00:00+10:00,Booked,2025-06-05T09:00:00+10:00,2025-06-05T11:00:00+10:00,S03,180
B001,HB00027-completed,HB00027,completed,2025-06-05T11:00:00+10:00,Completed,2025-06-05T09:00:00+10:00,2025-06-05T11:00:00+10:00,S03,180
B001,HB00028-created,HB00028,created,2025-06-03T12:00:00+10:00,Booked,2025-06-05T12:00:00+10:00,2025-06-05T13:00:00+10:00,S03,70
B001,HB00028-completed,HB00028,completed,2025-06-05T13:00:00+10:00,Completed,2025-06-05T12:00:00+10:00,2025-06-05T13:00:00+10:00,S03,70
B001,HB00029-created,HB00029,created,2025-05-27T09:00:00+10:00,Booked,2025-06-06T09:00:00+10:00,2025-06-06T10:00:00+10:00,S03,70
B001,HB00029-completed,HB00029,completed,2025-06-06T10:00:00+10:00,Completed,2025-06-06T09:00:00+10:00,2025-06-06T10:00:00+10:00,S03,70
B001,HB00030-created,HB00030,created,2025-06-04T12:00:00+10:00,Booked,2025-06-06T12:00:00+10:00,2025-06-06T13:00:00+10:00,S03,70
B001,HB00030-completed,HB00030,completed,2025-06-06T13:00:00+10:00,Completed,2025-06-06T12:00:00+10:00,2025-06-06T13:00:00+10:00,S03,70
B001,HB00031-created,HB00031,created,2025-05-30T09:00:00+10:00,Booked,2025-06-09T09:00:00+10:00,2025-06-09T10:00:00+10:00,S01,70
B001,HB00031-completed,HB00031,completed,2025-06-09T10:00:00+10:00,Completed,2025-06-09T09:00:00+10:00,2025-06-09T10:00:00+10:00,S01,70
B001,HB00032-created,HB00032,created,2025-06-07T12:00:00+10:00,Booked,2025-06-09T12:00:00+10:00,2025-06-09T14:00:00+10:00,S01,180
B001,HB00032-completed,HB00032,completed,2025-06-09T14:00:00+10:00,Completed,2025-06-09T12:00:00+10:00,2025-06-09T14:00:00+10:00,S01,180
B001,HB00033-created,HB00033,created,2025-05-31T09:00:00+10:00,Booked,2025-06-10T09:00:00+10:00,2025-06-10T11:00:00+10:00,S01,180
B001,HB00033-completed,HB00033,completed,2025-06-10T11:00:00+10:00,Completed,2025-06-10T09:00:00+10:00,2025-06-10T11:00:00+10:00,S01,180
B001,HB00034-created,HB00034,created,2025-06-08T12:00:00+10:00,Booked,2025-06-10T12:00:00+10:00,2025-06-10T13:00:00+10:00,S01,70
B001,HB00034-completed,HB00034,completed,2025-06-10T13:00:00+10:00,Completed,2025-06-10T12:00:00+10:00,2025-06-10T13:00:00+10:00,S01,70
B001,HB00035-created,HB00035,created,2025-06-01T09:00:00+10:00,Booked,2025-06-11T09:00:00+10:00,2025-06-11T10:00:00+10:00,S01,70
B001,HB00035-completed,HB00035,completed,2025-06-11T10:00:00+10:00,Completed,2025-06-11T09:00:00+10:00,2025-06-11T10:00:00+10:00,S01,70
B001,HB00036-created,HB00036,created,2025-06-09T12:00:00+10:00,Booked,2025-06-11T12:00:00+10:00,2025-06-11T13:00:00+10:00,S01,70
B001,HB00036-completed,HB00036,completed,2025-06-11T13:00:00+10:00,Completed,2025-06-11T12:00:00+10:00,2025-06-11T13:00:00+10:00,S01,70
B001,HB00037-created,HB00037,created,2025-06-02T09:00:00+10:00,Booked,2025-06-12T09:00:00+10:00,2025-06-12T10:00:00+10:00,S01,70
B001,HB00037-completed,HB00037,completed,2025-06-12T10:00:00+10:00,Completed,2025-06-12T09:00:00+10:00,2025-06-12T10:00:00+10:00,S01,70
B001,HB00038-created,HB00038,created,2025-06-10T12:00:00+10:00,Booked,2025-06-12T12:00:00+10:00,2025-06-12T14:00:00+10:00,S01,180
B001,HB00038-completed,HB00038,completed,2025-06-12T14:00:00+10:00,Completed,2025-06-12T12:00:00+10:00,2025-06-12T14:00:00+10:00,S01,180
B001,HB00039-created,HB00039,created,2025-06-03T09:00:00+10:00,Booked,2025-06-13T09:00:00+10:00,2025-06-13T11:00:00+10:00,S01,180
B001,HB00039-completed,HB00039,completed,2025-06-13T11:00:00+10:00,Completed,2025-06-13T09:00:00+10:00,2025-06-13T11:00:00+10:00,S01,180
B001,HB00040-created,HB00040,created,2025-06-11T12:00:00+10:00,Booked,2025-06-13T12:00:00+10:00,2025-06-13T13:00:00+10:00,S01,70
B001,HB00040-completed,HB00040,completed,2025-06-13T13:00:00+10:00,Completed,2025-06-13T12:00:00+10:00,2025-06-13T13:00:00+10:00,S01,70
B001,HB00041-created,HB00041,created,2025-05-30T09:00:00+10:00,Booked,2025-06-09T09:00:00+10:00,2025-06-09T11:00:00+10:00,S02,180
B001,HB00041-completed,HB00041,completed,2025-06-09T11:00:00+10:00,Completed,2025-06-09T09:00:00+10:00,2025-06-09T11:00:00+10:00,S02,180
B001,HB00042-created,HB00042,created,2025-06-07T12:00:00+10:00,Booked,2025-06-09T12:00:00+10:00,2025-06-09T13:00:00+10:00,S02,70
B001,HB00042-completed,HB00042,completed,2025-06-09T13:00:00+10:00,Completed,2025-06-09T12:00:00+10:00,2025-06-09T13:00:00+10:00,S02,70
B001,HB00043-created,HB00043,created,2025-05-31T09:00:00+10:00,Booked,2025-06-10T09:00:00+10:00,2025-06-10T10:00:00+10:00,S02,70
B001,HB00043-completed,HB00043,completed,2025-06-10T10:00:00+10:00,Completed,2025-06-10T09:00:00+10:00,2025-06-10T10:00:00+10:00,S02,70
B001,HB00044-created,HB00044,created,2025-06-08T12:00:00+10:00,Booked,2025-06-10T12:00:00+10:00,2025-06-10T13:00:00+10:00,S02,70
B001,HB00044-completed,HB00044,completed,2025-06-10T13:00:00+10:00,Completed,2025-06-10T12:00:00+10:00,2025-06-10T13:00:00+10:00,S02,70
B001,HB00045-created,HB00045,created,2025-06-01T09:00:00+10:00,Booked,2025-06-11T09:00:00+10:00,2025-06-11T10:00:00+10:00,S02,70
B001,HB00045-completed,HB00045,completed,2025-06-11T10:00:00+10:00,Completed,2025-06-11T09:00:00+10:00,2025-06-11T10:00:00+10:00,S02,70
B001,HB00046-created,HB00046,created,2025-06-09T12:00:00+10:00,Booked,2025-06-11T12:00:00+10:00,2025-06-11T14:00:00+10:00,S02,180
B001,HB00046-completed,HB00046,completed,2025-06-11T14:00:00+10:00,Completed,2025-06-11T12:00:00+10:00,2025-06-11T14:00:00+10:00,S02,180
B001,HB00047-created,HB00047,created,2025-06-02T09:00:00+10:00,Booked,2025-06-12T09:00:00+10:00,2025-06-12T11:00:00+10:00,S02,180
B001,HB00047-completed,HB00047,completed,2025-06-12T11:00:00+10:00,Completed,2025-06-12T09:00:00+10:00,2025-06-12T11:00:00+10:00,S02,180
B001,HB00048-created,HB00048,created,2025-06-10T12:00:00+10:00,Booked,2025-06-12T12:00:00+10:00,2025-06-12T13:00:00+10:00,S02,70
B001,HB00048-completed,HB00048,completed,2025-06-12T13:00:00+10:00,Completed,2025-06-12T12:00:00+10:00,2025-06-12T13:00:00+10:00,S02,70
B001,HB00049-created,HB00049,created,2025-06-03T09:00:00+10:00,Booked,2025-06-13T09:00:00+10:00,2025-06-13T10:00:00+10:00,S02,70
B001,HB00049-completed,HB00049,completed,2025-06-13T10:00:00+10:00,Completed,2025-06-13T09:00:00+10:00,2025-06-13T10:00:00+10:00,S02,70
B001,HB00050-created,HB00050,created,2025-06-11T12:00:00+10:00,Booked,2025-06-13T12:00:00+10:00,2025-06-13T13:00:00+10:00,S02,70
B001,HB00050-completed,HB00050,completed,2025-06-13T13:00:00+10:00,Completed,2025-06-13T12:00:00+10:00,2025-06-13T13:00:00+10:00,S02,70
B001,HB00051-created,HB00051,created,2025-05-30T09:00:00+10:00,Booked,2025-06-09T09:00:00+10:00,2025-06-09T10:00:00+10:00,S03,70
B001,HB00051-completed,HB00051,completed,2025-06-09T10:00:00+10:00,Completed,2025-06-09T09:00:00+10:00,2025-06-09T10:00:00+10:00,S03,70
B001,HB00052-created,HB00052,created,2025-06-07T12:00:00+10:00,Booked,2025-06-09T12:00:00+10:00,2025-06-09T13:00:00+10:00,S03,70
B001,HB00052-completed,HB00052,completed,2025-06-09T13:00:00+10:00,Completed,2025-06-09T12:00:00+10:00,2025-06-09T13:00:00+10:00,S03,70
B001,HB00053-created,HB00053,created,2025-05-31T09:00:00+10:00,Booked,2025-06-10T09:00:00+10:00,2025-06-10T10:00:00+10:00,S03,70
B001,HB00053-completed,HB00053,completed,2025-06-10T10:00:00+10:00,Completed,2025-06-10T09:00:00+10:00,2025-06-10T10:00:00+10:00,S03,70
B001,HB00054-created,HB00054,created,2025-06-08T12:00:00+10:00,Booked,2025-06-10T12:00:00+10:00,2025-06-10T14:00:00+10:00,S03,180
B001,HB00054-completed,HB00054,completed,2025-06-10T14:00:00+10:00,Completed,2025-06-10T12:00:00+10:00,2025-06-10T14:00:00+10:00,S03,180
B001,HB00055-created,HB00055,created,2025-06-01T09:00:00+10:00,Booked,2025-06-11T09:00:00+10:00,2025-06-11T11:00:00+10:00,S03,180
B001,HB00055-completed,HB00055,completed,2025-06-11T11:00:00+10:00,Completed,2025-06-11T09:00:00+10:00,2025-06-11T11:00:00+10:00,S03,180
B001,HB00056-created,HB00056,created,2025-06-09T12:00:00+10:00,Booked,2025-06-11T12:00:00+10:00,2025-06-11T13:00:00+10:00,S03,70
B001,HB00056-completed,HB00056,completed,2025-06-11T13:00:00+10:00,Completed,2025-06-11T12:00:00+10:00,2025-06-11T13:00:00+10:00,S03,70
B001,HB00057-created,HB00057,created,2025-06-02T09:00:00+10:00,Booked,2025-06-12T09:00:00+10:00,2025-06-12T10:00:00+10:00,S03,70
B001,HB00057-completed,HB00057,completed,2025-06-12T10:00:00+10:00,Completed,2025-06-12T09:00:00+10:00,2025-06-12T10:00:00+10:00,S03,70
B001,HB00058-created,HB00058,created,2025-06-10T12:00:00+10:00,Booked,2025-06-12T12:00:00+10:00,2025-06-12T13:00:00+10:00,S03,70
B001,HB00058-completed,HB00058,completed,2025-06-12T13:00:00+10:00,Completed,2025-06-12T12:00:00+10:00,2025-06-12T13:00:00+10:00,S03,70
B001,HB00059-created,HB00059,created,2025-06-03T09:00:00+10:00,Booked,2025-06-13T09:00:00+10:00,2025-06-13T10:00:00+10:00,S03,70
B001,HB00059-completed,HB00059,completed,2025-06-13T10:00:00+10:00,Completed,2025-06-13T09:00:00+10:00,2025-06-13T10:00:00+10:00,S03,70
B001,HB00060-created,HB00060,created,2025-06-11T12:00:00+10:00,Booked,2025-06-13T12:00:00+10:00,2025-06-13T14:00:00+10:00,S03,180
B001,HB00060-completed,HB00060,completed,2025-06-13T14:00:00+10:00,Completed,2025-06-13T12:00:00+10:00,2025-06-13T14:00:00+10:00,S03,180
B001,HB00061-created,HB00061,created,2025-06-06T09:00:00+10:00,Booked,2025-06-16T09:00:00+10:00,2025-06-16T11:00:00+10:00,S01,180
B001,HB00061-completed,HB00061,completed,2025-06-16T11:00:00+10:00,Completed,2025-06-16T09:00:00+10:00,2025-06-16T11:00:00+10:00,S01,180
B001,HB00062-created,HB00062,created,2025-06-14T12:00:00+10:00,Booked,2025-06-16T12:00:00+10:00,2025-06-16T13:00:00+10:00,S01,70
B001,HB00062-completed,HB00062,completed,2025-06-16T13:00:00+10:00,Completed,2025-06-16T12:00:00+10:00,2025-06-16T13:00:00+10:00,S01,70
B001,HB00063-created,HB00063,created,2025-06-07T09:00:00+10:00,Booked,2025-06-17T09:00:00+10:00,2025-06-17T10:00:00+10:00,S01,70
B001,HB00063-completed,HB00063,completed,2025-06-17T10:00:00+10:00,Completed,2025-06-17T09:00:00+10:00,2025-06-17T10:00:00+10:00,S01,70
B001,HB00064-created,HB00064,created,2025-06-15T12:00:00+10:00,Booked,2025-06-17T12:00:00+10:00,2025-06-17T13:00:00+10:00,S01,70
B001,HB00064-completed,HB00064,completed,2025-06-17T13:00:00+10:00,Completed,2025-06-17T12:00:00+10:00,2025-06-17T13:00:00+10:00,S01,70
B001,HB00065-created,HB00065,created,2025-06-08T09:00:00+10:00,Booked,2025-06-18T09:00:00+10:00,2025-06-18T10:00:00+10:00,S01,70
B001,HB00065-completed,HB00065,completed,2025-06-18T10:00:00+10:00,Completed,2025-06-18T09:00:00+10:00,2025-06-18T10:00:00+10:00,S01,70
B001,HB00066-created,HB00066,created,2025-06-16T12:00:00+10:00,Booked,2025-06-18T12:00:00+10:00,2025-06-18T14:00:00+10:00,S01,180
B001,HB00066-completed,HB00066,completed,2025-06-18T14:00:00+10:00,Completed,2025-06-18T12:00:00+10:00,2025-06-18T14:00:00+10:00,S01,180
B001,HB00067-created,HB00067,created,2025-06-09T09:00:00+10:00,Booked,2025-06-19T09:00:00+10:00,2025-06-19T11:00:00+10:00,S01,180
B001,HB00067-completed,HB00067,completed,2025-06-19T11:00:00+10:00,Completed,2025-06-19T09:00:00+10:00,2025-06-19T11:00:00+10:00,S01,180
B001,HB00068-created,HB00068,created,2025-06-17T12:00:00+10:00,Booked,2025-06-19T12:00:00+10:00,2025-06-19T13:00:00+10:00,S01,70
B001,HB00068-completed,HB00068,completed,2025-06-19T13:00:00+10:00,Completed,2025-06-19T12:00:00+10:00,2025-06-19T13:00:00+10:00,S01,70
B001,HB00069-created,HB00069,created,2025-06-10T09:00:00+10:00,Booked,2025-06-20T09:00:00+10:00,2025-06-20T10:00:00+10:00,S01,70
B001,HB00069-completed,HB00069,completed,2025-06-20T10:00:00+10:00,Completed,2025-06-20T09:00:00+10:00,2025-06-20T10:00:00+10:00,S01,70
B001,HB00070-created,HB00070,created,2025-06-18T12:00:00+10:00,Booked,2025-06-20T12:00:00+10:00,2025-06-20T13:00:00+10:00,S01,70
B001,HB00070-completed,HB00070,completed,2025-06-20T13:00:00+10:00,Completed,2025-06-20T12:00:00+10:00,2025-06-20T13:00:00+10:00,S01,70
B001,HB00071-created,HB00071,created,2025-06-06T09:00:00+10:00,Booked,2025-06-16T09:00:00+10:00,2025-06-16T10:00:00+10:00,S02,70
B001,HB00071-completed,HB00071,completed,2025-06-16T10:00:00+10:00,Completed,2025-06-16T09:00:00+10:00,2025-06-16T10:00:00+10:00,S02,70
B001,HB00072-created,HB00072,created,2025-06-14T12:00:00+10:00,Booked,2025-06-16T12:00:00+10:00,2025-06-16T13:00:00+10:00,S02,70
B001,HB00072-completed,HB00072,completed,2025-06-16T13:00:00+10:00,Completed,2025-06-16T12:00:00+10:00,2025-06-16T13:00:00+10:00,S02,70
B001,HB00073-created,HB00073,created,2025-06-07T09:00:00+10:00,Booked,2025-06-17T09:00:00+10:00,2025-06-17T10:00:00+10:00,S02,70
B001,HB00073-completed,HB00073,completed,2025-06-17T10:00:00+10:00,Completed,2025-06-17T09:00:00+10:00,2025-06-17T10:00:00+10:00,S02,70
B001,HB00074-created,HB00074,created,2025-06-15T12:00:00+10:00,Booked,2025-06-17T12:00:00+10:00,2025-06-17T14:00:00+10:00,S02,180
B001,HB00074-completed,HB00074,completed,2025-06-17T14:00:00+10:00,Completed,2025-06-17T12:00:00+10:00,2025-06-17T14:00:00+10:00,S02,180
B001,HB00075-created,HB00075,created,2025-06-08T09:00:00+10:00,Booked,2025-06-18T09:00:00+10:00,2025-06-18T11:00:00+10:00,S02,180
B001,HB00075-completed,HB00075,completed,2025-06-18T11:00:00+10:00,Completed,2025-06-18T09:00:00+10:00,2025-06-18T11:00:00+10:00,S02,180
B001,HB00076-created,HB00076,created,2025-06-16T12:00:00+10:00,Booked,2025-06-18T12:00:00+10:00,2025-06-18T13:00:00+10:00,S02,70
B001,HB00076-completed,HB00076,completed,2025-06-18T13:00:00+10:00,Completed,2025-06-18T12:00:00+10:00,2025-06-18T13:00:00+10:00,S02,70
B001,HB00077-created,HB00077,created,2025-06-09T09:00:00+10:00,Booked,2025-06-19T09:00:00+10:00,2025-06-19T10:00:00+10:00,S02,70
B001,HB00077-completed,HB00077,completed,2025-06-19T10:00:00+10:00,Completed,2025-06-19T09:00:00+10:00,2025-06-19T10:00:00+10:00,S02,70
B001,HB00078-created,HB00078,created,2025-06-17T12:00:00+10:00,Booked,2025-06-19T12:00:00+10:00,2025-06-19T13:00:00+10:00,S02,70
B001,HB00078-completed,HB00078,completed,2025-06-19T13:00:00+10:00,Completed,2025-06-19T12:00:00+10:00,2025-06-19T13:00:00+10:00,S02,70
B001,HB00079-created,HB00079,created,2025-06-10T09:00:00+10:00,Booked,2025-06-20T09:00:00+10:00,2025-06-20T10:00:00+10:00,S02,70
B001,HB00079-completed,HB00079,completed,2025-06-20T10:00:00+10:00,Completed,2025-06-20T09:00:00+10:00,2025-06-20T10:00:00+10:00,S02,70
B001,HB00080-created,HB00080,created,2025-06-18T12:00:00+10:00,Booked,2025-06-20T12:00:00+10:00,2025-06-20T14:00:00+10:00,S02,180
B001,HB00080-completed,HB00080,completed,2025-06-20T14:00:00+10:00,Completed,2025-06-20T12:00:00+10:00,2025-06-20T14:00:00+10:00,S02,180
B001,HB00081-created,HB00081,created,2025-06-06T09:00:00+10:00,Booked,2025-06-16T09:00:00+10:00,2025-06-16T10:00:00+10:00,S03,70
B001,HB00081-completed,HB00081,completed,2025-06-16T10:00:00+10:00,Completed,2025-06-16T09:00:00+10:00,2025-06-16T10:00:00+10:00,S03,70
B001,HB00082-created,HB00082,created,2025-06-14T12:00:00+10:00,Booked,2025-06-16T12:00:00+10:00,2025-06-16T14:00:00+10:00,S03,180
B001,HB00082-completed,HB00082,completed,2025-06-16T14:00:00+10:00,Completed,2025-06-16T12:00:00+10:00,2025-06-16T14:00:00+10:00,S03,180
B001,HB00083-created,HB00083,created,2025-06-07T09:00:00+10:00,Booked,2025-06-17T09:00:00+10:00,2025-06-17T11:00:00+10:00,S03,180
B001,HB00083-completed,HB00083,completed,2025-06-17T11:00:00+10:00,Completed,2025-06-17T09:00:00+10:00,2025-06-17T11:00:00+10:00,S03,180
B001,HB00084-created,HB00084,created,2025-06-15T12:00:00+10:00,Booked,2025-06-17T12:00:00+10:00,2025-06-17T13:00:00+10:00,S03,70
B001,HB00084-completed,HB00084,completed,2025-06-17T13:00:00+10:00,Completed,2025-06-17T12:00:00+10:00,2025-06-17T13:00:00+10:00,S03,70
B001,HB00085-created,HB00085,created,2025-06-08T09:00:00+10:00,Booked,2025-06-18T09:00:00+10:00,2025-06-18T10:00:00+10:00,S03,70
B001,HB00085-completed,HB00085,completed,2025-06-18T10:00:00+10:00,Completed,2025-06-18T09:00:00+10:00,2025-06-18T10:00:00+10:00,S03,70
B001,HB00086-created,HB00086,created,2025-06-16T12:00:00+10:00,Booked,2025-06-18T12:00:00+10:00,2025-06-18T13:00:00+10:00,S03,70
B001,HB00086-completed,HB00086,completed,2025-06-18T13:00:00+10:00,Completed,2025-06-18T12:00:00+10:00,2025-06-18T13:00:00+10:00,S03,70
B001,HB00087-created,HB00087,created,2025-06-09T09:00:00+10:00,Booked,2025-06-19T09:00:00+10:00,2025-06-19T10:00:00+10:00,S03,70
B001,HB00087-completed,HB00087,completed,2025-06-19T10:00:00+10:00,Completed,2025-06-19T09:00:00+10:00,2025-06-19T10:00:00+10:00,S03,70
B001,HB00088-created,HB00088,created,2025-06-17T12:00:00+10:00,Booked,2025-06-19T12:00:00+10:00,2025-06-19T14:00:00+10:00,S03,180
B001,HB00088-completed,HB00088,completed,2025-06-19T14:00:00+10:00,Completed,2025-06-19T12:00:00+10:00,2025-06-19T14:00:00+10:00,S03,180
B001,HB00089-created,HB00089,created,2025-06-10T09:00:00+10:00,Booked,2025-06-20T09:00:00+10:00,2025-06-20T11:00:00+10:00,S03,180
B001,HB00089-completed,HB00089,completed,2025-06-20T11:00:00+10:00,Completed,2025-06-20T09:00:00+10:00,2025-06-20T11:00:00+10:00,S03,180
B001,HB00090-created,HB00090,created,2025-06-18T12:00:00+10:00,Booked,2025-06-20T12:00:00+10:00,2025-06-20T13:00:00+10:00,S03,70
B001,HB00090-completed,HB00090,completed,2025-06-20T13:00:00+10:00,Completed,2025-06-20T12:00:00+10:00,2025-06-20T13:00:00+10:00,S03,70
B001,HB00091-created,HB00091,created,2025-06-13T09:00:00+10:00,Booked,2025-06-23T09:00:00+10:00,2025-06-23T10:00:00+10:00,S01,70
B001,HB00091-completed,HB00091,completed,2025-06-23T10:00:00+10:00,Completed,2025-06-23T09:00:00+10:00,2025-06-23T10:00:00+10:00,S01,70
B001,HB00092-created,HB00092,created,2025-06-21T12:00:00+10:00,Booked,2025-06-23T12:00:00+10:00,2025-06-23T13:00:00+10:00,S01,70
B001,HB00092-completed,HB00092,completed,2025-06-23T13:00:00+10:00,Completed,2025-06-23T12:00:00+10:00,2025-06-23T13:00:00+10:00,S01,70
B001,HB00093-created,HB00093,created,2025-06-14T09:00:00+10:00,Booked,2025-06-24T09:00:00+10:00,2025-06-24T10:00:00+10:00,S01,70
B001,HB00093-completed,HB00093,completed,2025-06-24T10:00:00+10:00,Completed,2025-06-24T09:00:00+10:00,2025-06-24T10:00:00+10:00,S01,70
B001,HB00094-created,HB00094,created,2025-06-22T12:00:00+10:00,Booked,2025-06-24T12:00:00+10:00,2025-06-24T14:00:00+10:00,S01,180
B001,HB00094-completed,HB00094,completed,2025-06-24T14:00:00+10:00,Completed,2025-06-24T12:00:00+10:00,2025-06-24T14:00:00+10:00,S01,180
B001,HB00095-created,HB00095,created,2025-06-15T09:00:00+10:00,Booked,2025-06-25T09:00:00+10:00,2025-06-25T11:00:00+10:00,S01,180
B001,HB00095-completed,HB00095,completed,2025-06-25T11:00:00+10:00,Completed,2025-06-25T09:00:00+10:00,2025-06-25T11:00:00+10:00,S01,180
B001,HB00096-created,HB00096,created,2025-06-23T12:00:00+10:00,Booked,2025-06-25T12:00:00+10:00,2025-06-25T13:00:00+10:00,S01,70
B001,HB00096-completed,HB00096,completed,2025-06-25T13:00:00+10:00,Completed,2025-06-25T12:00:00+10:00,2025-06-25T13:00:00+10:00,S01,70
B001,HB00097-created,HB00097,created,2025-06-16T09:00:00+10:00,Booked,2025-06-26T09:00:00+10:00,2025-06-26T10:00:00+10:00,S01,70
B001,HB00097-completed,HB00097,completed,2025-06-26T10:00:00+10:00,Completed,2025-06-26T09:00:00+10:00,2025-06-26T10:00:00+10:00,S01,70
B001,HB00098-created,HB00098,created,2025-06-24T12:00:00+10:00,Booked,2025-06-26T12:00:00+10:00,2025-06-26T13:00:00+10:00,S01,70
B001,HB00098-completed,HB00098,completed,2025-06-26T13:00:00+10:00,Completed,2025-06-26T12:00:00+10:00,2025-06-26T13:00:00+10:00,S01,70
B001,HB00099-created,HB00099,created,2025-06-17T09:00:00+10:00,Booked,2025-06-27T09:00:00+10:00,2025-06-27T10:00:00+10:00,S01,70
B001,HB00099-completed,HB00099,completed,2025-06-27T10:00:00+10:00,Completed,2025-06-27T09:00:00+10:00,2025-06-27T10:00:00+10:00,S01,70
B001,HB00100-created,HB00100,created,2025-06-25T12:00:00+10:00,Booked,2025-06-27T12:00:00+10:00,2025-06-27T14:00:00+10:00,S01,180
B001,HB00100-completed,HB00100,completed,2025-06-27T14:00:00+10:00,Completed,2025-06-27T12:00:00+10:00,2025-06-27T14:00:00+10:00,S01,180
B001,HB00101-created,HB00101,created,2025-06-13T09:00:00+10:00,Booked,2025-06-23T09:00:00+10:00,2025-06-23T10:00:00+10:00,S02,70
B001,HB00101-completed,HB00101,completed,2025-06-23T10:00:00+10:00,Completed,2025-06-23T09:00:00+10:00,2025-06-23T10:00:00+10:00,S02,70
B001,HB00102-created,HB00102,created,2025-06-21T12:00:00+10:00,Booked,2025-06-23T12:00:00+10:00,2025-06-23T14:00:00+10:00,S02,180
B001,HB00102-completed,HB00102,completed,2025-06-23T14:00:00+10:00,Completed,2025-06-23T12:00:00+10:00,2025-06-23T14:00:00+10:00,S02,180
B001,HB00103-created,HB00103,created,2025-06-14T09:00:00+10:00,Booked,2025-06-24T09:00:00+10:00,2025-06-24T11:00:00+10:00,S02,180
B001,HB00103-completed,HB00103,completed,2025-06-24T11:00:00+10:00,Completed,2025-06-24T09:00:00+10:00,2025-06-24T11:00:00+10:00,S02,180
B001,HB00104-created,HB00104,created,2025-06-22T12:00:00+10:00,Booked,2025-06-24T12:00:00+10:00,2025-06-24T13:00:00+10:00,S02,70
B001,HB00104-completed,HB00104,completed,2025-06-24T13:00:00+10:00,Completed,2025-06-24T12:00:00+10:00,2025-06-24T13:00:00+10:00,S02,70
B001,HB00105-created,HB00105,created,2025-06-15T09:00:00+10:00,Booked,2025-06-25T09:00:00+10:00,2025-06-25T10:00:00+10:00,S02,70
B001,HB00105-completed,HB00105,completed,2025-06-25T10:00:00+10:00,Completed,2025-06-25T09:00:00+10:00,2025-06-25T10:00:00+10:00,S02,70
B001,HB00106-created,HB00106,created,2025-06-23T12:00:00+10:00,Booked,2025-06-25T12:00:00+10:00,2025-06-25T13:00:00+10:00,S02,70
B001,HB00106-completed,HB00106,completed,2025-06-25T13:00:00+10:00,Completed,2025-06-25T12:00:00+10:00,2025-06-25T13:00:00+10:00,S02,70
B001,HB00107-created,HB00107,created,2025-06-16T09:00:00+10:00,Booked,2025-06-26T09:00:00+10:00,2025-06-26T10:00:00+10:00,S02,70
B001,HB00107-completed,HB00107,completed,2025-06-26T10:00:00+10:00,Completed,2025-06-26T09:00:00+10:00,2025-06-26T10:00:00+10:00,S02,70
B001,HB00108-created,HB00108,created,2025-06-24T12:00:00+10:00,Booked,2025-06-26T12:00:00+10:00,2025-06-26T14:00:00+10:00,S02,180
B001,HB00108-completed,HB00108,completed,2025-06-26T14:00:00+10:00,Completed,2025-06-26T12:00:00+10:00,2025-06-26T14:00:00+10:00,S02,180
B001,HB00109-created,HB00109,created,2025-06-17T09:00:00+10:00,Booked,2025-06-27T09:00:00+10:00,2025-06-27T11:00:00+10:00,S02,180
B001,HB00109-completed,HB00109,completed,2025-06-27T11:00:00+10:00,Completed,2025-06-27T09:00:00+10:00,2025-06-27T11:00:00+10:00,S02,180
B001,HB00110-created,HB00110,created,2025-06-25T12:00:00+10:00,Booked,2025-06-27T12:00:00+10:00,2025-06-27T13:00:00+10:00,S02,70
B001,HB00110-completed,HB00110,completed,2025-06-27T13:00:00+10:00,Completed,2025-06-27T12:00:00+10:00,2025-06-27T13:00:00+10:00,S02,70
B001,HB00111-created,HB00111,created,2025-06-13T09:00:00+10:00,Booked,2025-06-23T09:00:00+10:00,2025-06-23T11:00:00+10:00,S03,180
B001,HB00111-completed,HB00111,completed,2025-06-23T11:00:00+10:00,Completed,2025-06-23T09:00:00+10:00,2025-06-23T11:00:00+10:00,S03,180
B001,HB00112-created,HB00112,created,2025-06-21T12:00:00+10:00,Booked,2025-06-23T12:00:00+10:00,2025-06-23T13:00:00+10:00,S03,70
B001,HB00112-completed,HB00112,completed,2025-06-23T13:00:00+10:00,Completed,2025-06-23T12:00:00+10:00,2025-06-23T13:00:00+10:00,S03,70
B001,HB00113-created,HB00113,created,2025-06-14T09:00:00+10:00,Booked,2025-06-24T09:00:00+10:00,2025-06-24T10:00:00+10:00,S03,70
B001,HB00113-completed,HB00113,completed,2025-06-24T10:00:00+10:00,Completed,2025-06-24T09:00:00+10:00,2025-06-24T10:00:00+10:00,S03,70
B001,HB00114-created,HB00114,created,2025-06-22T12:00:00+10:00,Booked,2025-06-24T12:00:00+10:00,2025-06-24T13:00:00+10:00,S03,70
B001,HB00114-completed,HB00114,completed,2025-06-24T13:00:00+10:00,Completed,2025-06-24T12:00:00+10:00,2025-06-24T13:00:00+10:00,S03,70
B001,HB00115-created,HB00115,created,2025-06-15T09:00:00+10:00,Booked,2025-06-25T09:00:00+10:00,2025-06-25T10:00:00+10:00,S03,70
B001,HB00115-completed,HB00115,completed,2025-06-25T10:00:00+10:00,Completed,2025-06-25T09:00:00+10:00,2025-06-25T10:00:00+10:00,S03,70
B001,HB00116-created,HB00116,created,2025-06-23T12:00:00+10:00,Booked,2025-06-25T12:00:00+10:00,2025-06-25T14:00:00+10:00,S03,180
B001,HB00116-completed,HB00116,completed,2025-06-25T14:00:00+10:00,Completed,2025-06-25T12:00:00+10:00,2025-06-25T14:00:00+10:00,S03,180
B001,HB00117-created,HB00117,created,2025-06-16T09:00:00+10:00,Booked,2025-06-26T09:00:00+10:00,2025-06-26T11:00:00+10:00,S03,180
B001,HB00117-completed,HB00117,completed,2025-06-26T11:00:00+10:00,Completed,2025-06-26T09:00:00+10:00,2025-06-26T11:00:00+10:00,S03,180
B001,HB00118-created,HB00118,created,2025-06-24T12:00:00+10:00,Booked,2025-06-26T12:00:00+10:00,2025-06-26T13:00:00+10:00,S03,70
B001,HB00118-completed,HB00118,completed,2025-06-26T13:00:00+10:00,Completed,2025-06-26T12:00:00+10:00,2025-06-26T13:00:00+10:00,S03,70
B001,HB00119-created,HB00119,created,2025-06-17T09:00:00+10:00,Booked,2025-06-27T09:00:00+10:00,2025-06-27T10:00:00+10:00,S03,70
B001,HB00119-completed,HB00119,completed,2025-06-27T10:00:00+10:00,Completed,2025-06-27T09:00:00+10:00,2025-06-27T10:00:00+10:00,S03,70
B001,HB00120-created,HB00120,created,2025-06-25T12:00:00+10:00,Booked,2025-06-27T12:00:00+10:00,2025-06-27T13:00:00+10:00,S03,70
B001,HB00120-completed,HB00120,completed,2025-06-27T13:00:00+10:00,Completed,2025-06-27T12:00:00+10:00,2025-06-27T13:00:00+10:00,S03,70
B001,HB00121-created,HB00121,created,2025-06-20T09:00:00+10:00,Booked,2025-06-30T09:00:00+10:00,2025-06-30T10:00:00+10:00,S01,70
B001,HB00121-completed,HB00121,completed,2025-06-30T10:00:00+10:00,Completed,2025-06-30T09:00:00+10:00,2025-06-30T10:00:00+10:00,S01,70
B001,HB00122-created,HB00122,created,2025-06-28T12:00:00+10:00,Booked,2025-06-30T12:00:00+10:00,2025-06-30T14:00:00+10:00,S01,180
B001,HB00122-completed,HB00122,completed,2025-06-30T14:00:00+10:00,Completed,2025-06-30T12:00:00+10:00,2025-06-30T14:00:00+10:00,S01,180
B001,HB00123-created,HB00123,created,2025-06-21T09:00:00+10:00,Booked,2025-07-01T09:00:00+10:00,2025-07-01T11:00:00+10:00,S01,180
B001,HB00123-completed,HB00123,completed,2025-07-01T11:00:00+10:00,Completed,2025-07-01T09:00:00+10:00,2025-07-01T11:00:00+10:00,S01,180
B001,HB00124-created,HB00124,created,2025-06-29T12:00:00+10:00,Booked,2025-07-01T12:00:00+10:00,2025-07-01T13:00:00+10:00,S01,70
B001,HB00124-completed,HB00124,completed,2025-07-01T13:00:00+10:00,Completed,2025-07-01T12:00:00+10:00,2025-07-01T13:00:00+10:00,S01,70
B001,HB00125-created,HB00125,created,2025-06-22T09:00:00+10:00,Booked,2025-07-02T09:00:00+10:00,2025-07-02T10:00:00+10:00,S01,70
B001,HB00125-completed,HB00125,completed,2025-07-02T10:00:00+10:00,Completed,2025-07-02T09:00:00+10:00,2025-07-02T10:00:00+10:00,S01,70
B001,HB00126-created,HB00126,created,2025-06-30T12:00:00+10:00,Booked,2025-07-02T12:00:00+10:00,2025-07-02T13:00:00+10:00,S01,70
B001,HB00126-completed,HB00126,completed,2025-07-02T13:00:00+10:00,Completed,2025-07-02T12:00:00+10:00,2025-07-02T13:00:00+10:00,S01,70
B001,HB00127-created,HB00127,created,2025-06-23T09:00:00+10:00,Booked,2025-07-03T09:00:00+10:00,2025-07-03T10:00:00+10:00,S01,70
B001,HB00127-completed,HB00127,completed,2025-07-03T10:00:00+10:00,Completed,2025-07-03T09:00:00+10:00,2025-07-03T10:00:00+10:00,S01,70
B001,HB00128-created,HB00128,created,2025-07-01T12:00:00+10:00,Booked,2025-07-03T12:00:00+10:00,2025-07-03T14:00:00+10:00,S01,180
B001,HB00128-completed,HB00128,completed,2025-07-03T14:00:00+10:00,Completed,2025-07-03T12:00:00+10:00,2025-07-03T14:00:00+10:00,S01,180
B001,HB00129-created,HB00129,created,2025-06-24T09:00:00+10:00,Booked,2025-07-04T09:00:00+10:00,2025-07-04T11:00:00+10:00,S01,180
B001,HB00129-completed,HB00129,completed,2025-07-04T11:00:00+10:00,Completed,2025-07-04T09:00:00+10:00,2025-07-04T11:00:00+10:00,S01,180
B001,HB00130-created,HB00130,created,2025-07-02T12:00:00+10:00,Booked,2025-07-04T12:00:00+10:00,2025-07-04T13:00:00+10:00,S01,70
B001,HB00130-completed,HB00130,completed,2025-07-04T13:00:00+10:00,Completed,2025-07-04T12:00:00+10:00,2025-07-04T13:00:00+10:00,S01,70
B001,HB00131-created,HB00131,created,2025-06-20T09:00:00+10:00,Booked,2025-06-30T09:00:00+10:00,2025-06-30T11:00:00+10:00,S02,180
B001,HB00131-completed,HB00131,completed,2025-06-30T11:00:00+10:00,Completed,2025-06-30T09:00:00+10:00,2025-06-30T11:00:00+10:00,S02,180
B001,HB00132-created,HB00132,created,2025-06-28T12:00:00+10:00,Booked,2025-06-30T12:00:00+10:00,2025-06-30T13:00:00+10:00,S02,70
B001,HB00132-completed,HB00132,completed,2025-06-30T13:00:00+10:00,Completed,2025-06-30T12:00:00+10:00,2025-06-30T13:00:00+10:00,S02,70
B001,HB00133-created,HB00133,created,2025-06-21T09:00:00+10:00,Booked,2025-07-01T09:00:00+10:00,2025-07-01T10:00:00+10:00,S02,70
B001,HB00133-completed,HB00133,completed,2025-07-01T10:00:00+10:00,Completed,2025-07-01T09:00:00+10:00,2025-07-01T10:00:00+10:00,S02,70
B001,HB00134-created,HB00134,created,2025-06-29T12:00:00+10:00,Booked,2025-07-01T12:00:00+10:00,2025-07-01T13:00:00+10:00,S02,70
B001,HB00134-completed,HB00134,completed,2025-07-01T13:00:00+10:00,Completed,2025-07-01T12:00:00+10:00,2025-07-01T13:00:00+10:00,S02,70
B001,HB00135-created,HB00135,created,2025-06-22T09:00:00+10:00,Booked,2025-07-02T09:00:00+10:00,2025-07-02T10:00:00+10:00,S02,70
B001,HB00135-completed,HB00135,completed,2025-07-02T10:00:00+10:00,Completed,2025-07-02T09:00:00+10:00,2025-07-02T10:00:00+10:00,S02,70
B001,HB00136-created,HB00136,created,2025-06-30T12:00:00+10:00,Booked,2025-07-02T12:00:00+10:00,2025-07-02T14:00:00+10:00,S02,180
B001,HB00136-completed,HB00136,completed,2025-07-02T14:00:00+10:00,Completed,2025-07-02T12:00:00+10:00,2025-07-02T14:00:00+10:00,S02,180
B001,HB00137-created,HB00137,created,2025-06-23T09:00:00+10:00,Booked,2025-07-03T09:00:00+10:00,2025-07-03T11:00:00+10:00,S02,180
B001,HB00137-completed,HB00137,completed,2025-07-03T11:00:00+10:00,Completed,2025-07-03T09:00:00+10:00,2025-07-03T11:00:00+10:00,S02,180
B001,HB00138-created,HB00138,created,2025-07-01T12:00:00+10:00,Booked,2025-07-03T12:00:00+10:00,2025-07-03T13:00:00+10:00,S02,70
B001,HB00138-completed,HB00138,completed,2025-07-03T13:00:00+10:00,Completed,2025-07-03T12:00:00+10:00,2025-07-03T13:00:00+10:00,S02,70
B001,HB00139-created,HB00139,created,2025-06-24T09:00:00+10:00,Booked,2025-07-04T09:00:00+10:00,2025-07-04T10:00:00+10:00,S02,70
B001,HB00139-completed,HB00139,completed,2025-07-04T10:00:00+10:00,Completed,2025-07-04T09:00:00+10:00,2025-07-04T10:00:00+10:00,S02,70
B001,HB00140-created,HB00140,created,2025-07-02T12:00:00+10:00,Booked,2025-07-04T12:00:00+10:00,2025-07-04T13:00:00+10:00,S02,70
B001,HB00140-completed,HB00140,completed,2025-07-04T13:00:00+10:00,Completed,2025-07-04T12:00:00+10:00,2025-07-04T13:00:00+10:00,S02,70
B001,HB00141-created,HB00141,created,2025-06-20T09:00:00+10:00,Booked,2025-06-30T09:00:00+10:00,2025-06-30T10:00:00+10:00,S03,70
B001,HB00141-completed,HB00141,completed,2025-06-30T10:00:00+10:00,Completed,2025-06-30T09:00:00+10:00,2025-06-30T10:00:00+10:00,S03,70
B001,HB00142-created,HB00142,created,2025-06-28T12:00:00+10:00,Booked,2025-06-30T12:00:00+10:00,2025-06-30T13:00:00+10:00,S03,70
B001,HB00142-completed,HB00142,completed,2025-06-30T13:00:00+10:00,Completed,2025-06-30T12:00:00+10:00,2025-06-30T13:00:00+10:00,S03,70
B001,HB00143-created,HB00143,created,2025-06-21T09:00:00+10:00,Booked,2025-07-01T09:00:00+10:00,2025-07-01T10:00:00+10:00,S03,70
B001,HB00143-completed,HB00143,completed,2025-07-01T10:00:00+10:00,Completed,2025-07-01T09:00:00+10:00,2025-07-01T10:00:00+10:00,S03,70
B001,HB00144-created,HB00144,created,2025-06-29T12:00:00+10:00,Booked,2025-07-01T12:00:00+10:00,2025-07-01T14:00:00+10:00,S03,180
B001,HB00144-completed,HB00144,completed,2025-07-01T14:00:00+10:00,Completed,2025-07-01T12:00:00+10:00,2025-07-01T14:00:00+10:00,S03,180
B001,HB00145-created,HB00145,created,2025-06-22T09:00:00+10:00,Booked,2025-07-02T09:00:00+10:00,2025-07-02T11:00:00+10:00,S03,180
B001,HB00145-completed,HB00145,completed,2025-07-02T11:00:00+10:00,Completed,2025-07-02T09:00:00+10:00,2025-07-02T11:00:00+10:00,S03,180
B001,HB00146-created,HB00146,created,2025-06-30T12:00:00+10:00,Booked,2025-07-02T12:00:00+10:00,2025-07-02T13:00:00+10:00,S03,70
B001,HB00146-completed,HB00146,completed,2025-07-02T13:00:00+10:00,Completed,2025-07-02T12:00:00+10:00,2025-07-02T13:00:00+10:00,S03,70
B001,HB00147-created,HB00147,created,2025-06-23T09:00:00+10:00,Booked,2025-07-03T09:00:00+10:00,2025-07-03T10:00:00+10:00,S03,70
B001,HB00147-completed,HB00147,completed,2025-07-03T10:00:00+10:00,Completed,2025-07-03T09:00:00+10:00,2025-07-03T10:00:00+10:00,S03,70
B001,HB00148-created,HB00148,created,2025-07-01T12:00:00+10:00,Booked,2025-07-03T12:00:00+10:00,2025-07-03T13:00:00+10:00,S03,70
B001,HB00148-completed,HB00148,completed,2025-07-03T13:00:00+10:00,Completed,2025-07-03T12:00:00+10:00,2025-07-03T13:00:00+10:00,S03,70
B001,HB00149-created,HB00149,created,2025-06-24T09:00:00+10:00,Booked,2025-07-04T09:00:00+10:00,2025-07-04T10:00:00+10:00,S03,70
B001,HB00149-completed,HB00149,completed,2025-07-04T10:00:00+10:00,Completed,2025-07-04T09:00:00+10:00,2025-07-04T10:00:00+10:00,S03,70
B001,HB00150-created,HB00150,created,2025-07-02T12:00:00+10:00,Booked,2025-07-04T12:00:00+10:00,2025-07-04T14:00:00+10:00,S03,180
B001,HB00150-completed,HB00150,completed,2025-07-04T14:00:00+10:00,Completed,2025-07-04T12:00:00+10:00,2025-07-04T14:00:00+10:00,S03,180
B001,HB00151-created,HB00151,created,2025-06-27T09:00:00+10:00,Booked,2025-07-07T09:00:00+10:00,2025-07-07T11:00:00+10:00,S01,180
B001,HB00151-completed,HB00151,completed,2025-07-07T11:00:00+10:00,Completed,2025-07-07T09:00:00+10:00,2025-07-07T11:00:00+10:00,S01,180
B001,HB00152-created,HB00152,created,2025-07-05T12:00:00+10:00,Booked,2025-07-07T12:00:00+10:00,2025-07-07T13:00:00+10:00,S01,70
B001,HB00152-completed,HB00152,completed,2025-07-07T13:00:00+10:00,Completed,2025-07-07T12:00:00+10:00,2025-07-07T13:00:00+10:00,S01,70
B001,HB00153-created,HB00153,created,2025-06-28T09:00:00+10:00,Booked,2025-07-08T09:00:00+10:00,2025-07-08T10:00:00+10:00,S01,70
B001,HB00153-completed,HB00153,completed,2025-07-08T10:00:00+10:00,Completed,2025-07-08T09:00:00+10:00,2025-07-08T10:00:00+10:00,S01,70
B001,HB00154-created,HB00154,created,2025-07-06T12:00:00+10:00,Booked,2025-07-08T12:00:00+10:00,2025-07-08T13:00:00+10:00,S01,70
B001,HB00154-completed,HB00154,completed,2025-07-08T13:00:00+10:00,Completed,2025-07-08T12:00:00+10:00,2025-07-08T13:00:00+10:00,S01,70
B001,HB00155-created,HB00155,created,2025-06-29T09:00:00+10:00,Booked,2025-07-09T09:00:00+10:00,2025-07-09T10:00:00+10:00,S01,70
B001,HB00155-completed,HB00155,completed,2025-07-09T10:00:00+10:00,Completed,2025-07-09T09:00:00+10:00,2025-07-09T10:00:00+10:00,S01,70
B001,HB00156-created,HB00156,created,2025-07-07T12:00:00+10:00,Booked,2025-07-09T12:00:00+10:00,2025-07-09T14:00:00+10:00,S01,180
B001,HB00156-completed,HB00156,completed,2025-07-09T14:00:00+10:00,Completed,2025-07-09T12:00:00+10:00,2025-07-09T14:00:00+10:00,S01,180
B001,HB00157-created,HB00157,created,2025-06-30T09:00:00+10:00,Booked,2025-07-10T09:00:00+10:00,2025-07-10T11:00:00+10:00,S01,180
B001,HB00157-completed,HB00157,completed,2025-07-10T11:00:00+10:00,Completed,2025-07-10T09:00:00+10:00,2025-07-10T11:00:00+10:00,S01,180
B001,HB00158-created,HB00158,created,2025-07-08T12:00:00+10:00,Booked,2025-07-10T12:00:00+10:00,2025-07-10T13:00:00+10:00,S01,70
B001,HB00158-completed,HB00158,completed,2025-07-10T13:00:00+10:00,Completed,2025-07-10T12:00:00+10:00,2025-07-10T13:00:00+10:00,S01,70
B001,HB00159-created,HB00159,created,2025-07-01T09:00:00+10:00,Booked,2025-07-11T09:00:00+10:00,2025-07-11T10:00:00+10:00,S01,70
B001,HB00159-completed,HB00159,completed,2025-07-11T10:00:00+10:00,Completed,2025-07-11T09:00:00+10:00,2025-07-11T10:00:00+10:00,S01,70
B001,HB00160-created,HB00160,created,2025-07-09T12:00:00+10:00,Booked,2025-07-11T12:00:00+10:00,2025-07-11T13:00:00+10:00,S01,70
B001,HB00160-completed,HB00160,completed,2025-07-11T13:00:00+10:00,Completed,2025-07-11T12:00:00+10:00,2025-07-11T13:00:00+10:00,S01,70
B001,HB00161-created,HB00161,created,2025-06-27T09:00:00+10:00,Booked,2025-07-07T09:00:00+10:00,2025-07-07T10:00:00+10:00,S02,70
B001,HB00161-completed,HB00161,completed,2025-07-07T10:00:00+10:00,Completed,2025-07-07T09:00:00+10:00,2025-07-07T10:00:00+10:00,S02,70
B001,HB00162-created,HB00162,created,2025-07-05T12:00:00+10:00,Booked,2025-07-07T12:00:00+10:00,2025-07-07T13:00:00+10:00,S02,70
B001,HB00162-completed,HB00162,completed,2025-07-07T13:00:00+10:00,Completed,2025-07-07T12:00:00+10:00,2025-07-07T13:00:00+10:00,S02,70
B001,HB00163-created,HB00163,created,2025-06-28T09:00:00+10:00,Booked,2025-07-08T09:00:00+10:00,2025-07-08T10:00:00+10:00,S02,70
B001,HB00163-completed,HB00163,completed,2025-07-08T10:00:00+10:00,Completed,2025-07-08T09:00:00+10:00,2025-07-08T10:00:00+10:00,S02,70
B001,HB00164-created,HB00164,created,2025-07-06T12:00:00+10:00,Booked,2025-07-08T12:00:00+10:00,2025-07-08T14:00:00+10:00,S02,180
B001,HB00164-completed,HB00164,completed,2025-07-08T14:00:00+10:00,Completed,2025-07-08T12:00:00+10:00,2025-07-08T14:00:00+10:00,S02,180
B001,HB00165-created,HB00165,created,2025-06-29T09:00:00+10:00,Booked,2025-07-09T09:00:00+10:00,2025-07-09T11:00:00+10:00,S02,180
B001,HB00165-completed,HB00165,completed,2025-07-09T11:00:00+10:00,Completed,2025-07-09T09:00:00+10:00,2025-07-09T11:00:00+10:00,S02,180
B001,HB00166-created,HB00166,created,2025-07-07T12:00:00+10:00,Booked,2025-07-09T12:00:00+10:00,2025-07-09T13:00:00+10:00,S02,70
B001,HB00166-completed,HB00166,completed,2025-07-09T13:00:00+10:00,Completed,2025-07-09T12:00:00+10:00,2025-07-09T13:00:00+10:00,S02,70
B001,HB00167-created,HB00167,created,2025-06-30T09:00:00+10:00,Booked,2025-07-10T09:00:00+10:00,2025-07-10T10:00:00+10:00,S02,70
B001,HB00167-completed,HB00167,completed,2025-07-10T10:00:00+10:00,Completed,2025-07-10T09:00:00+10:00,2025-07-10T10:00:00+10:00,S02,70
B001,HB00168-created,HB00168,created,2025-07-08T12:00:00+10:00,Booked,2025-07-10T12:00:00+10:00,2025-07-10T13:00:00+10:00,S02,70
B001,HB00168-completed,HB00168,completed,2025-07-10T13:00:00+10:00,Completed,2025-07-10T12:00:00+10:00,2025-07-10T13:00:00+10:00,S02,70
B001,HB00169-created,HB00169,created,2025-07-01T09:00:00+10:00,Booked,2025-07-11T09:00:00+10:00,2025-07-11T10:00:00+10:00,S02,70
B001,HB00169-completed,HB00169,completed,2025-07-11T10:00:00+10:00,Completed,2025-07-11T09:00:00+10:00,2025-07-11T10:00:00+10:00,S02,70
B001,HB00170-created,HB00170,created,2025-07-09T12:00:00+10:00,Booked,2025-07-11T12:00:00+10:00,2025-07-11T14:00:00+10:00,S02,180
B001,HB00170-completed,HB00170,completed,2025-07-11T14:00:00+10:00,Completed,2025-07-11T12:00:00+10:00,2025-07-11T14:00:00+10:00,S02,180
B001,HB00171-created,HB00171,created,2025-06-27T09:00:00+10:00,Booked,2025-07-07T09:00:00+10:00,2025-07-07T10:00:00+10:00,S03,70
B001,HB00171-completed,HB00171,completed,2025-07-07T10:00:00+10:00,Completed,2025-07-07T09:00:00+10:00,2025-07-07T10:00:00+10:00,S03,70
B001,HB00172-created,HB00172,created,2025-07-05T12:00:00+10:00,Booked,2025-07-07T12:00:00+10:00,2025-07-07T14:00:00+10:00,S03,180
B001,HB00172-completed,HB00172,completed,2025-07-07T14:00:00+10:00,Completed,2025-07-07T12:00:00+10:00,2025-07-07T14:00:00+10:00,S03,180
B001,HB00173-created,HB00173,created,2025-06-28T09:00:00+10:00,Booked,2025-07-08T09:00:00+10:00,2025-07-08T11:00:00+10:00,S03,180
B001,HB00173-completed,HB00173,completed,2025-07-08T11:00:00+10:00,Completed,2025-07-08T09:00:00+10:00,2025-07-08T11:00:00+10:00,S03,180
B001,HB00174-created,HB00174,created,2025-07-06T12:00:00+10:00,Booked,2025-07-08T12:00:00+10:00,2025-07-08T13:00:00+10:00,S03,70
B001,HB00174-completed,HB00174,completed,2025-07-08T13:00:00+10:00,Completed,2025-07-08T12:00:00+10:00,2025-07-08T13:00:00+10:00,S03,70
B001,HB00175-created,HB00175,created,2025-06-29T09:00:00+10:00,Booked,2025-07-09T09:00:00+10:00,2025-07-09T10:00:00+10:00,S03,70
B001,HB00175-completed,HB00175,completed,2025-07-09T10:00:00+10:00,Completed,2025-07-09T09:00:00+10:00,2025-07-09T10:00:00+10:00,S03,70
B001,HB00176-created,HB00176,created,2025-07-07T12:00:00+10:00,Booked,2025-07-09T12:00:00+10:00,2025-07-09T13:00:00+10:00,S03,70
B001,HB00176-completed,HB00176,completed,2025-07-09T13:00:00+10:00,Completed,2025-07-09T12:00:00+10:00,2025-07-09T13:00:00+10:00,S03,70
B001,HB00177-created,HB00177,created,2025-06-30T09:00:00+10:00,Booked,2025-07-10T09:00:00+10:00,2025-07-10T10:00:00+10:00,S03,70
B001,HB00177-completed,HB00177,completed,2025-07-10T10:00:00+10:00,Completed,2025-07-10T09:00:00+10:00,2025-07-10T10:00:00+10:00,S03,70
B001,HB00178-created,HB00178,created,2025-07-08T12:00:00+10:00,Booked,2025-07-10T12:00:00+10:00,2025-07-10T14:00:00+10:00,S03,180
B001,HB00178-completed,HB00178,completed,2025-07-10T14:00:00+10:00,Completed,2025-07-10T12:00:00+10:00,2025-07-10T14:00:00+10:00,S03,180
B001,HB00179-created,HB00179,created,2025-07-01T09:00:00+10:00,Booked,2025-07-11T09:00:00+10:00,2025-07-11T11:00:00+10:00,S03,180
B001,HB00179-completed,HB00179,completed,2025-07-11T11:00:00+10:00,Completed,2025-07-11T09:00:00+10:00,2025-07-11T11:00:00+10:00,S03,180
B001,HB00180-created,HB00180,created,2025-07-09T12:00:00+10:00,Booked,2025-07-11T12:00:00+10:00,2025-07-11T13:00:00+10:00,S03,70
B001,HB00180-completed,HB00180,completed,2025-07-11T13:00:00+10:00,Completed,2025-07-11T12:00:00+10:00,2025-07-11T13:00:00+10:00,S03,70
B001,HB00181-created,HB00181,created,2025-07-04T09:00:00+10:00,Booked,2025-07-14T09:00:00+10:00,2025-07-14T10:00:00+10:00,S01,70
B001,HB00181-completed,HB00181,completed,2025-07-14T10:00:00+10:00,Completed,2025-07-14T09:00:00+10:00,2025-07-14T10:00:00+10:00,S01,70
B001,HB00182-created,HB00182,created,2025-07-12T12:00:00+10:00,Booked,2025-07-14T12:00:00+10:00,2025-07-14T13:00:00+10:00,S01,70
B001,HB00182-completed,HB00182,completed,2025-07-14T13:00:00+10:00,Completed,2025-07-14T12:00:00+10:00,2025-07-14T13:00:00+10:00,S01,70
B001,HB00183-created,HB00183,created,2025-07-05T09:00:00+10:00,Booked,2025-07-15T09:00:00+10:00,2025-07-15T10:00:00+10:00,S01,70
B001,HB00183-completed,HB00183,completed,2025-07-15T10:00:00+10:00,Completed,2025-07-15T09:00:00+10:00,2025-07-15T10:00:00+10:00,S01,70
B001,HB00184-created,HB00184,created,2025-07-13T12:00:00+10:00,Booked,2025-07-15T12:00:00+10:00,2025-07-15T14:00:00+10:00,S01,180
B001,HB00184-completed,HB00184,completed,2025-07-15T14:00:00+10:00,Completed,2025-07-15T12:00:00+10:00,2025-07-15T14:00:00+10:00,S01,180
B001,HB00185-created,HB00185,created,2025-07-06T09:00:00+10:00,Booked,2025-07-16T09:00:00+10:00,2025-07-16T11:00:00+10:00,S01,180
B001,HB00185-completed,HB00185,completed,2025-07-16T11:00:00+10:00,Completed,2025-07-16T09:00:00+10:00,2025-07-16T11:00:00+10:00,S01,180
B001,HB00186-created,HB00186,created,2025-07-14T12:00:00+10:00,Booked,2025-07-16T12:00:00+10:00,2025-07-16T13:00:00+10:00,S01,70
B001,HB00186-completed,HB00186,completed,2025-07-16T13:00:00+10:00,Completed,2025-07-16T12:00:00+10:00,2025-07-16T13:00:00+10:00,S01,70
B001,HB00187-created,HB00187,created,2025-07-07T09:00:00+10:00,Booked,2025-07-17T09:00:00+10:00,2025-07-17T10:00:00+10:00,S01,70
B001,HB00187-completed,HB00187,completed,2025-07-17T10:00:00+10:00,Completed,2025-07-17T09:00:00+10:00,2025-07-17T10:00:00+10:00,S01,70
B001,HB00188-created,HB00188,created,2025-07-15T12:00:00+10:00,Booked,2025-07-17T12:00:00+10:00,2025-07-17T13:00:00+10:00,S01,70
B001,HB00188-completed,HB00188,completed,2025-07-17T13:00:00+10:00,Completed,2025-07-17T12:00:00+10:00,2025-07-17T13:00:00+10:00,S01,70
B001,HB00189-created,HB00189,created,2025-07-08T09:00:00+10:00,Booked,2025-07-18T09:00:00+10:00,2025-07-18T10:00:00+10:00,S01,70
B001,HB00189-completed,HB00189,completed,2025-07-18T10:00:00+10:00,Completed,2025-07-18T09:00:00+10:00,2025-07-18T10:00:00+10:00,S01,70
B001,HB00190-created,HB00190,created,2025-07-16T12:00:00+10:00,Booked,2025-07-18T12:00:00+10:00,2025-07-18T14:00:00+10:00,S01,180
B001,HB00190-completed,HB00190,completed,2025-07-18T14:00:00+10:00,Completed,2025-07-18T12:00:00+10:00,2025-07-18T14:00:00+10:00,S01,180
B001,HB00191-created,HB00191,created,2025-07-04T09:00:00+10:00,Booked,2025-07-14T09:00:00+10:00,2025-07-14T10:00:00+10:00,S02,70
B001,HB00191-completed,HB00191,completed,2025-07-14T10:00:00+10:00,Completed,2025-07-14T09:00:00+10:00,2025-07-14T10:00:00+10:00,S02,70
B001,HB00192-created,HB00192,created,2025-07-12T12:00:00+10:00,Booked,2025-07-14T12:00:00+10:00,2025-07-14T14:00:00+10:00,S02,180
B001,HB00192-completed,HB00192,completed,2025-07-14T14:00:00+10:00,Completed,2025-07-14T12:00:00+10:00,2025-07-14T14:00:00+10:00,S02,180
B001,HB00193-created,HB00193,created,2025-07-05T09:00:00+10:00,Booked,2025-07-15T09:00:00+10:00,2025-07-15T11:00:00+10:00,S02,180
B001,HB00193-completed,HB00193,completed,2025-07-15T11:00:00+10:00,Completed,2025-07-15T09:00:00+10:00,2025-07-15T11:00:00+10:00,S02,180
B001,HB00194-created,HB00194,created,2025-07-13T12:00:00+10:00,Booked,2025-07-15T12:00:00+10:00,2025-07-15T13:00:00+10:00,S02,70
B001,HB00194-completed,HB00194,completed,2025-07-15T13:00:00+10:00,Completed,2025-07-15T12:00:00+10:00,2025-07-15T13:00:00+10:00,S02,70
B001,HB00195-created,HB00195,created,2025-07-06T09:00:00+10:00,Booked,2025-07-16T09:00:00+10:00,2025-07-16T10:00:00+10:00,S02,70
B001,HB00195-completed,HB00195,completed,2025-07-16T10:00:00+10:00,Completed,2025-07-16T09:00:00+10:00,2025-07-16T10:00:00+10:00,S02,70
B001,HB00196-created,HB00196,created,2025-07-14T12:00:00+10:00,Booked,2025-07-16T12:00:00+10:00,2025-07-16T13:00:00+10:00,S02,70
B001,HB00196-completed,HB00196,completed,2025-07-16T13:00:00+10:00,Completed,2025-07-16T12:00:00+10:00,2025-07-16T13:00:00+10:00,S02,70
B001,HB00197-created,HB00197,created,2025-07-07T09:00:00+10:00,Booked,2025-07-17T09:00:00+10:00,2025-07-17T10:00:00+10:00,S02,70
B001,HB00197-completed,HB00197,completed,2025-07-17T10:00:00+10:00,Completed,2025-07-17T09:00:00+10:00,2025-07-17T10:00:00+10:00,S02,70
B001,HB00198-created,HB00198,created,2025-07-15T12:00:00+10:00,Booked,2025-07-17T12:00:00+10:00,2025-07-17T14:00:00+10:00,S02,180
B001,HB00198-completed,HB00198,completed,2025-07-17T14:00:00+10:00,Completed,2025-07-17T12:00:00+10:00,2025-07-17T14:00:00+10:00,S02,180
B001,HB00199-created,HB00199,created,2025-07-08T09:00:00+10:00,Booked,2025-07-18T09:00:00+10:00,2025-07-18T11:00:00+10:00,S02,180
B001,HB00199-completed,HB00199,completed,2025-07-18T11:00:00+10:00,Completed,2025-07-18T09:00:00+10:00,2025-07-18T11:00:00+10:00,S02,180
B001,HB00200-created,HB00200,created,2025-07-16T12:00:00+10:00,Booked,2025-07-18T12:00:00+10:00,2025-07-18T13:00:00+10:00,S02,70
B001,HB00200-completed,HB00200,completed,2025-07-18T13:00:00+10:00,Completed,2025-07-18T12:00:00+10:00,2025-07-18T13:00:00+10:00,S02,70
B001,HB00201-created,HB00201,created,2025-07-04T09:00:00+10:00,Booked,2025-07-14T09:00:00+10:00,2025-07-14T11:00:00+10:00,S03,180
B001,HB00201-completed,HB00201,completed,2025-07-14T11:00:00+10:00,Completed,2025-07-14T09:00:00+10:00,2025-07-14T11:00:00+10:00,S03,180
B001,HB00202-created,HB00202,created,2025-07-12T12:00:00+10:00,Booked,2025-07-14T12:00:00+10:00,2025-07-14T13:00:00+10:00,S03,70
B001,HB00202-completed,HB00202,completed,2025-07-14T13:00:00+10:00,Completed,2025-07-14T12:00:00+10:00,2025-07-14T13:00:00+10:00,S03,70
B001,HB00203-created,HB00203,created,2025-07-05T09:00:00+10:00,Booked,2025-07-15T09:00:00+10:00,2025-07-15T10:00:00+10:00,S03,70
B001,HB00203-completed,HB00203,completed,2025-07-15T10:00:00+10:00,Completed,2025-07-15T09:00:00+10:00,2025-07-15T10:00:00+10:00,S03,70
B001,HB00204-created,HB00204,created,2025-07-13T12:00:00+10:00,Booked,2025-07-15T12:00:00+10:00,2025-07-15T13:00:00+10:00,S03,70
B001,HB00204-completed,HB00204,completed,2025-07-15T13:00:00+10:00,Completed,2025-07-15T12:00:00+10:00,2025-07-15T13:00:00+10:00,S03,70
B001,HB00205-created,HB00205,created,2025-07-06T09:00:00+10:00,Booked,2025-07-16T09:00:00+10:00,2025-07-16T10:00:00+10:00,S03,70
B001,HB00205-completed,HB00205,completed,2025-07-16T10:00:00+10:00,Completed,2025-07-16T09:00:00+10:00,2025-07-16T10:00:00+10:00,S03,70
B001,HB00206-created,HB00206,created,2025-07-14T12:00:00+10:00,Booked,2025-07-16T12:00:00+10:00,2025-07-16T14:00:00+10:00,S03,180
B001,HB00206-completed,HB00206,completed,2025-07-16T14:00:00+10:00,Completed,2025-07-16T12:00:00+10:00,2025-07-16T14:00:00+10:00,S03,180
B001,HB00207-created,HB00207,created,2025-07-07T09:00:00+10:00,Booked,2025-07-17T09:00:00+10:00,2025-07-17T11:00:00+10:00,S03,180
B001,HB00207-completed,HB00207,completed,2025-07-17T11:00:00+10:00,Completed,2025-07-17T09:00:00+10:00,2025-07-17T11:00:00+10:00,S03,180
B001,HB00208-created,HB00208,created,2025-07-15T12:00:00+10:00,Booked,2025-07-17T12:00:00+10:00,2025-07-17T13:00:00+10:00,S03,70
B001,HB00208-completed,HB00208,completed,2025-07-17T13:00:00+10:00,Completed,2025-07-17T12:00:00+10:00,2025-07-17T13:00:00+10:00,S03,70
B001,HB00209-created,HB00209,created,2025-07-08T09:00:00+10:00,Booked,2025-07-18T09:00:00+10:00,2025-07-18T10:00:00+10:00,S03,70
B001,HB00209-completed,HB00209,completed,2025-07-18T10:00:00+10:00,Completed,2025-07-18T09:00:00+10:00,2025-07-18T10:00:00+10:00,S03,70
B001,HB00210-created,HB00210,created,2025-07-16T12:00:00+10:00,Booked,2025-07-18T12:00:00+10:00,2025-07-18T13:00:00+10:00,S03,70
B001,HB00210-completed,HB00210,completed,2025-07-18T13:00:00+10:00,Completed,2025-07-18T12:00:00+10:00,2025-07-18T13:00:00+10:00,S03,70
B001,HB00211-created,HB00211,created,2025-07-11T09:00:00+10:00,Booked,2025-07-21T09:00:00+10:00,2025-07-21T10:00:00+10:00,S01,70
B001,HB00211-completed,HB00211,completed,2025-07-21T10:00:00+10:00,Completed,2025-07-21T09:00:00+10:00,2025-07-21T10:00:00+10:00,S01,70
B001,HB00212-created,HB00212,created,2025-07-19T12:00:00+10:00,Booked,2025-07-21T12:00:00+10:00,2025-07-21T14:00:00+10:00,S01,180
B001,HB00212-completed,HB00212,completed,2025-07-21T14:00:00+10:00,Completed,2025-07-21T12:00:00+10:00,2025-07-21T14:00:00+10:00,S01,180
B001,HB00213-created,HB00213,created,2025-07-12T09:00:00+10:00,Booked,2025-07-22T09:00:00+10:00,2025-07-22T11:00:00+10:00,S01,180
B001,HB00213-completed,HB00213,completed,2025-07-22T11:00:00+10:00,Completed,2025-07-22T09:00:00+10:00,2025-07-22T11:00:00+10:00,S01,180
B001,HB00214-created,HB00214,created,2025-07-20T12:00:00+10:00,Booked,2025-07-22T12:00:00+10:00,2025-07-22T13:00:00+10:00,S01,70
B001,HB00214-completed,HB00214,completed,2025-07-22T13:00:00+10:00,Completed,2025-07-22T12:00:00+10:00,2025-07-22T13:00:00+10:00,S01,70
B001,HB00215-created,HB00215,created,2025-07-13T09:00:00+10:00,Booked,2025-07-23T09:00:00+10:00,2025-07-23T10:00:00+10:00,S01,70
B001,HB00215-completed,HB00215,completed,2025-07-23T10:00:00+10:00,Completed,2025-07-23T09:00:00+10:00,2025-07-23T10:00:00+10:00,S01,70
B001,HB00216-created,HB00216,created,2025-07-21T12:00:00+10:00,Booked,2025-07-23T12:00:00+10:00,2025-07-23T13:00:00+10:00,S01,70
B001,HB00216-completed,HB00216,completed,2025-07-23T13:00:00+10:00,Completed,2025-07-23T12:00:00+10:00,2025-07-23T13:00:00+10:00,S01,70
B001,HB00217-created,HB00217,created,2025-07-14T09:00:00+10:00,Booked,2025-07-24T09:00:00+10:00,2025-07-24T10:00:00+10:00,S01,70
B001,HB00217-completed,HB00217,completed,2025-07-24T10:00:00+10:00,Completed,2025-07-24T09:00:00+10:00,2025-07-24T10:00:00+10:00,S01,70
B001,HB00218-created,HB00218,created,2025-07-22T12:00:00+10:00,Booked,2025-07-24T12:00:00+10:00,2025-07-24T14:00:00+10:00,S01,180
B001,HB00218-completed,HB00218,completed,2025-07-24T14:00:00+10:00,Completed,2025-07-24T12:00:00+10:00,2025-07-24T14:00:00+10:00,S01,180
B001,HB00219-created,HB00219,created,2025-07-15T09:00:00+10:00,Booked,2025-07-25T09:00:00+10:00,2025-07-25T11:00:00+10:00,S01,180
B001,HB00219-completed,HB00219,completed,2025-07-25T11:00:00+10:00,Completed,2025-07-25T09:00:00+10:00,2025-07-25T11:00:00+10:00,S01,180
B001,HB00220-created,HB00220,created,2025-07-23T12:00:00+10:00,Booked,2025-07-25T12:00:00+10:00,2025-07-25T13:00:00+10:00,S01,70
B001,HB00220-completed,HB00220,completed,2025-07-25T13:00:00+10:00,Completed,2025-07-25T12:00:00+10:00,2025-07-25T13:00:00+10:00,S01,70
B001,HB00221-created,HB00221,created,2025-07-11T09:00:00+10:00,Booked,2025-07-21T09:00:00+10:00,2025-07-21T11:00:00+10:00,S02,180
B001,HB00221-completed,HB00221,completed,2025-07-21T11:00:00+10:00,Completed,2025-07-21T09:00:00+10:00,2025-07-21T11:00:00+10:00,S02,180
B001,HB00222-created,HB00222,created,2025-07-19T12:00:00+10:00,Booked,2025-07-21T12:00:00+10:00,2025-07-21T13:00:00+10:00,S02,70
B001,HB00222-completed,HB00222,completed,2025-07-21T13:00:00+10:00,Completed,2025-07-21T12:00:00+10:00,2025-07-21T13:00:00+10:00,S02,70
B001,HB00223-created,HB00223,created,2025-07-12T09:00:00+10:00,Booked,2025-07-22T09:00:00+10:00,2025-07-22T10:00:00+10:00,S02,70
B001,HB00223-completed,HB00223,completed,2025-07-22T10:00:00+10:00,Completed,2025-07-22T09:00:00+10:00,2025-07-22T10:00:00+10:00,S02,70
B001,HB00224-created,HB00224,created,2025-07-20T12:00:00+10:00,Booked,2025-07-22T12:00:00+10:00,2025-07-22T13:00:00+10:00,S02,70
B001,HB00224-completed,HB00224,completed,2025-07-22T13:00:00+10:00,Completed,2025-07-22T12:00:00+10:00,2025-07-22T13:00:00+10:00,S02,70
B001,HB00225-created,HB00225,created,2025-07-13T09:00:00+10:00,Booked,2025-07-23T09:00:00+10:00,2025-07-23T10:00:00+10:00,S02,70
B001,HB00225-completed,HB00225,completed,2025-07-23T10:00:00+10:00,Completed,2025-07-23T09:00:00+10:00,2025-07-23T10:00:00+10:00,S02,70
B001,HB00226-created,HB00226,created,2025-07-21T12:00:00+10:00,Booked,2025-07-23T12:00:00+10:00,2025-07-23T14:00:00+10:00,S02,180
B001,HB00226-completed,HB00226,completed,2025-07-23T14:00:00+10:00,Completed,2025-07-23T12:00:00+10:00,2025-07-23T14:00:00+10:00,S02,180
B001,HB00227-created,HB00227,created,2025-07-14T09:00:00+10:00,Booked,2025-07-24T09:00:00+10:00,2025-07-24T11:00:00+10:00,S02,180
B001,HB00227-completed,HB00227,completed,2025-07-24T11:00:00+10:00,Completed,2025-07-24T09:00:00+10:00,2025-07-24T11:00:00+10:00,S02,180
B001,HB00228-created,HB00228,created,2025-07-22T12:00:00+10:00,Booked,2025-07-24T12:00:00+10:00,2025-07-24T13:00:00+10:00,S02,70
B001,HB00228-completed,HB00228,completed,2025-07-24T13:00:00+10:00,Completed,2025-07-24T12:00:00+10:00,2025-07-24T13:00:00+10:00,S02,70
B001,HB00229-created,HB00229,created,2025-07-15T09:00:00+10:00,Booked,2025-07-25T09:00:00+10:00,2025-07-25T10:00:00+10:00,S02,70
B001,HB00229-completed,HB00229,completed,2025-07-25T10:00:00+10:00,Completed,2025-07-25T09:00:00+10:00,2025-07-25T10:00:00+10:00,S02,70
B001,HB00230-created,HB00230,created,2025-07-23T12:00:00+10:00,Booked,2025-07-25T12:00:00+10:00,2025-07-25T13:00:00+10:00,S02,70
B001,HB00230-completed,HB00230,completed,2025-07-25T13:00:00+10:00,Completed,2025-07-25T12:00:00+10:00,2025-07-25T13:00:00+10:00,S02,70
B001,HB00231-created,HB00231,created,2025-07-11T09:00:00+10:00,Booked,2025-07-21T09:00:00+10:00,2025-07-21T10:00:00+10:00,S03,70
B001,HB00231-completed,HB00231,completed,2025-07-21T10:00:00+10:00,Completed,2025-07-21T09:00:00+10:00,2025-07-21T10:00:00+10:00,S03,70
B001,HB00232-created,HB00232,created,2025-07-19T12:00:00+10:00,Booked,2025-07-21T12:00:00+10:00,2025-07-21T13:00:00+10:00,S03,70
B001,HB00232-completed,HB00232,completed,2025-07-21T13:00:00+10:00,Completed,2025-07-21T12:00:00+10:00,2025-07-21T13:00:00+10:00,S03,70
B001,HB00233-created,HB00233,created,2025-07-12T09:00:00+10:00,Booked,2025-07-22T09:00:00+10:00,2025-07-22T10:00:00+10:00,S03,70
B001,HB00233-completed,HB00233,completed,2025-07-22T10:00:00+10:00,Completed,2025-07-22T09:00:00+10:00,2025-07-22T10:00:00+10:00,S03,70
B001,HB00234-created,HB00234,created,2025-07-20T12:00:00+10:00,Booked,2025-07-22T12:00:00+10:00,2025-07-22T14:00:00+10:00,S03,180
B001,HB00234-completed,HB00234,completed,2025-07-22T14:00:00+10:00,Completed,2025-07-22T12:00:00+10:00,2025-07-22T14:00:00+10:00,S03,180
B001,HB00235-created,HB00235,created,2025-07-13T09:00:00+10:00,Booked,2025-07-23T09:00:00+10:00,2025-07-23T11:00:00+10:00,S03,180
B001,HB00235-completed,HB00235,completed,2025-07-23T11:00:00+10:00,Completed,2025-07-23T09:00:00+10:00,2025-07-23T11:00:00+10:00,S03,180
B001,HB00236-created,HB00236,created,2025-07-21T12:00:00+10:00,Booked,2025-07-23T12:00:00+10:00,2025-07-23T13:00:00+10:00,S03,70
B001,HB00236-completed,HB00236,completed,2025-07-23T13:00:00+10:00,Completed,2025-07-23T12:00:00+10:00,2025-07-23T13:00:00+10:00,S03,70
B001,HB00237-created,HB00237,created,2025-07-14T09:00:00+10:00,Booked,2025-07-24T09:00:00+10:00,2025-07-24T10:00:00+10:00,S03,70
B001,HB00237-completed,HB00237,completed,2025-07-24T10:00:00+10:00,Completed,2025-07-24T09:00:00+10:00,2025-07-24T10:00:00+10:00,S03,70
B001,HB00238-created,HB00238,created,2025-07-22T12:00:00+10:00,Booked,2025-07-24T12:00:00+10:00,2025-07-24T13:00:00+10:00,S03,70
B001,HB00238-completed,HB00238,completed,2025-07-24T13:00:00+10:00,Completed,2025-07-24T12:00:00+10:00,2025-07-24T13:00:00+10:00,S03,70
B001,HB00239-created,HB00239,created,2025-07-15T09:00:00+10:00,Booked,2025-07-25T09:00:00+10:00,2025-07-25T10:00:00+10:00,S03,70
B001,HB00239-completed,HB00239,completed,2025-07-25T10:00:00+10:00,Completed,2025-07-25T09:00:00+10:00,2025-07-25T10:00:00+10:00,S03,70
B001,HB00240-created,HB00240,created,2025-07-23T12:00:00+10:00,Booked,2025-07-25T12:00:00+10:00,2025-07-25T14:00:00+10:00,S03,180
B001,HB00240-completed,HB00240,completed,2025-07-25T14:00:00+10:00,Completed,2025-07-25T12:00:00+10:00,2025-07-25T14:00:00+10:00,S03,180
B001,HB00241-created,HB00241,created,2025-07-18T09:00:00+10:00,Booked,2025-07-28T09:00:00+10:00,2025-07-28T11:00:00+10:00,S01,180
B001,HB00241-completed,HB00241,completed,2025-07-28T11:00:00+10:00,Completed,2025-07-28T09:00:00+10:00,2025-07-28T11:00:00+10:00,S01,180
B001,HB00242-created,HB00242,created,2025-07-26T12:00:00+10:00,Booked,2025-07-28T12:00:00+10:00,2025-07-28T13:00:00+10:00,S01,70
B001,HB00242-completed,HB00242,completed,2025-07-28T13:00:00+10:00,Completed,2025-07-28T12:00:00+10:00,2025-07-28T13:00:00+10:00,S01,70
B001,HB00243-created,HB00243,created,2025-07-19T09:00:00+10:00,Booked,2025-07-29T09:00:00+10:00,2025-07-29T10:00:00+10:00,S01,70
B001,HB00243-completed,HB00243,completed,2025-07-29T10:00:00+10:00,Completed,2025-07-29T09:00:00+10:00,2025-07-29T10:00:00+10:00,S01,70
B001,HB00244-created,HB00244,created,2025-07-27T12:00:00+10:00,Booked,2025-07-29T12:00:00+10:00,2025-07-29T13:00:00+10:00,S01,70
B001,HB00244-completed,HB00244,completed,2025-07-29T13:00:00+10:00,Completed,2025-07-29T12:00:00+10:00,2025-07-29T13:00:00+10:00,S01,70
B001,HB00245-created,HB00245,created,2025-07-20T09:00:00+10:00,Booked,2025-07-30T09:00:00+10:00,2025-07-30T10:00:00+10:00,S01,70
B001,HB00245-completed,HB00245,completed,2025-07-30T10:00:00+10:00,Completed,2025-07-30T09:00:00+10:00,2025-07-30T10:00:00+10:00,S01,70
B001,HB00246-created,HB00246,created,2025-07-28T12:00:00+10:00,Booked,2025-07-30T12:00:00+10:00,2025-07-30T14:00:00+10:00,S01,180
B001,HB00246-completed,HB00246,completed,2025-07-30T14:00:00+10:00,Completed,2025-07-30T12:00:00+10:00,2025-07-30T14:00:00+10:00,S01,180
B001,HB00247-created,HB00247,created,2025-07-21T09:00:00+10:00,Booked,2025-07-31T09:00:00+10:00,2025-07-31T11:00:00+10:00,S01,180
B001,HB00247-completed,HB00247,completed,2025-07-31T11:00:00+10:00,Completed,2025-07-31T09:00:00+10:00,2025-07-31T11:00:00+10:00,S01,180
B001,HB00248-created,HB00248,created,2025-07-29T12:00:00+10:00,Booked,2025-07-31T12:00:00+10:00,2025-07-31T13:00:00+10:00,S01,70
B001,HB00248-completed,HB00248,completed,2025-07-31T13:00:00+10:00,Completed,2025-07-31T12:00:00+10:00,2025-07-31T13:00:00+10:00,S01,70
B001,HB00249-created,HB00249,created,2025-07-22T09:00:00+10:00,Booked,2025-08-01T09:00:00+10:00,2025-08-01T10:00:00+10:00,S01,70
B001,HB00249-completed,HB00249,completed,2025-08-01T10:00:00+10:00,Completed,2025-08-01T09:00:00+10:00,2025-08-01T10:00:00+10:00,S01,70
B001,HB00250-created,HB00250,created,2025-07-30T12:00:00+10:00,Booked,2025-08-01T12:00:00+10:00,2025-08-01T13:00:00+10:00,S01,70
B001,HB00250-completed,HB00250,completed,2025-08-01T13:00:00+10:00,Completed,2025-08-01T12:00:00+10:00,2025-08-01T13:00:00+10:00,S01,70
B001,HB00251-created,HB00251,created,2025-07-18T09:00:00+10:00,Booked,2025-07-28T09:00:00+10:00,2025-07-28T10:00:00+10:00,S02,70
B001,HB00251-completed,HB00251,completed,2025-07-28T10:00:00+10:00,Completed,2025-07-28T09:00:00+10:00,2025-07-28T10:00:00+10:00,S02,70
B001,HB00252-created,HB00252,created,2025-07-26T12:00:00+10:00,Booked,2025-07-28T12:00:00+10:00,2025-07-28T13:00:00+10:00,S02,70
B001,HB00252-completed,HB00252,completed,2025-07-28T13:00:00+10:00,Completed,2025-07-28T12:00:00+10:00,2025-07-28T13:00:00+10:00,S02,70
B001,HB00253-created,HB00253,created,2025-07-19T09:00:00+10:00,Booked,2025-07-29T09:00:00+10:00,2025-07-29T10:00:00+10:00,S02,70
B001,HB00253-completed,HB00253,completed,2025-07-29T10:00:00+10:00,Completed,2025-07-29T09:00:00+10:00,2025-07-29T10:00:00+10:00,S02,70
B001,HB00254-created,HB00254,created,2025-07-27T12:00:00+10:00,Booked,2025-07-29T12:00:00+10:00,2025-07-29T14:00:00+10:00,S02,180
B001,HB00254-completed,HB00254,completed,2025-07-29T14:00:00+10:00,Completed,2025-07-29T12:00:00+10:00,2025-07-29T14:00:00+10:00,S02,180
B001,HB00255-created,HB00255,created,2025-07-20T09:00:00+10:00,Booked,2025-07-30T09:00:00+10:00,2025-07-30T11:00:00+10:00,S02,180
B001,HB00255-completed,HB00255,completed,2025-07-30T11:00:00+10:00,Completed,2025-07-30T09:00:00+10:00,2025-07-30T11:00:00+10:00,S02,180
B001,HB00256-created,HB00256,created,2025-07-28T12:00:00+10:00,Booked,2025-07-30T12:00:00+10:00,2025-07-30T13:00:00+10:00,S02,70
B001,HB00256-completed,HB00256,completed,2025-07-30T13:00:00+10:00,Completed,2025-07-30T12:00:00+10:00,2025-07-30T13:00:00+10:00,S02,70
B001,HB00257-created,HB00257,created,2025-07-21T09:00:00+10:00,Booked,2025-07-31T09:00:00+10:00,2025-07-31T10:00:00+10:00,S02,70
B001,HB00257-completed,HB00257,completed,2025-07-31T10:00:00+10:00,Completed,2025-07-31T09:00:00+10:00,2025-07-31T10:00:00+10:00,S02,70
B001,HB00258-created,HB00258,created,2025-07-29T12:00:00+10:00,Booked,2025-07-31T12:00:00+10:00,2025-07-31T13:00:00+10:00,S02,70
B001,HB00258-completed,HB00258,completed,2025-07-31T13:00:00+10:00,Completed,2025-07-31T12:00:00+10:00,2025-07-31T13:00:00+10:00,S02,70
B001,HB00259-created,HB00259,created,2025-07-22T09:00:00+10:00,Booked,2025-08-01T09:00:00+10:00,2025-08-01T10:00:00+10:00,S02,70
B001,HB00259-completed,HB00259,completed,2025-08-01T10:00:00+10:00,Completed,2025-08-01T09:00:00+10:00,2025-08-01T10:00:00+10:00,S02,70
B001,HB00260-created,HB00260,created,2025-07-30T12:00:00+10:00,Booked,2025-08-01T12:00:00+10:00,2025-08-01T14:00:00+10:00,S02,180
B001,HB00260-completed,HB00260,completed,2025-08-01T14:00:00+10:00,Completed,2025-08-01T12:00:00+10:00,2025-08-01T14:00:00+10:00,S02,180
B001,HB00261-created,HB00261,created,2025-07-18T09:00:00+10:00,Booked,2025-07-28T09:00:00+10:00,2025-07-28T10:00:00+10:00,S03,70
B001,HB00261-completed,HB00261,completed,2025-07-28T10:00:00+10:00,Completed,2025-07-28T09:00:00+10:00,2025-07-28T10:00:00+10:00,S03,70
B001,HB00262-created,HB00262,created,2025-07-26T12:00:00+10:00,Booked,2025-07-28T12:00:00+10:00,2025-07-28T14:00:00+10:00,S03,180
B001,HB00262-completed,HB00262,completed,2025-07-28T14:00:00+10:00,Completed,2025-07-28T12:00:00+10:00,2025-07-28T14:00:00+10:00,S03,180
B001,HB00263-created,HB00263,created,2025-07-19T09:00:00+10:00,Booked,2025-07-29T09:00:00+10:00,2025-07-29T11:00:00+10:00,S03,180
B001,HB00263-completed,HB00263,completed,2025-07-29T11:00:00+10:00,Completed,2025-07-29T09:00:00+10:00,2025-07-29T11:00:00+10:00,S03,180
B001,HB00264-created,HB00264,created,2025-07-27T12:00:00+10:00,Booked,2025-07-29T12:00:00+10:00,2025-07-29T13:00:00+10:00,S03,70
B001,HB00264-completed,HB00264,completed,2025-07-29T13:00:00+10:00,Completed,2025-07-29T12:00:00+10:00,2025-07-29T13:00:00+10:00,S03,70
B001,HB00265-created,HB00265,created,2025-07-20T09:00:00+10:00,Booked,2025-07-30T09:00:00+10:00,2025-07-30T10:00:00+10:00,S03,70
B001,HB00265-completed,HB00265,completed,2025-07-30T10:00:00+10:00,Completed,2025-07-30T09:00:00+10:00,2025-07-30T10:00:00+10:00,S03,70
B001,HB00266-created,HB00266,created,2025-07-28T12:00:00+10:00,Booked,2025-07-30T12:00:00+10:00,2025-07-30T13:00:00+10:00,S03,70
B001,HB00266-completed,HB00266,completed,2025-07-30T13:00:00+10:00,Completed,2025-07-30T12:00:00+10:00,2025-07-30T13:00:00+10:00,S03,70
B001,HB00267-created,HB00267,created,2025-07-21T09:00:00+10:00,Booked,2025-07-31T09:00:00+10:00,2025-07-31T10:00:00+10:00,S03,70
B001,HB00267-completed,HB00267,completed,2025-07-31T10:00:00+10:00,Completed,2025-07-31T09:00:00+10:00,2025-07-31T10:00:00+10:00,S03,70
B001,HB00268-created,HB00268,created,2025-07-29T12:00:00+10:00,Booked,2025-07-31T12:00:00+10:00,2025-07-31T14:00:00+10:00,S03,180
B001,HB00268-completed,HB00268,completed,2025-07-31T14:00:00+10:00,Completed,2025-07-31T12:00:00+10:00,2025-07-31T14:00:00+10:00,S03,180
B001,HB00269-created,HB00269,created,2025-07-22T09:00:00+10:00,Booked,2025-08-01T09:00:00+10:00,2025-08-01T11:00:00+10:00,S03,180
B001,HB00269-completed,HB00269,completed,2025-08-01T11:00:00+10:00,Completed,2025-08-01T09:00:00+10:00,2025-08-01T11:00:00+10:00,S03,180
B001,HB00270-created,HB00270,created,2025-07-30T12:00:00+10:00,Booked,2025-08-01T12:00:00+10:00,2025-08-01T13:00:00+10:00,S03,70
B001,HB00270-completed,HB00270,completed,2025-08-01T13:00:00+10:00,Completed,2025-08-01T12:00:00+10:00,2025-08-01T13:00:00+10:00,S03,70
B001,HB00271-created,HB00271,created,2025-07-25T09:00:00+10:00,Booked,2025-08-04T09:00:00+10:00,2025-08-04T10:00:00+10:00,S01,70
B001,HB00271-completed,HB00271,completed,2025-08-04T10:00:00+10:00,Completed,2025-08-04T09:00:00+10:00,2025-08-04T10:00:00+10:00,S01,70
B001,HB00272-created,HB00272,created,2025-08-02T12:00:00+10:00,Booked,2025-08-04T12:00:00+10:00,2025-08-04T13:00:00+10:00,S01,70
B001,HB00272-completed,HB00272,completed,2025-08-04T13:00:00+10:00,Completed,2025-08-04T12:00:00+10:00,2025-08-04T13:00:00+10:00,S01,70
B001,HB00273-created,HB00273,created,2025-07-26T09:00:00+10:00,Booked,2025-08-05T09:00:00+10:00,2025-08-05T10:00:00+10:00,S01,70
B001,HB00273-completed,HB00273,completed,2025-08-05T10:00:00+10:00,Completed,2025-08-05T09:00:00+10:00,2025-08-05T10:00:00+10:00,S01,70
B001,HB00274-created,HB00274,created,2025-08-03T12:00:00+10:00,Booked,2025-08-05T12:00:00+10:00,2025-08-05T14:00:00+10:00,S01,180
B001,HB00274-completed,HB00274,completed,2025-08-05T14:00:00+10:00,Completed,2025-08-05T12:00:00+10:00,2025-08-05T14:00:00+10:00,S01,180
B001,HB00275-created,HB00275,created,2025-07-27T09:00:00+10:00,Booked,2025-08-06T09:00:00+10:00,2025-08-06T11:00:00+10:00,S01,180
B001,HB00275-completed,HB00275,completed,2025-08-06T11:00:00+10:00,Completed,2025-08-06T09:00:00+10:00,2025-08-06T11:00:00+10:00,S01,180
B001,HB00276-created,HB00276,created,2025-08-04T12:00:00+10:00,Booked,2025-08-06T12:00:00+10:00,2025-08-06T13:00:00+10:00,S01,70
B001,HB00276-completed,HB00276,completed,2025-08-06T13:00:00+10:00,Completed,2025-08-06T12:00:00+10:00,2025-08-06T13:00:00+10:00,S01,70
B001,HB00277-created,HB00277,created,2025-07-28T09:00:00+10:00,Booked,2025-08-07T09:00:00+10:00,2025-08-07T10:00:00+10:00,S01,70
B001,HB00277-completed,HB00277,completed,2025-08-07T10:00:00+10:00,Completed,2025-08-07T09:00:00+10:00,2025-08-07T10:00:00+10:00,S01,70
B001,HB00278-created,HB00278,created,2025-08-05T12:00:00+10:00,Booked,2025-08-07T12:00:00+10:00,2025-08-07T13:00:00+10:00,S01,70
B001,HB00278-completed,HB00278,completed,2025-08-07T13:00:00+10:00,Completed,2025-08-07T12:00:00+10:00,2025-08-07T13:00:00+10:00,S01,70
B001,HB00279-created,HB00279,created,2025-07-29T09:00:00+10:00,Booked,2025-08-08T09:00:00+10:00,2025-08-08T10:00:00+10:00,S01,70
B001,HB00279-completed,HB00279,completed,2025-08-08T10:00:00+10:00,Completed,2025-08-08T09:00:00+10:00,2025-08-08T10:00:00+10:00,S01,70
B001,HB00280-created,HB00280,created,2025-08-06T12:00:00+10:00,Booked,2025-08-08T12:00:00+10:00,2025-08-08T14:00:00+10:00,S01,180
B001,HB00280-completed,HB00280,completed,2025-08-08T14:00:00+10:00,Completed,2025-08-08T12:00:00+10:00,2025-08-08T14:00:00+10:00,S01,180
B001,HB00281-created,HB00281,created,2025-07-25T09:00:00+10:00,Booked,2025-08-04T09:00:00+10:00,2025-08-04T10:00:00+10:00,S02,70
B001,HB00281-completed,HB00281,completed,2025-08-04T10:00:00+10:00,Completed,2025-08-04T09:00:00+10:00,2025-08-04T10:00:00+10:00,S02,70
B001,HB00282-created,HB00282,created,2025-08-02T12:00:00+10:00,Booked,2025-08-04T12:00:00+10:00,2025-08-04T14:00:00+10:00,S02,180
B001,HB00282-completed,HB00282,completed,2025-08-04T14:00:00+10:00,Completed,2025-08-04T12:00:00+10:00,2025-08-04T14:00:00+10:00,S02,180
B001,HB00283-created,HB00283,created,2025-07-26T09:00:00+10:00,Booked,2025-08-05T09:00:00+10:00,2025-08-05T11:00:00+10:00,S02,180
B001,HB00283-completed,HB00283,completed,2025-08-05T11:00:00+10:00,Completed,2025-08-05T09:00:00+10:00,2025-08-05T11:00:00+10:00,S02,180
B001,HB00284-created,HB00284,created,2025-08-03T12:00:00+10:00,Booked,2025-08-05T12:00:00+10:00,2025-08-05T13:00:00+10:00,S02,70
B001,HB00284-completed,HB00284,completed,2025-08-05T13:00:00+10:00,Completed,2025-08-05T12:00:00+10:00,2025-08-05T13:00:00+10:00,S02,70
B001,HB00285-created,HB00285,created,2025-07-27T09:00:00+10:00,Booked,2025-08-06T09:00:00+10:00,2025-08-06T10:00:00+10:00,S02,70
B001,HB00285-completed,HB00285,completed,2025-08-06T10:00:00+10:00,Completed,2025-08-06T09:00:00+10:00,2025-08-06T10:00:00+10:00,S02,70
B001,HB00286-created,HB00286,created,2025-08-04T12:00:00+10:00,Booked,2025-08-06T12:00:00+10:00,2025-08-06T13:00:00+10:00,S02,70
B001,HB00286-completed,HB00286,completed,2025-08-06T13:00:00+10:00,Completed,2025-08-06T12:00:00+10:00,2025-08-06T13:00:00+10:00,S02,70
B001,HB00287-created,HB00287,created,2025-07-28T09:00:00+10:00,Booked,2025-08-07T09:00:00+10:00,2025-08-07T10:00:00+10:00,S02,70
B001,HB00287-completed,HB00287,completed,2025-08-07T10:00:00+10:00,Completed,2025-08-07T09:00:00+10:00,2025-08-07T10:00:00+10:00,S02,70
B001,HB00288-created,HB00288,created,2025-08-05T12:00:00+10:00,Booked,2025-08-07T12:00:00+10:00,2025-08-07T14:00:00+10:00,S02,180
B001,HB00288-completed,HB00288,completed,2025-08-07T14:00:00+10:00,Completed,2025-08-07T12:00:00+10:00,2025-08-07T14:00:00+10:00,S02,180
B001,HB00289-created,HB00289,created,2025-07-29T09:00:00+10:00,Booked,2025-08-08T09:00:00+10:00,2025-08-08T11:00:00+10:00,S02,180
B001,HB00289-completed,HB00289,completed,2025-08-08T11:00:00+10:00,Completed,2025-08-08T09:00:00+10:00,2025-08-08T11:00:00+10:00,S02,180
B001,HB00290-created,HB00290,created,2025-08-06T12:00:00+10:00,Booked,2025-08-08T12:00:00+10:00,2025-08-08T13:00:00+10:00,S02,70
B001,HB00290-completed,HB00290,completed,2025-08-08T13:00:00+10:00,Completed,2025-08-08T12:00:00+10:00,2025-08-08T13:00:00+10:00,S02,70
B001,HB00291-created,HB00291,created,2025-07-25T09:00:00+10:00,Booked,2025-08-04T09:00:00+10:00,2025-08-04T11:00:00+10:00,S03,180
B001,HB00291-completed,HB00291,completed,2025-08-04T11:00:00+10:00,Completed,2025-08-04T09:00:00+10:00,2025-08-04T11:00:00+10:00,S03,180
B001,HB00292-created,HB00292,created,2025-08-02T12:00:00+10:00,Booked,2025-08-04T12:00:00+10:00,2025-08-04T13:00:00+10:00,S03,70
B001,HB00292-completed,HB00292,completed,2025-08-04T13:00:00+10:00,Completed,2025-08-04T12:00:00+10:00,2025-08-04T13:00:00+10:00,S03,70
B001,HB00293-created,HB00293,created,2025-07-26T09:00:00+10:00,Booked,2025-08-05T09:00:00+10:00,2025-08-05T10:00:00+10:00,S03,70
B001,HB00293-completed,HB00293,completed,2025-08-05T10:00:00+10:00,Completed,2025-08-05T09:00:00+10:00,2025-08-05T10:00:00+10:00,S03,70
B001,HB00294-created,HB00294,created,2025-08-03T12:00:00+10:00,Booked,2025-08-05T12:00:00+10:00,2025-08-05T13:00:00+10:00,S03,70
B001,HB00294-completed,HB00294,completed,2025-08-05T13:00:00+10:00,Completed,2025-08-05T12:00:00+10:00,2025-08-05T13:00:00+10:00,S03,70
B001,HB00295-created,HB00295,created,2025-07-27T09:00:00+10:00,Booked,2025-08-06T09:00:00+10:00,2025-08-06T10:00:00+10:00,S03,70
B001,HB00295-completed,HB00295,completed,2025-08-06T10:00:00+10:00,Completed,2025-08-06T09:00:00+10:00,2025-08-06T10:00:00+10:00,S03,70
B001,HB00296-created,HB00296,created,2025-08-04T12:00:00+10:00,Booked,2025-08-06T12:00:00+10:00,2025-08-06T14:00:00+10:00,S03,180
B001,HB00296-completed,HB00296,completed,2025-08-06T14:00:00+10:00,Completed,2025-08-06T12:00:00+10:00,2025-08-06T14:00:00+10:00,S03,180
B001,HB00297-created,HB00297,created,2025-07-28T09:00:00+10:00,Booked,2025-08-07T09:00:00+10:00,2025-08-07T11:00:00+10:00,S03,180
B001,HB00297-completed,HB00297,completed,2025-08-07T11:00:00+10:00,Completed,2025-08-07T09:00:00+10:00,2025-08-07T11:00:00+10:00,S03,180
B001,HB00298-created,HB00298,created,2025-08-05T12:00:00+10:00,Booked,2025-08-07T12:00:00+10:00,2025-08-07T13:00:00+10:00,S03,70
B001,HB00298-completed,HB00298,completed,2025-08-07T13:00:00+10:00,Completed,2025-08-07T12:00:00+10:00,2025-08-07T13:00:00+10:00,S03,70
B001,HB00299-created,HB00299,created,2025-07-29T09:00:00+10:00,Booked,2025-08-08T09:00:00+10:00,2025-08-08T10:00:00+10:00,S03,70
B001,HB00299-completed,HB00299,completed,2025-08-08T10:00:00+10:00,Completed,2025-08-08T09:00:00+10:00,2025-08-08T10:00:00+10:00,S03,70
B001,HB00300-created,HB00300,created,2025-08-06T12:00:00+10:00,Booked,2025-08-08T12:00:00+10:00,2025-08-08T13:00:00+10:00,S03,70
B001,HB00300-completed,HB00300,completed,2025-08-08T13:00:00+10:00,Completed,2025-08-08T12:00:00+10:00,2025-08-08T13:00:00+10:00,S03,70
B001,HB00301-created,HB00301,created,2025-08-01T09:00:00+10:00,Booked,2025-08-11T09:00:00+10:00,2025-08-11T10:00:00+10:00,S01,70
B001,HB00301-completed,HB00301,completed,2025-08-11T10:00:00+10:00,Completed,2025-08-11T09:00:00+10:00,2025-08-11T10:00:00+10:00,S01,70
B001,HB00302-created,HB00302,created,2025-08-09T12:00:00+10:00,Booked,2025-08-11T12:00:00+10:00,2025-08-11T14:00:00+10:00,S01,180
B001,HB00302-completed,HB00302,completed,2025-08-11T14:00:00+10:00,Completed,2025-08-11T12:00:00+10:00,2025-08-11T14:00:00+10:00,S01,180
B001,HB00303-created,HB00303,created,2025-08-02T09:00:00+10:00,Booked,2025-08-12T09:00:00+10:00,2025-08-12T11:00:00+10:00,S01,180
B001,HB00303-completed,HB00303,completed,2025-08-12T11:00:00+10:00,Completed,2025-08-12T09:00:00+10:00,2025-08-12T11:00:00+10:00,S01,180
B001,HB00304-created,HB00304,created,2025-08-10T12:00:00+10:00,Booked,2025-08-12T12:00:00+10:00,2025-08-12T13:00:00+10:00,S01,70
B001,HB00304-completed,HB00304,completed,2025-08-12T13:00:00+10:00,Completed,2025-08-12T12:00:00+10:00,2025-08-12T13:00:00+10:00,S01,70
B001,HB00305-created,HB00305,created,2025-08-03T09:00:00+10:00,Booked,2025-08-13T09:00:00+10:00,2025-08-13T10:00:00+10:00,S01,70
B001,HB00305-completed,HB00305,completed,2025-08-13T10:00:00+10:00,Completed,2025-08-13T09:00:00+10:00,2025-08-13T10:00:00+10:00,S01,70
B001,HB00306-created,HB00306,created,2025-08-11T12:00:00+10:00,Booked,2025-08-13T12:00:00+10:00,2025-08-13T13:00:00+10:00,S01,70
B001,HB00306-completed,HB00306,completed,2025-08-13T13:00:00+10:00,Completed,2025-08-13T12:00:00+10:00,2025-08-13T13:00:00+10:00,S01,70
B001,HB00307-created,HB00307,created,2025-08-04T09:00:00+10:00,Booked,2025-08-14T09:00:00+10:00,2025-08-14T10:00:00+10:00,S01,70
B001,HB00307-completed,HB00307,completed,2025-08-14T10:00:00+10:00,Completed,2025-08-14T09:00:00+10:00,2025-08-14T10:00:00+10:00,S01,70
B001,HB00308-created,HB00308,created,2025-08-12T12:00:00+10:00,Booked,2025-08-14T12:00:00+10:00,2025-08-14T14:00:00+10:00,S01,180
B001,HB00308-completed,HB00308,completed,2025-08-14T14:00:00+10:00,Completed,2025-08-14T12:00:00+10:00,2025-08-14T14:00:00+10:00,S01,180
B001,HB00309-created,HB00309,created,2025-08-05T09:00:00+10:00,Booked,2025-08-15T09:00:00+10:00,2025-08-15T11:00:00+10:00,S01,180
B001,HB00309-completed,HB00309,completed,2025-08-15T11:00:00+10:00,Completed,2025-08-15T09:00:00+10:00,2025-08-15T11:00:00+10:00,S01,180
B001,HB00310-created,HB00310,created,2025-08-13T12:00:00+10:00,Booked,2025-08-15T12:00:00+10:00,2025-08-15T13:00:00+10:00,S01,70
B001,HB00310-completed,HB00310,completed,2025-08-15T13:00:00+10:00,Completed,2025-08-15T12:00:00+10:00,2025-08-15T13:00:00+10:00,S01,70
B001,HB00311-created,HB00311,created,2025-08-01T09:00:00+10:00,Booked,2025-08-11T09:00:00+10:00,2025-08-11T11:00:00+10:00,S02,180
B001,HB00311-completed,HB00311,completed,2025-08-11T11:00:00+10:00,Completed,2025-08-11T09:00:00+10:00,2025-08-11T11:00:00+10:00,S02,180
B001,HB00312-created,HB00312,created,2025-08-09T12:00:00+10:00,Booked,2025-08-11T12:00:00+10:00,2025-08-11T13:00:00+10:00,S02,70
B001,HB00312-completed,HB00312,completed,2025-08-11T13:00:00+10:00,Completed,2025-08-11T12:00:00+10:00,2025-08-11T13:00:00+10:00,S02,70
B001,HB00313-created,HB00313,created,2025-08-02T09:00:00+10:00,Booked,2025-08-12T09:00:00+10:00,2025-08-12T10:00:00+10:00,S02,70
B001,HB00313-completed,HB00313,completed,2025-08-12T10:00:00+10:00,Completed,2025-08-12T09:00:00+10:00,2025-08-12T10:00:00+10:00,S02,70
B001,HB00314-created,HB00314,created,2025-08-10T12:00:00+10:00,Booked,2025-08-12T12:00:00+10:00,2025-08-12T13:00:00+10:00,S02,70
B001,HB00314-completed,HB00314,completed,2025-08-12T13:00:00+10:00,Completed,2025-08-12T12:00:00+10:00,2025-08-12T13:00:00+10:00,S02,70
B001,HB00315-created,HB00315,created,2025-08-03T09:00:00+10:00,Booked,2025-08-13T09:00:00+10:00,2025-08-13T10:00:00+10:00,S02,70
B001,HB00315-completed,HB00315,completed,2025-08-13T10:00:00+10:00,Completed,2025-08-13T09:00:00+10:00,2025-08-13T10:00:00+10:00,S02,70
B001,HB00316-created,HB00316,created,2025-08-11T12:00:00+10:00,Booked,2025-08-13T12:00:00+10:00,2025-08-13T14:00:00+10:00,S02,180
B001,HB00316-completed,HB00316,completed,2025-08-13T14:00:00+10:00,Completed,2025-08-13T12:00:00+10:00,2025-08-13T14:00:00+10:00,S02,180
B001,HB00317-created,HB00317,created,2025-08-04T09:00:00+10:00,Booked,2025-08-14T09:00:00+10:00,2025-08-14T11:00:00+10:00,S02,180
B001,HB00317-completed,HB00317,completed,2025-08-14T11:00:00+10:00,Completed,2025-08-14T09:00:00+10:00,2025-08-14T11:00:00+10:00,S02,180
B001,HB00318-created,HB00318,created,2025-08-12T12:00:00+10:00,Booked,2025-08-14T12:00:00+10:00,2025-08-14T13:00:00+10:00,S02,70
B001,HB00318-completed,HB00318,completed,2025-08-14T13:00:00+10:00,Completed,2025-08-14T12:00:00+10:00,2025-08-14T13:00:00+10:00,S02,70
B001,HB00319-created,HB00319,created,2025-08-05T09:00:00+10:00,Booked,2025-08-15T09:00:00+10:00,2025-08-15T10:00:00+10:00,S02,70
B001,HB00319-completed,HB00319,completed,2025-08-15T10:00:00+10:00,Completed,2025-08-15T09:00:00+10:00,2025-08-15T10:00:00+10:00,S02,70
B001,HB00320-created,HB00320,created,2025-08-13T12:00:00+10:00,Booked,2025-08-15T12:00:00+10:00,2025-08-15T13:00:00+10:00,S02,70
B001,HB00320-completed,HB00320,completed,2025-08-15T13:00:00+10:00,Completed,2025-08-15T12:00:00+10:00,2025-08-15T13:00:00+10:00,S02,70
B001,HB00321-created,HB00321,created,2025-08-01T09:00:00+10:00,Booked,2025-08-11T09:00:00+10:00,2025-08-11T10:00:00+10:00,S03,70
B001,HB00321-completed,HB00321,completed,2025-08-11T10:00:00+10:00,Completed,2025-08-11T09:00:00+10:00,2025-08-11T10:00:00+10:00,S03,70
B001,HB00322-created,HB00322,created,2025-08-09T12:00:00+10:00,Booked,2025-08-11T12:00:00+10:00,2025-08-11T13:00:00+10:00,S03,70
B001,HB00322-completed,HB00322,completed,2025-08-11T13:00:00+10:00,Completed,2025-08-11T12:00:00+10:00,2025-08-11T13:00:00+10:00,S03,70
B001,HB00323-created,HB00323,created,2025-08-02T09:00:00+10:00,Booked,2025-08-12T09:00:00+10:00,2025-08-12T10:00:00+10:00,S03,70
B001,HB00323-completed,HB00323,completed,2025-08-12T10:00:00+10:00,Completed,2025-08-12T09:00:00+10:00,2025-08-12T10:00:00+10:00,S03,70
B001,HB00324-created,HB00324,created,2025-08-10T12:00:00+10:00,Booked,2025-08-12T12:00:00+10:00,2025-08-12T14:00:00+10:00,S03,180
B001,HB00324-completed,HB00324,completed,2025-08-12T14:00:00+10:00,Completed,2025-08-12T12:00:00+10:00,2025-08-12T14:00:00+10:00,S03,180
B001,HB00325-created,HB00325,created,2025-08-03T09:00:00+10:00,Booked,2025-08-13T09:00:00+10:00,2025-08-13T11:00:00+10:00,S03,180
B001,HB00325-completed,HB00325,completed,2025-08-13T11:00:00+10:00,Completed,2025-08-13T09:00:00+10:00,2025-08-13T11:00:00+10:00,S03,180
B001,HB00326-created,HB00326,created,2025-08-11T12:00:00+10:00,Booked,2025-08-13T12:00:00+10:00,2025-08-13T13:00:00+10:00,S03,70
B001,HB00326-completed,HB00326,completed,2025-08-13T13:00:00+10:00,Completed,2025-08-13T12:00:00+10:00,2025-08-13T13:00:00+10:00,S03,70
B001,HB00327-created,HB00327,created,2025-08-04T09:00:00+10:00,Booked,2025-08-14T09:00:00+10:00,2025-08-14T10:00:00+10:00,S03,70
B001,HB00327-completed,HB00327,completed,2025-08-14T10:00:00+10:00,Completed,2025-08-14T09:00:00+10:00,2025-08-14T10:00:00+10:00,S03,70
B001,HB00328-created,HB00328,created,2025-08-12T12:00:00+10:00,Booked,2025-08-14T12:00:00+10:00,2025-08-14T13:00:00+10:00,S03,70
B001,HB00328-completed,HB00328,completed,2025-08-14T13:00:00+10:00,Completed,2025-08-14T12:00:00+10:00,2025-08-14T13:00:00+10:00,S03,70
B001,HB00329-created,HB00329,created,2025-08-05T09:00:00+10:00,Booked,2025-08-15T09:00:00+10:00,2025-08-15T10:00:00+10:00,S03,70
B001,HB00329-completed,HB00329,completed,2025-08-15T10:00:00+10:00,Completed,2025-08-15T09:00:00+10:00,2025-08-15T10:00:00+10:00,S03,70
B001,HB00330-created,HB00330,created,2025-08-13T12:00:00+10:00,Booked,2025-08-15T12:00:00+10:00,2025-08-15T14:00:00+10:00,S03,180
B001,HB00330-completed,HB00330,completed,2025-08-15T14:00:00+10:00,Completed,2025-08-15T12:00:00+10:00,2025-08-15T14:00:00+10:00,S03,180
B001,HB00331-created,HB00331,created,2025-08-08T09:00:00+10:00,Booked,2025-08-18T09:00:00+10:00,2025-08-18T11:00:00+10:00,S01,180
B001,HB00331-completed,HB00331,completed,2025-08-18T11:00:00+10:00,Completed,2025-08-18T09:00:00+10:00,2025-08-18T11:00:00+10:00,S01,180
B001,HB00332-created,HB00332,created,2025-08-16T12:00:00+10:00,Booked,2025-08-18T12:00:00+10:00,2025-08-18T13:00:00+10:00,S01,70
B001,HB00332-completed,HB00332,completed,2025-08-18T13:00:00+10:00,Completed,2025-08-18T12:00:00+10:00,2025-08-18T13:00:00+10:00,S01,70
B001,HB00333-created,HB00333,created,2025-08-09T09:00:00+10:00,Booked,2025-08-19T09:00:00+10:00,2025-08-19T10:00:00+10:00,S01,70
B001,HB00333-completed,HB00333,completed,2025-08-19T10:00:00+10:00,Completed,2025-08-19T09:00:00+10:00,2025-08-19T10:00:00+10:00,S01,70
B001,HB00334-created,HB00334,created,2025-08-17T12:00:00+10:00,Booked,2025-08-19T12:00:00+10:00,2025-08-19T13:00:00+10:00,S01,70
B001,HB00334-completed,HB00334,completed,2025-08-19T13:00:00+10:00,Completed,2025-08-19T12:00:00+10:00,2025-08-19T13:00:00+10:00,S01,70
B001,HB00335-created,HB00335,created,2025-08-10T09:00:00+10:00,Booked,2025-08-20T09:00:00+10:00,2025-08-20T10:00:00+10:00,S01,70
B001,HB00335-completed,HB00335,completed,2025-08-20T10:00:00+10:00,Completed,2025-08-20T09:00:00+10:00,2025-08-20T10:00:00+10:00,S01,70
B001,HB00336-created,HB00336,created,2025-08-18T12:00:00+10:00,Booked,2025-08-20T12:00:00+10:00,2025-08-20T14:00:00+10:00,S01,180
B001,HB00336-completed,HB00336,completed,2025-08-20T14:00:00+10:00,Completed,2025-08-20T12:00:00+10:00,2025-08-20T14:00:00+10:00,S01,180
B001,HB00337-created,HB00337,created,2025-08-11T09:00:00+10:00,Booked,2025-08-21T09:00:00+10:00,2025-08-21T11:00:00+10:00,S01,180
B001,HB00337-completed,HB00337,completed,2025-08-21T11:00:00+10:00,Completed,2025-08-21T09:00:00+10:00,2025-08-21T11:00:00+10:00,S01,180
B001,HB00338-created,HB00338,created,2025-08-19T12:00:00+10:00,Booked,2025-08-21T12:00:00+10:00,2025-08-21T13:00:00+10:00,S01,70
B001,HB00338-completed,HB00338,completed,2025-08-21T13:00:00+10:00,Completed,2025-08-21T12:00:00+10:00,2025-08-21T13:00:00+10:00,S01,70
B001,HB00339-created,HB00339,created,2025-08-12T09:00:00+10:00,Booked,2025-08-22T09:00:00+10:00,2025-08-22T10:00:00+10:00,S01,70
B001,HB00339-completed,HB00339,completed,2025-08-22T10:00:00+10:00,Completed,2025-08-22T09:00:00+10:00,2025-08-22T10:00:00+10:00,S01,70
B001,HB00340-created,HB00340,created,2025-08-20T12:00:00+10:00,Booked,2025-08-22T12:00:00+10:00,2025-08-22T13:00:00+10:00,S01,70
B001,HB00340-completed,HB00340,completed,2025-08-22T13:00:00+10:00,Completed,2025-08-22T12:00:00+10:00,2025-08-22T13:00:00+10:00,S01,70
B001,HB00341-created,HB00341,created,2025-08-08T09:00:00+10:00,Booked,2025-08-18T09:00:00+10:00,2025-08-18T10:00:00+10:00,S02,70
B001,HB00341-completed,HB00341,completed,2025-08-18T10:00:00+10:00,Completed,2025-08-18T09:00:00+10:00,2025-08-18T10:00:00+10:00,S02,70
B001,HB00342-created,HB00342,created,2025-08-16T12:00:00+10:00,Booked,2025-08-18T12:00:00+10:00,2025-08-18T13:00:00+10:00,S02,70
B001,HB00342-completed,HB00342,completed,2025-08-18T13:00:00+10:00,Completed,2025-08-18T12:00:00+10:00,2025-08-18T13:00:00+10:00,S02,70
B001,HB00343-created,HB00343,created,2025-08-09T09:00:00+10:00,Booked,2025-08-19T09:00:00+10:00,2025-08-19T10:00:00+10:00,S02,70
B001,HB00343-completed,HB00343,completed,2025-08-19T10:00:00+10:00,Completed,2025-08-19T09:00:00+10:00,2025-08-19T10:00:00+10:00,S02,70
B001,HB00344-created,HB00344,created,2025-08-17T12:00:00+10:00,Booked,2025-08-19T12:00:00+10:00,2025-08-19T14:00:00+10:00,S02,180
B001,HB00344-completed,HB00344,completed,2025-08-19T14:00:00+10:00,Completed,2025-08-19T12:00:00+10:00,2025-08-19T14:00:00+10:00,S02,180
B001,HB00345-created,HB00345,created,2025-08-10T09:00:00+10:00,Booked,2025-08-20T09:00:00+10:00,2025-08-20T11:00:00+10:00,S02,180
B001,HB00345-completed,HB00345,completed,2025-08-20T11:00:00+10:00,Completed,2025-08-20T09:00:00+10:00,2025-08-20T11:00:00+10:00,S02,180
B001,HB00346-created,HB00346,created,2025-08-18T12:00:00+10:00,Booked,2025-08-20T12:00:00+10:00,2025-08-20T13:00:00+10:00,S02,70
B001,HB00346-completed,HB00346,completed,2025-08-20T13:00:00+10:00,Completed,2025-08-20T12:00:00+10:00,2025-08-20T13:00:00+10:00,S02,70
B001,HB00347-created,HB00347,created,2025-08-11T09:00:00+10:00,Booked,2025-08-21T09:00:00+10:00,2025-08-21T10:00:00+10:00,S02,70
B001,HB00347-completed,HB00347,completed,2025-08-21T10:00:00+10:00,Completed,2025-08-21T09:00:00+10:00,2025-08-21T10:00:00+10:00,S02,70
B001,HB00348-created,HB00348,created,2025-08-19T12:00:00+10:00,Booked,2025-08-21T12:00:00+10:00,2025-08-21T13:00:00+10:00,S02,70
B001,HB00348-completed,HB00348,completed,2025-08-21T13:00:00+10:00,Completed,2025-08-21T12:00:00+10:00,2025-08-21T13:00:00+10:00,S02,70
B001,HB00349-created,HB00349,created,2025-08-12T09:00:00+10:00,Booked,2025-08-22T09:00:00+10:00,2025-08-22T10:00:00+10:00,S02,70
B001,HB00349-completed,HB00349,completed,2025-08-22T10:00:00+10:00,Completed,2025-08-22T09:00:00+10:00,2025-08-22T10:00:00+10:00,S02,70
B001,HB00350-created,HB00350,created,2025-08-20T12:00:00+10:00,Booked,2025-08-22T12:00:00+10:00,2025-08-22T14:00:00+10:00,S02,180
B001,HB00350-completed,HB00350,completed,2025-08-22T14:00:00+10:00,Completed,2025-08-22T12:00:00+10:00,2025-08-22T14:00:00+10:00,S02,180
B001,HB00351-created,HB00351,created,2025-08-08T09:00:00+10:00,Booked,2025-08-18T09:00:00+10:00,2025-08-18T10:00:00+10:00,S03,70
B001,HB00351-completed,HB00351,completed,2025-08-18T10:00:00+10:00,Completed,2025-08-18T09:00:00+10:00,2025-08-18T10:00:00+10:00,S03,70
B001,HB00352-created,HB00352,created,2025-08-16T12:00:00+10:00,Booked,2025-08-18T12:00:00+10:00,2025-08-18T14:00:00+10:00,S03,180
B001,HB00352-completed,HB00352,completed,2025-08-18T14:00:00+10:00,Completed,2025-08-18T12:00:00+10:00,2025-08-18T14:00:00+10:00,S03,180
B001,HB00353-created,HB00353,created,2025-08-09T09:00:00+10:00,Booked,2025-08-19T09:00:00+10:00,2025-08-19T11:00:00+10:00,S03,180
B001,HB00353-completed,HB00353,completed,2025-08-19T11:00:00+10:00,Completed,2025-08-19T09:00:00+10:00,2025-08-19T11:00:00+10:00,S03,180
B001,HB00354-created,HB00354,created,2025-08-17T12:00:00+10:00,Booked,2025-08-19T12:00:00+10:00,2025-08-19T13:00:00+10:00,S03,70
B001,HB00354-completed,HB00354,completed,2025-08-19T13:00:00+10:00,Completed,2025-08-19T12:00:00+10:00,2025-08-19T13:00:00+10:00,S03,70
B001,HB00355-created,HB00355,created,2025-08-10T09:00:00+10:00,Booked,2025-08-20T09:00:00+10:00,2025-08-20T10:00:00+10:00,S03,70
B001,HB00355-completed,HB00355,completed,2025-08-20T10:00:00+10:00,Completed,2025-08-20T09:00:00+10:00,2025-08-20T10:00:00+10:00,S03,70
B001,HB00356-created,HB00356,created,2025-08-18T12:00:00+10:00,Booked,2025-08-20T12:00:00+10:00,2025-08-20T13:00:00+10:00,S03,70
B001,HB00356-completed,HB00356,completed,2025-08-20T13:00:00+10:00,Completed,2025-08-20T12:00:00+10:00,2025-08-20T13:00:00+10:00,S03,70
B001,HB00357-created,HB00357,created,2025-08-11T09:00:00+10:00,Booked,2025-08-21T09:00:00+10:00,2025-08-21T10:00:00+10:00,S03,70
B001,HB00357-completed,HB00357,completed,2025-08-21T10:00:00+10:00,Completed,2025-08-21T09:00:00+10:00,2025-08-21T10:00:00+10:00,S03,70
B001,HB00358-created,HB00358,created,2025-08-19T12:00:00+10:00,Booked,2025-08-21T12:00:00+10:00,2025-08-21T14:00:00+10:00,S03,180
B001,HB00358-completed,HB00358,completed,2025-08-21T14:00:00+10:00,Completed,2025-08-21T12:00:00+10:00,2025-08-21T14:00:00+10:00,S03,180
B001,HB00359-created,HB00359,created,2025-08-12T09:00:00+10:00,Booked,2025-08-22T09:00:00+10:00,2025-08-22T11:00:00+10:00,S03,180
B001,HB00359-completed,HB00359,completed,2025-08-22T11:00:00+10:00,Completed,2025-08-22T09:00:00+10:00,2025-08-22T11:00:00+10:00,S03,180
B001,HB00360-created,HB00360,created,2025-08-20T12:00:00+10:00,Booked,2025-08-22T12:00:00+10:00,2025-08-22T13:00:00+10:00,S03,70
B001,HB00360-completed,HB00360,completed,2025-08-22T13:00:00+10:00,Completed,2025-08-22T12:00:00+10:00,2025-08-22T13:00:00+10:00,S03,70
B001,HB00361-created,HB00361,created,2025-08-15T09:00:00+10:00,Booked,2025-08-25T09:00:00+10:00,2025-08-25T10:00:00+10:00,S01,70
B001,HB00361-completed,HB00361,completed,2025-08-25T10:00:00+10:00,Completed,2025-08-25T09:00:00+10:00,2025-08-25T10:00:00+10:00,S01,70
B001,HB00362-created,HB00362,created,2025-08-23T12:00:00+10:00,Booked,2025-08-25T12:00:00+10:00,2025-08-25T13:00:00+10:00,S01,70
B001,HB00362-completed,HB00362,completed,2025-08-25T13:00:00+10:00,Completed,2025-08-25T12:00:00+10:00,2025-08-25T13:00:00+10:00,S01,70
B001,HB00363-created,HB00363,created,2025-08-16T09:00:00+10:00,Booked,2025-08-26T09:00:00+10:00,2025-08-26T10:00:00+10:00,S01,70
B001,HB00363-completed,HB00363,completed,2025-08-26T10:00:00+10:00,Completed,2025-08-26T09:00:00+10:00,2025-08-26T10:00:00+10:00,S01,70
B001,HB00364-created,HB00364,created,2025-08-24T12:00:00+10:00,Booked,2025-08-26T12:00:00+10:00,2025-08-26T14:00:00+10:00,S01,180
B001,HB00364-completed,HB00364,completed,2025-08-26T14:00:00+10:00,Completed,2025-08-26T12:00:00+10:00,2025-08-26T14:00:00+10:00,S01,180
B001,HB00365-created,HB00365,created,2025-08-17T09:00:00+10:00,Booked,2025-08-27T09:00:00+10:00,2025-08-27T11:00:00+10:00,S01,180
B001,HB00365-completed,HB00365,completed,2025-08-27T11:00:00+10:00,Completed,2025-08-27T09:00:00+10:00,2025-08-27T11:00:00+10:00,S01,180
B001,HB00366-created,HB00366,created,2025-08-25T12:00:00+10:00,Booked,2025-08-27T12:00:00+10:00,2025-08-27T13:00:00+10:00,S01,70
B001,HB00366-completed,HB00366,completed,2025-08-27T13:00:00+10:00,Completed,2025-08-27T12:00:00+10:00,2025-08-27T13:00:00+10:00,S01,70
B001,HB00367-created,HB00367,created,2025-08-18T09:00:00+10:00,Booked,2025-08-28T09:00:00+10:00,2025-08-28T10:00:00+10:00,S01,70
B001,HB00367-completed,HB00367,completed,2025-08-28T10:00:00+10:00,Completed,2025-08-28T09:00:00+10:00,2025-08-28T10:00:00+10:00,S01,70
B001,HB00368-created,HB00368,created,2025-08-26T12:00:00+10:00,Booked,2025-08-28T12:00:00+10:00,2025-08-28T13:00:00+10:00,S01,70
B001,HB00368-completed,HB00368,completed,2025-08-28T13:00:00+10:00,Completed,2025-08-28T12:00:00+10:00,2025-08-28T13:00:00+10:00,S01,70
B001,HB00369-created,HB00369,created,2025-08-19T09:00:00+10:00,Booked,2025-08-29T09:00:00+10:00,2025-08-29T10:00:00+10:00,S01,70
B001,HB00369-completed,HB00369,completed,2025-08-29T10:00:00+10:00,Completed,2025-08-29T09:00:00+10:00,2025-08-29T10:00:00+10:00,S01,70
B001,HB00370-created,HB00370,created,2025-08-27T12:00:00+10:00,Booked,2025-08-29T12:00:00+10:00,2025-08-29T14:00:00+10:00,S01,180
B001,HB00370-completed,HB00370,completed,2025-08-29T14:00:00+10:00,Completed,2025-08-29T12:00:00+10:00,2025-08-29T14:00:00+10:00,S01,180
B001,HB00371-created,HB00371,created,2025-08-15T09:00:00+10:00,Booked,2025-08-25T09:00:00+10:00,2025-08-25T10:00:00+10:00,S02,70
B001,HB00371-completed,HB00371,completed,2025-08-25T10:00:00+10:00,Completed,2025-08-25T09:00:00+10:00,2025-08-25T10:00:00+10:00,S02,70
B001,HB00372-created,HB00372,created,2025-08-23T12:00:00+10:00,Booked,2025-08-25T12:00:00+10:00,2025-08-25T14:00:00+10:00,S02,180
B001,HB00372-completed,HB00372,completed,2025-08-25T14:00:00+10:00,Completed,2025-08-25T12:00:00+10:00,2025-08-25T14:00:00+10:00,S02,180
B001,HB00373-created,HB00373,created,2025-08-16T09:00:00+10:00,Booked,2025-08-26T09:00:00+10:00,2025-08-26T11:00:00+10:00,S02,180
B001,HB00373-completed,HB00373,completed,2025-08-26T11:00:00+10:00,Completed,2025-08-26T09:00:00+10:00,2025-08-26T11:00:00+10:00,S02,180
B001,HB00374-created,HB00374,created,2025-08-24T12:00:00+10:00,Booked,2025-08-26T12:00:00+10:00,2025-08-26T13:00:00+10:00,S02,70
B001,HB00374-completed,HB00374,completed,2025-08-26T13:00:00+10:00,Completed,2025-08-26T12:00:00+10:00,2025-08-26T13:00:00+10:00,S02,70
B001,HB00375-created,HB00375,created,2025-08-17T09:00:00+10:00,Booked,2025-08-27T09:00:00+10:00,2025-08-27T10:00:00+10:00,S02,70
B001,HB00375-completed,HB00375,completed,2025-08-27T10:00:00+10:00,Completed,2025-08-27T09:00:00+10:00,2025-08-27T10:00:00+10:00,S02,70
B001,HB00376-created,HB00376,created,2025-08-25T12:00:00+10:00,Booked,2025-08-27T12:00:00+10:00,2025-08-27T13:00:00+10:00,S02,70
B001,HB00376-completed,HB00376,completed,2025-08-27T13:00:00+10:00,Completed,2025-08-27T12:00:00+10:00,2025-08-27T13:00:00+10:00,S02,70
B001,HB00377-created,HB00377,created,2025-08-18T09:00:00+10:00,Booked,2025-08-28T09:00:00+10:00,2025-08-28T10:00:00+10:00,S02,70
B001,HB00377-completed,HB00377,completed,2025-08-28T10:00:00+10:00,Completed,2025-08-28T09:00:00+10:00,2025-08-28T10:00:00+10:00,S02,70
B001,HB00378-created,HB00378,created,2025-08-26T12:00:00+10:00,Booked,2025-08-28T12:00:00+10:00,2025-08-28T14:00:00+10:00,S02,180
B001,HB00378-completed,HB00378,completed,2025-08-28T14:00:00+10:00,Completed,2025-08-28T12:00:00+10:00,2025-08-28T14:00:00+10:00,S02,180
B001,HB00379-created,HB00379,created,2025-08-19T09:00:00+10:00,Booked,2025-08-29T09:00:00+10:00,2025-08-29T11:00:00+10:00,S02,180
B001,HB00379-completed,HB00379,completed,2025-08-29T11:00:00+10:00,Completed,2025-08-29T09:00:00+10:00,2025-08-29T11:00:00+10:00,S02,180
B001,HB00380-created,HB00380,created,2025-08-27T12:00:00+10:00,Booked,2025-08-29T12:00:00+10:00,2025-08-29T13:00:00+10:00,S02,70
B001,HB00380-completed,HB00380,completed,2025-08-29T13:00:00+10:00,Completed,2025-08-29T12:00:00+10:00,2025-08-29T13:00:00+10:00,S02,70
B001,HB00381-created,HB00381,created,2025-08-15T09:00:00+10:00,Booked,2025-08-25T09:00:00+10:00,2025-08-25T11:00:00+10:00,S03,180
B001,HB00381-completed,HB00381,completed,2025-08-25T11:00:00+10:00,Completed,2025-08-25T09:00:00+10:00,2025-08-25T11:00:00+10:00,S03,180
B001,HB00382-created,HB00382,created,2025-08-23T12:00:00+10:00,Booked,2025-08-25T12:00:00+10:00,2025-08-25T13:00:00+10:00,S03,70
B001,HB00382-completed,HB00382,completed,2025-08-25T13:00:00+10:00,Completed,2025-08-25T12:00:00+10:00,2025-08-25T13:00:00+10:00,S03,70
B001,HB00383-created,HB00383,created,2025-08-16T09:00:00+10:00,Booked,2025-08-26T09:00:00+10:00,2025-08-26T10:00:00+10:00,S03,70
B001,HB00383-completed,HB00383,completed,2025-08-26T10:00:00+10:00,Completed,2025-08-26T09:00:00+10:00,2025-08-26T10:00:00+10:00,S03,70
B001,HB00384-created,HB00384,created,2025-08-24T12:00:00+10:00,Booked,2025-08-26T12:00:00+10:00,2025-08-26T13:00:00+10:00,S03,70
B001,HB00384-completed,HB00384,completed,2025-08-26T13:00:00+10:00,Completed,2025-08-26T12:00:00+10:00,2025-08-26T13:00:00+10:00,S03,70
B001,HB00385-created,HB00385,created,2025-08-17T09:00:00+10:00,Booked,2025-08-27T09:00:00+10:00,2025-08-27T10:00:00+10:00,S03,70
B001,HB00385-completed,HB00385,completed,2025-08-27T10:00:00+10:00,Completed,2025-08-27T09:00:00+10:00,2025-08-27T10:00:00+10:00,S03,70
B001,HB00386-created,HB00386,created,2025-08-25T12:00:00+10:00,Booked,2025-08-27T12:00:00+10:00,2025-08-27T14:00:00+10:00,S03,180
B001,HB00386-completed,HB00386,completed,2025-08-27T14:00:00+10:00,Completed,2025-08-27T12:00:00+10:00,2025-08-27T14:00:00+10:00,S03,180
B001,HB00387-created,HB00387,created,2025-08-18T09:00:00+10:00,Booked,2025-08-28T09:00:00+10:00,2025-08-28T11:00:00+10:00,S03,180
B001,HB00387-completed,HB00387,completed,2025-08-28T11:00:00+10:00,Completed,2025-08-28T09:00:00+10:00,2025-08-28T11:00:00+10:00,S03,180
B001,HB00388-created,HB00388,created,2025-08-26T12:00:00+10:00,Booked,2025-08-28T12:00:00+10:00,2025-08-28T13:00:00+10:00,S03,70
B001,HB00388-completed,HB00388,completed,2025-08-28T13:00:00+10:00,Completed,2025-08-28T12:00:00+10:00,2025-08-28T13:00:00+10:00,S03,70
B001,HB00389-created,HB00389,created,2025-08-19T09:00:00+10:00,Booked,2025-08-29T09:00:00+10:00,2025-08-29T10:00:00+10:00,S03,70
B001,HB00389-completed,HB00389,completed,2025-08-29T10:00:00+10:00,Completed,2025-08-29T09:00:00+10:00,2025-08-29T10:00:00+10:00,S03,70
B001,HB00390-created,HB00390,created,2025-08-27T12:00:00+10:00,Booked,2025-08-29T12:00:00+10:00,2025-08-29T13:00:00+10:00,S03,70
B001,HB00390-completed,HB00390,completed,2025-08-29T13:00:00+10:00,Completed,2025-08-29T12:00:00+10:00,2025-08-29T13:00:00+10:00,S03,70
B001,HB00391-created,HB00391,created,2025-08-22T09:00:00+10:00,Booked,2025-09-01T09:00:00+10:00,2025-09-01T10:00:00+10:00,S01,70
B001,HB00391-completed,HB00391,completed,2025-09-01T10:00:00+10:00,Completed,2025-09-01T09:00:00+10:00,2025-09-01T10:00:00+10:00,S01,70
B001,HB00392-created,HB00392,created,2025-08-30T12:00:00+10:00,Booked,2025-09-01T12:00:00+10:00,2025-09-01T14:00:00+10:00,S01,180
B001,HB00392-completed,HB00392,completed,2025-09-01T14:00:00+10:00,Completed,2025-09-01T12:00:00+10:00,2025-09-01T14:00:00+10:00,S01,180
B001,HB00393-created,HB00393,created,2025-08-23T09:00:00+10:00,Booked,2025-09-02T09:00:00+10:00,2025-09-02T11:00:00+10:00,S01,180
B001,HB00393-completed,HB00393,completed,2025-09-02T11:00:00+10:00,Completed,2025-09-02T09:00:00+10:00,2025-09-02T11:00:00+10:00,S01,180
B001,HB00394-created,HB00394,created,2025-08-31T12:00:00+10:00,Booked,2025-09-02T12:00:00+10:00,2025-09-02T13:00:00+10:00,S01,70
B001,HB00394-completed,HB00394,completed,2025-09-02T13:00:00+10:00,Completed,2025-09-02T12:00:00+10:00,2025-09-02T13:00:00+10:00,S01,70
B001,HB00395-created,HB00395,created,2025-08-24T09:00:00+10:00,Booked,2025-09-03T09:00:00+10:00,2025-09-03T10:00:00+10:00,S01,70
B001,HB00395-completed,HB00395,completed,2025-09-03T10:00:00+10:00,Completed,2025-09-03T09:00:00+10:00,2025-09-03T10:00:00+10:00,S01,70
B001,HB00396-created,HB00396,created,2025-09-01T12:00:00+10:00,Booked,2025-09-03T12:00:00+10:00,2025-09-03T13:00:00+10:00,S01,70
B001,HB00396-completed,HB00396,completed,2025-09-03T13:00:00+10:00,Completed,2025-09-03T12:00:00+10:00,2025-09-03T13:00:00+10:00,S01,70
B001,HB00397-created,HB00397,created,2025-08-25T09:00:00+10:00,Booked,2025-09-04T09:00:00+10:00,2025-09-04T10:00:00+10:00,S01,70
B001,HB00397-completed,HB00397,completed,2025-09-04T10:00:00+10:00,Completed,2025-09-04T09:00:00+10:00,2025-09-04T10:00:00+10:00,S01,70
B001,HB00398-created,HB00398,created,2025-09-02T12:00:00+10:00,Booked,2025-09-04T12:00:00+10:00,2025-09-04T14:00:00+10:00,S01,180
B001,HB00398-completed,HB00398,completed,2025-09-04T14:00:00+10:00,Completed,2025-09-04T12:00:00+10:00,2025-09-04T14:00:00+10:00,S01,180
B001,HB00399-created,HB00399,created,2025-08-26T09:00:00+10:00,Booked,2025-09-05T09:00:00+10:00,2025-09-05T11:00:00+10:00,S01,180
B001,HB00399-completed,HB00399,completed,2025-09-05T11:00:00+10:00,Completed,2025-09-05T09:00:00+10:00,2025-09-05T11:00:00+10:00,S01,180
B001,HB00400-created,HB00400,created,2025-09-03T12:00:00+10:00,Booked,2025-09-05T12:00:00+10:00,2025-09-05T13:00:00+10:00,S01,70
B001,HB00400-completed,HB00400,completed,2025-09-05T13:00:00+10:00,Completed,2025-09-05T12:00:00+10:00,2025-09-05T13:00:00+10:00,S01,70
B001,HB00401-created,HB00401,created,2025-08-22T09:00:00+10:00,Booked,2025-09-01T09:00:00+10:00,2025-09-01T11:00:00+10:00,S02,180
B001,HB00401-completed,HB00401,completed,2025-09-01T11:00:00+10:00,Completed,2025-09-01T09:00:00+10:00,2025-09-01T11:00:00+10:00,S02,180
B001,HB00402-created,HB00402,created,2025-08-30T12:00:00+10:00,Booked,2025-09-01T12:00:00+10:00,2025-09-01T13:00:00+10:00,S02,70
B001,HB00402-completed,HB00402,completed,2025-09-01T13:00:00+10:00,Completed,2025-09-01T12:00:00+10:00,2025-09-01T13:00:00+10:00,S02,70
B001,HB00403-created,HB00403,created,2025-08-23T09:00:00+10:00,Booked,2025-09-02T09:00:00+10:00,2025-09-02T10:00:00+10:00,S02,70
B001,HB00403-completed,HB00403,completed,2025-09-02T10:00:00+10:00,Completed,2025-09-02T09:00:00+10:00,2025-09-02T10:00:00+10:00,S02,70
B001,HB00404-created,HB00404,created,2025-08-31T12:00:00+10:00,Booked,2025-09-02T12:00:00+10:00,2025-09-02T13:00:00+10:00,S02,70
B001,HB00404-completed,HB00404,completed,2025-09-02T13:00:00+10:00,Completed,2025-09-02T12:00:00+10:00,2025-09-02T13:00:00+10:00,S02,70
B001,HB00405-created,HB00405,created,2025-08-24T09:00:00+10:00,Booked,2025-09-03T09:00:00+10:00,2025-09-03T10:00:00+10:00,S02,70
B001,HB00405-completed,HB00405,completed,2025-09-03T10:00:00+10:00,Completed,2025-09-03T09:00:00+10:00,2025-09-03T10:00:00+10:00,S02,70
B001,HB00406-created,HB00406,created,2025-09-01T12:00:00+10:00,Booked,2025-09-03T12:00:00+10:00,2025-09-03T14:00:00+10:00,S02,180
B001,HB00406-completed,HB00406,completed,2025-09-03T14:00:00+10:00,Completed,2025-09-03T12:00:00+10:00,2025-09-03T14:00:00+10:00,S02,180
B001,HB00407-created,HB00407,created,2025-08-25T09:00:00+10:00,Booked,2025-09-04T09:00:00+10:00,2025-09-04T11:00:00+10:00,S02,180
B001,HB00407-completed,HB00407,completed,2025-09-04T11:00:00+10:00,Completed,2025-09-04T09:00:00+10:00,2025-09-04T11:00:00+10:00,S02,180
B001,HB00408-created,HB00408,created,2025-09-02T12:00:00+10:00,Booked,2025-09-04T12:00:00+10:00,2025-09-04T13:00:00+10:00,S02,70
B001,HB00408-completed,HB00408,completed,2025-09-04T13:00:00+10:00,Completed,2025-09-04T12:00:00+10:00,2025-09-04T13:00:00+10:00,S02,70
B001,HB00409-created,HB00409,created,2025-08-26T09:00:00+10:00,Booked,2025-09-05T09:00:00+10:00,2025-09-05T10:00:00+10:00,S02,70
B001,HB00409-completed,HB00409,completed,2025-09-05T10:00:00+10:00,Completed,2025-09-05T09:00:00+10:00,2025-09-05T10:00:00+10:00,S02,70
B001,HB00410-created,HB00410,created,2025-09-03T12:00:00+10:00,Booked,2025-09-05T12:00:00+10:00,2025-09-05T13:00:00+10:00,S02,70
B001,HB00410-completed,HB00410,completed,2025-09-05T13:00:00+10:00,Completed,2025-09-05T12:00:00+10:00,2025-09-05T13:00:00+10:00,S02,70
B001,HB00411-created,HB00411,created,2025-08-22T09:00:00+10:00,Booked,2025-09-01T09:00:00+10:00,2025-09-01T10:00:00+10:00,S03,70
B001,HB00411-completed,HB00411,completed,2025-09-01T10:00:00+10:00,Completed,2025-09-01T09:00:00+10:00,2025-09-01T10:00:00+10:00,S03,70
B001,HB00412-created,HB00412,created,2025-08-30T12:00:00+10:00,Booked,2025-09-01T12:00:00+10:00,2025-09-01T13:00:00+10:00,S03,70
B001,HB00412-completed,HB00412,completed,2025-09-01T13:00:00+10:00,Completed,2025-09-01T12:00:00+10:00,2025-09-01T13:00:00+10:00,S03,70
B001,HB00413-created,HB00413,created,2025-08-23T09:00:00+10:00,Booked,2025-09-02T09:00:00+10:00,2025-09-02T10:00:00+10:00,S03,70
B001,HB00413-completed,HB00413,completed,2025-09-02T10:00:00+10:00,Completed,2025-09-02T09:00:00+10:00,2025-09-02T10:00:00+10:00,S03,70
B001,HB00414-created,HB00414,created,2025-08-31T12:00:00+10:00,Booked,2025-09-02T12:00:00+10:00,2025-09-02T14:00:00+10:00,S03,180
B001,HB00414-completed,HB00414,completed,2025-09-02T14:00:00+10:00,Completed,2025-09-02T12:00:00+10:00,2025-09-02T14:00:00+10:00,S03,180
B001,HB00415-created,HB00415,created,2025-08-24T09:00:00+10:00,Booked,2025-09-03T09:00:00+10:00,2025-09-03T11:00:00+10:00,S03,180
B001,HB00415-completed,HB00415,completed,2025-09-03T11:00:00+10:00,Completed,2025-09-03T09:00:00+10:00,2025-09-03T11:00:00+10:00,S03,180
B001,HB00416-created,HB00416,created,2025-09-01T12:00:00+10:00,Booked,2025-09-03T12:00:00+10:00,2025-09-03T13:00:00+10:00,S03,70
B001,HB00416-completed,HB00416,completed,2025-09-03T13:00:00+10:00,Completed,2025-09-03T12:00:00+10:00,2025-09-03T13:00:00+10:00,S03,70
B001,HB00417-created,HB00417,created,2025-08-25T09:00:00+10:00,Booked,2025-09-04T09:00:00+10:00,2025-09-04T10:00:00+10:00,S03,70
B001,HB00417-completed,HB00417,completed,2025-09-04T10:00:00+10:00,Completed,2025-09-04T09:00:00+10:00,2025-09-04T10:00:00+10:00,S03,70
B001,HB00418-created,HB00418,created,2025-09-02T12:00:00+10:00,Booked,2025-09-04T12:00:00+10:00,2025-09-04T13:00:00+10:00,S03,70
B001,HB00418-completed,HB00418,completed,2025-09-04T13:00:00+10:00,Completed,2025-09-04T12:00:00+10:00,2025-09-04T13:00:00+10:00,S03,70
B001,HB00419-created,HB00419,created,2025-08-26T09:00:00+10:00,Booked,2025-09-05T09:00:00+10:00,2025-09-05T10:00:00+10:00,S03,70
B001,HB00419-completed,HB00419,completed,2025-09-05T10:00:00+10:00,Completed,2025-09-05T09:00:00+10:00,2025-09-05T10:00:00+10:00,S03,70
B001,HB00420-created,HB00420,created,2025-09-03T12:00:00+10:00,Booked,2025-09-05T12:00:00+10:00,2025-09-05T14:00:00+10:00,S03,180
B001,HB00420-completed,HB00420,completed,2025-09-05T14:00:00+10:00,Completed,2025-09-05T12:00:00+10:00,2025-09-05T14:00:00+10:00,S03,180
B001,HB00421-created,HB00421,created,2025-08-29T09:00:00+10:00,Booked,2025-09-08T09:00:00+10:00,2025-09-08T11:00:00+10:00,S01,180
B001,HB00421-completed,HB00421,completed,2025-09-08T11:00:00+10:00,Completed,2025-09-08T09:00:00+10:00,2025-09-08T11:00:00+10:00,S01,180
B001,HB00422-created,HB00422,created,2025-09-06T12:00:00+10:00,Booked,2025-09-08T12:00:00+10:00,2025-09-08T13:00:00+10:00,S01,70
B001,HB00422-completed,HB00422,completed,2025-09-08T13:00:00+10:00,Completed,2025-09-08T12:00:00+10:00,2025-09-08T13:00:00+10:00,S01,70
B001,HB00423-created,HB00423,created,2025-08-30T09:00:00+10:00,Booked,2025-09-09T09:00:00+10:00,2025-09-09T10:00:00+10:00,S01,70
B001,HB00423-completed,HB00423,completed,2025-09-09T10:00:00+10:00,Completed,2025-09-09T09:00:00+10:00,2025-09-09T10:00:00+10:00,S01,70
B001,HB00424-created,HB00424,created,2025-09-07T12:00:00+10:00,Booked,2025-09-09T12:00:00+10:00,2025-09-09T13:00:00+10:00,S01,70
B001,HB00424-completed,HB00424,completed,2025-09-09T13:00:00+10:00,Completed,2025-09-09T12:00:00+10:00,2025-09-09T13:00:00+10:00,S01,70
B001,HB00425-created,HB00425,created,2025-08-31T09:00:00+10:00,Booked,2025-09-10T09:00:00+10:00,2025-09-10T10:00:00+10:00,S01,70
B001,HB00425-completed,HB00425,completed,2025-09-10T10:00:00+10:00,Completed,2025-09-10T09:00:00+10:00,2025-09-10T10:00:00+10:00,S01,70
B001,HB00426-created,HB00426,created,2025-09-08T12:00:00+10:00,Booked,2025-09-10T12:00:00+10:00,2025-09-10T14:00:00+10:00,S01,180
B001,HB00426-completed,HB00426,completed,2025-09-10T14:00:00+10:00,Completed,2025-09-10T12:00:00+10:00,2025-09-10T14:00:00+10:00,S01,180
B001,HB00427-created,HB00427,created,2025-09-01T09:00:00+10:00,Booked,2025-09-11T09:00:00+10:00,2025-09-11T11:00:00+10:00,S01,180
B001,HB00427-completed,HB00427,completed,2025-09-11T11:00:00+10:00,Completed,2025-09-11T09:00:00+10:00,2025-09-11T11:00:00+10:00,S01,180
B001,HB00428-created,HB00428,created,2025-09-09T12:00:00+10:00,Booked,2025-09-11T12:00:00+10:00,2025-09-11T13:00:00+10:00,S01,70
B001,HB00428-completed,HB00428,completed,2025-09-11T13:00:00+10:00,Completed,2025-09-11T12:00:00+10:00,2025-09-11T13:00:00+10:00,S01,70
B001,HB00429-created,HB00429,created,2025-09-02T09:00:00+10:00,Booked,2025-09-12T09:00:00+10:00,2025-09-12T10:00:00+10:00,S01,70
B001,HB00429-completed,HB00429,completed,2025-09-12T10:00:00+10:00,Completed,2025-09-12T09:00:00+10:00,2025-09-12T10:00:00+10:00,S01,70
B001,HB00430-created,HB00430,created,2025-09-10T12:00:00+10:00,Booked,2025-09-12T12:00:00+10:00,2025-09-12T13:00:00+10:00,S01,70
B001,HB00430-completed,HB00430,completed,2025-09-12T13:00:00+10:00,Completed,2025-09-12T12:00:00+10:00,2025-09-12T13:00:00+10:00,S01,70
B001,HB00431-created,HB00431,created,2025-08-29T09:00:00+10:00,Booked,2025-09-08T09:00:00+10:00,2025-09-08T10:00:00+10:00,S02,70
B001,HB00431-completed,HB00431,completed,2025-09-08T10:00:00+10:00,Completed,2025-09-08T09:00:00+10:00,2025-09-08T10:00:00+10:00,S02,70
B001,HB00432-created,HB00432,created,2025-09-06T12:00:00+10:00,Booked,2025-09-08T12:00:00+10:00,2025-09-08T13:00:00+10:00,S02,70
B001,HB00432-completed,HB00432,completed,2025-09-08T13:00:00+10:00,Completed,2025-09-08T12:00:00+10:00,2025-09-08T13:00:00+10:00,S02,70
B001,HB00433-created,HB00433,created,2025-08-30T09:00:00+10:00,Booked,2025-09-09T09:00:00+10:00,2025-09-09T10:00:00+10:00,S02,70
B001,HB00433-completed,HB00433,completed,2025-09-09T10:00:00+10:00,Completed,2025-09-09T09:00:00+10:00,2025-09-09T10:00:00+10:00,S02,70
B001,HB00434-created,HB00434,created,2025-09-07T12:00:00+10:00,Booked,2025-09-09T12:00:00+10:00,2025-09-09T14:00:00+10:00,S02,180
B001,HB00434-completed,HB00434,completed,2025-09-09T14:00:00+10:00,Completed,2025-09-09T12:00:00+10:00,2025-09-09T14:00:00+10:00,S02,180
B001,HB00435-created,HB00435,created,2025-08-31T09:00:00+10:00,Booked,2025-09-10T09:00:00+10:00,2025-09-10T11:00:00+10:00,S02,180
B001,HB00435-completed,HB00435,completed,2025-09-10T11:00:00+10:00,Completed,2025-09-10T09:00:00+10:00,2025-09-10T11:00:00+10:00,S02,180
B001,HB00436-created,HB00436,created,2025-09-08T12:00:00+10:00,Booked,2025-09-10T12:00:00+10:00,2025-09-10T13:00:00+10:00,S02,70
B001,HB00436-completed,HB00436,completed,2025-09-10T13:00:00+10:00,Completed,2025-09-10T12:00:00+10:00,2025-09-10T13:00:00+10:00,S02,70
B001,HB00437-created,HB00437,created,2025-09-01T09:00:00+10:00,Booked,2025-09-11T09:00:00+10:00,2025-09-11T10:00:00+10:00,S02,70
B001,HB00437-completed,HB00437,completed,2025-09-11T10:00:00+10:00,Completed,2025-09-11T09:00:00+10:00,2025-09-11T10:00:00+10:00,S02,70
B001,HB00438-created,HB00438,created,2025-09-09T12:00:00+10:00,Booked,2025-09-11T12:00:00+10:00,2025-09-11T13:00:00+10:00,S02,70
B001,HB00438-completed,HB00438,completed,2025-09-11T13:00:00+10:00,Completed,2025-09-11T12:00:00+10:00,2025-09-11T13:00:00+10:00,S02,70
B001,HB00439-created,HB00439,created,2025-09-02T09:00:00+10:00,Booked,2025-09-12T09:00:00+10:00,2025-09-12T10:00:00+10:00,S02,70
B001,HB00439-completed,HB00439,completed,2025-09-12T10:00:00+10:00,Completed,2025-09-12T09:00:00+10:00,2025-09-12T10:00:00+10:00,S02,70
B001,HB00440-created,HB00440,created,2025-09-10T12:00:00+10:00,Booked,2025-09-12T12:00:00+10:00,2025-09-12T14:00:00+10:00,S02,180
B001,HB00440-completed,HB00440,completed,2025-09-12T14:00:00+10:00,Completed,2025-09-12T12:00:00+10:00,2025-09-12T14:00:00+10:00,S02,180
B001,HB00441-created,HB00441,created,2025-08-29T09:00:00+10:00,Booked,2025-09-08T09:00:00+10:00,2025-09-08T10:00:00+10:00,S03,70
B001,HB00441-completed,HB00441,completed,2025-09-08T10:00:00+10:00,Completed,2025-09-08T09:00:00+10:00,2025-09-08T10:00:00+10:00,S03,70
B001,HB00442-created,HB00442,created,2025-09-06T12:00:00+10:00,Booked,2025-09-08T12:00:00+10:00,2025-09-08T14:00:00+10:00,S03,180
B001,HB00442-completed,HB00442,completed,2025-09-08T14:00:00+10:00,Completed,2025-09-08T12:00:00+10:00,2025-09-08T14:00:00+10:00,S03,180
B001,HB00443-created,HB00443,created,2025-08-30T09:00:00+10:00,Booked,2025-09-09T09:00:00+10:00,2025-09-09T11:00:00+10:00,S03,180
B001,HB00443-completed,HB00443,completed,2025-09-09T11:00:00+10:00,Completed,2025-09-09T09:00:00+10:00,2025-09-09T11:00:00+10:00,S03,180
B001,HB00444-created,HB00444,created,2025-09-07T12:00:00+10:00,Booked,2025-09-09T12:00:00+10:00,2025-09-09T13:00:00+10:00,S03,70
B001,HB00444-completed,HB00444,completed,2025-09-09T13:00:00+10:00,Completed,2025-09-09T12:00:00+10:00,2025-09-09T13:00:00+10:00,S03,70
B001,HB00445-created,HB00445,created,2025-08-31T09:00:00+10:00,Booked,2025-09-10T09:00:00+10:00,2025-09-10T10:00:00+10:00,S03,70
B001,HB00445-completed,HB00445,completed,2025-09-10T10:00:00+10:00,Completed,2025-09-10T09:00:00+10:00,2025-09-10T10:00:00+10:00,S03,70
B001,HB00446-created,HB00446,created,2025-09-08T12:00:00+10:00,Booked,2025-09-10T12:00:00+10:00,2025-09-10T13:00:00+10:00,S03,70
B001,HB00446-completed,HB00446,completed,2025-09-10T13:00:00+10:00,Completed,2025-09-10T12:00:00+10:00,2025-09-10T13:00:00+10:00,S03,70
B001,HB00447-created,HB00447,created,2025-09-01T09:00:00+10:00,Booked,2025-09-11T09:00:00+10:00,2025-09-11T10:00:00+10:00,S03,70
B001,HB00447-completed,HB00447,completed,2025-09-11T10:00:00+10:00,Completed,2025-09-11T09:00:00+10:00,2025-09-11T10:00:00+10:00,S03,70
B001,HB00448-created,HB00448,created,2025-09-09T12:00:00+10:00,Booked,2025-09-11T12:00:00+10:00,2025-09-11T14:00:00+10:00,S03,180
B001,HB00448-completed,HB00448,completed,2025-09-11T14:00:00+10:00,Completed,2025-09-11T12:00:00+10:00,2025-09-11T14:00:00+10:00,S03,180
B001,HB00449-created,HB00449,created,2025-09-02T09:00:00+10:00,Booked,2025-09-12T09:00:00+10:00,2025-09-12T11:00:00+10:00,S03,180
B001,HB00449-completed,HB00449,completed,2025-09-12T11:00:00+10:00,Completed,2025-09-12T09:00:00+10:00,2025-09-12T11:00:00+10:00,S03,180
B001,HB00450-created,HB00450,created,2025-09-10T12:00:00+10:00,Booked,2025-09-12T12:00:00+10:00,2025-09-12T13:00:00+10:00,S03,70
B001,HB00450-completed,HB00450,completed,2025-09-12T13:00:00+10:00,Completed,2025-09-12T12:00:00+10:00,2025-09-12T13:00:00+10:00,S03,70
B001,HB00451-created,HB00451,created,2025-09-05T09:00:00+10:00,Booked,2025-09-15T09:00:00+10:00,2025-09-15T10:00:00+10:00,S01,70
B001,HB00451-completed,HB00451,completed,2025-09-15T10:00:00+10:00,Completed,2025-09-15T09:00:00+10:00,2025-09-15T10:00:00+10:00,S01,70
B001,HB00452-created,HB00452,created,2025-09-13T12:00:00+10:00,Booked,2025-09-15T12:00:00+10:00,2025-09-15T13:00:00+10:00,S01,70
B001,HB00452-completed,HB00452,completed,2025-09-15T13:00:00+10:00,Completed,2025-09-15T12:00:00+10:00,2025-09-15T13:00:00+10:00,S01,70
B001,HB00453-created,HB00453,created,2025-09-06T09:00:00+10:00,Booked,2025-09-16T09:00:00+10:00,2025-09-16T10:00:00+10:00,S01,70
B001,HB00453-completed,HB00453,completed,2025-09-16T10:00:00+10:00,Completed,2025-09-16T09:00:00+10:00,2025-09-16T10:00:00+10:00,S01,70
B001,HB00454-created,HB00454,created,2025-09-14T12:00:00+10:00,Booked,2025-09-16T12:00:00+10:00,2025-09-16T14:00:00+10:00,S01,180
B001,HB00454-completed,HB00454,completed,2025-09-16T14:00:00+10:00,Completed,2025-09-16T12:00:00+10:00,2025-09-16T14:00:00+10:00,S01,180
B001,HB00455-created,HB00455,created,2025-09-07T09:00:00+10:00,Booked,2025-09-17T09:00:00+10:00,2025-09-17T11:00:00+10:00,S01,180
B001,HB00455-completed,HB00455,completed,2025-09-17T11:00:00+10:00,Completed,2025-09-17T09:00:00+10:00,2025-09-17T11:00:00+10:00,S01,180
B001,HB00456-created,HB00456,created,2025-09-15T12:00:00+10:00,Booked,2025-09-17T12:00:00+10:00,2025-09-17T13:00:00+10:00,S01,70
B001,HB00456-completed,HB00456,completed,2025-09-17T13:00:00+10:00,Completed,2025-09-17T12:00:00+10:00,2025-09-17T13:00:00+10:00,S01,70
B001,HB00457-created,HB00457,created,2025-09-08T09:00:00+10:00,Booked,2025-09-18T09:00:00+10:00,2025-09-18T10:00:00+10:00,S01,70
B001,HB00457-completed,HB00457,completed,2025-09-18T10:00:00+10:00,Completed,2025-09-18T09:00:00+10:00,2025-09-18T10:00:00+10:00,S01,70
B001,HB00458-created,HB00458,created,2025-09-16T12:00:00+10:00,Booked,2025-09-18T12:00:00+10:00,2025-09-18T13:00:00+10:00,S01,70
B001,HB00458-completed,HB00458,completed,2025-09-18T13:00:00+10:00,Completed,2025-09-18T12:00:00+10:00,2025-09-18T13:00:00+10:00,S01,70
B001,HB00459-created,HB00459,created,2025-09-09T09:00:00+10:00,Booked,2025-09-19T09:00:00+10:00,2025-09-19T10:00:00+10:00,S01,70
B001,HB00459-completed,HB00459,completed,2025-09-19T10:00:00+10:00,Completed,2025-09-19T09:00:00+10:00,2025-09-19T10:00:00+10:00,S01,70
B001,HB00460-created,HB00460,created,2025-09-17T12:00:00+10:00,Booked,2025-09-19T12:00:00+10:00,2025-09-19T14:00:00+10:00,S01,180
B001,HB00460-completed,HB00460,completed,2025-09-19T14:00:00+10:00,Completed,2025-09-19T12:00:00+10:00,2025-09-19T14:00:00+10:00,S01,180
B001,HB00461-created,HB00461,created,2025-09-05T09:00:00+10:00,Booked,2025-09-15T09:00:00+10:00,2025-09-15T10:00:00+10:00,S02,70
B001,HB00461-completed,HB00461,completed,2025-09-15T10:00:00+10:00,Completed,2025-09-15T09:00:00+10:00,2025-09-15T10:00:00+10:00,S02,70
B001,HB00462-created,HB00462,created,2025-09-13T12:00:00+10:00,Booked,2025-09-15T12:00:00+10:00,2025-09-15T14:00:00+10:00,S02,180
B001,HB00462-completed,HB00462,completed,2025-09-15T14:00:00+10:00,Completed,2025-09-15T12:00:00+10:00,2025-09-15T14:00:00+10:00,S02,180
B001,HB00463-created,HB00463,created,2025-09-06T09:00:00+10:00,Booked,2025-09-16T09:00:00+10:00,2025-09-16T11:00:00+10:00,S02,180
B001,HB00463-completed,HB00463,completed,2025-09-16T11:00:00+10:00,Completed,2025-09-16T09:00:00+10:00,2025-09-16T11:00:00+10:00,S02,180
B001,HB00464-created,HB00464,created,2025-09-14T12:00:00+10:00,Booked,2025-09-16T12:00:00+10:00,2025-09-16T13:00:00+10:00,S02,70
B001,HB00464-completed,HB00464,completed,2025-09-16T13:00:00+10:00,Completed,2025-09-16T12:00:00+10:00,2025-09-16T13:00:00+10:00,S02,70
B001,HB00465-created,HB00465,created,2025-09-07T09:00:00+10:00,Booked,2025-09-17T09:00:00+10:00,2025-09-17T10:00:00+10:00,S02,70
B001,HB00465-completed,HB00465,completed,2025-09-17T10:00:00+10:00,Completed,2025-09-17T09:00:00+10:00,2025-09-17T10:00:00+10:00,S02,70
B001,HB00466-created,HB00466,created,2025-09-15T12:00:00+10:00,Booked,2025-09-17T12:00:00+10:00,2025-09-17T13:00:00+10:00,S02,70
B001,HB00466-completed,HB00466,completed,2025-09-17T13:00:00+10:00,Completed,2025-09-17T12:00:00+10:00,2025-09-17T13:00:00+10:00,S02,70
B001,HB00467-created,HB00467,created,2025-09-08T09:00:00+10:00,Booked,2025-09-18T09:00:00+10:00,2025-09-18T10:00:00+10:00,S02,70
B001,HB00467-completed,HB00467,completed,2025-09-18T10:00:00+10:00,Completed,2025-09-18T09:00:00+10:00,2025-09-18T10:00:00+10:00,S02,70
B001,HB00468-created,HB00468,created,2025-09-16T12:00:00+10:00,Booked,2025-09-18T12:00:00+10:00,2025-09-18T14:00:00+10:00,S02,180
B001,HB00468-completed,HB00468,completed,2025-09-18T14:00:00+10:00,Completed,2025-09-18T12:00:00+10:00,2025-09-18T14:00:00+10:00,S02,180
B001,HB00469-created,HB00469,created,2025-09-09T09:00:00+10:00,Booked,2025-09-19T09:00:00+10:00,2025-09-19T11:00:00+10:00,S02,180
B001,HB00469-completed,HB00469,completed,2025-09-19T11:00:00+10:00,Completed,2025-09-19T09:00:00+10:00,2025-09-19T11:00:00+10:00,S02,180
B001,HB00470-created,HB00470,created,2025-09-17T12:00:00+10:00,Booked,2025-09-19T12:00:00+10:00,2025-09-19T13:00:00+10:00,S02,70
B001,HB00470-completed,HB00470,completed,2025-09-19T13:00:00+10:00,Completed,2025-09-19T12:00:00+10:00,2025-09-19T13:00:00+10:00,S02,70
B001,HB00471-created,HB00471,created,2025-09-05T09:00:00+10:00,Booked,2025-09-15T09:00:00+10:00,2025-09-15T11:00:00+10:00,S03,180
B001,HB00471-completed,HB00471,completed,2025-09-15T11:00:00+10:00,Completed,2025-09-15T09:00:00+10:00,2025-09-15T11:00:00+10:00,S03,180
B001,HB00472-created,HB00472,created,2025-09-13T12:00:00+10:00,Booked,2025-09-15T12:00:00+10:00,2025-09-15T13:00:00+10:00,S03,70
B001,HB00472-completed,HB00472,completed,2025-09-15T13:00:00+10:00,Completed,2025-09-15T12:00:00+10:00,2025-09-15T13:00:00+10:00,S03,70
B001,HB00473-created,HB00473,created,2025-09-06T09:00:00+10:00,Booked,2025-09-16T09:00:00+10:00,2025-09-16T10:00:00+10:00,S03,70
B001,HB00473-completed,HB00473,completed,2025-09-16T10:00:00+10:00,Completed,2025-09-16T09:00:00+10:00,2025-09-16T10:00:00+10:00,S03,70
B001,HB00474-created,HB00474,created,2025-09-14T12:00:00+10:00,Booked,2025-09-16T12:00:00+10:00,2025-09-16T13:00:00+10:00,S03,70
B001,HB00474-completed,HB00474,completed,2025-09-16T13:00:00+10:00,Completed,2025-09-16T12:00:00+10:00,2025-09-16T13:00:00+10:00,S03,70
B001,HB00475-created,HB00475,created,2025-09-07T09:00:00+10:00,Booked,2025-09-17T09:00:00+10:00,2025-09-17T10:00:00+10:00,S03,70
B001,HB00475-completed,HB00475,completed,2025-09-17T10:00:00+10:00,Completed,2025-09-17T09:00:00+10:00,2025-09-17T10:00:00+10:00,S03,70
B001,HB00476-created,HB00476,created,2025-09-15T12:00:00+10:00,Booked,2025-09-17T12:00:00+10:00,2025-09-17T14:00:00+10:00,S03,180
B001,HB00476-completed,HB00476,completed,2025-09-17T14:00:00+10:00,Completed,2025-09-17T12:00:00+10:00,2025-09-17T14:00:00+10:00,S03,180
B001,HB00477-created,HB00477,created,2025-09-08T09:00:00+10:00,Booked,2025-09-18T09:00:00+10:00,2025-09-18T11:00:00+10:00,S03,180
B001,HB00477-completed,HB00477,completed,2025-09-18T11:00:00+10:00,Completed,2025-09-18T09:00:00+10:00,2025-09-18T11:00:00+10:00,S03,180
B001,HB00478-created,HB00478,created,2025-09-16T12:00:00+10:00,Booked,2025-09-18T12:00:00+10:00,2025-09-18T13:00:00+10:00,S03,70
B001,HB00478-completed,HB00478,completed,2025-09-18T13:00:00+10:00,Completed,2025-09-18T12:00:00+10:00,2025-09-18T13:00:00+10:00,S03,70
B001,HB00479-created,HB00479,created,2025-09-09T09:00:00+10:00,Booked,2025-09-19T09:00:00+10:00,2025-09-19T10:00:00+10:00,S03,70
B001,HB00479-completed,HB00479,completed,2025-09-19T10:00:00+10:00,Completed,2025-09-19T09:00:00+10:00,2025-09-19T10:00:00+10:00,S03,70
B001,HB00480-created,HB00480,created,2025-09-17T12:00:00+10:00,Booked,2025-09-19T12:00:00+10:00,2025-09-19T13:00:00+10:00,S03,70
B001,HB00480-completed,HB00480,completed,2025-09-19T13:00:00+10:00,Completed,2025-09-19T12:00:00+10:00,2025-09-19T13:00:00+10:00,S03,70
B001,HB00481-created,HB00481,created,2025-09-12T09:00:00+10:00,Booked,2025-09-22T09:00:00+10:00,2025-09-22T10:00:00+10:00,S01,70
B001,HB00481-completed,HB00481,completed,2025-09-22T10:00:00+10:00,Completed,2025-09-22T09:00:00+10:00,2025-09-22T10:00:00+10:00,S01,70
B001,HB00482-created,HB00482,created,2025-09-20T12:00:00+10:00,Booked,2025-09-22T12:00:00+10:00,2025-09-22T14:00:00+10:00,S01,180
B001,HB00482-completed,HB00482,completed,2025-09-22T14:00:00+10:00,Completed,2025-09-22T12:00:00+10:00,2025-09-22T14:00:00+10:00,S01,180
B001,HB00483-created,HB00483,created,2025-09-13T09:00:00+10:00,Booked,2025-09-23T09:00:00+10:00,2025-09-23T11:00:00+10:00,S01,180
B001,HB00483-completed,HB00483,completed,2025-09-23T11:00:00+10:00,Completed,2025-09-23T09:00:00+10:00,2025-09-23T11:00:00+10:00,S01,180
B001,HB00484-created,HB00484,created,2025-09-21T12:00:00+10:00,Booked,2025-09-23T12:00:00+10:00,2025-09-23T13:00:00+10:00,S01,70
B001,HB00484-completed,HB00484,completed,2025-09-23T13:00:00+10:00,Completed,2025-09-23T12:00:00+10:00,2025-09-23T13:00:00+10:00,S01,70
B001,HB00485-created,HB00485,created,2025-09-14T09:00:00+10:00,Booked,2025-09-24T09:00:00+10:00,2025-09-24T10:00:00+10:00,S01,70
B001,HB00485-completed,HB00485,completed,2025-09-24T10:00:00+10:00,Completed,2025-09-24T09:00:00+10:00,2025-09-24T10:00:00+10:00,S01,70
B001,HB00486-created,HB00486,created,2025-09-22T12:00:00+10:00,Booked,2025-09-24T12:00:00+10:00,2025-09-24T13:00:00+10:00,S01,70
B001,HB00486-completed,HB00486,completed,2025-09-24T13:00:00+10:00,Completed,2025-09-24T12:00:00+10:00,2025-09-24T13:00:00+10:00,S01,70
B001,HB00487-created,HB00487,created,2025-09-15T09:00:00+10:00,Booked,2025-09-25T09:00:00+10:00,2025-09-25T10:00:00+10:00,S01,70
B001,HB00487-completed,HB00487,completed,2025-09-25T10:00:00+10:00,Completed,2025-09-25T09:00:00+10:00,2025-09-25T10:00:00+10:00,S01,70
B001,HB00488-created,HB00488,created,2025-09-23T12:00:00+10:00,Booked,2025-09-25T12:00:00+10:00,2025-09-25T14:00:00+10:00,S01,180
B001,HB00488-completed,HB00488,completed,2025-09-25T14:00:00+10:00,Completed,2025-09-25T12:00:00+10:00,2025-09-25T14:00:00+10:00,S01,180
B001,HB00489-created,HB00489,created,2025-09-16T09:00:00+10:00,Booked,2025-09-26T09:00:00+10:00,2025-09-26T11:00:00+10:00,S01,180
B001,HB00489-completed,HB00489,completed,2025-09-26T11:00:00+10:00,Completed,2025-09-26T09:00:00+10:00,2025-09-26T11:00:00+10:00,S01,180
B001,HB00490-created,HB00490,created,2025-09-24T12:00:00+10:00,Booked,2025-09-26T12:00:00+10:00,2025-09-26T13:00:00+10:00,S01,70
B001,HB00490-completed,HB00490,completed,2025-09-26T13:00:00+10:00,Completed,2025-09-26T12:00:00+10:00,2025-09-26T13:00:00+10:00,S01,70
B001,HB00491-created,HB00491,created,2025-09-12T09:00:00+10:00,Booked,2025-09-22T09:00:00+10:00,2025-09-22T11:00:00+10:00,S02,180
B001,HB00491-completed,HB00491,completed,2025-09-22T11:00:00+10:00,Completed,2025-09-22T09:00:00+10:00,2025-09-22T11:00:00+10:00,S02,180
B001,HB00492-created,HB00492,created,2025-09-20T12:00:00+10:00,Booked,2025-09-22T12:00:00+10:00,2025-09-22T13:00:00+10:00,S02,70
B001,HB00492-completed,HB00492,completed,2025-09-22T13:00:00+10:00,Completed,2025-09-22T12:00:00+10:00,2025-09-22T13:00:00+10:00,S02,70
B001,HB00493-created,HB00493,created,2025-09-13T09:00:00+10:00,Booked,2025-09-23T09:00:00+10:00,2025-09-23T10:00:00+10:00,S02,70
B001,HB00493-completed,HB00493,completed,2025-09-23T10:00:00+10:00,Completed,2025-09-23T09:00:00+10:00,2025-09-23T10:00:00+10:00,S02,70
B001,HB00494-created,HB00494,created,2025-09-21T12:00:00+10:00,Booked,2025-09-23T12:00:00+10:00,2025-09-23T13:00:00+10:00,S02,70
B001,HB00494-completed,HB00494,completed,2025-09-23T13:00:00+10:00,Completed,2025-09-23T12:00:00+10:00,2025-09-23T13:00:00+10:00,S02,70
B001,HB00495-created,HB00495,created,2025-09-14T09:00:00+10:00,Booked,2025-09-24T09:00:00+10:00,2025-09-24T10:00:00+10:00,S02,70
B001,HB00495-completed,HB00495,completed,2025-09-24T10:00:00+10:00,Completed,2025-09-24T09:00:00+10:00,2025-09-24T10:00:00+10:00,S02,70
B001,HB00496-created,HB00496,created,2025-09-22T12:00:00+10:00,Booked,2025-09-24T12:00:00+10:00,2025-09-24T14:00:00+10:00,S02,180
B001,HB00496-completed,HB00496,completed,2025-09-24T14:00:00+10:00,Completed,2025-09-24T12:00:00+10:00,2025-09-24T14:00:00+10:00,S02,180
B001,HB00497-created,HB00497,created,2025-09-15T09:00:00+10:00,Booked,2025-09-25T09:00:00+10:00,2025-09-25T11:00:00+10:00,S02,180
B001,HB00497-completed,HB00497,completed,2025-09-25T11:00:00+10:00,Completed,2025-09-25T09:00:00+10:00,2025-09-25T11:00:00+10:00,S02,180
B001,HB00498-created,HB00498,created,2025-09-23T12:00:00+10:00,Booked,2025-09-25T12:00:00+10:00,2025-09-25T13:00:00+10:00,S02,70
B001,HB00498-completed,HB00498,completed,2025-09-25T13:00:00+10:00,Completed,2025-09-25T12:00:00+10:00,2025-09-25T13:00:00+10:00,S02,70
B001,HB00499-created,HB00499,created,2025-09-16T09:00:00+10:00,Booked,2025-09-26T09:00:00+10:00,2025-09-26T10:00:00+10:00,S02,70
B001,HB00499-completed,HB00499,completed,2025-09-26T10:00:00+10:00,Completed,2025-09-26T09:00:00+10:00,2025-09-26T10:00:00+10:00,S02,70
B001,HB00500-created,HB00500,created,2025-09-24T12:00:00+10:00,Booked,2025-09-26T12:00:00+10:00,2025-09-26T13:00:00+10:00,S02,70
B001,HB00500-completed,HB00500,completed,2025-09-26T13:00:00+10:00,Completed,2025-09-26T12:00:00+10:00,2025-09-26T13:00:00+10:00,S02,70
B001,HB00501-created,HB00501,created,2025-09-12T09:00:00+10:00,Booked,2025-09-22T09:00:00+10:00,2025-09-22T10:00:00+10:00,S03,70
B001,HB00501-completed,HB00501,completed,2025-09-22T10:00:00+10:00,Completed,2025-09-22T09:00:00+10:00,2025-09-22T10:00:00+10:00,S03,70
B001,HB00502-created,HB00502,created,2025-09-20T12:00:00+10:00,Booked,2025-09-22T12:00:00+10:00,2025-09-22T13:00:00+10:00,S03,70
B001,HB00502-completed,HB00502,completed,2025-09-22T13:00:00+10:00,Completed,2025-09-22T12:00:00+10:00,2025-09-22T13:00:00+10:00,S03,70
B001,HB00503-created,HB00503,created,2025-09-13T09:00:00+10:00,Booked,2025-09-23T09:00:00+10:00,2025-09-23T10:00:00+10:00,S03,70
B001,HB00503-completed,HB00503,completed,2025-09-23T10:00:00+10:00,Completed,2025-09-23T09:00:00+10:00,2025-09-23T10:00:00+10:00,S03,70
B001,HB00504-created,HB00504,created,2025-09-21T12:00:00+10:00,Booked,2025-09-23T12:00:00+10:00,2025-09-23T14:00:00+10:00,S03,180
B001,HB00504-completed,HB00504,completed,2025-09-23T14:00:00+10:00,Completed,2025-09-23T12:00:00+10:00,2025-09-23T14:00:00+10:00,S03,180
B001,HB00505-created,HB00505,created,2025-09-14T09:00:00+10:00,Booked,2025-09-24T09:00:00+10:00,2025-09-24T11:00:00+10:00,S03,180
B001,HB00505-completed,HB00505,completed,2025-09-24T11:00:00+10:00,Completed,2025-09-24T09:00:00+10:00,2025-09-24T11:00:00+10:00,S03,180
B001,HB00506-created,HB00506,created,2025-09-22T12:00:00+10:00,Booked,2025-09-24T12:00:00+10:00,2025-09-24T13:00:00+10:00,S03,70
B001,HB00506-completed,HB00506,completed,2025-09-24T13:00:00+10:00,Completed,2025-09-24T12:00:00+10:00,2025-09-24T13:00:00+10:00,S03,70
B001,HB00507-created,HB00507,created,2025-09-15T09:00:00+10:00,Booked,2025-09-25T09:00:00+10:00,2025-09-25T10:00:00+10:00,S03,70
B001,HB00507-completed,HB00507,completed,2025-09-25T10:00:00+10:00,Completed,2025-09-25T09:00:00+10:00,2025-09-25T10:00:00+10:00,S03,70
B001,HB00508-created,HB00508,created,2025-09-23T12:00:00+10:00,Booked,2025-09-25T12:00:00+10:00,2025-09-25T13:00:00+10:00,S03,70
B001,HB00508-completed,HB00508,completed,2025-09-25T13:00:00+10:00,Completed,2025-09-25T12:00:00+10:00,2025-09-25T13:00:00+10:00,S03,70
B001,HB00509-created,HB00509,created,2025-09-16T09:00:00+10:00,Booked,2025-09-26T09:00:00+10:00,2025-09-26T10:00:00+10:00,S03,70
B001,HB00509-completed,HB00509,completed,2025-09-26T10:00:00+10:00,Completed,2025-09-26T09:00:00+10:00,2025-09-26T10:00:00+10:00,S03,70
B001,HB00510-created,HB00510,created,2025-09-24T12:00:00+10:00,Booked,2025-09-26T12:00:00+10:00,2025-09-26T14:00:00+10:00,S03,180
B001,HB00510-completed,HB00510,completed,2025-09-26T14:00:00+10:00,Completed,2025-09-26T12:00:00+10:00,2025-09-26T14:00:00+10:00,S03,180
B001,HB00511-created,HB00511,created,2025-09-19T09:00:00+10:00,Booked,2025-09-29T09:00:00+10:00,2025-09-29T11:00:00+10:00,S01,180
B001,HB00511-completed,HB00511,completed,2025-09-29T11:00:00+10:00,Completed,2025-09-29T09:00:00+10:00,2025-09-29T11:00:00+10:00,S01,180
B001,HB00512-created,HB00512,created,2025-09-27T12:00:00+10:00,Booked,2025-09-29T12:00:00+10:00,2025-09-29T13:00:00+10:00,S01,70
B001,HB00512-completed,HB00512,completed,2025-09-29T13:00:00+10:00,Completed,2025-09-29T12:00:00+10:00,2025-09-29T13:00:00+10:00,S01,70
B001,HB00513-created,HB00513,created,2025-09-20T09:00:00+10:00,Booked,2025-09-30T09:00:00+10:00,2025-09-30T10:00:00+10:00,S01,70
B001,HB00513-completed,HB00513,completed,2025-09-30T10:00:00+10:00,Completed,2025-09-30T09:00:00+10:00,2025-09-30T10:00:00+10:00,S01,70
B001,HB00514-created,HB00514,created,2025-09-28T12:00:00+10:00,Booked,2025-09-30T12:00:00+10:00,2025-09-30T13:00:00+10:00,S01,70
B001,HB00514-completed,HB00514,completed,2025-09-30T13:00:00+10:00,Completed,2025-09-30T12:00:00+10:00,2025-09-30T13:00:00+10:00,S01,70
B001,HB00515-created,HB00515,created,2025-09-21T09:00:00+10:00,Booked,2025-10-01T09:00:00+10:00,2025-10-01T10:00:00+10:00,S01,70
B001,HB00515-completed,HB00515,completed,2025-10-01T10:00:00+10:00,Completed,2025-10-01T09:00:00+10:00,2025-10-01T10:00:00+10:00,S01,70
B001,HB00516-created,HB00516,created,2025-09-29T12:00:00+10:00,Booked,2025-10-01T12:00:00+10:00,2025-10-01T14:00:00+10:00,S01,180
B001,HB00516-completed,HB00516,completed,2025-10-01T14:00:00+10:00,Completed,2025-10-01T12:00:00+10:00,2025-10-01T14:00:00+10:00,S01,180
B001,HB00517-created,HB00517,created,2025-09-22T09:00:00+10:00,Booked,2025-10-02T09:00:00+10:00,2025-10-02T11:00:00+10:00,S01,180
B001,HB00517-completed,HB00517,completed,2025-10-02T11:00:00+10:00,Completed,2025-10-02T09:00:00+10:00,2025-10-02T11:00:00+10:00,S01,180
B001,HB00518-created,HB00518,created,2025-09-30T12:00:00+10:00,Booked,2025-10-02T12:00:00+10:00,2025-10-02T13:00:00+10:00,S01,70
B001,HB00518-completed,HB00518,completed,2025-10-02T13:00:00+10:00,Completed,2025-10-02T12:00:00+10:00,2025-10-02T13:00:00+10:00,S01,70
B001,HB00519-created,HB00519,created,2025-09-23T09:00:00+10:00,Booked,2025-10-03T09:00:00+10:00,2025-10-03T10:00:00+10:00,S01,70
B001,HB00519-completed,HB00519,completed,2025-10-03T10:00:00+10:00,Completed,2025-10-03T09:00:00+10:00,2025-10-03T10:00:00+10:00,S01,70
B001,HB00520-created,HB00520,created,2025-10-01T12:00:00+10:00,Booked,2025-10-03T12:00:00+10:00,2025-10-03T13:00:00+10:00,S01,70
B001,HB00520-completed,HB00520,completed,2025-10-03T13:00:00+10:00,Completed,2025-10-03T12:00:00+10:00,2025-10-03T13:00:00+10:00,S01,70
B001,HB00521-created,HB00521,created,2025-09-19T09:00:00+10:00,Booked,2025-09-29T09:00:00+10:00,2025-09-29T10:00:00+10:00,S02,70
B001,HB00521-completed,HB00521,completed,2025-09-29T10:00:00+10:00,Completed,2025-09-29T09:00:00+10:00,2025-09-29T10:00:00+10:00,S02,70
B001,HB00522-created,HB00522,created,2025-09-27T12:00:00+10:00,Booked,2025-09-29T12:00:00+10:00,2025-09-29T13:00:00+10:00,S02,70
B001,HB00522-completed,HB00522,completed,2025-09-29T13:00:00+10:00,Completed,2025-09-29T12:00:00+10:00,2025-09-29T13:00:00+10:00,S02,70
B001,HB00523-created,HB00523,created,2025-09-20T09:00:00+10:00,Booked,2025-09-30T09:00:00+10:00,2025-09-30T10:00:00+10:00,S02,70
B001,HB00523-completed,HB00523,completed,2025-09-30T10:00:00+10:00,Completed,2025-09-30T09:00:00+10:00,2025-09-30T10:00:00+10:00,S02,70
B001,HB00524-created,HB00524,created,2025-09-28T12:00:00+10:00,Booked,2025-09-30T12:00:00+10:00,2025-09-30T14:00:00+10:00,S02,180
B001,HB00524-completed,HB00524,completed,2025-09-30T14:00:00+10:00,Completed,2025-09-30T12:00:00+10:00,2025-09-30T14:00:00+10:00,S02,180
B001,HB00525-created,HB00525,created,2025-09-21T09:00:00+10:00,Booked,2025-10-01T09:00:00+10:00,2025-10-01T11:00:00+10:00,S02,180
B001,HB00525-completed,HB00525,completed,2025-10-01T11:00:00+10:00,Completed,2025-10-01T09:00:00+10:00,2025-10-01T11:00:00+10:00,S02,180
B001,HB00526-created,HB00526,created,2025-09-29T12:00:00+10:00,Booked,2025-10-01T12:00:00+10:00,2025-10-01T13:00:00+10:00,S02,70
B001,HB00526-completed,HB00526,completed,2025-10-01T13:00:00+10:00,Completed,2025-10-01T12:00:00+10:00,2025-10-01T13:00:00+10:00,S02,70
B001,HB00527-created,HB00527,created,2025-09-22T09:00:00+10:00,Booked,2025-10-02T09:00:00+10:00,2025-10-02T10:00:00+10:00,S02,70
B001,HB00527-completed,HB00527,completed,2025-10-02T10:00:00+10:00,Completed,2025-10-02T09:00:00+10:00,2025-10-02T10:00:00+10:00,S02,70
B001,HB00528-created,HB00528,created,2025-09-30T12:00:00+10:00,Booked,2025-10-02T12:00:00+10:00,2025-10-02T13:00:00+10:00,S02,70
B001,HB00528-completed,HB00528,completed,2025-10-02T13:00:00+10:00,Completed,2025-10-02T12:00:00+10:00,2025-10-02T13:00:00+10:00,S02,70
B001,HB00529-created,HB00529,created,2025-09-23T09:00:00+10:00,Booked,2025-10-03T09:00:00+10:00,2025-10-03T10:00:00+10:00,S02,70
B001,HB00529-completed,HB00529,completed,2025-10-03T10:00:00+10:00,Completed,2025-10-03T09:00:00+10:00,2025-10-03T10:00:00+10:00,S02,70
B001,HB00530-created,HB00530,created,2025-10-01T12:00:00+10:00,Booked,2025-10-03T12:00:00+10:00,2025-10-03T14:00:00+10:00,S02,180
B001,HB00530-completed,HB00530,completed,2025-10-03T14:00:00+10:00,Completed,2025-10-03T12:00:00+10:00,2025-10-03T14:00:00+10:00,S02,180
B001,HB00531-created,HB00531,created,2025-09-19T09:00:00+10:00,Booked,2025-09-29T09:00:00+10:00,2025-09-29T10:00:00+10:00,S03,70
B001,HB00531-completed,HB00531,completed,2025-09-29T10:00:00+10:00,Completed,2025-09-29T09:00:00+10:00,2025-09-29T10:00:00+10:00,S03,70
B001,HB00532-created,HB00532,created,2025-09-27T12:00:00+10:00,Booked,2025-09-29T12:00:00+10:00,2025-09-29T14:00:00+10:00,S03,180
B001,HB00532-completed,HB00532,completed,2025-09-29T14:00:00+10:00,Completed,2025-09-29T12:00:00+10:00,2025-09-29T14:00:00+10:00,S03,180
B001,HB00533-created,HB00533,created,2025-09-20T09:00:00+10:00,Booked,2025-09-30T09:00:00+10:00,2025-09-30T11:00:00+10:00,S03,180
B001,HB00533-completed,HB00533,completed,2025-09-30T11:00:00+10:00,Completed,2025-09-30T09:00:00+10:00,2025-09-30T11:00:00+10:00,S03,180
B001,HB00534-created,HB00534,created,2025-09-28T12:00:00+10:00,Booked,2025-09-30T12:00:00+10:00,2025-09-30T13:00:00+10:00,S03,70
B001,HB00534-completed,HB00534,completed,2025-09-30T13:00:00+10:00,Completed,2025-09-30T12:00:00+10:00,2025-09-30T13:00:00+10:00,S03,70
B001,HB00535-created,HB00535,created,2025-09-21T09:00:00+10:00,Booked,2025-10-01T09:00:00+10:00,2025-10-01T10:00:00+10:00,S03,70
B001,HB00535-completed,HB00535,completed,2025-10-01T10:00:00+10:00,Completed,2025-10-01T09:00:00+10:00,2025-10-01T10:00:00+10:00,S03,70
B001,HB00536-created,HB00536,created,2025-09-29T12:00:00+10:00,Booked,2025-10-01T12:00:00+10:00,2025-10-01T13:00:00+10:00,S03,70
B001,HB00536-completed,HB00536,completed,2025-10-01T13:00:00+10:00,Completed,2025-10-01T12:00:00+10:00,2025-10-01T13:00:00+10:00,S03,70
B001,HB00537-created,HB00537,created,2025-09-22T09:00:00+10:00,Booked,2025-10-02T09:00:00+10:00,2025-10-02T10:00:00+10:00,S03,70
B001,HB00537-completed,HB00537,completed,2025-10-02T10:00:00+10:00,Completed,2025-10-02T09:00:00+10:00,2025-10-02T10:00:00+10:00,S03,70
B001,HB00538-created,HB00538,created,2025-09-30T12:00:00+10:00,Booked,2025-10-02T12:00:00+10:00,2025-10-02T14:00:00+10:00,S03,180
B001,HB00538-completed,HB00538,completed,2025-10-02T14:00:00+10:00,Completed,2025-10-02T12:00:00+10:00,2025-10-02T14:00:00+10:00,S03,180
B001,HB00539-created,HB00539,created,2025-09-23T09:00:00+10:00,Booked,2025-10-03T09:00:00+10:00,2025-10-03T11:00:00+10:00,S03,180
B001,HB00539-completed,HB00539,completed,2025-10-03T11:00:00+10:00,Completed,2025-10-03T09:00:00+10:00,2025-10-03T11:00:00+10:00,S03,180
B001,HB00540-created,HB00540,created,2025-10-01T12:00:00+10:00,Booked,2025-10-03T12:00:00+10:00,2025-10-03T13:00:00+10:00,S03,70
B001,HB00540-completed,HB00540,completed,2025-10-03T13:00:00+10:00,Completed,2025-10-03T12:00:00+10:00,2025-10-03T13:00:00+10:00,S03,70
B001,HB00541-created,HB00541,created,2025-09-26T09:00:00+11:00,Booked,2025-10-06T09:00:00+11:00,2025-10-06T10:00:00+11:00,S01,70
B001,HB00541-completed,HB00541,completed,2025-10-06T10:00:00+11:00,Completed,2025-10-06T09:00:00+11:00,2025-10-06T10:00:00+11:00,S01,70
B001,HB00542-created,HB00542,created,2025-10-04T12:00:00+11:00,Booked,2025-10-06T12:00:00+11:00,2025-10-06T13:00:00+11:00,S01,70
B001,HB00542-completed,HB00542,completed,2025-10-06T13:00:00+11:00,Completed,2025-10-06T12:00:00+11:00,2025-10-06T13:00:00+11:00,S01,70
B001,HB00543-created,HB00543,created,2025-09-27T09:00:00+11:00,Booked,2025-10-07T09:00:00+11:00,2025-10-07T10:00:00+11:00,S01,70
B001,HB00543-completed,HB00543,completed,2025-10-07T10:00:00+11:00,Completed,2025-10-07T09:00:00+11:00,2025-10-07T10:00:00+11:00,S01,70
B001,HB00544-created,HB00544,created,2025-10-05T12:00:00+11:00,Booked,2025-10-07T12:00:00+11:00,2025-10-07T14:00:00+11:00,S01,180
B001,HB00544-completed,HB00544,completed,2025-10-07T14:00:00+11:00,Completed,2025-10-07T12:00:00+11:00,2025-10-07T14:00:00+11:00,S01,180
B001,HB00545-created,HB00545,created,2025-09-28T09:00:00+11:00,Booked,2025-10-08T09:00:00+11:00,2025-10-08T11:00:00+11:00,S01,180
B001,HB00545-completed,HB00545,completed,2025-10-08T11:00:00+11:00,Completed,2025-10-08T09:00:00+11:00,2025-10-08T11:00:00+11:00,S01,180
B001,HB00546-created,HB00546,created,2025-10-06T12:00:00+11:00,Booked,2025-10-08T12:00:00+11:00,2025-10-08T13:00:00+11:00,S01,70
B001,HB00546-completed,HB00546,completed,2025-10-08T13:00:00+11:00,Completed,2025-10-08T12:00:00+11:00,2025-10-08T13:00:00+11:00,S01,70
B001,HB00547-created,HB00547,created,2025-09-29T09:00:00+11:00,Booked,2025-10-09T09:00:00+11:00,2025-10-09T10:00:00+11:00,S01,70
B001,HB00547-completed,HB00547,completed,2025-10-09T10:00:00+11:00,Completed,2025-10-09T09:00:00+11:00,2025-10-09T10:00:00+11:00,S01,70
B001,HB00548-created,HB00548,created,2025-10-07T12:00:00+11:00,Booked,2025-10-09T12:00:00+11:00,2025-10-09T13:00:00+11:00,S01,70
B001,HB00548-completed,HB00548,completed,2025-10-09T13:00:00+11:00,Completed,2025-10-09T12:00:00+11:00,2025-10-09T13:00:00+11:00,S01,70
B001,HB00549-created,HB00549,created,2025-09-30T09:00:00+11:00,Booked,2025-10-10T09:00:00+11:00,2025-10-10T10:00:00+11:00,S01,70
B001,HB00549-completed,HB00549,completed,2025-10-10T10:00:00+11:00,Completed,2025-10-10T09:00:00+11:00,2025-10-10T10:00:00+11:00,S01,70
B001,HB00550-created,HB00550,created,2025-10-08T12:00:00+11:00,Booked,2025-10-10T12:00:00+11:00,2025-10-10T14:00:00+11:00,S01,180
B001,HB00550-completed,HB00550,completed,2025-10-10T14:00:00+11:00,Completed,2025-10-10T12:00:00+11:00,2025-10-10T14:00:00+11:00,S01,180
B001,HB00551-created,HB00551,created,2025-09-26T09:00:00+11:00,Booked,2025-10-06T09:00:00+11:00,2025-10-06T10:00:00+11:00,S02,70
B001,HB00551-completed,HB00551,completed,2025-10-06T10:00:00+11:00,Completed,2025-10-06T09:00:00+11:00,2025-10-06T10:00:00+11:00,S02,70
B001,HB00552-created,HB00552,created,2025-10-04T12:00:00+11:00,Booked,2025-10-06T12:00:00+11:00,2025-10-06T14:00:00+11:00,S02,180
B001,HB00552-completed,HB00552,completed,2025-10-06T14:00:00+11:00,Completed,2025-10-06T12:00:00+11:00,2025-10-06T14:00:00+11:00,S02,180
B001,HB00553-created,HB00553,created,2025-09-27T09:00:00+11:00,Booked,2025-10-07T09:00:00+11:00,2025-10-07T11:00:00+11:00,S02,180
B001,HB00553-completed,HB00553,completed,2025-10-07T11:00:00+11:00,Completed,2025-10-07T09:00:00+11:00,2025-10-07T11:00:00+11:00,S02,180
B001,HB00554-created,HB00554,created,2025-10-05T12:00:00+11:00,Booked,2025-10-07T12:00:00+11:00,2025-10-07T13:00:00+11:00,S02,70
B001,HB00554-completed,HB00554,completed,2025-10-07T13:00:00+11:00,Completed,2025-10-07T12:00:00+11:00,2025-10-07T13:00:00+11:00,S02,70
B001,HB00555-created,HB00555,created,2025-09-28T09:00:00+11:00,Booked,2025-10-08T09:00:00+11:00,2025-10-08T10:00:00+11:00,S02,70
B001,HB00555-completed,HB00555,completed,2025-10-08T10:00:00+11:00,Completed,2025-10-08T09:00:00+11:00,2025-10-08T10:00:00+11:00,S02,70
B001,HB00556-created,HB00556,created,2025-10-06T12:00:00+11:00,Booked,2025-10-08T12:00:00+11:00,2025-10-08T13:00:00+11:00,S02,70
B001,HB00556-completed,HB00556,completed,2025-10-08T13:00:00+11:00,Completed,2025-10-08T12:00:00+11:00,2025-10-08T13:00:00+11:00,S02,70
B001,HB00557-created,HB00557,created,2025-09-29T09:00:00+11:00,Booked,2025-10-09T09:00:00+11:00,2025-10-09T10:00:00+11:00,S02,70
B001,HB00557-completed,HB00557,completed,2025-10-09T10:00:00+11:00,Completed,2025-10-09T09:00:00+11:00,2025-10-09T10:00:00+11:00,S02,70
B001,HB00558-created,HB00558,created,2025-10-07T12:00:00+11:00,Booked,2025-10-09T12:00:00+11:00,2025-10-09T14:00:00+11:00,S02,180
B001,HB00558-completed,HB00558,completed,2025-10-09T14:00:00+11:00,Completed,2025-10-09T12:00:00+11:00,2025-10-09T14:00:00+11:00,S02,180
B001,HB00559-created,HB00559,created,2025-09-30T09:00:00+11:00,Booked,2025-10-10T09:00:00+11:00,2025-10-10T11:00:00+11:00,S02,180
B001,HB00559-completed,HB00559,completed,2025-10-10T11:00:00+11:00,Completed,2025-10-10T09:00:00+11:00,2025-10-10T11:00:00+11:00,S02,180
B001,HB00560-created,HB00560,created,2025-10-08T12:00:00+11:00,Booked,2025-10-10T12:00:00+11:00,2025-10-10T13:00:00+11:00,S02,70
B001,HB00560-completed,HB00560,completed,2025-10-10T13:00:00+11:00,Completed,2025-10-10T12:00:00+11:00,2025-10-10T13:00:00+11:00,S02,70
B001,HB00561-created,HB00561,created,2025-09-26T09:00:00+11:00,Booked,2025-10-06T09:00:00+11:00,2025-10-06T11:00:00+11:00,S03,180
B001,HB00561-completed,HB00561,completed,2025-10-06T11:00:00+11:00,Completed,2025-10-06T09:00:00+11:00,2025-10-06T11:00:00+11:00,S03,180
B001,HB00562-created,HB00562,created,2025-10-04T12:00:00+11:00,Booked,2025-10-06T12:00:00+11:00,2025-10-06T13:00:00+11:00,S03,70
B001,HB00562-completed,HB00562,completed,2025-10-06T13:00:00+11:00,Completed,2025-10-06T12:00:00+11:00,2025-10-06T13:00:00+11:00,S03,70
B001,HB00563-created,HB00563,created,2025-09-27T09:00:00+11:00,Booked,2025-10-07T09:00:00+11:00,2025-10-07T10:00:00+11:00,S03,70
B001,HB00563-completed,HB00563,completed,2025-10-07T10:00:00+11:00,Completed,2025-10-07T09:00:00+11:00,2025-10-07T10:00:00+11:00,S03,70
B001,HB00564-created,HB00564,created,2025-10-05T12:00:00+11:00,Booked,2025-10-07T12:00:00+11:00,2025-10-07T13:00:00+11:00,S03,70
B001,HB00564-completed,HB00564,completed,2025-10-07T13:00:00+11:00,Completed,2025-10-07T12:00:00+11:00,2025-10-07T13:00:00+11:00,S03,70
B001,HB00565-created,HB00565,created,2025-09-28T09:00:00+11:00,Booked,2025-10-08T09:00:00+11:00,2025-10-08T10:00:00+11:00,S03,70
B001,HB00565-completed,HB00565,completed,2025-10-08T10:00:00+11:00,Completed,2025-10-08T09:00:00+11:00,2025-10-08T10:00:00+11:00,S03,70
B001,HB00566-created,HB00566,created,2025-10-06T12:00:00+11:00,Booked,2025-10-08T12:00:00+11:00,2025-10-08T14:00:00+11:00,S03,180
B001,HB00566-completed,HB00566,completed,2025-10-08T14:00:00+11:00,Completed,2025-10-08T12:00:00+11:00,2025-10-08T14:00:00+11:00,S03,180
B001,HB00567-created,HB00567,created,2025-09-29T09:00:00+11:00,Booked,2025-10-09T09:00:00+11:00,2025-10-09T11:00:00+11:00,S03,180
B001,HB00567-completed,HB00567,completed,2025-10-09T11:00:00+11:00,Completed,2025-10-09T09:00:00+11:00,2025-10-09T11:00:00+11:00,S03,180
B001,HB00568-created,HB00568,created,2025-10-07T12:00:00+11:00,Booked,2025-10-09T12:00:00+11:00,2025-10-09T13:00:00+11:00,S03,70
B001,HB00568-completed,HB00568,completed,2025-10-09T13:00:00+11:00,Completed,2025-10-09T12:00:00+11:00,2025-10-09T13:00:00+11:00,S03,70
B001,HB00569-created,HB00569,created,2025-09-30T09:00:00+11:00,Booked,2025-10-10T09:00:00+11:00,2025-10-10T10:00:00+11:00,S03,70
B001,HB00569-completed,HB00569,completed,2025-10-10T10:00:00+11:00,Completed,2025-10-10T09:00:00+11:00,2025-10-10T10:00:00+11:00,S03,70
B001,HB00570-created,HB00570,created,2025-10-08T12:00:00+11:00,Booked,2025-10-10T12:00:00+11:00,2025-10-10T13:00:00+11:00,S03,70
B001,HB00570-completed,HB00570,completed,2025-10-10T13:00:00+11:00,Completed,2025-10-10T12:00:00+11:00,2025-10-10T13:00:00+11:00,S03,70
B001,HB00571-created,HB00571,created,2025-10-03T09:00:00+11:00,Booked,2025-10-13T09:00:00+11:00,2025-10-13T10:00:00+11:00,S01,70
B001,HB00571-completed,HB00571,completed,2025-10-13T10:00:00+11:00,Completed,2025-10-13T09:00:00+11:00,2025-10-13T10:00:00+11:00,S01,70
B001,HB00572-created,HB00572,created,2025-10-11T12:00:00+11:00,Booked,2025-10-13T12:00:00+11:00,2025-10-13T14:00:00+11:00,S01,180
B001,HB00572-completed,HB00572,completed,2025-10-13T14:00:00+11:00,Completed,2025-10-13T12:00:00+11:00,2025-10-13T14:00:00+11:00,S01,180
B001,HB00573-created,HB00573,created,2025-10-04T09:00:00+11:00,Booked,2025-10-14T09:00:00+11:00,2025-10-14T11:00:00+11:00,S01,180
B001,HB00573-completed,HB00573,completed,2025-10-14T11:00:00+11:00,Completed,2025-10-14T09:00:00+11:00,2025-10-14T11:00:00+11:00,S01,180
B001,HB00574-created,HB00574,created,2025-10-12T12:00:00+11:00,Booked,2025-10-14T12:00:00+11:00,2025-10-14T13:00:00+11:00,S01,70
B001,HB00574-completed,HB00574,completed,2025-10-14T13:00:00+11:00,Completed,2025-10-14T12:00:00+11:00,2025-10-14T13:00:00+11:00,S01,70
B001,HB00575-created,HB00575,created,2025-10-05T09:00:00+11:00,Booked,2025-10-15T09:00:00+11:00,2025-10-15T10:00:00+11:00,S01,70
B001,HB00575-completed,HB00575,completed,2025-10-15T10:00:00+11:00,Completed,2025-10-15T09:00:00+11:00,2025-10-15T10:00:00+11:00,S01,70
B001,HB00576-created,HB00576,created,2025-10-13T12:00:00+11:00,Booked,2025-10-15T12:00:00+11:00,2025-10-15T13:00:00+11:00,S01,70
B001,HB00576-completed,HB00576,completed,2025-10-15T13:00:00+11:00,Completed,2025-10-15T12:00:00+11:00,2025-10-15T13:00:00+11:00,S01,70
B001,HB00577-created,HB00577,created,2025-10-06T09:00:00+11:00,Booked,2025-10-16T09:00:00+11:00,2025-10-16T10:00:00+11:00,S01,70
B001,HB00577-completed,HB00577,completed,2025-10-16T10:00:00+11:00,Completed,2025-10-16T09:00:00+11:00,2025-10-16T10:00:00+11:00,S01,70
B001,HB00578-created,HB00578,created,2025-10-14T12:00:00+11:00,Booked,2025-10-16T12:00:00+11:00,2025-10-16T14:00:00+11:00,S01,180
B001,HB00578-completed,HB00578,completed,2025-10-16T14:00:00+11:00,Completed,2025-10-16T12:00:00+11:00,2025-10-16T14:00:00+11:00,S01,180
B001,HB00579-created,HB00579,created,2025-10-07T09:00:00+11:00,Booked,2025-10-17T09:00:00+11:00,2025-10-17T11:00:00+11:00,S01,180
B001,HB00579-completed,HB00579,completed,2025-10-17T11:00:00+11:00,Completed,2025-10-17T09:00:00+11:00,2025-10-17T11:00:00+11:00,S01,180
B001,HB00580-created,HB00580,created,2025-10-15T12:00:00+11:00,Booked,2025-10-17T12:00:00+11:00,2025-10-17T13:00:00+11:00,S01,70
B001,HB00580-completed,HB00580,completed,2025-10-17T13:00:00+11:00,Completed,2025-10-17T12:00:00+11:00,2025-10-17T13:00:00+11:00,S01,70
B001,HB00581-created,HB00581,created,2025-10-03T09:00:00+11:00,Booked,2025-10-13T09:00:00+11:00,2025-10-13T11:00:00+11:00,S02,180
B001,HB00581-completed,HB00581,completed,2025-10-13T11:00:00+11:00,Completed,2025-10-13T09:00:00+11:00,2025-10-13T11:00:00+11:00,S02,180
B001,HB00582-created,HB00582,created,2025-10-11T12:00:00+11:00,Booked,2025-10-13T12:00:00+11:00,2025-10-13T13:00:00+11:00,S02,70
B001,HB00582-completed,HB00582,completed,2025-10-13T13:00:00+11:00,Completed,2025-10-13T12:00:00+11:00,2025-10-13T13:00:00+11:00,S02,70
B001,HB00583-created,HB00583,created,2025-10-04T09:00:00+11:00,Booked,2025-10-14T09:00:00+11:00,2025-10-14T10:00:00+11:00,S02,70
B001,HB00583-completed,HB00583,completed,2025-10-14T10:00:00+11:00,Completed,2025-10-14T09:00:00+11:00,2025-10-14T10:00:00+11:00,S02,70
B001,HB00584-created,HB00584,created,2025-10-12T12:00:00+11:00,Booked,2025-10-14T12:00:00+11:00,2025-10-14T13:00:00+11:00,S02,70
B001,HB00584-completed,HB00584,completed,2025-10-14T13:00:00+11:00,Completed,2025-10-14T12:00:00+11:00,2025-10-14T13:00:00+11:00,S02,70
B001,HB00585-created,HB00585,created,2025-10-05T09:00:00+11:00,Booked,2025-10-15T09:00:00+11:00,2025-10-15T10:00:00+11:00,S02,70
B001,HB00585-completed,HB00585,completed,2025-10-15T10:00:00+11:00,Completed,2025-10-15T09:00:00+11:00,2025-10-15T10:00:00+11:00,S02,70
B001,HB00586-created,HB00586,created,2025-10-13T12:00:00+11:00,Booked,2025-10-15T12:00:00+11:00,2025-10-15T14:00:00+11:00,S02,180
B001,HB00586-completed,HB00586,completed,2025-10-15T14:00:00+11:00,Completed,2025-10-15T12:00:00+11:00,2025-10-15T14:00:00+11:00,S02,180
B001,HB00587-created,HB00587,created,2025-10-06T09:00:00+11:00,Booked,2025-10-16T09:00:00+11:00,2025-10-16T11:00:00+11:00,S02,180
B001,HB00587-completed,HB00587,completed,2025-10-16T11:00:00+11:00,Completed,2025-10-16T09:00:00+11:00,2025-10-16T11:00:00+11:00,S02,180
B001,HB00588-created,HB00588,created,2025-10-14T12:00:00+11:00,Booked,2025-10-16T12:00:00+11:00,2025-10-16T13:00:00+11:00,S02,70
B001,HB00588-completed,HB00588,completed,2025-10-16T13:00:00+11:00,Completed,2025-10-16T12:00:00+11:00,2025-10-16T13:00:00+11:00,S02,70
B001,HB00589-created,HB00589,created,2025-10-07T09:00:00+11:00,Booked,2025-10-17T09:00:00+11:00,2025-10-17T10:00:00+11:00,S02,70
B001,HB00589-completed,HB00589,completed,2025-10-17T10:00:00+11:00,Completed,2025-10-17T09:00:00+11:00,2025-10-17T10:00:00+11:00,S02,70
B001,HB00590-created,HB00590,created,2025-10-15T12:00:00+11:00,Booked,2025-10-17T12:00:00+11:00,2025-10-17T13:00:00+11:00,S02,70
B001,HB00590-completed,HB00590,completed,2025-10-17T13:00:00+11:00,Completed,2025-10-17T12:00:00+11:00,2025-10-17T13:00:00+11:00,S02,70
B001,HB00591-created,HB00591,created,2025-10-03T09:00:00+11:00,Booked,2025-10-13T09:00:00+11:00,2025-10-13T10:00:00+11:00,S03,70
B001,HB00591-completed,HB00591,completed,2025-10-13T10:00:00+11:00,Completed,2025-10-13T09:00:00+11:00,2025-10-13T10:00:00+11:00,S03,70
B001,HB00592-created,HB00592,created,2025-10-11T12:00:00+11:00,Booked,2025-10-13T12:00:00+11:00,2025-10-13T13:00:00+11:00,S03,70
B001,HB00592-completed,HB00592,completed,2025-10-13T13:00:00+11:00,Completed,2025-10-13T12:00:00+11:00,2025-10-13T13:00:00+11:00,S03,70
B001,HB00593-created,HB00593,created,2025-10-04T09:00:00+11:00,Booked,2025-10-14T09:00:00+11:00,2025-10-14T10:00:00+11:00,S03,70
B001,HB00593-completed,HB00593,completed,2025-10-14T10:00:00+11:00,Completed,2025-10-14T09:00:00+11:00,2025-10-14T10:00:00+11:00,S03,70
B001,HB00594-created,HB00594,created,2025-10-12T12:00:00+11:00,Booked,2025-10-14T12:00:00+11:00,2025-10-14T14:00:00+11:00,S03,180
B001,HB00594-completed,HB00594,completed,2025-10-14T14:00:00+11:00,Completed,2025-10-14T12:00:00+11:00,2025-10-14T14:00:00+11:00,S03,180
B001,HB00595-created,HB00595,created,2025-10-05T09:00:00+11:00,Booked,2025-10-15T09:00:00+11:00,2025-10-15T11:00:00+11:00,S03,180
B001,HB00595-completed,HB00595,completed,2025-10-15T11:00:00+11:00,Completed,2025-10-15T09:00:00+11:00,2025-10-15T11:00:00+11:00,S03,180
B001,HB00596-created,HB00596,created,2025-10-13T12:00:00+11:00,Booked,2025-10-15T12:00:00+11:00,2025-10-15T13:00:00+11:00,S03,70
B001,HB00596-completed,HB00596,completed,2025-10-15T13:00:00+11:00,Completed,2025-10-15T12:00:00+11:00,2025-10-15T13:00:00+11:00,S03,70
B001,HB00597-created,HB00597,created,2025-10-06T09:00:00+11:00,Booked,2025-10-16T09:00:00+11:00,2025-10-16T10:00:00+11:00,S03,70
B001,HB00597-completed,HB00597,completed,2025-10-16T10:00:00+11:00,Completed,2025-10-16T09:00:00+11:00,2025-10-16T10:00:00+11:00,S03,70
B001,HB00598-created,HB00598,created,2025-10-14T12:00:00+11:00,Booked,2025-10-16T12:00:00+11:00,2025-10-16T13:00:00+11:00,S03,70
B001,HB00598-completed,HB00598,completed,2025-10-16T13:00:00+11:00,Completed,2025-10-16T12:00:00+11:00,2025-10-16T13:00:00+11:00,S03,70
B001,HB00599-created,HB00599,created,2025-10-07T09:00:00+11:00,Booked,2025-10-17T09:00:00+11:00,2025-10-17T10:00:00+11:00,S03,70
B001,HB00599-completed,HB00599,completed,2025-10-17T10:00:00+11:00,Completed,2025-10-17T09:00:00+11:00,2025-10-17T10:00:00+11:00,S03,70
B001,HB00600-created,HB00600,created,2025-10-15T12:00:00+11:00,Booked,2025-10-17T12:00:00+11:00,2025-10-17T14:00:00+11:00,S03,180
B001,HB00600-completed,HB00600,completed,2025-10-17T14:00:00+11:00,Completed,2025-10-17T12:00:00+11:00,2025-10-17T14:00:00+11:00,S03,180
B001,HB00601-created,HB00601,created,2025-10-10T09:00:00+11:00,Booked,2025-10-20T09:00:00+11:00,2025-10-20T11:00:00+11:00,S01,180
B001,HB00601-completed,HB00601,completed,2025-10-20T11:00:00+11:00,Completed,2025-10-20T09:00:00+11:00,2025-10-20T11:00:00+11:00,S01,180
B001,HB00602-created,HB00602,created,2025-10-18T12:00:00+11:00,Booked,2025-10-20T12:00:00+11:00,2025-10-20T13:00:00+11:00,S01,70
B001,HB00602-completed,HB00602,completed,2025-10-20T13:00:00+11:00,Completed,2025-10-20T12:00:00+11:00,2025-10-20T13:00:00+11:00,S01,70
B001,HB00603-created,HB00603,created,2025-10-11T09:00:00+11:00,Booked,2025-10-21T09:00:00+11:00,2025-10-21T10:00:00+11:00,S01,70
B001,HB00603-completed,HB00603,completed,2025-10-21T10:00:00+11:00,Completed,2025-10-21T09:00:00+11:00,2025-10-21T10:00:00+11:00,S01,70
B001,HB00604-created,HB00604,created,2025-10-19T12:00:00+11:00,Booked,2025-10-21T12:00:00+11:00,2025-10-21T13:00:00+11:00,S01,70
B001,HB00604-completed,HB00604,completed,2025-10-21T13:00:00+11:00,Completed,2025-10-21T12:00:00+11:00,2025-10-21T13:00:00+11:00,S01,70
B001,HB00605-created,HB00605,created,2025-10-12T09:00:00+11:00,Booked,2025-10-22T09:00:00+11:00,2025-10-22T10:00:00+11:00,S01,70
B001,HB00605-completed,HB00605,completed,2025-10-22T10:00:00+11:00,Completed,2025-10-22T09:00:00+11:00,2025-10-22T10:00:00+11:00,S01,70
B001,HB00606-created,HB00606,created,2025-10-20T12:00:00+11:00,Booked,2025-10-22T12:00:00+11:00,2025-10-22T14:00:00+11:00,S01,180
B001,HB00606-completed,HB00606,completed,2025-10-22T14:00:00+11:00,Completed,2025-10-22T12:00:00+11:00,2025-10-22T14:00:00+11:00,S01,180
B001,HB00607-created,HB00607,created,2025-10-13T09:00:00+11:00,Booked,2025-10-23T09:00:00+11:00,2025-10-23T11:00:00+11:00,S01,180
B001,HB00607-completed,HB00607,completed,2025-10-23T11:00:00+11:00,Completed,2025-10-23T09:00:00+11:00,2025-10-23T11:00:00+11:00,S01,180
B001,HB00608-created,HB00608,created,2025-10-21T12:00:00+11:00,Booked,2025-10-23T12:00:00+11:00,2025-10-23T13:00:00+11:00,S01,70
B001,HB00608-completed,HB00608,completed,2025-10-23T13:00:00+11:00,Completed,2025-10-23T12:00:00+11:00,2025-10-23T13:00:00+11:00,S01,70
B001,HB00609-created,HB00609,created,2025-10-14T09:00:00+11:00,Booked,2025-10-24T09:00:00+11:00,2025-10-24T10:00:00+11:00,S01,70
B001,HB00609-completed,HB00609,completed,2025-10-24T10:00:00+11:00,Completed,2025-10-24T09:00:00+11:00,2025-10-24T10:00:00+11:00,S01,70
B001,HB00610-created,HB00610,created,2025-10-22T12:00:00+11:00,Booked,2025-10-24T12:00:00+11:00,2025-10-24T13:00:00+11:00,S01,70
B001,HB00610-completed,HB00610,completed,2025-10-24T13:00:00+11:00,Completed,2025-10-24T12:00:00+11:00,2025-10-24T13:00:00+11:00,S01,70
B001,HB00611-created,HB00611,created,2025-10-10T09:00:00+11:00,Booked,2025-10-20T09:00:00+11:00,2025-10-20T10:00:00+11:00,S02,70
B001,HB00611-completed,HB00611,completed,2025-10-20T10:00:00+11:00,Completed,2025-10-20T09:00:00+11:00,2025-10-20T10:00:00+11:00,S02,70
B001,HB00612-created,HB00612,created,2025-10-18T12:00:00+11:00,Booked,2025-10-20T12:00:00+11:00,2025-10-20T13:00:00+11:00,S02,70
B001,HB00612-completed,HB00612,completed,2025-10-20T13:00:00+11:00,Completed,2025-10-20T12:00:00+11:00,2025-10-20T13:00:00+11:00,S02,70
B001,HB00613-created,HB00613,created,2025-10-11T09:00:00+11:00,Booked,2025-10-21T09:00:00+11:00,2025-10-21T10:00:00+11:00,S02,70
B001,HB00613-completed,HB00613,completed,2025-10-21T10:00:00+11:00,Completed,2025-10-21T09:00:00+11:00,2025-10-21T10:00:00+11:00,S02,70
B001,HB00614-created,HB00614,created,2025-10-19T12:00:00+11:00,Booked,2025-10-21T12:00:00+11:00,2025-10-21T14:00:00+11:00,S02,180
B001,HB00614-completed,HB00614,completed,2025-10-21T14:00:00+11:00,Completed,2025-10-21T12:00:00+11:00,2025-10-21T14:00:00+11:00,S02,180
B001,HB00615-created,HB00615,created,2025-10-12T09:00:00+11:00,Booked,2025-10-22T09:00:00+11:00,2025-10-22T11:00:00+11:00,S02,180
B001,HB00615-completed,HB00615,completed,2025-10-22T11:00:00+11:00,Completed,2025-10-22T09:00:00+11:00,2025-10-22T11:00:00+11:00,S02,180
B001,HB00616-created,HB00616,created,2025-10-20T12:00:00+11:00,Booked,2025-10-22T12:00:00+11:00,2025-10-22T13:00:00+11:00,S02,70
B001,HB00616-completed,HB00616,completed,2025-10-22T13:00:00+11:00,Completed,2025-10-22T12:00:00+11:00,2025-10-22T13:00:00+11:00,S02,70
B001,HB00617-created,HB00617,created,2025-10-13T09:00:00+11:00,Booked,2025-10-23T09:00:00+11:00,2025-10-23T10:00:00+11:00,S02,70
B001,HB00617-completed,HB00617,completed,2025-10-23T10:00:00+11:00,Completed,2025-10-23T09:00:00+11:00,2025-10-23T10:00:00+11:00,S02,70
B001,HB00618-created,HB00618,created,2025-10-21T12:00:00+11:00,Booked,2025-10-23T12:00:00+11:00,2025-10-23T13:00:00+11:00,S02,70
B001,HB00618-completed,HB00618,completed,2025-10-23T13:00:00+11:00,Completed,2025-10-23T12:00:00+11:00,2025-10-23T13:00:00+11:00,S02,70
B001,HB00619-created,HB00619,created,2025-10-14T09:00:00+11:00,Booked,2025-10-24T09:00:00+11:00,2025-10-24T10:00:00+11:00,S02,70
B001,HB00619-completed,HB00619,completed,2025-10-24T10:00:00+11:00,Completed,2025-10-24T09:00:00+11:00,2025-10-24T10:00:00+11:00,S02,70
B001,HB00620-created,HB00620,created,2025-10-22T12:00:00+11:00,Booked,2025-10-24T12:00:00+11:00,2025-10-24T14:00:00+11:00,S02,180
B001,HB00620-completed,HB00620,completed,2025-10-24T14:00:00+11:00,Completed,2025-10-24T12:00:00+11:00,2025-10-24T14:00:00+11:00,S02,180
B001,HB00621-created,HB00621,created,2025-10-10T09:00:00+11:00,Booked,2025-10-20T09:00:00+11:00,2025-10-20T10:00:00+11:00,S03,70
B001,HB00621-completed,HB00621,completed,2025-10-20T10:00:00+11:00,Completed,2025-10-20T09:00:00+11:00,2025-10-20T10:00:00+11:00,S03,70
B001,HB00622-created,HB00622,created,2025-10-18T12:00:00+11:00,Booked,2025-10-20T12:00:00+11:00,2025-10-20T14:00:00+11:00,S03,180
B001,HB00622-completed,HB00622,completed,2025-10-20T14:00:00+11:00,Completed,2025-10-20T12:00:00+11:00,2025-10-20T14:00:00+11:00,S03,180
B001,HB00623-created,HB00623,created,2025-10-11T09:00:00+11:00,Booked,2025-10-21T09:00:00+11:00,2025-10-21T11:00:00+11:00,S03,180
B001,HB00623-completed,HB00623,completed,2025-10-21T11:00:00+11:00,Completed,2025-10-21T09:00:00+11:00,2025-10-21T11:00:00+11:00,S03,180
B001,HB00624-created,HB00624,created,2025-10-19T12:00:00+11:00,Booked,2025-10-21T12:00:00+11:00,2025-10-21T13:00:00+11:00,S03,70
B001,HB00624-completed,HB00624,completed,2025-10-21T13:00:00+11:00,Completed,2025-10-21T12:00:00+11:00,2025-10-21T13:00:00+11:00,S03,70
B001,HB00625-created,HB00625,created,2025-10-12T09:00:00+11:00,Booked,2025-10-22T09:00:00+11:00,2025-10-22T10:00:00+11:00,S03,70
B001,HB00625-completed,HB00625,completed,2025-10-22T10:00:00+11:00,Completed,2025-10-22T09:00:00+11:00,2025-10-22T10:00:00+11:00,S03,70
B001,HB00626-created,HB00626,created,2025-10-20T12:00:00+11:00,Booked,2025-10-22T12:00:00+11:00,2025-10-22T13:00:00+11:00,S03,70
B001,HB00626-completed,HB00626,completed,2025-10-22T13:00:00+11:00,Completed,2025-10-22T12:00:00+11:00,2025-10-22T13:00:00+11:00,S03,70
B001,HB00627-created,HB00627,created,2025-10-13T09:00:00+11:00,Booked,2025-10-23T09:00:00+11:00,2025-10-23T10:00:00+11:00,S03,70
B001,HB00627-completed,HB00627,completed,2025-10-23T10:00:00+11:00,Completed,2025-10-23T09:00:00+11:00,2025-10-23T10:00:00+11:00,S03,70
B001,HB00628-created,HB00628,created,2025-10-21T12:00:00+11:00,Booked,2025-10-23T12:00:00+11:00,2025-10-23T14:00:00+11:00,S03,180
B001,HB00628-completed,HB00628,completed,2025-10-23T14:00:00+11:00,Completed,2025-10-23T12:00:00+11:00,2025-10-23T14:00:00+11:00,S03,180
B001,HB00629-created,HB00629,created,2025-10-14T09:00:00+11:00,Booked,2025-10-24T09:00:00+11:00,2025-10-24T11:00:00+11:00,S03,180
B001,HB00629-completed,HB00629,completed,2025-10-24T11:00:00+11:00,Completed,2025-10-24T09:00:00+11:00,2025-10-24T11:00:00+11:00,S03,180
B001,HB00630-created,HB00630,created,2025-10-22T12:00:00+11:00,Booked,2025-10-24T12:00:00+11:00,2025-10-24T13:00:00+11:00,S03,70
B001,HB00630-completed,HB00630,completed,2025-10-24T13:00:00+11:00,Completed,2025-10-24T12:00:00+11:00,2025-10-24T13:00:00+11:00,S03,70
B001,HB00631-created,HB00631,created,2025-10-17T09:00:00+11:00,Booked,2025-10-27T09:00:00+11:00,2025-10-27T10:00:00+11:00,S01,70
B001,HB00631-completed,HB00631,completed,2025-10-27T10:00:00+11:00,Completed,2025-10-27T09:00:00+11:00,2025-10-27T10:00:00+11:00,S01,70
B001,HB00632-created,HB00632,created,2025-10-25T12:00:00+11:00,Booked,2025-10-27T12:00:00+11:00,2025-10-27T13:00:00+11:00,S01,70
B001,HB00632-completed,HB00632,completed,2025-10-27T13:00:00+11:00,Completed,2025-10-27T12:00:00+11:00,2025-10-27T13:00:00+11:00,S01,70
B001,HB00633-created,HB00633,created,2025-10-18T09:00:00+11:00,Booked,2025-10-28T09:00:00+11:00,2025-10-28T10:00:00+11:00,S01,70
B001,HB00633-completed,HB00633,completed,2025-10-28T10:00:00+11:00,Completed,2025-10-28T09:00:00+11:00,2025-10-28T10:00:00+11:00,S01,70
B001,HB00634-created,HB00634,created,2025-10-26T12:00:00+11:00,Booked,2025-10-28T12:00:00+11:00,2025-10-28T14:00:00+11:00,S01,180
B001,HB00634-completed,HB00634,completed,2025-10-28T14:00:00+11:00,Completed,2025-10-28T12:00:00+11:00,2025-10-28T14:00:00+11:00,S01,180
B001,HB00635-created,HB00635,created,2025-10-19T09:00:00+11:00,Booked,2025-10-29T09:00:00+11:00,2025-10-29T11:00:00+11:00,S01,180
B001,HB00635-completed,HB00635,completed,2025-10-29T11:00:00+11:00,Completed,2025-10-29T09:00:00+11:00,2025-10-29T11:00:00+11:00,S01,180
B001,HB00636-created,HB00636,created,2025-10-27T12:00:00+11:00,Booked,2025-10-29T12:00:00+11:00,2025-10-29T13:00:00+11:00,S01,70
B001,HB00636-completed,HB00636,completed,2025-10-29T13:00:00+11:00,Completed,2025-10-29T12:00:00+11:00,2025-10-29T13:00:00+11:00,S01,70
B001,HB00637-created,HB00637,created,2025-10-20T09:00:00+11:00,Booked,2025-10-30T09:00:00+11:00,2025-10-30T10:00:00+11:00,S01,70
B001,HB00637-completed,HB00637,completed,2025-10-30T10:00:00+11:00,Completed,2025-10-30T09:00:00+11:00,2025-10-30T10:00:00+11:00,S01,70
B001,HB00638-created,HB00638,created,2025-10-28T12:00:00+11:00,Booked,2025-10-30T12:00:00+11:00,2025-10-30T13:00:00+11:00,S01,70
B001,HB00638-completed,HB00638,completed,2025-10-30T13:00:00+11:00,Completed,2025-10-30T12:00:00+11:00,2025-10-30T13:00:00+11:00,S01,70
B001,HB00639-created,HB00639,created,2025-10-21T09:00:00+11:00,Booked,2025-10-31T09:00:00+11:00,2025-10-31T10:00:00+11:00,S01,70
B001,HB00639-completed,HB00639,completed,2025-10-31T10:00:00+11:00,Completed,2025-10-31T09:00:00+11:00,2025-10-31T10:00:00+11:00,S01,70
B001,HB00640-created,HB00640,created,2025-10-29T12:00:00+11:00,Booked,2025-10-31T12:00:00+11:00,2025-10-31T14:00:00+11:00,S01,180
B001,HB00640-completed,HB00640,completed,2025-10-31T14:00:00+11:00,Completed,2025-10-31T12:00:00+11:00,2025-10-31T14:00:00+11:00,S01,180
B001,HB00641-created,HB00641,created,2025-10-17T09:00:00+11:00,Booked,2025-10-27T09:00:00+11:00,2025-10-27T10:00:00+11:00,S02,70
B001,HB00641-completed,HB00641,completed,2025-10-27T10:00:00+11:00,Completed,2025-10-27T09:00:00+11:00,2025-10-27T10:00:00+11:00,S02,70
B001,HB00642-created,HB00642,created,2025-10-25T12:00:00+11:00,Booked,2025-10-27T12:00:00+11:00,2025-10-27T14:00:00+11:00,S02,180
B001,HB00642-completed,HB00642,completed,2025-10-27T14:00:00+11:00,Completed,2025-10-27T12:00:00+11:00,2025-10-27T14:00:00+11:00,S02,180
B001,HB00643-created,HB00643,created,2025-10-18T09:00:00+11:00,Booked,2025-10-28T09:00:00+11:00,2025-10-28T11:00:00+11:00,S02,180
B001,HB00643-completed,HB00643,completed,2025-10-28T11:00:00+11:00,Completed,2025-10-28T09:00:00+11:00,2025-10-28T11:00:00+11:00,S02,180
B001,HB00644-created,HB00644,created,2025-10-26T12:00:00+11:00,Booked,2025-10-28T12:00:00+11:00,2025-10-28T13:00:00+11:00,S02,70
B001,HB00644-completed,HB00644,completed,2025-10-28T13:00:00+11:00,Completed,2025-10-28T12:00:00+11:00,2025-10-28T13:00:00+11:00,S02,70
B001,HB00645-created,HB00645,created,2025-10-19T09:00:00+11:00,Booked,2025-10-29T09:00:00+11:00,2025-10-29T10:00:00+11:00,S02,70
B001,HB00645-completed,HB00645,completed,2025-10-29T10:00:00+11:00,Completed,2025-10-29T09:00:00+11:00,2025-10-29T10:00:00+11:00,S02,70
B001,HB00646-created,HB00646,created,2025-10-27T12:00:00+11:00,Booked,2025-10-29T12:00:00+11:00,2025-10-29T13:00:00+11:00,S02,70
B001,HB00646-completed,HB00646,completed,2025-10-29T13:00:00+11:00,Completed,2025-10-29T12:00:00+11:00,2025-10-29T13:00:00+11:00,S02,70
B001,HB00647-created,HB00647,created,2025-10-20T09:00:00+11:00,Booked,2025-10-30T09:00:00+11:00,2025-10-30T10:00:00+11:00,S02,70
B001,HB00647-completed,HB00647,completed,2025-10-30T10:00:00+11:00,Completed,2025-10-30T09:00:00+11:00,2025-10-30T10:00:00+11:00,S02,70
B001,HB00648-created,HB00648,created,2025-10-28T12:00:00+11:00,Booked,2025-10-30T12:00:00+11:00,2025-10-30T14:00:00+11:00,S02,180
B001,HB00648-completed,HB00648,completed,2025-10-30T14:00:00+11:00,Completed,2025-10-30T12:00:00+11:00,2025-10-30T14:00:00+11:00,S02,180
B001,HB00649-created,HB00649,created,2025-10-21T09:00:00+11:00,Booked,2025-10-31T09:00:00+11:00,2025-10-31T11:00:00+11:00,S02,180
B001,HB00649-completed,HB00649,completed,2025-10-31T11:00:00+11:00,Completed,2025-10-31T09:00:00+11:00,2025-10-31T11:00:00+11:00,S02,180
B001,HB00650-created,HB00650,created,2025-10-29T12:00:00+11:00,Booked,2025-10-31T12:00:00+11:00,2025-10-31T13:00:00+11:00,S02,70
B001,HB00650-completed,HB00650,completed,2025-10-31T13:00:00+11:00,Completed,2025-10-31T12:00:00+11:00,2025-10-31T13:00:00+11:00,S02,70
B001,HB00651-created,HB00651,created,2025-10-17T09:00:00+11:00,Booked,2025-10-27T09:00:00+11:00,2025-10-27T11:00:00+11:00,S03,180
B001,HB00651-completed,HB00651,completed,2025-10-27T11:00:00+11:00,Completed,2025-10-27T09:00:00+11:00,2025-10-27T11:00:00+11:00,S03,180
B001,HB00652-created,HB00652,created,2025-10-25T12:00:00+11:00,Booked,2025-10-27T12:00:00+11:00,2025-10-27T13:00:00+11:00,S03,70
B001,HB00652-completed,HB00652,completed,2025-10-27T13:00:00+11:00,Completed,2025-10-27T12:00:00+11:00,2025-10-27T13:00:00+11:00,S03,70
B001,HB00653-created,HB00653,created,2025-10-18T09:00:00+11:00,Booked,2025-10-28T09:00:00+11:00,2025-10-28T10:00:00+11:00,S03,70
B001,HB00653-completed,HB00653,completed,2025-10-28T10:00:00+11:00,Completed,2025-10-28T09:00:00+11:00,2025-10-28T10:00:00+11:00,S03,70
B001,HB00654-created,HB00654,created,2025-10-26T12:00:00+11:00,Booked,2025-10-28T12:00:00+11:00,2025-10-28T13:00:00+11:00,S03,70
B001,HB00654-completed,HB00654,completed,2025-10-28T13:00:00+11:00,Completed,2025-10-28T12:00:00+11:00,2025-10-28T13:00:00+11:00,S03,70
B001,HB00655-created,HB00655,created,2025-10-19T09:00:00+11:00,Booked,2025-10-29T09:00:00+11:00,2025-10-29T10:00:00+11:00,S03,70
B001,HB00655-completed,HB00655,completed,2025-10-29T10:00:00+11:00,Completed,2025-10-29T09:00:00+11:00,2025-10-29T10:00:00+11:00,S03,70
B001,HB00656-created,HB00656,created,2025-10-27T12:00:00+11:00,Booked,2025-10-29T12:00:00+11:00,2025-10-29T14:00:00+11:00,S03,180
B001,HB00656-completed,HB00656,completed,2025-10-29T14:00:00+11:00,Completed,2025-10-29T12:00:00+11:00,2025-10-29T14:00:00+11:00,S03,180
B001,HB00657-created,HB00657,created,2025-10-20T09:00:00+11:00,Booked,2025-10-30T09:00:00+11:00,2025-10-30T11:00:00+11:00,S03,180
B001,HB00657-completed,HB00657,completed,2025-10-30T11:00:00+11:00,Completed,2025-10-30T09:00:00+11:00,2025-10-30T11:00:00+11:00,S03,180
B001,HB00658-created,HB00658,created,2025-10-28T12:00:00+11:00,Booked,2025-10-30T12:00:00+11:00,2025-10-30T13:00:00+11:00,S03,70
B001,HB00658-completed,HB00658,completed,2025-10-30T13:00:00+11:00,Completed,2025-10-30T12:00:00+11:00,2025-10-30T13:00:00+11:00,S03,70
B001,HB00659-created,HB00659,created,2025-10-21T09:00:00+11:00,Booked,2025-10-31T09:00:00+11:00,2025-10-31T10:00:00+11:00,S03,70
B001,HB00659-completed,HB00659,completed,2025-10-31T10:00:00+11:00,Completed,2025-10-31T09:00:00+11:00,2025-10-31T10:00:00+11:00,S03,70
B001,HB00660-created,HB00660,created,2025-10-29T12:00:00+11:00,Booked,2025-10-31T12:00:00+11:00,2025-10-31T13:00:00+11:00,S03,70
B001,HB00660-completed,HB00660,completed,2025-10-31T13:00:00+11:00,Completed,2025-10-31T12:00:00+11:00,2025-10-31T13:00:00+11:00,S03,70
B001,HB00661-created,HB00661,created,2025-10-24T09:00:00+11:00,Booked,2025-11-03T09:00:00+11:00,2025-11-03T10:00:00+11:00,S01,70
B001,HB00661-completed,HB00661,completed,2025-11-03T10:00:00+11:00,Completed,2025-11-03T09:00:00+11:00,2025-11-03T10:00:00+11:00,S01,70
B001,HB00662-created,HB00662,created,2025-11-01T12:00:00+11:00,Booked,2025-11-03T12:00:00+11:00,2025-11-03T14:00:00+11:00,S01,180
B001,HB00662-completed,HB00662,completed,2025-11-03T14:00:00+11:00,Completed,2025-11-03T12:00:00+11:00,2025-11-03T14:00:00+11:00,S01,180
B001,HB00663-created,HB00663,created,2025-10-25T09:00:00+11:00,Booked,2025-11-04T09:00:00+11:00,2025-11-04T11:00:00+11:00,S01,180
B001,HB00663-completed,HB00663,completed,2025-11-04T11:00:00+11:00,Completed,2025-11-04T09:00:00+11:00,2025-11-04T11:00:00+11:00,S01,180
B001,HB00664-created,HB00664,created,2025-11-02T12:00:00+11:00,Booked,2025-11-04T12:00:00+11:00,2025-11-04T13:00:00+11:00,S01,70
B001,HB00664-completed,HB00664,completed,2025-11-04T13:00:00+11:00,Completed,2025-11-04T12:00:00+11:00,2025-11-04T13:00:00+11:00,S01,70
B001,HB00665-created,HB00665,created,2025-10-26T09:00:00+11:00,Booked,2025-11-05T09:00:00+11:00,2025-11-05T10:00:00+11:00,S01,70
B001,HB00665-completed,HB00665,completed,2025-11-05T10:00:00+11:00,Completed,2025-11-05T09:00:00+11:00,2025-11-05T10:00:00+11:00,S01,70
B001,HB00666-created,HB00666,created,2025-11-03T12:00:00+11:00,Booked,2025-11-05T12:00:00+11:00,2025-11-05T13:00:00+11:00,S01,70
B001,HB00666-completed,HB00666,completed,2025-11-05T13:00:00+11:00,Completed,2025-11-05T12:00:00+11:00,2025-11-05T13:00:00+11:00,S01,70
B001,HB00667-created,HB00667,created,2025-10-27T09:00:00+11:00,Booked,2025-11-06T09:00:00+11:00,2025-11-06T10:00:00+11:00,S01,70
B001,HB00667-completed,HB00667,completed,2025-11-06T10:00:00+11:00,Completed,2025-11-06T09:00:00+11:00,2025-11-06T10:00:00+11:00,S01,70
B001,HB00668-created,HB00668,created,2025-11-04T12:00:00+11:00,Booked,2025-11-06T12:00:00+11:00,2025-11-06T14:00:00+11:00,S01,180
B001,HB00668-completed,HB00668,completed,2025-11-06T14:00:00+11:00,Completed,2025-11-06T12:00:00+11:00,2025-11-06T14:00:00+11:00,S01,180
B001,HB00669-created,HB00669,created,2025-10-28T09:00:00+11:00,Booked,2025-11-07T09:00:00+11:00,2025-11-07T11:00:00+11:00,S01,180
B001,HB00669-completed,HB00669,completed,2025-11-07T11:00:00+11:00,Completed,2025-11-07T09:00:00+11:00,2025-11-07T11:00:00+11:00,S01,180
B001,HB00670-created,HB00670,created,2025-11-05T12:00:00+11:00,Booked,2025-11-07T12:00:00+11:00,2025-11-07T13:00:00+11:00,S01,70
B001,HB00670-completed,HB00670,completed,2025-11-07T13:00:00+11:00,Completed,2025-11-07T12:00:00+11:00,2025-11-07T13:00:00+11:00,S01,70
B001,HB00671-created,HB00671,created,2025-10-24T09:00:00+11:00,Booked,2025-11-03T09:00:00+11:00,2025-11-03T11:00:00+11:00,S02,180
B001,HB00671-completed,HB00671,completed,2025-11-03T11:00:00+11:00,Completed,2025-11-03T09:00:00+11:00,2025-11-03T11:00:00+11:00,S02,180
B001,HB00672-created,HB00672,created,2025-11-01T12:00:00+11:00,Booked,2025-11-03T12:00:00+11:00,2025-11-03T13:00:00+11:00,S02,70
B001,HB00672-completed,HB00672,completed,2025-11-03T13:00:00+11:00,Completed,2025-11-03T12:00:00+11:00,2025-11-03T13:00:00+11:00,S02,70
B001,HB00673-created,HB00673,created,2025-10-25T09:00:00+11:00,Booked,2025-11-04T09:00:00+11:00,2025-11-04T10:00:00+11:00,S02,70
B001,HB00673-completed,HB00673,completed,2025-11-04T10:00:00+11:00,Completed,2025-11-04T09:00:00+11:00,2025-11-04T10:00:00+11:00,S02,70
B001,HB00674-created,HB00674,created,2025-11-02T12:00:00+11:00,Booked,2025-11-04T12:00:00+11:00,2025-11-04T13:00:00+11:00,S02,70
B001,HB00674-completed,HB00674,completed,2025-11-04T13:00:00+11:00,Completed,2025-11-04T12:00:00+11:00,2025-11-04T13:00:00+11:00,S02,70
B001,HB00675-created,HB00675,created,2025-10-26T09:00:00+11:00,Booked,2025-11-05T09:00:00+11:00,2025-11-05T10:00:00+11:00,S02,70
B001,HB00675-completed,HB00675,completed,2025-11-05T10:00:00+11:00,Completed,2025-11-05T09:00:00+11:00,2025-11-05T10:00:00+11:00,S02,70
B001,HB00676-created,HB00676,created,2025-11-03T12:00:00+11:00,Booked,2025-11-05T12:00:00+11:00,2025-11-05T14:00:00+11:00,S02,180
B001,HB00676-completed,HB00676,completed,2025-11-05T14:00:00+11:00,Completed,2025-11-05T12:00:00+11:00,2025-11-05T14:00:00+11:00,S02,180
B001,HB00677-created,HB00677,created,2025-10-27T09:00:00+11:00,Booked,2025-11-06T09:00:00+11:00,2025-11-06T11:00:00+11:00,S02,180
B001,HB00677-completed,HB00677,completed,2025-11-06T11:00:00+11:00,Completed,2025-11-06T09:00:00+11:00,2025-11-06T11:00:00+11:00,S02,180
B001,HB00678-created,HB00678,created,2025-11-04T12:00:00+11:00,Booked,2025-11-06T12:00:00+11:00,2025-11-06T13:00:00+11:00,S02,70
B001,HB00678-completed,HB00678,completed,2025-11-06T13:00:00+11:00,Completed,2025-11-06T12:00:00+11:00,2025-11-06T13:00:00+11:00,S02,70
B001,HB00679-created,HB00679,created,2025-10-28T09:00:00+11:00,Booked,2025-11-07T09:00:00+11:00,2025-11-07T10:00:00+11:00,S02,70
B001,HB00679-completed,HB00679,completed,2025-11-07T10:00:00+11:00,Completed,2025-11-07T09:00:00+11:00,2025-11-07T10:00:00+11:00,S02,70
B001,HB00680-created,HB00680,created,2025-11-05T12:00:00+11:00,Booked,2025-11-07T12:00:00+11:00,2025-11-07T13:00:00+11:00,S02,70
B001,HB00680-completed,HB00680,completed,2025-11-07T13:00:00+11:00,Completed,2025-11-07T12:00:00+11:00,2025-11-07T13:00:00+11:00,S02,70
B001,HB00681-created,HB00681,created,2025-10-24T09:00:00+11:00,Booked,2025-11-03T09:00:00+11:00,2025-11-03T10:00:00+11:00,S03,70
B001,HB00681-completed,HB00681,completed,2025-11-03T10:00:00+11:00,Completed,2025-11-03T09:00:00+11:00,2025-11-03T10:00:00+11:00,S03,70
B001,HB00682-created,HB00682,created,2025-11-01T12:00:00+11:00,Booked,2025-11-03T12:00:00+11:00,2025-11-03T13:00:00+11:00,S03,70
B001,HB00682-completed,HB00682,completed,2025-11-03T13:00:00+11:00,Completed,2025-11-03T12:00:00+11:00,2025-11-03T13:00:00+11:00,S03,70
B001,HB00683-created,HB00683,created,2025-10-25T09:00:00+11:00,Booked,2025-11-04T09:00:00+11:00,2025-11-04T10:00:00+11:00,S03,70
B001,HB00683-completed,HB00683,completed,2025-11-04T10:00:00+11:00,Completed,2025-11-04T09:00:00+11:00,2025-11-04T10:00:00+11:00,S03,70
B001,HB00684-created,HB00684,created,2025-11-02T12:00:00+11:00,Booked,2025-11-04T12:00:00+11:00,2025-11-04T14:00:00+11:00,S03,180
B001,HB00684-completed,HB00684,completed,2025-11-04T14:00:00+11:00,Completed,2025-11-04T12:00:00+11:00,2025-11-04T14:00:00+11:00,S03,180
B001,HB00685-created,HB00685,created,2025-10-26T09:00:00+11:00,Booked,2025-11-05T09:00:00+11:00,2025-11-05T11:00:00+11:00,S03,180
B001,HB00685-completed,HB00685,completed,2025-11-05T11:00:00+11:00,Completed,2025-11-05T09:00:00+11:00,2025-11-05T11:00:00+11:00,S03,180
B001,HB00686-created,HB00686,created,2025-11-03T12:00:00+11:00,Booked,2025-11-05T12:00:00+11:00,2025-11-05T13:00:00+11:00,S03,70
B001,HB00686-completed,HB00686,completed,2025-11-05T13:00:00+11:00,Completed,2025-11-05T12:00:00+11:00,2025-11-05T13:00:00+11:00,S03,70
B001,HB00687-created,HB00687,created,2025-10-27T09:00:00+11:00,Booked,2025-11-06T09:00:00+11:00,2025-11-06T10:00:00+11:00,S03,70
B001,HB00687-completed,HB00687,completed,2025-11-06T10:00:00+11:00,Completed,2025-11-06T09:00:00+11:00,2025-11-06T10:00:00+11:00,S03,70
B001,HB00688-created,HB00688,created,2025-11-04T12:00:00+11:00,Booked,2025-11-06T12:00:00+11:00,2025-11-06T13:00:00+11:00,S03,70
B001,HB00688-completed,HB00688,completed,2025-11-06T13:00:00+11:00,Completed,2025-11-06T12:00:00+11:00,2025-11-06T13:00:00+11:00,S03,70
B001,HB00689-created,HB00689,created,2025-10-28T09:00:00+11:00,Booked,2025-11-07T09:00:00+11:00,2025-11-07T10:00:00+11:00,S03,70
B001,HB00689-completed,HB00689,completed,2025-11-07T10:00:00+11:00,Completed,2025-11-07T09:00:00+11:00,2025-11-07T10:00:00+11:00,S03,70
B001,HB00690-created,HB00690,created,2025-11-05T12:00:00+11:00,Booked,2025-11-07T12:00:00+11:00,2025-11-07T14:00:00+11:00,S03,180
B001,HB00690-completed,HB00690,completed,2025-11-07T14:00:00+11:00,Completed,2025-11-07T12:00:00+11:00,2025-11-07T14:00:00+11:00,S03,180
B001,HB00691-created,HB00691,created,2025-10-31T09:00:00+11:00,Booked,2025-11-10T09:00:00+11:00,2025-11-10T11:00:00+11:00,S01,180
B001,HB00691-completed,HB00691,completed,2025-11-10T11:00:00+11:00,Completed,2025-11-10T09:00:00+11:00,2025-11-10T11:00:00+11:00,S01,180
B001,HB00692-created,HB00692,created,2025-11-08T12:00:00+11:00,Booked,2025-11-10T12:00:00+11:00,2025-11-10T13:00:00+11:00,S01,70
B001,HB00692-completed,HB00692,completed,2025-11-10T13:00:00+11:00,Completed,2025-11-10T12:00:00+11:00,2025-11-10T13:00:00+11:00,S01,70
B001,HB00693-created,HB00693,created,2025-11-01T09:00:00+11:00,Booked,2025-11-11T09:00:00+11:00,2025-11-11T10:00:00+11:00,S01,70
B001,HB00693-completed,HB00693,completed,2025-11-11T10:00:00+11:00,Completed,2025-11-11T09:00:00+11:00,2025-11-11T10:00:00+11:00,S01,70
B001,HB00694-created,HB00694,created,2025-11-09T12:00:00+11:00,Booked,2025-11-11T12:00:00+11:00,2025-11-11T13:00:00+11:00,S01,70
B001,HB00694-completed,HB00694,completed,2025-11-11T13:00:00+11:00,Completed,2025-11-11T12:00:00+11:00,2025-11-11T13:00:00+11:00,S01,70
B001,HB00695-created,HB00695,created,2025-11-02T09:00:00+11:00,Booked,2025-11-12T09:00:00+11:00,2025-11-12T10:00:00+11:00,S01,70
B001,HB00695-completed,HB00695,completed,2025-11-12T10:00:00+11:00,Completed,2025-11-12T09:00:00+11:00,2025-11-12T10:00:00+11:00,S01,70
B001,HB00696-created,HB00696,created,2025-11-10T12:00:00+11:00,Booked,2025-11-12T12:00:00+11:00,2025-11-12T14:00:00+11:00,S01,180
B001,HB00696-completed,HB00696,completed,2025-11-12T14:00:00+11:00,Completed,2025-11-12T12:00:00+11:00,2025-11-12T14:00:00+11:00,S01,180
B001,HB00697-created,HB00697,created,2025-11-03T09:00:00+11:00,Booked,2025-11-13T09:00:00+11:00,2025-11-13T11:00:00+11:00,S01,180
B001,HB00697-completed,HB00697,completed,2025-11-13T11:00:00+11:00,Completed,2025-11-13T09:00:00+11:00,2025-11-13T11:00:00+11:00,S01,180
B001,HB00698-created,HB00698,created,2025-11-11T12:00:00+11:00,Booked,2025-11-13T12:00:00+11:00,2025-11-13T13:00:00+11:00,S01,70
B001,HB00698-completed,HB00698,completed,2025-11-13T13:00:00+11:00,Completed,2025-11-13T12:00:00+11:00,2025-11-13T13:00:00+11:00,S01,70
B001,HB00699-created,HB00699,created,2025-11-04T09:00:00+11:00,Booked,2025-11-14T09:00:00+11:00,2025-11-14T10:00:00+11:00,S01,70
B001,HB00699-completed,HB00699,completed,2025-11-14T10:00:00+11:00,Completed,2025-11-14T09:00:00+11:00,2025-11-14T10:00:00+11:00,S01,70
B001,HB00700-created,HB00700,created,2025-11-12T12:00:00+11:00,Booked,2025-11-14T12:00:00+11:00,2025-11-14T13:00:00+11:00,S01,70
B001,HB00700-completed,HB00700,completed,2025-11-14T13:00:00+11:00,Completed,2025-11-14T12:00:00+11:00,2025-11-14T13:00:00+11:00,S01,70
B001,HB00701-created,HB00701,created,2025-10-31T09:00:00+11:00,Booked,2025-11-10T09:00:00+11:00,2025-11-10T10:00:00+11:00,S02,70
B001,HB00701-completed,HB00701,completed,2025-11-10T10:00:00+11:00,Completed,2025-11-10T09:00:00+11:00,2025-11-10T10:00:00+11:00,S02,70
B001,HB00702-created,HB00702,created,2025-11-08T12:00:00+11:00,Booked,2025-11-10T12:00:00+11:00,2025-11-10T13:00:00+11:00,S02,70
B001,HB00702-completed,HB00702,completed,2025-11-10T13:00:00+11:00,Completed,2025-11-10T12:00:00+11:00,2025-11-10T13:00:00+11:00,S02,70
B001,HB00703-created,HB00703,created,2025-11-01T09:00:00+11:00,Booked,2025-11-11T09:00:00+11:00,2025-11-11T10:00:00+11:00,S02,70
B001,HB00703-completed,HB00703,completed,2025-11-11T10:00:00+11:00,Completed,2025-11-11T09:00:00+11:00,2025-11-11T10:00:00+11:00,S02,70
B001,HB00704-created,HB00704,created,2025-11-09T12:00:00+11:00,Booked,2025-11-11T12:00:00+11:00,2025-11-11T14:00:00+11:00,S02,180
B001,HB00704-completed,HB00704,completed,2025-11-11T14:00:00+11:00,Completed,2025-11-11T12:00:00+11:00,2025-11-11T14:00:00+11:00,S02,180
B001,HB00705-created,HB00705,created,2025-11-02T09:00:00+11:00,Booked,2025-11-12T09:00:00+11:00,2025-11-12T11:00:00+11:00,S02,180
B001,HB00705-completed,HB00705,completed,2025-11-12T11:00:00+11:00,Completed,2025-11-12T09:00:00+11:00,2025-11-12T11:00:00+11:00,S02,180
B001,HB00706-created,HB00706,created,2025-11-10T12:00:00+11:00,Booked,2025-11-12T12:00:00+11:00,2025-11-12T13:00:00+11:00,S02,70
B001,HB00706-completed,HB00706,completed,2025-11-12T13:00:00+11:00,Completed,2025-11-12T12:00:00+11:00,2025-11-12T13:00:00+11:00,S02,70
B001,HB00707-created,HB00707,created,2025-11-03T09:00:00+11:00,Booked,2025-11-13T09:00:00+11:00,2025-11-13T10:00:00+11:00,S02,70
B001,HB00707-completed,HB00707,completed,2025-11-13T10:00:00+11:00,Completed,2025-11-13T09:00:00+11:00,2025-11-13T10:00:00+11:00,S02,70
B001,HB00708-created,HB00708,created,2025-11-11T12:00:00+11:00,Booked,2025-11-13T12:00:00+11:00,2025-11-13T13:00:00+11:00,S02,70
B001,HB00708-completed,HB00708,completed,2025-11-13T13:00:00+11:00,Completed,2025-11-13T12:00:00+11:00,2025-11-13T13:00:00+11:00,S02,70
B001,HB00709-created,HB00709,created,2025-11-04T09:00:00+11:00,Booked,2025-11-14T09:00:00+11:00,2025-11-14T10:00:00+11:00,S02,70
B001,HB00709-completed,HB00709,completed,2025-11-14T10:00:00+11:00,Completed,2025-11-14T09:00:00+11:00,2025-11-14T10:00:00+11:00,S02,70
B001,HB00710-created,HB00710,created,2025-11-12T12:00:00+11:00,Booked,2025-11-14T12:00:00+11:00,2025-11-14T14:00:00+11:00,S02,180
B001,HB00710-completed,HB00710,completed,2025-11-14T14:00:00+11:00,Completed,2025-11-14T12:00:00+11:00,2025-11-14T14:00:00+11:00,S02,180
B001,HB00711-created,HB00711,created,2025-10-31T09:00:00+11:00,Booked,2025-11-10T09:00:00+11:00,2025-11-10T10:00:00+11:00,S03,70
B001,HB00711-completed,HB00711,completed,2025-11-10T10:00:00+11:00,Completed,2025-11-10T09:00:00+11:00,2025-11-10T10:00:00+11:00,S03,70
B001,HB00712-created,HB00712,created,2025-11-08T12:00:00+11:00,Booked,2025-11-10T12:00:00+11:00,2025-11-10T14:00:00+11:00,S03,180
B001,HB00712-completed,HB00712,completed,2025-11-10T14:00:00+11:00,Completed,2025-11-10T12:00:00+11:00,2025-11-10T14:00:00+11:00,S03,180
B001,HB00713-created,HB00713,created,2025-11-01T09:00:00+11:00,Booked,2025-11-11T09:00:00+11:00,2025-11-11T11:00:00+11:00,S03,180
B001,HB00713-completed,HB00713,completed,2025-11-11T11:00:00+11:00,Completed,2025-11-11T09:00:00+11:00,2025-11-11T11:00:00+11:00,S03,180
B001,HB00714-created,HB00714,created,2025-11-09T12:00:00+11:00,Booked,2025-11-11T12:00:00+11:00,2025-11-11T13:00:00+11:00,S03,70
B001,HB00714-completed,HB00714,completed,2025-11-11T13:00:00+11:00,Completed,2025-11-11T12:00:00+11:00,2025-11-11T13:00:00+11:00,S03,70
B001,HB00715-created,HB00715,created,2025-11-02T09:00:00+11:00,Booked,2025-11-12T09:00:00+11:00,2025-11-12T10:00:00+11:00,S03,70
B001,HB00715-completed,HB00715,completed,2025-11-12T10:00:00+11:00,Completed,2025-11-12T09:00:00+11:00,2025-11-12T10:00:00+11:00,S03,70
B001,HB00716-created,HB00716,created,2025-11-10T12:00:00+11:00,Booked,2025-11-12T12:00:00+11:00,2025-11-12T13:00:00+11:00,S03,70
B001,HB00716-completed,HB00716,completed,2025-11-12T13:00:00+11:00,Completed,2025-11-12T12:00:00+11:00,2025-11-12T13:00:00+11:00,S03,70
B001,HB00717-created,HB00717,created,2025-11-03T09:00:00+11:00,Booked,2025-11-13T09:00:00+11:00,2025-11-13T10:00:00+11:00,S03,70
B001,HB00717-completed,HB00717,completed,2025-11-13T10:00:00+11:00,Completed,2025-11-13T09:00:00+11:00,2025-11-13T10:00:00+11:00,S03,70
B001,HB00718-created,HB00718,created,2025-11-11T12:00:00+11:00,Booked,2025-11-13T12:00:00+11:00,2025-11-13T14:00:00+11:00,S03,180
B001,HB00718-completed,HB00718,completed,2025-11-13T14:00:00+11:00,Completed,2025-11-13T12:00:00+11:00,2025-11-13T14:00:00+11:00,S03,180
B001,HB00719-created,HB00719,created,2025-11-04T09:00:00+11:00,Booked,2025-11-14T09:00:00+11:00,2025-11-14T11:00:00+11:00,S03,180
B001,HB00719-completed,HB00719,completed,2025-11-14T11:00:00+11:00,Completed,2025-11-14T09:00:00+11:00,2025-11-14T11:00:00+11:00,S03,180
B001,HB00720-created,HB00720,created,2025-11-12T12:00:00+11:00,Booked,2025-11-14T12:00:00+11:00,2025-11-14T13:00:00+11:00,S03,70
B001,HB00720-completed,HB00720,completed,2025-11-14T13:00:00+11:00,Completed,2025-11-14T12:00:00+11:00,2025-11-14T13:00:00+11:00,S03,70
B001,HB00721-created,HB00721,created,2025-11-07T09:00:00+11:00,Booked,2025-11-17T09:00:00+11:00,2025-11-17T10:00:00+11:00,S01,70
B001,HB00721-completed,HB00721,completed,2025-11-17T10:00:00+11:00,Completed,2025-11-17T09:00:00+11:00,2025-11-17T10:00:00+11:00,S01,70
B001,HB00722-created,HB00722,created,2025-11-15T12:00:00+11:00,Booked,2025-11-17T12:00:00+11:00,2025-11-17T13:00:00+11:00,S01,70
B001,HB00722-completed,HB00722,completed,2025-11-17T13:00:00+11:00,Completed,2025-11-17T12:00:00+11:00,2025-11-17T13:00:00+11:00,S01,70
B001,HB00723-created,HB00723,created,2025-11-08T09:00:00+11:00,Booked,2025-11-18T09:00:00+11:00,2025-11-18T10:00:00+11:00,S01,70
B001,HB00723-completed,HB00723,completed,2025-11-18T10:00:00+11:00,Completed,2025-11-18T09:00:00+11:00,2025-11-18T10:00:00+11:00,S01,70
B001,HB00724-created,HB00724,created,2025-11-16T12:00:00+11:00,Booked,2025-11-18T12:00:00+11:00,2025-11-18T14:00:00+11:00,S01,180
B001,HB00724-completed,HB00724,completed,2025-11-18T14:00:00+11:00,Completed,2025-11-18T12:00:00+11:00,2025-11-18T14:00:00+11:00,S01,180
B001,HB00725-created,HB00725,created,2025-11-09T09:00:00+11:00,Booked,2025-11-19T09:00:00+11:00,2025-11-19T11:00:00+11:00,S01,180
B001,HB00725-completed,HB00725,completed,2025-11-19T11:00:00+11:00,Completed,2025-11-19T09:00:00+11:00,2025-11-19T11:00:00+11:00,S01,180
B001,HB00726-created,HB00726,created,2025-11-17T12:00:00+11:00,Booked,2025-11-19T12:00:00+11:00,2025-11-19T13:00:00+11:00,S01,70
B001,HB00726-completed,HB00726,completed,2025-11-19T13:00:00+11:00,Completed,2025-11-19T12:00:00+11:00,2025-11-19T13:00:00+11:00,S01,70
B001,HB00727-created,HB00727,created,2025-11-10T09:00:00+11:00,Booked,2025-11-20T09:00:00+11:00,2025-11-20T10:00:00+11:00,S01,70
B001,HB00727-completed,HB00727,completed,2025-11-20T10:00:00+11:00,Completed,2025-11-20T09:00:00+11:00,2025-11-20T10:00:00+11:00,S01,70
B001,HB00728-created,HB00728,created,2025-11-18T12:00:00+11:00,Booked,2025-11-20T12:00:00+11:00,2025-11-20T13:00:00+11:00,S01,70
B001,HB00728-completed,HB00728,completed,2025-11-20T13:00:00+11:00,Completed,2025-11-20T12:00:00+11:00,2025-11-20T13:00:00+11:00,S01,70
B001,HB00729-created,HB00729,created,2025-11-11T09:00:00+11:00,Booked,2025-11-21T09:00:00+11:00,2025-11-21T10:00:00+11:00,S01,70
B001,HB00729-completed,HB00729,completed,2025-11-21T10:00:00+11:00,Completed,2025-11-21T09:00:00+11:00,2025-11-21T10:00:00+11:00,S01,70
B001,HB00730-created,HB00730,created,2025-11-19T12:00:00+11:00,Booked,2025-11-21T12:00:00+11:00,2025-11-21T14:00:00+11:00,S01,180
B001,HB00730-completed,HB00730,completed,2025-11-21T14:00:00+11:00,Completed,2025-11-21T12:00:00+11:00,2025-11-21T14:00:00+11:00,S01,180
B001,HB00731-created,HB00731,created,2025-11-07T09:00:00+11:00,Booked,2025-11-17T09:00:00+11:00,2025-11-17T10:00:00+11:00,S02,70
B001,HB00731-completed,HB00731,completed,2025-11-17T10:00:00+11:00,Completed,2025-11-17T09:00:00+11:00,2025-11-17T10:00:00+11:00,S02,70
B001,HB00732-created,HB00732,created,2025-11-15T12:00:00+11:00,Booked,2025-11-17T12:00:00+11:00,2025-11-17T14:00:00+11:00,S02,180
B001,HB00732-completed,HB00732,completed,2025-11-17T14:00:00+11:00,Completed,2025-11-17T12:00:00+11:00,2025-11-17T14:00:00+11:00,S02,180
B001,HB00733-created,HB00733,created,2025-11-08T09:00:00+11:00,Booked,2025-11-18T09:00:00+11:00,2025-11-18T11:00:00+11:00,S02,180
B001,HB00733-completed,HB00733,completed,2025-11-18T11:00:00+11:00,Completed,2025-11-18T09:00:00+11:00,2025-11-18T11:00:00+11:00,S02,180
B001,HB00734-created,HB00734,created,2025-11-16T12:00:00+11:00,Booked,2025-11-18T12:00:00+11:00,2025-11-18T13:00:00+11:00,S02,70
B001,HB00734-completed,HB00734,completed,2025-11-18T13:00:00+11:00,Completed,2025-11-18T12:00:00+11:00,2025-11-18T13:00:00+11:00,S02,70
B001,HB00735-created,HB00735,created,2025-11-09T09:00:00+11:00,Booked,2025-11-19T09:00:00+11:00,2025-11-19T10:00:00+11:00,S02,70
B001,HB00735-completed,HB00735,completed,2025-11-19T10:00:00+11:00,Completed,2025-11-19T09:00:00+11:00,2025-11-19T10:00:00+11:00,S02,70
B001,HB00736-created,HB00736,created,2025-11-17T12:00:00+11:00,Booked,2025-11-19T12:00:00+11:00,2025-11-19T13:00:00+11:00,S02,70
B001,HB00736-completed,HB00736,completed,2025-11-19T13:00:00+11:00,Completed,2025-11-19T12:00:00+11:00,2025-11-19T13:00:00+11:00,S02,70
B001,HB00737-created,HB00737,created,2025-11-10T09:00:00+11:00,Booked,2025-11-20T09:00:00+11:00,2025-11-20T10:00:00+11:00,S02,70
B001,HB00737-completed,HB00737,completed,2025-11-20T10:00:00+11:00,Completed,2025-11-20T09:00:00+11:00,2025-11-20T10:00:00+11:00,S02,70
B001,HB00738-created,HB00738,created,2025-11-18T12:00:00+11:00,Booked,2025-11-20T12:00:00+11:00,2025-11-20T14:00:00+11:00,S02,180
B001,HB00738-completed,HB00738,completed,2025-11-20T14:00:00+11:00,Completed,2025-11-20T12:00:00+11:00,2025-11-20T14:00:00+11:00,S02,180
B001,HB00739-created,HB00739,created,2025-11-11T09:00:00+11:00,Booked,2025-11-21T09:00:00+11:00,2025-11-21T11:00:00+11:00,S02,180
B001,HB00739-completed,HB00739,completed,2025-11-21T11:00:00+11:00,Completed,2025-11-21T09:00:00+11:00,2025-11-21T11:00:00+11:00,S02,180
B001,HB00740-created,HB00740,created,2025-11-19T12:00:00+11:00,Booked,2025-11-21T12:00:00+11:00,2025-11-21T13:00:00+11:00,S02,70
B001,HB00740-completed,HB00740,completed,2025-11-21T13:00:00+11:00,Completed,2025-11-21T12:00:00+11:00,2025-11-21T13:00:00+11:00,S02,70
B001,HB00741-created,HB00741,created,2025-11-07T09:00:00+11:00,Booked,2025-11-17T09:00:00+11:00,2025-11-17T11:00:00+11:00,S03,180
B001,HB00741-completed,HB00741,completed,2025-11-17T11:00:00+11:00,Completed,2025-11-17T09:00:00+11:00,2025-11-17T11:00:00+11:00,S03,180
B001,HB00742-created,HB00742,created,2025-11-15T12:00:00+11:00,Booked,2025-11-17T12:00:00+11:00,2025-11-17T13:00:00+11:00,S03,70
B001,HB00742-completed,HB00742,completed,2025-11-17T13:00:00+11:00,Completed,2025-11-17T12:00:00+11:00,2025-11-17T13:00:00+11:00,S03,70
B001,HB00743-created,HB00743,created,2025-11-08T09:00:00+11:00,Booked,2025-11-18T09:00:00+11:00,2025-11-18T10:00:00+11:00,S03,70
B001,HB00743-completed,HB00743,completed,2025-11-18T10:00:00+11:00,Completed,2025-11-18T09:00:00+11:00,2025-11-18T10:00:00+11:00,S03,70
B001,HB00744-created,HB00744,created,2025-11-16T12:00:00+11:00,Booked,2025-11-18T12:00:00+11:00,2025-11-18T13:00:00+11:00,S03,70
B001,HB00744-completed,HB00744,completed,2025-11-18T13:00:00+11:00,Completed,2025-11-18T12:00:00+11:00,2025-11-18T13:00:00+11:00,S03,70
B001,HB00745-created,HB00745,created,2025-11-09T09:00:00+11:00,Booked,2025-11-19T09:00:00+11:00,2025-11-19T10:00:00+11:00,S03,70
B001,HB00745-completed,HB00745,completed,2025-11-19T10:00:00+11:00,Completed,2025-11-19T09:00:00+11:00,2025-11-19T10:00:00+11:00,S03,70
B001,HB00746-created,HB00746,created,2025-11-17T12:00:00+11:00,Booked,2025-11-19T12:00:00+11:00,2025-11-19T14:00:00+11:00,S03,180
B001,HB00746-completed,HB00746,completed,2025-11-19T14:00:00+11:00,Completed,2025-11-19T12:00:00+11:00,2025-11-19T14:00:00+11:00,S03,180
B001,HB00747-created,HB00747,created,2025-11-10T09:00:00+11:00,Booked,2025-11-20T09:00:00+11:00,2025-11-20T11:00:00+11:00,S03,180
B001,HB00747-completed,HB00747,completed,2025-11-20T11:00:00+11:00,Completed,2025-11-20T09:00:00+11:00,2025-11-20T11:00:00+11:00,S03,180
B001,HB00748-created,HB00748,created,2025-11-18T12:00:00+11:00,Booked,2025-11-20T12:00:00+11:00,2025-11-20T13:00:00+11:00,S03,70
B001,HB00748-completed,HB00748,completed,2025-11-20T13:00:00+11:00,Completed,2025-11-20T12:00:00+11:00,2025-11-20T13:00:00+11:00,S03,70
B001,HB00749-created,HB00749,created,2025-11-11T09:00:00+11:00,Booked,2025-11-21T09:00:00+11:00,2025-11-21T10:00:00+11:00,S03,70
B001,HB00749-completed,HB00749,completed,2025-11-21T10:00:00+11:00,Completed,2025-11-21T09:00:00+11:00,2025-11-21T10:00:00+11:00,S03,70
B001,HB00750-created,HB00750,created,2025-11-19T12:00:00+11:00,Booked,2025-11-21T12:00:00+11:00,2025-11-21T13:00:00+11:00,S03,70
B001,HB00750-completed,HB00750,completed,2025-11-21T13:00:00+11:00,Completed,2025-11-21T12:00:00+11:00,2025-11-21T13:00:00+11:00,S03,70
B001,HB00751-created,HB00751,created,2025-11-14T09:00:00+11:00,Booked,2025-11-24T09:00:00+11:00,2025-11-24T10:00:00+11:00,S01,70
B001,HB00751-completed,HB00751,completed,2025-11-24T10:00:00+11:00,Completed,2025-11-24T09:00:00+11:00,2025-11-24T10:00:00+11:00,S01,70
B001,HB00752-created,HB00752,created,2025-11-22T12:00:00+11:00,Booked,2025-11-24T12:00:00+11:00,2025-11-24T14:00:00+11:00,S01,180
B001,HB00752-completed,HB00752,completed,2025-11-24T14:00:00+11:00,Completed,2025-11-24T12:00:00+11:00,2025-11-24T14:00:00+11:00,S01,180
B001,HB00753-created,HB00753,created,2025-11-15T09:00:00+11:00,Booked,2025-11-25T09:00:00+11:00,2025-11-25T11:00:00+11:00,S01,180
B001,HB00753-completed,HB00753,completed,2025-11-25T11:00:00+11:00,Completed,2025-11-25T09:00:00+11:00,2025-11-25T11:00:00+11:00,S01,180
B001,HB00754-created,HB00754,created,2025-11-23T12:00:00+11:00,Booked,2025-11-25T12:00:00+11:00,2025-11-25T13:00:00+11:00,S01,70
B001,HB00754-completed,HB00754,completed,2025-11-25T13:00:00+11:00,Completed,2025-11-25T12:00:00+11:00,2025-11-25T13:00:00+11:00,S01,70
B001,HB00755-created,HB00755,created,2025-11-16T09:00:00+11:00,Booked,2025-11-26T09:00:00+11:00,2025-11-26T10:00:00+11:00,S01,70
B001,HB00755-completed,HB00755,completed,2025-11-26T10:00:00+11:00,Completed,2025-11-26T09:00:00+11:00,2025-11-26T10:00:00+11:00,S01,70
B001,HB00756-created,HB00756,created,2025-11-24T12:00:00+11:00,Booked,2025-11-26T12:00:00+11:00,2025-11-26T13:00:00+11:00,S01,70
B001,HB00756-completed,HB00756,completed,2025-11-26T13:00:00+11:00,Completed,2025-11-26T12:00:00+11:00,2025-11-26T13:00:00+11:00,S01,70
B001,HB00757-created,HB00757,created,2025-11-17T09:00:00+11:00,Booked,2025-11-27T09:00:00+11:00,2025-11-27T10:00:00+11:00,S01,70
B001,HB00757-completed,HB00757,completed,2025-11-27T10:00:00+11:00,Completed,2025-11-27T09:00:00+11:00,2025-11-27T10:00:00+11:00,S01,70
B001,HB00758-created,HB00758,created,2025-11-25T12:00:00+11:00,Booked,2025-11-27T12:00:00+11:00,2025-11-27T14:00:00+11:00,S01,180
B001,HB00758-completed,HB00758,completed,2025-11-27T14:00:00+11:00,Completed,2025-11-27T12:00:00+11:00,2025-11-27T14:00:00+11:00,S01,180
B001,HB00759-created,HB00759,created,2025-11-18T09:00:00+11:00,Booked,2025-11-28T09:00:00+11:00,2025-11-28T11:00:00+11:00,S01,180
B001,HB00759-completed,HB00759,completed,2025-11-28T11:00:00+11:00,Completed,2025-11-28T09:00:00+11:00,2025-11-28T11:00:00+11:00,S01,180
B001,HB00760-created,HB00760,created,2025-11-26T12:00:00+11:00,Booked,2025-11-28T12:00:00+11:00,2025-11-28T13:00:00+11:00,S01,70
B001,HB00760-completed,HB00760,completed,2025-11-28T13:00:00+11:00,Completed,2025-11-28T12:00:00+11:00,2025-11-28T13:00:00+11:00,S01,70
B001,HB00761-created,HB00761,created,2025-11-14T09:00:00+11:00,Booked,2025-11-24T09:00:00+11:00,2025-11-24T11:00:00+11:00,S02,180
B001,HB00761-completed,HB00761,completed,2025-11-24T11:00:00+11:00,Completed,2025-11-24T09:00:00+11:00,2025-11-24T11:00:00+11:00,S02,180
B001,HB00762-created,HB00762,created,2025-11-22T12:00:00+11:00,Booked,2025-11-24T12:00:00+11:00,2025-11-24T13:00:00+11:00,S02,70
B001,HB00762-completed,HB00762,completed,2025-11-24T13:00:00+11:00,Completed,2025-11-24T12:00:00+11:00,2025-11-24T13:00:00+11:00,S02,70
B001,HB00763-created,HB00763,created,2025-11-15T09:00:00+11:00,Booked,2025-11-25T09:00:00+11:00,2025-11-25T10:00:00+11:00,S02,70
B001,HB00763-completed,HB00763,completed,2025-11-25T10:00:00+11:00,Completed,2025-11-25T09:00:00+11:00,2025-11-25T10:00:00+11:00,S02,70
B001,HB00764-created,HB00764,created,2025-11-23T12:00:00+11:00,Booked,2025-11-25T12:00:00+11:00,2025-11-25T13:00:00+11:00,S02,70
B001,HB00764-completed,HB00764,completed,2025-11-25T13:00:00+11:00,Completed,2025-11-25T12:00:00+11:00,2025-11-25T13:00:00+11:00,S02,70
B001,HB00765-created,HB00765,created,2025-11-16T09:00:00+11:00,Booked,2025-11-26T09:00:00+11:00,2025-11-26T10:00:00+11:00,S02,70
B001,HB00765-completed,HB00765,completed,2025-11-26T10:00:00+11:00,Completed,2025-11-26T09:00:00+11:00,2025-11-26T10:00:00+11:00,S02,70
B001,HB00766-created,HB00766,created,2025-11-24T12:00:00+11:00,Booked,2025-11-26T12:00:00+11:00,2025-11-26T14:00:00+11:00,S02,180
B001,HB00766-completed,HB00766,completed,2025-11-26T14:00:00+11:00,Completed,2025-11-26T12:00:00+11:00,2025-11-26T14:00:00+11:00,S02,180
B001,HB00767-created,HB00767,created,2025-11-17T09:00:00+11:00,Booked,2025-11-27T09:00:00+11:00,2025-11-27T11:00:00+11:00,S02,180
B001,HB00767-completed,HB00767,completed,2025-11-27T11:00:00+11:00,Completed,2025-11-27T09:00:00+11:00,2025-11-27T11:00:00+11:00,S02,180
B001,HB00768-created,HB00768,created,2025-11-25T12:00:00+11:00,Booked,2025-11-27T12:00:00+11:00,2025-11-27T13:00:00+11:00,S02,70
B001,HB00768-completed,HB00768,completed,2025-11-27T13:00:00+11:00,Completed,2025-11-27T12:00:00+11:00,2025-11-27T13:00:00+11:00,S02,70
B001,HB00769-created,HB00769,created,2025-11-18T09:00:00+11:00,Booked,2025-11-28T09:00:00+11:00,2025-11-28T10:00:00+11:00,S02,70
B001,HB00769-completed,HB00769,completed,2025-11-28T10:00:00+11:00,Completed,2025-11-28T09:00:00+11:00,2025-11-28T10:00:00+11:00,S02,70
B001,HB00770-created,HB00770,created,2025-11-26T12:00:00+11:00,Booked,2025-11-28T12:00:00+11:00,2025-11-28T13:00:00+11:00,S02,70
B001,HB00770-completed,HB00770,completed,2025-11-28T13:00:00+11:00,Completed,2025-11-28T12:00:00+11:00,2025-11-28T13:00:00+11:00,S02,70
B001,HB00771-created,HB00771,created,2025-11-14T09:00:00+11:00,Booked,2025-11-24T09:00:00+11:00,2025-11-24T10:00:00+11:00,S03,70
B001,HB00771-completed,HB00771,completed,2025-11-24T10:00:00+11:00,Completed,2025-11-24T09:00:00+11:00,2025-11-24T10:00:00+11:00,S03,70
B001,HB00772-created,HB00772,created,2025-11-22T12:00:00+11:00,Booked,2025-11-24T12:00:00+11:00,2025-11-24T13:00:00+11:00,S03,70
B001,HB00772-completed,HB00772,completed,2025-11-24T13:00:00+11:00,Completed,2025-11-24T12:00:00+11:00,2025-11-24T13:00:00+11:00,S03,70
B001,HB00773-created,HB00773,created,2025-11-15T09:00:00+11:00,Booked,2025-11-25T09:00:00+11:00,2025-11-25T10:00:00+11:00,S03,70
B001,HB00773-completed,HB00773,completed,2025-11-25T10:00:00+11:00,Completed,2025-11-25T09:00:00+11:00,2025-11-25T10:00:00+11:00,S03,70
B001,HB00774-created,HB00774,created,2025-11-23T12:00:00+11:00,Booked,2025-11-25T12:00:00+11:00,2025-11-25T14:00:00+11:00,S03,180
B001,HB00774-completed,HB00774,completed,2025-11-25T14:00:00+11:00,Completed,2025-11-25T12:00:00+11:00,2025-11-25T14:00:00+11:00,S03,180
B001,HB00775-created,HB00775,created,2025-11-16T09:00:00+11:00,Booked,2025-11-26T09:00:00+11:00,2025-11-26T11:00:00+11:00,S03,180
B001,HB00775-completed,HB00775,completed,2025-11-26T11:00:00+11:00,Completed,2025-11-26T09:00:00+11:00,2025-11-26T11:00:00+11:00,S03,180
B001,HB00776-created,HB00776,created,2025-11-24T12:00:00+11:00,Booked,2025-11-26T12:00:00+11:00,2025-11-26T13:00:00+11:00,S03,70
B001,HB00776-completed,HB00776,completed,2025-11-26T13:00:00+11:00,Completed,2025-11-26T12:00:00+11:00,2025-11-26T13:00:00+11:00,S03,70
B001,HB00777-created,HB00777,created,2025-11-17T09:00:00+11:00,Booked,2025-11-27T09:00:00+11:00,2025-11-27T10:00:00+11:00,S03,70
B001,HB00777-completed,HB00777,completed,2025-11-27T10:00:00+11:00,Completed,2025-11-27T09:00:00+11:00,2025-11-27T10:00:00+11:00,S03,70
B001,HB00778-created,HB00778,created,2025-11-25T12:00:00+11:00,Booked,2025-11-27T12:00:00+11:00,2025-11-27T13:00:00+11:00,S03,70
B001,HB00778-completed,HB00778,completed,2025-11-27T13:00:00+11:00,Completed,2025-11-27T12:00:00+11:00,2025-11-27T13:00:00+11:00,S03,70
B001,HB00779-created,HB00779,created,2025-11-18T09:00:00+11:00,Booked,2025-11-28T09:00:00+11:00,2025-11-28T10:00:00+11:00,S03,70
B001,HB00779-completed,HB00779,completed,2025-11-28T10:00:00+11:00,Completed,2025-11-28T09:00:00+11:00,2025-11-28T10:00:00+11:00,S03,70
B001,HB00780-created,HB00780,created,2025-11-26T12:00:00+11:00,Booked,2025-11-28T12:00:00+11:00,2025-11-28T14:00:00+11:00,S03,180
B001,HB00780-completed,HB00780,completed,2025-11-28T14:00:00+11:00,Completed,2025-11-28T12:00:00+11:00,2025-11-28T14:00:00+11:00,S03,180
B001,HB00781-created,HB00781,created,2025-11-21T09:00:00+11:00,Booked,2025-12-01T09:00:00+11:00,2025-12-01T11:00:00+11:00,S01,180
B001,HB00781-completed,HB00781,completed,2025-12-01T11:00:00+11:00,Completed,2025-12-01T09:00:00+11:00,2025-12-01T11:00:00+11:00,S01,180
B001,HB00782-created,HB00782,created,2025-11-29T12:00:00+11:00,Booked,2025-12-01T12:00:00+11:00,2025-12-01T13:00:00+11:00,S01,70
B001,HB00782-completed,HB00782,completed,2025-12-01T13:00:00+11:00,Completed,2025-12-01T12:00:00+11:00,2025-12-01T13:00:00+11:00,S01,70
B001,HB00783-created,HB00783,created,2025-11-22T09:00:00+11:00,Booked,2025-12-02T09:00:00+11:00,2025-12-02T10:00:00+11:00,S01,70
B001,HB00783-completed,HB00783,completed,2025-12-02T10:00:00+11:00,Completed,2025-12-02T09:00:00+11:00,2025-12-02T10:00:00+11:00,S01,70
B001,HB00784-created,HB00784,created,2025-11-30T12:00:00+11:00,Booked,2025-12-02T12:00:00+11:00,2025-12-02T13:00:00+11:00,S01,70
B001,HB00784-completed,HB00784,completed,2025-12-02T13:00:00+11:00,Completed,2025-12-02T12:00:00+11:00,2025-12-02T13:00:00+11:00,S01,70
B001,HB00785-created,HB00785,created,2025-11-23T09:00:00+11:00,Booked,2025-12-03T09:00:00+11:00,2025-12-03T10:00:00+11:00,S01,70
B001,HB00785-completed,HB00785,completed,2025-12-03T10:00:00+11:00,Completed,2025-12-03T09:00:00+11:00,2025-12-03T10:00:00+11:00,S01,70
B001,HB00786-created,HB00786,created,2025-12-01T12:00:00+11:00,Booked,2025-12-03T12:00:00+11:00,2025-12-03T14:00:00+11:00,S01,180
B001,HB00786-completed,HB00786,completed,2025-12-03T14:00:00+11:00,Completed,2025-12-03T12:00:00+11:00,2025-12-03T14:00:00+11:00,S01,180
B001,HB00787-created,HB00787,created,2025-11-24T09:00:00+11:00,Booked,2025-12-04T09:00:00+11:00,2025-12-04T11:00:00+11:00,S01,180
B001,HB00787-completed,HB00787,completed,2025-12-04T11:00:00+11:00,Completed,2025-12-04T09:00:00+11:00,2025-12-04T11:00:00+11:00,S01,180
B001,HB00788-created,HB00788,created,2025-12-02T12:00:00+11:00,Booked,2025-12-04T12:00:00+11:00,2025-12-04T13:00:00+11:00,S01,70
B001,HB00788-completed,HB00788,completed,2025-12-04T13:00:00+11:00,Completed,2025-12-04T12:00:00+11:00,2025-12-04T13:00:00+11:00,S01,70
B001,HB00789-created,HB00789,created,2025-11-25T09:00:00+11:00,Booked,2025-12-05T09:00:00+11:00,2025-12-05T10:00:00+11:00,S01,70
B001,HB00789-completed,HB00789,completed,2025-12-05T10:00:00+11:00,Completed,2025-12-05T09:00:00+11:00,2025-12-05T10:00:00+11:00,S01,70
B001,HB00790-created,HB00790,created,2025-12-03T12:00:00+11:00,Booked,2025-12-05T12:00:00+11:00,2025-12-05T13:00:00+11:00,S01,70
B001,HB00790-completed,HB00790,completed,2025-12-05T13:00:00+11:00,Completed,2025-12-05T12:00:00+11:00,2025-12-05T13:00:00+11:00,S01,70
B001,HB00791-created,HB00791,created,2025-11-21T09:00:00+11:00,Booked,2025-12-01T09:00:00+11:00,2025-12-01T10:00:00+11:00,S02,70
B001,HB00791-completed,HB00791,completed,2025-12-01T10:00:00+11:00,Completed,2025-12-01T09:00:00+11:00,2025-12-01T10:00:00+11:00,S02,70
B001,HB00792-created,HB00792,created,2025-11-29T12:00:00+11:00,Booked,2025-12-01T12:00:00+11:00,2025-12-01T13:00:00+11:00,S02,70
B001,HB00792-completed,HB00792,completed,2025-12-01T13:00:00+11:00,Completed,2025-12-01T12:00:00+11:00,2025-12-01T13:00:00+11:00,S02,70
B001,HB00793-created,HB00793,created,2025-11-22T09:00:00+11:00,Booked,2025-12-02T09:00:00+11:00,2025-12-02T10:00:00+11:00,S02,70
B001,HB00793-completed,HB00793,completed,2025-12-02T10:00:00+11:00,Completed,2025-12-02T09:00:00+11:00,2025-12-02T10:00:00+11:00,S02,70
B001,HB00794-created,HB00794,created,2025-11-30T12:00:00+11:00,Booked,2025-12-02T12:00:00+11:00,2025-12-02T14:00:00+11:00,S02,180
B001,HB00794-completed,HB00794,completed,2025-12-02T14:00:00+11:00,Completed,2025-12-02T12:00:00+11:00,2025-12-02T14:00:00+11:00,S02,180
B001,HB00795-created,HB00795,created,2025-11-23T09:00:00+11:00,Booked,2025-12-03T09:00:00+11:00,2025-12-03T11:00:00+11:00,S02,180
B001,HB00795-completed,HB00795,completed,2025-12-03T11:00:00+11:00,Completed,2025-12-03T09:00:00+11:00,2025-12-03T11:00:00+11:00,S02,180
B001,HB00796-created,HB00796,created,2025-12-01T12:00:00+11:00,Booked,2025-12-03T12:00:00+11:00,2025-12-03T13:00:00+11:00,S02,70
B001,HB00796-completed,HB00796,completed,2025-12-03T13:00:00+11:00,Completed,2025-12-03T12:00:00+11:00,2025-12-03T13:00:00+11:00,S02,70
B001,HB00797-created,HB00797,created,2025-11-24T09:00:00+11:00,Booked,2025-12-04T09:00:00+11:00,2025-12-04T10:00:00+11:00,S02,70
B001,HB00797-completed,HB00797,completed,2025-12-04T10:00:00+11:00,Completed,2025-12-04T09:00:00+11:00,2025-12-04T10:00:00+11:00,S02,70
B001,HB00798-created,HB00798,created,2025-12-02T12:00:00+11:00,Booked,2025-12-04T12:00:00+11:00,2025-12-04T13:00:00+11:00,S02,70
B001,HB00798-completed,HB00798,completed,2025-12-04T13:00:00+11:00,Completed,2025-12-04T12:00:00+11:00,2025-12-04T13:00:00+11:00,S02,70
B001,HB00799-created,HB00799,created,2025-11-25T09:00:00+11:00,Booked,2025-12-05T09:00:00+11:00,2025-12-05T10:00:00+11:00,S02,70
B001,HB00799-completed,HB00799,completed,2025-12-05T10:00:00+11:00,Completed,2025-12-05T09:00:00+11:00,2025-12-05T10:00:00+11:00,S02,70
B001,HB00800-created,HB00800,created,2025-12-03T12:00:00+11:00,Booked,2025-12-05T12:00:00+11:00,2025-12-05T14:00:00+11:00,S02,180
B001,HB00800-completed,HB00800,completed,2025-12-05T14:00:00+11:00,Completed,2025-12-05T12:00:00+11:00,2025-12-05T14:00:00+11:00,S02,180
B001,HB00801-created,HB00801,created,2025-11-21T09:00:00+11:00,Booked,2025-12-01T09:00:00+11:00,2025-12-01T10:00:00+11:00,S03,70
B001,HB00801-completed,HB00801,completed,2025-12-01T10:00:00+11:00,Completed,2025-12-01T09:00:00+11:00,2025-12-01T10:00:00+11:00,S03,70
B001,HB00802-created,HB00802,created,2025-11-29T12:00:00+11:00,Booked,2025-12-01T12:00:00+11:00,2025-12-01T14:00:00+11:00,S03,180
B001,HB00802-completed,HB00802,completed,2025-12-01T14:00:00+11:00,Completed,2025-12-01T12:00:00+11:00,2025-12-01T14:00:00+11:00,S03,180
B001,HB00803-created,HB00803,created,2025-11-22T09:00:00+11:00,Booked,2025-12-02T09:00:00+11:00,2025-12-02T11:00:00+11:00,S03,180
B001,HB00803-completed,HB00803,completed,2025-12-02T11:00:00+11:00,Completed,2025-12-02T09:00:00+11:00,2025-12-02T11:00:00+11:00,S03,180
B001,HB00804-created,HB00804,created,2025-11-30T12:00:00+11:00,Booked,2025-12-02T12:00:00+11:00,2025-12-02T13:00:00+11:00,S03,70
B001,HB00804-completed,HB00804,completed,2025-12-02T13:00:00+11:00,Completed,2025-12-02T12:00:00+11:00,2025-12-02T13:00:00+11:00,S03,70
B001,HB00805-created,HB00805,created,2025-11-23T09:00:00+11:00,Booked,2025-12-03T09:00:00+11:00,2025-12-03T10:00:00+11:00,S03,70
B001,HB00805-completed,HB00805,completed,2025-12-03T10:00:00+11:00,Completed,2025-12-03T09:00:00+11:00,2025-12-03T10:00:00+11:00,S03,70
B001,HB00806-created,HB00806,created,2025-12-01T12:00:00+11:00,Booked,2025-12-03T12:00:00+11:00,2025-12-03T13:00:00+11:00,S03,70
B001,HB00806-completed,HB00806,completed,2025-12-03T13:00:00+11:00,Completed,2025-12-03T12:00:00+11:00,2025-12-03T13:00:00+11:00,S03,70
B001,HB00807-created,HB00807,created,2025-11-24T09:00:00+11:00,Booked,2025-12-04T09:00:00+11:00,2025-12-04T10:00:00+11:00,S03,70
B001,HB00807-completed,HB00807,completed,2025-12-04T10:00:00+11:00,Completed,2025-12-04T09:00:00+11:00,2025-12-04T10:00:00+11:00,S03,70
B001,HB00808-created,HB00808,created,2025-12-02T12:00:00+11:00,Booked,2025-12-04T12:00:00+11:00,2025-12-04T14:00:00+11:00,S03,180
B001,HB00808-completed,HB00808,completed,2025-12-04T14:00:00+11:00,Completed,2025-12-04T12:00:00+11:00,2025-12-04T14:00:00+11:00,S03,180
B001,HB00809-created,HB00809,created,2025-11-25T09:00:00+11:00,Booked,2025-12-05T09:00:00+11:00,2025-12-05T11:00:00+11:00,S03,180
B001,HB00809-completed,HB00809,completed,2025-12-05T11:00:00+11:00,Completed,2025-12-05T09:00:00+11:00,2025-12-05T11:00:00+11:00,S03,180
B001,HB00810-created,HB00810,created,2025-12-03T12:00:00+11:00,Booked,2025-12-05T12:00:00+11:00,2025-12-05T13:00:00+11:00,S03,70
B001,HB00810-completed,HB00810,completed,2025-12-05T13:00:00+11:00,Completed,2025-12-05T12:00:00+11:00,2025-12-05T13:00:00+11:00,S03,70
B001,HB00811-created,HB00811,created,2025-11-28T09:00:00+11:00,Booked,2025-12-08T09:00:00+11:00,2025-12-08T10:00:00+11:00,S01,70
B001,HB00811-completed,HB00811,completed,2025-12-08T10:00:00+11:00,Completed,2025-12-08T09:00:00+11:00,2025-12-08T10:00:00+11:00,S01,70
B001,HB00812-created,HB00812,created,2025-12-06T12:00:00+11:00,Booked,2025-12-08T12:00:00+11:00,2025-12-08T13:00:00+11:00,S01,70
B001,HB00812-completed,HB00812,completed,2025-12-08T13:00:00+11:00,Completed,2025-12-08T12:00:00+11:00,2025-12-08T13:00:00+11:00,S01,70
B001,HB00813-created,HB00813,created,2025-11-29T09:00:00+11:00,Booked,2025-12-09T09:00:00+11:00,2025-12-09T10:00:00+11:00,S01,70
B001,HB00813-completed,HB00813,completed,2025-12-09T10:00:00+11:00,Completed,2025-12-09T09:00:00+11:00,2025-12-09T10:00:00+11:00,S01,70
B001,HB00814-created,HB00814,created,2025-12-07T12:00:00+11:00,Booked,2025-12-09T12:00:00+11:00,2025-12-09T14:00:00+11:00,S01,180
B001,HB00814-completed,HB00814,completed,2025-12-09T14:00:00+11:00,Completed,2025-12-09T12:00:00+11:00,2025-12-09T14:00:00+11:00,S01,180
B001,HB00815-created,HB00815,created,2025-11-30T09:00:00+11:00,Booked,2025-12-10T09:00:00+11:00,2025-12-10T11:00:00+11:00,S01,180
B001,HB00815-completed,HB00815,completed,2025-12-10T11:00:00+11:00,Completed,2025-12-10T09:00:00+11:00,2025-12-10T11:00:00+11:00,S01,180
B001,HB00816-created,HB00816,created,2025-12-08T12:00:00+11:00,Booked,2025-12-10T12:00:00+11:00,2025-12-10T13:00:00+11:00,S01,70
B001,HB00816-completed,HB00816,completed,2025-12-10T13:00:00+11:00,Completed,2025-12-10T12:00:00+11:00,2025-12-10T13:00:00+11:00,S01,70
B001,HB00817-created,HB00817,created,2025-12-01T09:00:00+11:00,Booked,2025-12-11T09:00:00+11:00,2025-12-11T10:00:00+11:00,S01,70
B001,HB00817-completed,HB00817,completed,2025-12-11T10:00:00+11:00,Completed,2025-12-11T09:00:00+11:00,2025-12-11T10:00:00+11:00,S01,70
B001,HB00818-created,HB00818,created,2025-12-09T12:00:00+11:00,Booked,2025-12-11T12:00:00+11:00,2025-12-11T13:00:00+11:00,S01,70
B001,HB00818-completed,HB00818,completed,2025-12-11T13:00:00+11:00,Completed,2025-12-11T12:00:00+11:00,2025-12-11T13:00:00+11:00,S01,70
B001,HB00819-created,HB00819,created,2025-12-02T09:00:00+11:00,Booked,2025-12-12T09:00:00+11:00,2025-12-12T10:00:00+11:00,S01,70
B001,HB00819-completed,HB00819,completed,2025-12-12T10:00:00+11:00,Completed,2025-12-12T09:00:00+11:00,2025-12-12T10:00:00+11:00,S01,70
B001,HB00820-created,HB00820,created,2025-12-10T12:00:00+11:00,Booked,2025-12-12T12:00:00+11:00,2025-12-12T14:00:00+11:00,S01,180
B001,HB00820-completed,HB00820,completed,2025-12-12T14:00:00+11:00,Completed,2025-12-12T12:00:00+11:00,2025-12-12T14:00:00+11:00,S01,180
B001,HB00821-created,HB00821,created,2025-11-28T09:00:00+11:00,Booked,2025-12-08T09:00:00+11:00,2025-12-08T10:00:00+11:00,S02,70
B001,HB00821-completed,HB00821,completed,2025-12-08T10:00:00+11:00,Completed,2025-12-08T09:00:00+11:00,2025-12-08T10:00:00+11:00,S02,70
B001,HB00822-created,HB00822,created,2025-12-06T12:00:00+11:00,Booked,2025-12-08T12:00:00+11:00,2025-12-08T14:00:00+11:00,S02,180
B001,HB00822-completed,HB00822,completed,2025-12-08T14:00:00+11:00,Completed,2025-12-08T12:00:00+11:00,2025-12-08T14:00:00+11:00,S02,180
B001,HB00823-created,HB00823,created,2025-11-29T09:00:00+11:00,Booked,2025-12-09T09:00:00+11:00,2025-12-09T11:00:00+11:00,S02,180
B001,HB00823-completed,HB00823,completed,2025-12-09T11:00:00+11:00,Completed,2025-12-09T09:00:00+11:00,2025-12-09T11:00:00+11:00,S02,180
B001,HB00824-created,HB00824,created,2025-12-07T12:00:00+11:00,Booked,2025-12-09T12:00:00+11:00,2025-12-09T13:00:00+11:00,S02,70
B001,HB00824-completed,HB00824,completed,2025-12-09T13:00:00+11:00,Completed,2025-12-09T12:00:00+11:00,2025-12-09T13:00:00+11:00,S02,70
B001,HB00825-created,HB00825,created,2025-11-30T09:00:00+11:00,Booked,2025-12-10T09:00:00+11:00,2025-12-10T10:00:00+11:00,S02,70
B001,HB00825-completed,HB00825,completed,2025-12-10T10:00:00+11:00,Completed,2025-12-10T09:00:00+11:00,2025-12-10T10:00:00+11:00,S02,70
B001,HB00826-created,HB00826,created,2025-12-08T12:00:00+11:00,Booked,2025-12-10T12:00:00+11:00,2025-12-10T13:00:00+11:00,S02,70
B001,HB00826-completed,HB00826,completed,2025-12-10T13:00:00+11:00,Completed,2025-12-10T12:00:00+11:00,2025-12-10T13:00:00+11:00,S02,70
B001,HB00827-created,HB00827,created,2025-12-01T09:00:00+11:00,Booked,2025-12-11T09:00:00+11:00,2025-12-11T10:00:00+11:00,S02,70
B001,HB00827-completed,HB00827,completed,2025-12-11T10:00:00+11:00,Completed,2025-12-11T09:00:00+11:00,2025-12-11T10:00:00+11:00,S02,70
B001,HB00828-created,HB00828,created,2025-12-09T12:00:00+11:00,Booked,2025-12-11T12:00:00+11:00,2025-12-11T14:00:00+11:00,S02,180
B001,HB00828-completed,HB00828,completed,2025-12-11T14:00:00+11:00,Completed,2025-12-11T12:00:00+11:00,2025-12-11T14:00:00+11:00,S02,180
B001,HB00829-created,HB00829,created,2025-12-02T09:00:00+11:00,Booked,2025-12-12T09:00:00+11:00,2025-12-12T11:00:00+11:00,S02,180
B001,HB00829-completed,HB00829,completed,2025-12-12T11:00:00+11:00,Completed,2025-12-12T09:00:00+11:00,2025-12-12T11:00:00+11:00,S02,180
B001,HB00830-created,HB00830,created,2025-12-10T12:00:00+11:00,Booked,2025-12-12T12:00:00+11:00,2025-12-12T13:00:00+11:00,S02,70
B001,HB00830-completed,HB00830,completed,2025-12-12T13:00:00+11:00,Completed,2025-12-12T12:00:00+11:00,2025-12-12T13:00:00+11:00,S02,70
B001,HB00831-created,HB00831,created,2025-11-28T09:00:00+11:00,Booked,2025-12-08T09:00:00+11:00,2025-12-08T11:00:00+11:00,S03,180
B001,HB00831-completed,HB00831,completed,2025-12-08T11:00:00+11:00,Completed,2025-12-08T09:00:00+11:00,2025-12-08T11:00:00+11:00,S03,180
B001,HB00832-created,HB00832,created,2025-12-06T12:00:00+11:00,Booked,2025-12-08T12:00:00+11:00,2025-12-08T13:00:00+11:00,S03,70
B001,HB00832-completed,HB00832,completed,2025-12-08T13:00:00+11:00,Completed,2025-12-08T12:00:00+11:00,2025-12-08T13:00:00+11:00,S03,70
B001,HB00833-created,HB00833,created,2025-11-29T09:00:00+11:00,Booked,2025-12-09T09:00:00+11:00,2025-12-09T10:00:00+11:00,S03,70
B001,HB00833-completed,HB00833,completed,2025-12-09T10:00:00+11:00,Completed,2025-12-09T09:00:00+11:00,2025-12-09T10:00:00+11:00,S03,70
B001,HB00834-created,HB00834,created,2025-12-07T12:00:00+11:00,Booked,2025-12-09T12:00:00+11:00,2025-12-09T13:00:00+11:00,S03,70
B001,HB00834-completed,HB00834,completed,2025-12-09T13:00:00+11:00,Completed,2025-12-09T12:00:00+11:00,2025-12-09T13:00:00+11:00,S03,70
B001,HB00835-created,HB00835,created,2025-11-30T09:00:00+11:00,Booked,2025-12-10T09:00:00+11:00,2025-12-10T10:00:00+11:00,S03,70
B001,HB00835-completed,HB00835,completed,2025-12-10T10:00:00+11:00,Completed,2025-12-10T09:00:00+11:00,2025-12-10T10:00:00+11:00,S03,70
B001,HB00836-created,HB00836,created,2025-12-08T12:00:00+11:00,Booked,2025-12-10T12:00:00+11:00,2025-12-10T14:00:00+11:00,S03,180
B001,HB00836-completed,HB00836,completed,2025-12-10T14:00:00+11:00,Completed,2025-12-10T12:00:00+11:00,2025-12-10T14:00:00+11:00,S03,180
B001,HB00837-created,HB00837,created,2025-12-01T09:00:00+11:00,Booked,2025-12-11T09:00:00+11:00,2025-12-11T11:00:00+11:00,S03,180
B001,HB00837-completed,HB00837,completed,2025-12-11T11:00:00+11:00,Completed,2025-12-11T09:00:00+11:00,2025-12-11T11:00:00+11:00,S03,180
B001,HB00838-created,HB00838,created,2025-12-09T12:00:00+11:00,Booked,2025-12-11T12:00:00+11:00,2025-12-11T13:00:00+11:00,S03,70
B001,HB00838-completed,HB00838,completed,2025-12-11T13:00:00+11:00,Completed,2025-12-11T12:00:00+11:00,2025-12-11T13:00:00+11:00,S03,70
B001,HB00839-created,HB00839,created,2025-12-02T09:00:00+11:00,Booked,2025-12-12T09:00:00+11:00,2025-12-12T10:00:00+11:00,S03,70
B001,HB00839-completed,HB00839,completed,2025-12-12T10:00:00+11:00,Completed,2025-12-12T09:00:00+11:00,2025-12-12T10:00:00+11:00,S03,70
B001,HB00840-created,HB00840,created,2025-12-10T12:00:00+11:00,Booked,2025-12-12T12:00:00+11:00,2025-12-12T13:00:00+11:00,S03,70
B001,HB00840-completed,HB00840,completed,2025-12-12T13:00:00+11:00,Completed,2025-12-12T12:00:00+11:00,2025-12-12T13:00:00+11:00,S03,70
B001,HB00841-created,HB00841,created,2025-12-05T09:00:00+11:00,Booked,2025-12-15T09:00:00+11:00,2025-12-15T10:00:00+11:00,S01,70
B001,HB00841-completed,HB00841,completed,2025-12-15T10:00:00+11:00,Completed,2025-12-15T09:00:00+11:00,2025-12-15T10:00:00+11:00,S01,70
B001,HB00842-created,HB00842,created,2025-12-13T12:00:00+11:00,Booked,2025-12-15T12:00:00+11:00,2025-12-15T14:00:00+11:00,S01,180
B001,HB00842-completed,HB00842,completed,2025-12-15T14:00:00+11:00,Completed,2025-12-15T12:00:00+11:00,2025-12-15T14:00:00+11:00,S01,180
B001,HB00843-created,HB00843,created,2025-12-06T09:00:00+11:00,Booked,2025-12-16T09:00:00+11:00,2025-12-16T11:00:00+11:00,S01,180
B001,HB00843-completed,HB00843,completed,2025-12-16T11:00:00+11:00,Completed,2025-12-16T09:00:00+11:00,2025-12-16T11:00:00+11:00,S01,180
B001,HB00844-created,HB00844,created,2025-12-14T12:00:00+11:00,Booked,2025-12-16T12:00:00+11:00,2025-12-16T13:00:00+11:00,S01,70
B001,HB00844-completed,HB00844,completed,2025-12-16T13:00:00+11:00,Completed,2025-12-16T12:00:00+11:00,2025-12-16T13:00:00+11:00,S01,70
B001,HB00845-created,HB00845,created,2025-12-07T09:00:00+11:00,Booked,2025-12-17T09:00:00+11:00,2025-12-17T10:00:00+11:00,S01,70
B001,HB00845-completed,HB00845,completed,2025-12-17T10:00:00+11:00,Completed,2025-12-17T09:00:00+11:00,2025-12-17T10:00:00+11:00,S01,70
B001,HB00846-created,HB00846,created,2025-12-15T12:00:00+11:00,Booked,2025-12-17T12:00:00+11:00,2025-12-17T13:00:00+11:00,S01,70
B001,HB00846-completed,HB00846,completed,2025-12-17T13:00:00+11:00,Completed,2025-12-17T12:00:00+11:00,2025-12-17T13:00:00+11:00,S01,70
B001,HB00847-created,HB00847,created,2025-12-08T09:00:00+11:00,Booked,2025-12-18T09:00:00+11:00,2025-12-18T10:00:00+11:00,S01,70
B001,HB00847-completed,HB00847,completed,2025-12-18T10:00:00+11:00,Completed,2025-12-18T09:00:00+11:00,2025-12-18T10:00:00+11:00,S01,70
B001,HB00848-created,HB00848,created,2025-12-16T12:00:00+11:00,Booked,2025-12-18T12:00:00+11:00,2025-12-18T14:00:00+11:00,S01,180
B001,HB00848-completed,HB00848,completed,2025-12-18T14:00:00+11:00,Completed,2025-12-18T12:00:00+11:00,2025-12-18T14:00:00+11:00,S01,180
B001,HB00849-created,HB00849,created,2025-12-09T09:00:00+11:00,Booked,2025-12-19T09:00:00+11:00,2025-12-19T11:00:00+11:00,S01,180
B001,HB00849-completed,HB00849,completed,2025-12-19T11:00:00+11:00,Completed,2025-12-19T09:00:00+11:00,2025-12-19T11:00:00+11:00,S01,180
B001,HB00850-created,HB00850,created,2025-12-17T12:00:00+11:00,Booked,2025-12-19T12:00:00+11:00,2025-12-19T13:00:00+11:00,S01,70
B001,HB00850-completed,HB00850,completed,2025-12-19T13:00:00+11:00,Completed,2025-12-19T12:00:00+11:00,2025-12-19T13:00:00+11:00,S01,70
B001,HB00851-created,HB00851,created,2025-12-05T09:00:00+11:00,Booked,2025-12-15T09:00:00+11:00,2025-12-15T11:00:00+11:00,S02,180
B001,HB00851-completed,HB00851,completed,2025-12-15T11:00:00+11:00,Completed,2025-12-15T09:00:00+11:00,2025-12-15T11:00:00+11:00,S02,180
B001,HB00852-created,HB00852,created,2025-12-13T12:00:00+11:00,Booked,2025-12-15T12:00:00+11:00,2025-12-15T13:00:00+11:00,S02,70
B001,HB00852-completed,HB00852,completed,2025-12-15T13:00:00+11:00,Completed,2025-12-15T12:00:00+11:00,2025-12-15T13:00:00+11:00,S02,70
B001,HB00853-created,HB00853,created,2025-12-06T09:00:00+11:00,Booked,2025-12-16T09:00:00+11:00,2025-12-16T10:00:00+11:00,S02,70
B001,HB00853-completed,HB00853,completed,2025-12-16T10:00:00+11:00,Completed,2025-12-16T09:00:00+11:00,2025-12-16T10:00:00+11:00,S02,70
B001,HB00854-created,HB00854,created,2025-12-14T12:00:00+11:00,Booked,2025-12-16T12:00:00+11:00,2025-12-16T13:00:00+11:00,S02,70
B001,HB00854-completed,HB00854,completed,2025-12-16T13:00:00+11:00,Completed,2025-12-16T12:00:00+11:00,2025-12-16T13:00:00+11:00,S02,70
B001,HB00855-created,HB00855,created,2025-12-07T09:00:00+11:00,Booked,2025-12-17T09:00:00+11:00,2025-12-17T10:00:00+11:00,S02,70
B001,HB00855-completed,HB00855,completed,2025-12-17T10:00:00+11:00,Completed,2025-12-17T09:00:00+11:00,2025-12-17T10:00:00+11:00,S02,70
B001,HB00856-created,HB00856,created,2025-12-15T12:00:00+11:00,Booked,2025-12-17T12:00:00+11:00,2025-12-17T14:00:00+11:00,S02,180
B001,HB00856-completed,HB00856,completed,2025-12-17T14:00:00+11:00,Completed,2025-12-17T12:00:00+11:00,2025-12-17T14:00:00+11:00,S02,180
B001,HB00857-created,HB00857,created,2025-12-08T09:00:00+11:00,Booked,2025-12-18T09:00:00+11:00,2025-12-18T11:00:00+11:00,S02,180
B001,HB00857-completed,HB00857,completed,2025-12-18T11:00:00+11:00,Completed,2025-12-18T09:00:00+11:00,2025-12-18T11:00:00+11:00,S02,180
B001,HB00858-created,HB00858,created,2025-12-16T12:00:00+11:00,Booked,2025-12-18T12:00:00+11:00,2025-12-18T13:00:00+11:00,S02,70
B001,HB00858-completed,HB00858,completed,2025-12-18T13:00:00+11:00,Completed,2025-12-18T12:00:00+11:00,2025-12-18T13:00:00+11:00,S02,70
B001,HB00859-created,HB00859,created,2025-12-09T09:00:00+11:00,Booked,2025-12-19T09:00:00+11:00,2025-12-19T10:00:00+11:00,S02,70
B001,HB00859-completed,HB00859,completed,2025-12-19T10:00:00+11:00,Completed,2025-12-19T09:00:00+11:00,2025-12-19T10:00:00+11:00,S02,70
B001,HB00860-created,HB00860,created,2025-12-17T12:00:00+11:00,Booked,2025-12-19T12:00:00+11:00,2025-12-19T13:00:00+11:00,S02,70
B001,HB00860-completed,HB00860,completed,2025-12-19T13:00:00+11:00,Completed,2025-12-19T12:00:00+11:00,2025-12-19T13:00:00+11:00,S02,70
B001,HB00861-created,HB00861,created,2025-12-05T09:00:00+11:00,Booked,2025-12-15T09:00:00+11:00,2025-12-15T10:00:00+11:00,S03,70
B001,HB00861-completed,HB00861,completed,2025-12-15T10:00:00+11:00,Completed,2025-12-15T09:00:00+11:00,2025-12-15T10:00:00+11:00,S03,70
B001,HB00862-created,HB00862,created,2025-12-13T12:00:00+11:00,Booked,2025-12-15T12:00:00+11:00,2025-12-15T13:00:00+11:00,S03,70
B001,HB00862-completed,HB00862,completed,2025-12-15T13:00:00+11:00,Completed,2025-12-15T12:00:00+11:00,2025-12-15T13:00:00+11:00,S03,70
B001,HB00863-created,HB00863,created,2025-12-06T09:00:00+11:00,Booked,2025-12-16T09:00:00+11:00,2025-12-16T10:00:00+11:00,S03,70
B001,HB00863-completed,HB00863,completed,2025-12-16T10:00:00+11:00,Completed,2025-12-16T09:00:00+11:00,2025-12-16T10:00:00+11:00,S03,70
B001,HB00864-created,HB00864,created,2025-12-14T12:00:00+11:00,Booked,2025-12-16T12:00:00+11:00,2025-12-16T14:00:00+11:00,S03,180
B001,HB00864-completed,HB00864,completed,2025-12-16T14:00:00+11:00,Completed,2025-12-16T12:00:00+11:00,2025-12-16T14:00:00+11:00,S03,180
B001,HB00865-created,HB00865,created,2025-12-07T09:00:00+11:00,Booked,2025-12-17T09:00:00+11:00,2025-12-17T11:00:00+11:00,S03,180
B001,HB00865-completed,HB00865,completed,2025-12-17T11:00:00+11:00,Completed,2025-12-17T09:00:00+11:00,2025-12-17T11:00:00+11:00,S03,180
B001,HB00866-created,HB00866,created,2025-12-15T12:00:00+11:00,Booked,2025-12-17T12:00:00+11:00,2025-12-17T13:00:00+11:00,S03,70
B001,HB00866-completed,HB00866,completed,2025-12-17T13:00:00+11:00,Completed,2025-12-17T12:00:00+11:00,2025-12-17T13:00:00+11:00,S03,70
B001,HB00867-created,HB00867,created,2025-12-08T09:00:00+11:00,Booked,2025-12-18T09:00:00+11:00,2025-12-18T10:00:00+11:00,S03,70
B001,HB00867-completed,HB00867,completed,2025-12-18T10:00:00+11:00,Completed,2025-12-18T09:00:00+11:00,2025-12-18T10:00:00+11:00,S03,70
B001,HB00868-created,HB00868,created,2025-12-16T12:00:00+11:00,Booked,2025-12-18T12:00:00+11:00,2025-12-18T13:00:00+11:00,S03,70
B001,HB00868-completed,HB00868,completed,2025-12-18T13:00:00+11:00,Completed,2025-12-18T12:00:00+11:00,2025-12-18T13:00:00+11:00,S03,70
B001,HB00869-created,HB00869,created,2025-12-09T09:00:00+11:00,Booked,2025-12-19T09:00:00+11:00,2025-12-19T10:00:00+11:00,S03,70
B001,HB00869-completed,HB00869,completed,2025-12-19T10:00:00+11:00,Completed,2025-12-19T09:00:00+11:00,2025-12-19T10:00:00+11:00,S03,70
B001,HB00870-created,HB00870,created,2025-12-17T12:00:00+11:00,Booked,2025-12-19T12:00:00+11:00,2025-12-19T14:00:00+11:00,S03,180
B001,HB00870-completed,HB00870,completed,2025-12-19T14:00:00+11:00,Completed,2025-12-19T12:00:00+11:00,2025-12-19T14:00:00+11:00,S03,180
B001,HB00871-created,HB00871,created,2025-12-12T09:00:00+11:00,Booked,2025-12-22T09:00:00+11:00,2025-12-22T11:00:00+11:00,S01,180
B001,HB00871-completed,HB00871,completed,2025-12-22T11:00:00+11:00,Completed,2025-12-22T09:00:00+11:00,2025-12-22T11:00:00+11:00,S01,180
B001,HB00872-created,HB00872,created,2025-12-20T12:00:00+11:00,Booked,2025-12-22T12:00:00+11:00,2025-12-22T13:00:00+11:00,S01,70
B001,HB00872-completed,HB00872,completed,2025-12-22T13:00:00+11:00,Completed,2025-12-22T12:00:00+11:00,2025-12-22T13:00:00+11:00,S01,70
B001,HB00873-created,HB00873,created,2025-12-13T09:00:00+11:00,Booked,2025-12-23T09:00:00+11:00,2025-12-23T10:00:00+11:00,S01,70
B001,HB00873-completed,HB00873,completed,2025-12-23T10:00:00+11:00,Completed,2025-12-23T09:00:00+11:00,2025-12-23T10:00:00+11:00,S01,70
B001,HB00874-created,HB00874,created,2025-12-21T12:00:00+11:00,Booked,2025-12-23T12:00:00+11:00,2025-12-23T13:00:00+11:00,S01,70
B001,HB00874-completed,HB00874,completed,2025-12-23T13:00:00+11:00,Completed,2025-12-23T12:00:00+11:00,2025-12-23T13:00:00+11:00,S01,70
B001,HB00875-created,HB00875,created,2025-12-14T09:00:00+11:00,Booked,2025-12-24T09:00:00+11:00,2025-12-24T10:00:00+11:00,S01,70
B001,HB00875-completed,HB00875,completed,2025-12-24T10:00:00+11:00,Completed,2025-12-24T09:00:00+11:00,2025-12-24T10:00:00+11:00,S01,70
B001,HB00876-created,HB00876,created,2025-12-22T12:00:00+11:00,Booked,2025-12-24T12:00:00+11:00,2025-12-24T14:00:00+11:00,S01,180
B001,HB00876-completed,HB00876,completed,2025-12-24T14:00:00+11:00,Completed,2025-12-24T12:00:00+11:00,2025-12-24T14:00:00+11:00,S01,180
B001,HB00877-created,HB00877,created,2025-12-15T09:00:00+11:00,Booked,2025-12-25T09:00:00+11:00,2025-12-25T11:00:00+11:00,S01,180
B001,HB00877-completed,HB00877,completed,2025-12-25T11:00:00+11:00,Completed,2025-12-25T09:00:00+11:00,2025-12-25T11:00:00+11:00,S01,180
B001,HB00878-created,HB00878,created,2025-12-23T12:00:00+11:00,Booked,2025-12-25T12:00:00+11:00,2025-12-25T13:00:00+11:00,S01,70
B001,HB00878-completed,HB00878,completed,2025-12-25T13:00:00+11:00,Completed,2025-12-25T12:00:00+11:00,2025-12-25T13:00:00+11:00,S01,70
B001,HB00879-created,HB00879,created,2025-12-16T09:00:00+11:00,Booked,2025-12-26T09:00:00+11:00,2025-12-26T10:00:00+11:00,S01,70
B001,HB00879-completed,HB00879,completed,2025-12-26T10:00:00+11:00,Completed,2025-12-26T09:00:00+11:00,2025-12-26T10:00:00+11:00,S01,70
B001,HB00880-created,HB00880,created,2025-12-24T12:00:00+11:00,Booked,2025-12-26T12:00:00+11:00,2025-12-26T13:00:00+11:00,S01,70
B001,HB00880-completed,HB00880,completed,2025-12-26T13:00:00+11:00,Completed,2025-12-26T12:00:00+11:00,2025-12-26T13:00:00+11:00,S01,70
B001,HB00881-created,HB00881,created,2025-12-12T09:00:00+11:00,Booked,2025-12-22T09:00:00+11:00,2025-12-22T10:00:00+11:00,S02,70
B001,HB00881-completed,HB00881,completed,2025-12-22T10:00:00+11:00,Completed,2025-12-22T09:00:00+11:00,2025-12-22T10:00:00+11:00,S02,70
B001,HB00882-created,HB00882,created,2025-12-20T12:00:00+11:00,Booked,2025-12-22T12:00:00+11:00,2025-12-22T13:00:00+11:00,S02,70
B001,HB00882-completed,HB00882,completed,2025-12-22T13:00:00+11:00,Completed,2025-12-22T12:00:00+11:00,2025-12-22T13:00:00+11:00,S02,70
B001,HB00883-created,HB00883,created,2025-12-13T09:00:00+11:00,Booked,2025-12-23T09:00:00+11:00,2025-12-23T10:00:00+11:00,S02,70
B001,HB00883-completed,HB00883,completed,2025-12-23T10:00:00+11:00,Completed,2025-12-23T09:00:00+11:00,2025-12-23T10:00:00+11:00,S02,70
B001,HB00884-created,HB00884,created,2025-12-21T12:00:00+11:00,Booked,2025-12-23T12:00:00+11:00,2025-12-23T14:00:00+11:00,S02,180
B001,HB00884-completed,HB00884,completed,2025-12-23T14:00:00+11:00,Completed,2025-12-23T12:00:00+11:00,2025-12-23T14:00:00+11:00,S02,180
B001,HB00885-created,HB00885,created,2025-12-14T09:00:00+11:00,Booked,2025-12-24T09:00:00+11:00,2025-12-24T11:00:00+11:00,S02,180
B001,HB00885-completed,HB00885,completed,2025-12-24T11:00:00+11:00,Completed,2025-12-24T09:00:00+11:00,2025-12-24T11:00:00+11:00,S02,180
B001,HB00886-created,HB00886,created,2025-12-22T12:00:00+11:00,Booked,2025-12-24T12:00:00+11:00,2025-12-24T13:00:00+11:00,S02,70
B001,HB00886-completed,HB00886,completed,2025-12-24T13:00:00+11:00,Completed,2025-12-24T12:00:00+11:00,2025-12-24T13:00:00+11:00,S02,70
B001,HB00887-created,HB00887,created,2025-12-15T09:00:00+11:00,Booked,2025-12-25T09:00:00+11:00,2025-12-25T10:00:00+11:00,S02,70
B001,HB00887-completed,HB00887,completed,2025-12-25T10:00:00+11:00,Completed,2025-12-25T09:00:00+11:00,2025-12-25T10:00:00+11:00,S02,70
B001,HB00888-created,HB00888,created,2025-12-23T12:00:00+11:00,Booked,2025-12-25T12:00:00+11:00,2025-12-25T13:00:00+11:00,S02,70
B001,HB00888-completed,HB00888,completed,2025-12-25T13:00:00+11:00,Completed,2025-12-25T12:00:00+11:00,2025-12-25T13:00:00+11:00,S02,70
B001,HB00889-created,HB00889,created,2025-12-16T09:00:00+11:00,Booked,2025-12-26T09:00:00+11:00,2025-12-26T10:00:00+11:00,S02,70
B001,HB00889-completed,HB00889,completed,2025-12-26T10:00:00+11:00,Completed,2025-12-26T09:00:00+11:00,2025-12-26T10:00:00+11:00,S02,70
B001,HB00890-created,HB00890,created,2025-12-24T12:00:00+11:00,Booked,2025-12-26T12:00:00+11:00,2025-12-26T14:00:00+11:00,S02,180
B001,HB00890-completed,HB00890,completed,2025-12-26T14:00:00+11:00,Completed,2025-12-26T12:00:00+11:00,2025-12-26T14:00:00+11:00,S02,180
B001,HB00891-created,HB00891,created,2025-12-12T09:00:00+11:00,Booked,2025-12-22T09:00:00+11:00,2025-12-22T10:00:00+11:00,S03,70
B001,HB00891-completed,HB00891,completed,2025-12-22T10:00:00+11:00,Completed,2025-12-22T09:00:00+11:00,2025-12-22T10:00:00+11:00,S03,70
B001,HB00892-created,HB00892,created,2025-12-20T12:00:00+11:00,Booked,2025-12-22T12:00:00+11:00,2025-12-22T14:00:00+11:00,S03,180
B001,HB00892-completed,HB00892,completed,2025-12-22T14:00:00+11:00,Completed,2025-12-22T12:00:00+11:00,2025-12-22T14:00:00+11:00,S03,180
B001,HB00893-created,HB00893,created,2025-12-13T09:00:00+11:00,Booked,2025-12-23T09:00:00+11:00,2025-12-23T11:00:00+11:00,S03,180
B001,HB00893-completed,HB00893,completed,2025-12-23T11:00:00+11:00,Completed,2025-12-23T09:00:00+11:00,2025-12-23T11:00:00+11:00,S03,180
B001,HB00894-created,HB00894,created,2025-12-21T12:00:00+11:00,Booked,2025-12-23T12:00:00+11:00,2025-12-23T13:00:00+11:00,S03,70
B001,HB00894-completed,HB00894,completed,2025-12-23T13:00:00+11:00,Completed,2025-12-23T12:00:00+11:00,2025-12-23T13:00:00+11:00,S03,70
B001,HB00895-created,HB00895,created,2025-12-14T09:00:00+11:00,Booked,2025-12-24T09:00:00+11:00,2025-12-24T10:00:00+11:00,S03,70
B001,HB00895-completed,HB00895,completed,2025-12-24T10:00:00+11:00,Completed,2025-12-24T09:00:00+11:00,2025-12-24T10:00:00+11:00,S03,70
B001,HB00896-created,HB00896,created,2025-12-22T12:00:00+11:00,Booked,2025-12-24T12:00:00+11:00,2025-12-24T13:00:00+11:00,S03,70
B001,HB00896-completed,HB00896,completed,2025-12-24T13:00:00+11:00,Completed,2025-12-24T12:00:00+11:00,2025-12-24T13:00:00+11:00,S03,70
B001,HB00897-created,HB00897,created,2025-12-15T09:00:00+11:00,Booked,2025-12-25T09:00:00+11:00,2025-12-25T10:00:00+11:00,S03,70
B001,HB00897-completed,HB00897,completed,2025-12-25T10:00:00+11:00,Completed,2025-12-25T09:00:00+11:00,2025-12-25T10:00:00+11:00,S03,70
B001,HB00898-created,HB00898,created,2025-12-23T12:00:00+11:00,Booked,2025-12-25T12:00:00+11:00,2025-12-25T14:00:00+11:00,S03,180
B001,HB00898-completed,HB00898,completed,2025-12-25T14:00:00+11:00,Completed,2025-12-25T12:00:00+11:00,2025-12-25T14:00:00+11:00,S03,180
B001,HB00899-created,HB00899,created,2025-12-16T09:00:00+11:00,Booked,2025-12-26T09:00:00+11:00,2025-12-26T11:00:00+11:00,S03,180
B001,HB00899-completed,HB00899,completed,2025-12-26T11:00:00+11:00,Completed,2025-12-26T09:00:00+11:00,2025-12-26T11:00:00+11:00,S03,180
B001,HB00900-created,HB00900,created,2025-12-24T12:00:00+11:00,Booked,2025-12-26T12:00:00+11:00,2025-12-26T13:00:00+11:00,S03,70
B001,HB00900-completed,HB00900,completed,2025-12-26T13:00:00+11:00,Completed,2025-12-26T12:00:00+11:00,2025-12-26T13:00:00+11:00,S03,70
B001,HB00901-created,HB00901,created,2025-12-19T09:00:00+11:00,Booked,2025-12-29T09:00:00+11:00,2025-12-29T10:00:00+11:00,S01,70
B001,HB00901-completed,HB00901,completed,2025-12-29T10:00:00+11:00,Completed,2025-12-29T09:00:00+11:00,2025-12-29T10:00:00+11:00,S01,70
B001,HB00902-created,HB00902,created,2025-12-27T12:00:00+11:00,Booked,2025-12-29T12:00:00+11:00,2025-12-29T13:00:00+11:00,S01,70
B001,HB00902-completed,HB00902,completed,2025-12-29T13:00:00+11:00,Completed,2025-12-29T12:00:00+11:00,2025-12-29T13:00:00+11:00,S01,70
B001,HB00903-created,HB00903,created,2025-12-20T09:00:00+11:00,Booked,2025-12-30T09:00:00+11:00,2025-12-30T10:00:00+11:00,S01,70
B001,HB00903-completed,HB00903,completed,2025-12-30T10:00:00+11:00,Completed,2025-12-30T09:00:00+11:00,2025-12-30T10:00:00+11:00,S01,70
B001,HB00904-created,HB00904,created,2025-12-28T12:00:00+11:00,Booked,2025-12-30T12:00:00+11:00,2025-12-30T14:00:00+11:00,S01,180
B001,HB00904-completed,HB00904,completed,2025-12-30T14:00:00+11:00,Completed,2025-12-30T12:00:00+11:00,2025-12-30T14:00:00+11:00,S01,180
B001,HB00905-created,HB00905,created,2025-12-21T09:00:00+11:00,Booked,2025-12-31T09:00:00+11:00,2025-12-31T11:00:00+11:00,S01,180
B001,HB00905-completed,HB00905,completed,2025-12-31T11:00:00+11:00,Completed,2025-12-31T09:00:00+11:00,2025-12-31T11:00:00+11:00,S01,180
B001,HB00906-created,HB00906,created,2025-12-29T12:00:00+11:00,Booked,2025-12-31T12:00:00+11:00,2025-12-31T13:00:00+11:00,S01,70
B001,HB00906-completed,HB00906,completed,2025-12-31T13:00:00+11:00,Completed,2025-12-31T12:00:00+11:00,2025-12-31T13:00:00+11:00,S01,70
B001,HB00907-created,HB00907,created,2025-12-22T09:00:00+11:00,Booked,2026-01-01T09:00:00+11:00,2026-01-01T10:00:00+11:00,S01,70
B001,HB00907-completed,HB00907,completed,2026-01-01T10:00:00+11:00,Completed,2026-01-01T09:00:00+11:00,2026-01-01T10:00:00+11:00,S01,70
B001,HB00908-created,HB00908,created,2025-12-30T12:00:00+11:00,Booked,2026-01-01T12:00:00+11:00,2026-01-01T13:00:00+11:00,S01,70
B001,HB00908-completed,HB00908,completed,2026-01-01T13:00:00+11:00,Completed,2026-01-01T12:00:00+11:00,2026-01-01T13:00:00+11:00,S01,70
B001,HB00909-created,HB00909,created,2025-12-23T09:00:00+11:00,Booked,2026-01-02T09:00:00+11:00,2026-01-02T10:00:00+11:00,S01,70
B001,HB00909-completed,HB00909,completed,2026-01-02T10:00:00+11:00,Completed,2026-01-02T09:00:00+11:00,2026-01-02T10:00:00+11:00,S01,70
B001,HB00910-created,HB00910,created,2025-12-31T12:00:00+11:00,Booked,2026-01-02T12:00:00+11:00,2026-01-02T14:00:00+11:00,S01,180
B001,HB00910-completed,HB00910,completed,2026-01-02T14:00:00+11:00,Completed,2026-01-02T12:00:00+11:00,2026-01-02T14:00:00+11:00,S01,180
B001,HB00911-created,HB00911,created,2025-12-19T09:00:00+11:00,Booked,2025-12-29T09:00:00+11:00,2025-12-29T10:00:00+11:00,S02,70
B001,HB00911-completed,HB00911,completed,2025-12-29T10:00:00+11:00,Completed,2025-12-29T09:00:00+11:00,2025-12-29T10:00:00+11:00,S02,70
B001,HB00912-created,HB00912,created,2025-12-27T12:00:00+11:00,Booked,2025-12-29T12:00:00+11:00,2025-12-29T14:00:00+11:00,S02,180
B001,HB00912-completed,HB00912,completed,2025-12-29T14:00:00+11:00,Completed,2025-12-29T12:00:00+11:00,2025-12-29T14:00:00+11:00,S02,180
B001,HB00913-created,HB00913,created,2025-12-20T09:00:00+11:00,Booked,2025-12-30T09:00:00+11:00,2025-12-30T11:00:00+11:00,S02,180
B001,HB00913-completed,HB00913,completed,2025-12-30T11:00:00+11:00,Completed,2025-12-30T09:00:00+11:00,2025-12-30T11:00:00+11:00,S02,180
B001,HB00914-created,HB00914,created,2025-12-28T12:00:00+11:00,Booked,2025-12-30T12:00:00+11:00,2025-12-30T13:00:00+11:00,S02,70
B001,HB00914-completed,HB00914,completed,2025-12-30T13:00:00+11:00,Completed,2025-12-30T12:00:00+11:00,2025-12-30T13:00:00+11:00,S02,70
B001,HB00915-created,HB00915,created,2025-12-21T09:00:00+11:00,Booked,2025-12-31T09:00:00+11:00,2025-12-31T10:00:00+11:00,S02,70
B001,HB00915-completed,HB00915,completed,2025-12-31T10:00:00+11:00,Completed,2025-12-31T09:00:00+11:00,2025-12-31T10:00:00+11:00,S02,70
B001,HB00916-created,HB00916,created,2025-12-29T12:00:00+11:00,Booked,2025-12-31T12:00:00+11:00,2025-12-31T13:00:00+11:00,S02,70
B001,HB00916-completed,HB00916,completed,2025-12-31T13:00:00+11:00,Completed,2025-12-31T12:00:00+11:00,2025-12-31T13:00:00+11:00,S02,70
B001,HB00917-created,HB00917,created,2025-12-22T09:00:00+11:00,Booked,2026-01-01T09:00:00+11:00,2026-01-01T10:00:00+11:00,S02,70
B001,HB00917-completed,HB00917,completed,2026-01-01T10:00:00+11:00,Completed,2026-01-01T09:00:00+11:00,2026-01-01T10:00:00+11:00,S02,70
B001,HB00918-created,HB00918,created,2025-12-30T12:00:00+11:00,Booked,2026-01-01T12:00:00+11:00,2026-01-01T14:00:00+11:00,S02,180
B001,HB00918-completed,HB00918,completed,2026-01-01T14:00:00+11:00,Completed,2026-01-01T12:00:00+11:00,2026-01-01T14:00:00+11:00,S02,180
B001,HB00919-created,HB00919,created,2025-12-23T09:00:00+11:00,Booked,2026-01-02T09:00:00+11:00,2026-01-02T11:00:00+11:00,S02,180
B001,HB00919-completed,HB00919,completed,2026-01-02T11:00:00+11:00,Completed,2026-01-02T09:00:00+11:00,2026-01-02T11:00:00+11:00,S02,180
B001,HB00920-created,HB00920,created,2025-12-31T12:00:00+11:00,Booked,2026-01-02T12:00:00+11:00,2026-01-02T13:00:00+11:00,S02,70
B001,HB00920-completed,HB00920,completed,2026-01-02T13:00:00+11:00,Completed,2026-01-02T12:00:00+11:00,2026-01-02T13:00:00+11:00,S02,70
B001,HB00921-created,HB00921,created,2025-12-19T09:00:00+11:00,Booked,2025-12-29T09:00:00+11:00,2025-12-29T11:00:00+11:00,S03,180
B001,HB00921-completed,HB00921,completed,2025-12-29T11:00:00+11:00,Completed,2025-12-29T09:00:00+11:00,2025-12-29T11:00:00+11:00,S03,180
B001,HB00922-created,HB00922,created,2025-12-27T12:00:00+11:00,Booked,2025-12-29T12:00:00+11:00,2025-12-29T13:00:00+11:00,S03,70
B001,HB00922-completed,HB00922,completed,2025-12-29T13:00:00+11:00,Completed,2025-12-29T12:00:00+11:00,2025-12-29T13:00:00+11:00,S03,70
B001,HB00923-created,HB00923,created,2025-12-20T09:00:00+11:00,Booked,2025-12-30T09:00:00+11:00,2025-12-30T10:00:00+11:00,S03,70
B001,HB00923-completed,HB00923,completed,2025-12-30T10:00:00+11:00,Completed,2025-12-30T09:00:00+11:00,2025-12-30T10:00:00+11:00,S03,70
B001,HB00924-created,HB00924,created,2025-12-28T12:00:00+11:00,Booked,2025-12-30T12:00:00+11:00,2025-12-30T13:00:00+11:00,S03,70
B001,HB00924-completed,HB00924,completed,2025-12-30T13:00:00+11:00,Completed,2025-12-30T12:00:00+11:00,2025-12-30T13:00:00+11:00,S03,70
B001,HB00925-created,HB00925,created,2025-12-21T09:00:00+11:00,Booked,2025-12-31T09:00:00+11:00,2025-12-31T10:00:00+11:00,S03,70
B001,HB00925-completed,HB00925,completed,2025-12-31T10:00:00+11:00,Completed,2025-12-31T09:00:00+11:00,2025-12-31T10:00:00+11:00,S03,70
B001,HB00926-created,HB00926,created,2025-12-29T12:00:00+11:00,Booked,2025-12-31T12:00:00+11:00,2025-12-31T14:00:00+11:00,S03,180
B001,HB00926-completed,HB00926,completed,2025-12-31T14:00:00+11:00,Completed,2025-12-31T12:00:00+11:00,2025-12-31T14:00:00+11:00,S03,180
B001,HB00927-created,HB00927,created,2025-12-22T09:00:00+11:00,Booked,2026-01-01T09:00:00+11:00,2026-01-01T11:00:00+11:00,S03,180
B001,HB00927-completed,HB00927,completed,2026-01-01T11:00:00+11:00,Completed,2026-01-01T09:00:00+11:00,2026-01-01T11:00:00+11:00,S03,180
B001,HB00928-created,HB00928,created,2025-12-30T12:00:00+11:00,Booked,2026-01-01T12:00:00+11:00,2026-01-01T13:00:00+11:00,S03,70
B001,HB00928-completed,HB00928,completed,2026-01-01T13:00:00+11:00,Completed,2026-01-01T12:00:00+11:00,2026-01-01T13:00:00+11:00,S03,70
B001,HB00929-created,HB00929,created,2025-12-23T09:00:00+11:00,Booked,2026-01-02T09:00:00+11:00,2026-01-02T10:00:00+11:00,S03,70
B001,HB00929-completed,HB00929,completed,2026-01-02T10:00:00+11:00,Completed,2026-01-02T09:00:00+11:00,2026-01-02T10:00:00+11:00,S03,70
B001,HB00930-created,HB00930,created,2025-12-31T12:00:00+11:00,Booked,2026-01-02T12:00:00+11:00,2026-01-02T13:00:00+11:00,S03,70
B001,HB00930-completed,HB00930,completed,2026-01-02T13:00:00+11:00,Completed,2026-01-02T12:00:00+11:00,2026-01-02T13:00:00+11:00,S03,70
B001,HB00931-created,HB00931,created,2025-12-26T09:00:00+11:00,Booked,2026-01-05T09:00:00+11:00,2026-01-05T10:00:00+11:00,S01,70
B001,HB00931-completed,HB00931,completed,2026-01-05T10:00:00+11:00,Completed,2026-01-05T09:00:00+11:00,2026-01-05T10:00:00+11:00,S01,70
B001,HB00932-created,HB00932,created,2026-01-03T12:00:00+11:00,Booked,2026-01-05T12:00:00+11:00,2026-01-05T14:00:00+11:00,S01,180
B001,HB00932-completed,HB00932,completed,2026-01-05T14:00:00+11:00,Completed,2026-01-05T12:00:00+11:00,2026-01-05T14:00:00+11:00,S01,180
B001,HB00933-created,HB00933,created,2025-12-27T09:00:00+11:00,Booked,2026-01-06T09:00:00+11:00,2026-01-06T11:00:00+11:00,S01,180
B001,HB00933-completed,HB00933,completed,2026-01-06T11:00:00+11:00,Completed,2026-01-06T09:00:00+11:00,2026-01-06T11:00:00+11:00,S01,180
B001,HB00934-created,HB00934,created,2026-01-04T12:00:00+11:00,Booked,2026-01-06T12:00:00+11:00,2026-01-06T13:00:00+11:00,S01,70
B001,HB00934-completed,HB00934,completed,2026-01-06T13:00:00+11:00,Completed,2026-01-06T12:00:00+11:00,2026-01-06T13:00:00+11:00,S01,70
B001,HB00935-created,HB00935,created,2025-12-28T09:00:00+11:00,Booked,2026-01-07T09:00:00+11:00,2026-01-07T10:00:00+11:00,S01,70
B001,HB00935-completed,HB00935,completed,2026-01-07T10:00:00+11:00,Completed,2026-01-07T09:00:00+11:00,2026-01-07T10:00:00+11:00,S01,70
B001,HB00936-created,HB00936,created,2026-01-05T12:00:00+11:00,Booked,2026-01-07T12:00:00+11:00,2026-01-07T13:00:00+11:00,S01,70
B001,HB00936-completed,HB00936,completed,2026-01-07T13:00:00+11:00,Completed,2026-01-07T12:00:00+11:00,2026-01-07T13:00:00+11:00,S01,70
B001,HB00937-created,HB00937,created,2025-12-29T09:00:00+11:00,Booked,2026-01-08T09:00:00+11:00,2026-01-08T10:00:00+11:00,S01,70
B001,HB00937-completed,HB00937,completed,2026-01-08T10:00:00+11:00,Completed,2026-01-08T09:00:00+11:00,2026-01-08T10:00:00+11:00,S01,70
B001,HB00938-created,HB00938,created,2026-01-06T12:00:00+11:00,Booked,2026-01-08T12:00:00+11:00,2026-01-08T14:00:00+11:00,S01,180
B001,HB00938-completed,HB00938,completed,2026-01-08T14:00:00+11:00,Completed,2026-01-08T12:00:00+11:00,2026-01-08T14:00:00+11:00,S01,180
B001,HB00939-created,HB00939,created,2025-12-30T09:00:00+11:00,Booked,2026-01-09T09:00:00+11:00,2026-01-09T11:00:00+11:00,S01,180
B001,HB00939-completed,HB00939,completed,2026-01-09T11:00:00+11:00,Completed,2026-01-09T09:00:00+11:00,2026-01-09T11:00:00+11:00,S01,180
B001,HB00940-created,HB00940,created,2026-01-07T12:00:00+11:00,Booked,2026-01-09T12:00:00+11:00,2026-01-09T13:00:00+11:00,S01,70
B001,HB00940-completed,HB00940,completed,2026-01-09T13:00:00+11:00,Completed,2026-01-09T12:00:00+11:00,2026-01-09T13:00:00+11:00,S01,70
B001,HB00941-created,HB00941,created,2025-12-26T09:00:00+11:00,Booked,2026-01-05T09:00:00+11:00,2026-01-05T11:00:00+11:00,S02,180
B001,HB00941-completed,HB00941,completed,2026-01-05T11:00:00+11:00,Completed,2026-01-05T09:00:00+11:00,2026-01-05T11:00:00+11:00,S02,180
B001,HB00942-created,HB00942,created,2026-01-03T12:00:00+11:00,Booked,2026-01-05T12:00:00+11:00,2026-01-05T13:00:00+11:00,S02,70
B001,HB00942-completed,HB00942,completed,2026-01-05T13:00:00+11:00,Completed,2026-01-05T12:00:00+11:00,2026-01-05T13:00:00+11:00,S02,70
B001,HB00943-created,HB00943,created,2025-12-27T09:00:00+11:00,Booked,2026-01-06T09:00:00+11:00,2026-01-06T10:00:00+11:00,S02,70
B001,HB00943-completed,HB00943,completed,2026-01-06T10:00:00+11:00,Completed,2026-01-06T09:00:00+11:00,2026-01-06T10:00:00+11:00,S02,70
B001,HB00944-created,HB00944,created,2026-01-04T12:00:00+11:00,Booked,2026-01-06T12:00:00+11:00,2026-01-06T13:00:00+11:00,S02,70
B001,HB00944-completed,HB00944,completed,2026-01-06T13:00:00+11:00,Completed,2026-01-06T12:00:00+11:00,2026-01-06T13:00:00+11:00,S02,70
B001,HB00945-created,HB00945,created,2025-12-28T09:00:00+11:00,Booked,2026-01-07T09:00:00+11:00,2026-01-07T10:00:00+11:00,S02,70
B001,HB00945-completed,HB00945,completed,2026-01-07T10:00:00+11:00,Completed,2026-01-07T09:00:00+11:00,2026-01-07T10:00:00+11:00,S02,70
B001,HB00946-created,HB00946,created,2026-01-05T12:00:00+11:00,Booked,2026-01-07T12:00:00+11:00,2026-01-07T14:00:00+11:00,S02,180
B001,HB00946-completed,HB00946,completed,2026-01-07T14:00:00+11:00,Completed,2026-01-07T12:00:00+11:00,2026-01-07T14:00:00+11:00,S02,180
B001,HB00947-created,HB00947,created,2025-12-29T09:00:00+11:00,Booked,2026-01-08T09:00:00+11:00,2026-01-08T11:00:00+11:00,S02,180
B001,HB00947-completed,HB00947,completed,2026-01-08T11:00:00+11:00,Completed,2026-01-08T09:00:00+11:00,2026-01-08T11:00:00+11:00,S02,180
B001,HB00948-created,HB00948,created,2026-01-06T12:00:00+11:00,Booked,2026-01-08T12:00:00+11:00,2026-01-08T13:00:00+11:00,S02,70
B001,HB00948-completed,HB00948,completed,2026-01-08T13:00:00+11:00,Completed,2026-01-08T12:00:00+11:00,2026-01-08T13:00:00+11:00,S02,70
B001,HB00949-created,HB00949,created,2025-12-30T09:00:00+11:00,Booked,2026-01-09T09:00:00+11:00,2026-01-09T10:00:00+11:00,S02,70
B001,HB00949-completed,HB00949,completed,2026-01-09T10:00:00+11:00,Completed,2026-01-09T09:00:00+11:00,2026-01-09T10:00:00+11:00,S02,70
B001,HB00950-created,HB00950,created,2026-01-07T12:00:00+11:00,Booked,2026-01-09T12:00:00+11:00,2026-01-09T13:00:00+11:00,S02,70
B001,HB00950-completed,HB00950,completed,2026-01-09T13:00:00+11:00,Completed,2026-01-09T12:00:00+11:00,2026-01-09T13:00:00+11:00,S02,70
B001,HB00951-created,HB00951,created,2025-12-26T09:00:00+11:00,Booked,2026-01-05T09:00:00+11:00,2026-01-05T10:00:00+11:00,S03,70
B001,HB00951-completed,HB00951,completed,2026-01-05T10:00:00+11:00,Completed,2026-01-05T09:00:00+11:00,2026-01-05T10:00:00+11:00,S03,70
B001,HB00952-created,HB00952,created,2026-01-03T12:00:00+11:00,Booked,2026-01-05T12:00:00+11:00,2026-01-05T13:00:00+11:00,S03,70
B001,HB00952-completed,HB00952,completed,2026-01-05T13:00:00+11:00,Completed,2026-01-05T12:00:00+11:00,2026-01-05T13:00:00+11:00,S03,70
B001,HB00953-created,HB00953,created,2025-12-27T09:00:00+11:00,Booked,2026-01-06T09:00:00+11:00,2026-01-06T10:00:00+11:00,S03,70
B001,HB00953-completed,HB00953,completed,2026-01-06T10:00:00+11:00,Completed,2026-01-06T09:00:00+11:00,2026-01-06T10:00:00+11:00,S03,70
B001,HB00954-created,HB00954,created,2026-01-04T12:00:00+11:00,Booked,2026-01-06T12:00:00+11:00,2026-01-06T14:00:00+11:00,S03,180
B001,HB00954-completed,HB00954,completed,2026-01-06T14:00:00+11:00,Completed,2026-01-06T12:00:00+11:00,2026-01-06T14:00:00+11:00,S03,180
B001,HB00955-created,HB00955,created,2025-12-28T09:00:00+11:00,Booked,2026-01-07T09:00:00+11:00,2026-01-07T11:00:00+11:00,S03,180
B001,HB00955-completed,HB00955,completed,2026-01-07T11:00:00+11:00,Completed,2026-01-07T09:00:00+11:00,2026-01-07T11:00:00+11:00,S03,180
B001,HB00956-created,HB00956,created,2026-01-05T12:00:00+11:00,Booked,2026-01-07T12:00:00+11:00,2026-01-07T13:00:00+11:00,S03,70
B001,HB00956-completed,HB00956,completed,2026-01-07T13:00:00+11:00,Completed,2026-01-07T12:00:00+11:00,2026-01-07T13:00:00+11:00,S03,70
B001,HB00957-created,HB00957,created,2025-12-29T09:00:00+11:00,Booked,2026-01-08T09:00:00+11:00,2026-01-08T10:00:00+11:00,S03,70
B001,HB00957-completed,HB00957,completed,2026-01-08T10:00:00+11:00,Completed,2026-01-08T09:00:00+11:00,2026-01-08T10:00:00+11:00,S03,70
B001,HB00958-created,HB00958,created,2026-01-06T12:00:00+11:00,Booked,2026-01-08T12:00:00+11:00,2026-01-08T13:00:00+11:00,S03,70
B001,HB00958-completed,HB00958,completed,2026-01-08T13:00:00+11:00,Completed,2026-01-08T12:00:00+11:00,2026-01-08T13:00:00+11:00,S03,70
B001,HB00959-created,HB00959,created,2025-12-30T09:00:00+11:00,Booked,2026-01-09T09:00:00+11:00,2026-01-09T10:00:00+11:00,S03,70
B001,HB00959-completed,HB00959,completed,2026-01-09T10:00:00+11:00,Completed,2026-01-09T09:00:00+11:00,2026-01-09T10:00:00+11:00,S03,70
B001,HB00960-created,HB00960,created,2026-01-07T12:00:00+11:00,Booked,2026-01-09T12:00:00+11:00,2026-01-09T14:00:00+11:00,S03,180
B001,HB00960-completed,HB00960,completed,2026-01-09T14:00:00+11:00,Completed,2026-01-09T12:00:00+11:00,2026-01-09T14:00:00+11:00,S03,180
B001,HB00961-created,HB00961,created,2026-01-02T09:00:00+11:00,Booked,2026-01-12T09:00:00+11:00,2026-01-12T11:00:00+11:00,S01,180
B001,HB00961-completed,HB00961,completed,2026-01-12T11:00:00+11:00,Completed,2026-01-12T09:00:00+11:00,2026-01-12T11:00:00+11:00,S01,180
B001,HB00962-created,HB00962,created,2026-01-10T12:00:00+11:00,Booked,2026-01-12T12:00:00+11:00,2026-01-12T13:00:00+11:00,S01,70
B001,HB00962-completed,HB00962,completed,2026-01-12T13:00:00+11:00,Completed,2026-01-12T12:00:00+11:00,2026-01-12T13:00:00+11:00,S01,70
B001,HB00963-created,HB00963,created,2026-01-03T09:00:00+11:00,Booked,2026-01-13T09:00:00+11:00,2026-01-13T10:00:00+11:00,S01,70
B001,HB00963-completed,HB00963,completed,2026-01-13T10:00:00+11:00,Completed,2026-01-13T09:00:00+11:00,2026-01-13T10:00:00+11:00,S01,70
B001,HB00964-created,HB00964,created,2026-01-11T12:00:00+11:00,Booked,2026-01-13T12:00:00+11:00,2026-01-13T13:00:00+11:00,S01,70
B001,HB00964-completed,HB00964,completed,2026-01-13T13:00:00+11:00,Completed,2026-01-13T12:00:00+11:00,2026-01-13T13:00:00+11:00,S01,70
B001,HB00965-created,HB00965,created,2026-01-04T09:00:00+11:00,Booked,2026-01-14T09:00:00+11:00,2026-01-14T10:00:00+11:00,S01,70
B001,HB00965-completed,HB00965,completed,2026-01-14T10:00:00+11:00,Completed,2026-01-14T09:00:00+11:00,2026-01-14T10:00:00+11:00,S01,70
B001,HB00966-created,HB00966,created,2026-01-12T12:00:00+11:00,Booked,2026-01-14T12:00:00+11:00,2026-01-14T14:00:00+11:00,S01,180
B001,HB00966-completed,HB00966,completed,2026-01-14T14:00:00+11:00,Completed,2026-01-14T12:00:00+11:00,2026-01-14T14:00:00+11:00,S01,180
B001,HB00967-created,HB00967,created,2026-01-05T09:00:00+11:00,Booked,2026-01-15T09:00:00+11:00,2026-01-15T11:00:00+11:00,S01,180
B001,HB00967-completed,HB00967,completed,2026-01-15T11:00:00+11:00,Completed,2026-01-15T09:00:00+11:00,2026-01-15T11:00:00+11:00,S01,180
B001,HB00968-created,HB00968,created,2026-01-13T12:00:00+11:00,Booked,2026-01-15T12:00:00+11:00,2026-01-15T13:00:00+11:00,S01,70
B001,HB00968-completed,HB00968,completed,2026-01-15T13:00:00+11:00,Completed,2026-01-15T12:00:00+11:00,2026-01-15T13:00:00+11:00,S01,70
B001,HB00969-created,HB00969,created,2026-01-06T09:00:00+11:00,Booked,2026-01-16T09:00:00+11:00,2026-01-16T10:00:00+11:00,S01,70
B001,HB00969-completed,HB00969,completed,2026-01-16T10:00:00+11:00,Completed,2026-01-16T09:00:00+11:00,2026-01-16T10:00:00+11:00,S01,70
B001,HB00970-created,HB00970,created,2026-01-14T12:00:00+11:00,Booked,2026-01-16T12:00:00+11:00,2026-01-16T13:00:00+11:00,S01,70
B001,HB00970-completed,HB00970,completed,2026-01-16T13:00:00+11:00,Completed,2026-01-16T12:00:00+11:00,2026-01-16T13:00:00+11:00,S01,70
B001,HB00971-created,HB00971,created,2026-01-02T09:00:00+11:00,Booked,2026-01-12T09:00:00+11:00,2026-01-12T10:00:00+11:00,S02,70
B001,HB00971-completed,HB00971,completed,2026-01-12T10:00:00+11:00,Completed,2026-01-12T09:00:00+11:00,2026-01-12T10:00:00+11:00,S02,70
B001,HB00972-created,HB00972,created,2026-01-10T12:00:00+11:00,Booked,2026-01-12T12:00:00+11:00,2026-01-12T13:00:00+11:00,S02,70
B001,HB00972-completed,HB00972,completed,2026-01-12T13:00:00+11:00,Completed,2026-01-12T12:00:00+11:00,2026-01-12T13:00:00+11:00,S02,70
B001,HB00973-created,HB00973,created,2026-01-03T09:00:00+11:00,Booked,2026-01-13T09:00:00+11:00,2026-01-13T10:00:00+11:00,S02,70
B001,HB00973-completed,HB00973,completed,2026-01-13T10:00:00+11:00,Completed,2026-01-13T09:00:00+11:00,2026-01-13T10:00:00+11:00,S02,70
B001,HB00974-created,HB00974,created,2026-01-11T12:00:00+11:00,Booked,2026-01-13T12:00:00+11:00,2026-01-13T14:00:00+11:00,S02,180
B001,HB00974-completed,HB00974,completed,2026-01-13T14:00:00+11:00,Completed,2026-01-13T12:00:00+11:00,2026-01-13T14:00:00+11:00,S02,180
B001,HB00975-created,HB00975,created,2026-01-04T09:00:00+11:00,Booked,2026-01-14T09:00:00+11:00,2026-01-14T11:00:00+11:00,S02,180
B001,HB00975-completed,HB00975,completed,2026-01-14T11:00:00+11:00,Completed,2026-01-14T09:00:00+11:00,2026-01-14T11:00:00+11:00,S02,180
B001,HB00976-created,HB00976,created,2026-01-12T12:00:00+11:00,Booked,2026-01-14T12:00:00+11:00,2026-01-14T13:00:00+11:00,S02,70
B001,HB00976-completed,HB00976,completed,2026-01-14T13:00:00+11:00,Completed,2026-01-14T12:00:00+11:00,2026-01-14T13:00:00+11:00,S02,70
B001,HB00977-created,HB00977,created,2026-01-05T09:00:00+11:00,Booked,2026-01-15T09:00:00+11:00,2026-01-15T10:00:00+11:00,S02,70
B001,HB00977-completed,HB00977,completed,2026-01-15T10:00:00+11:00,Completed,2026-01-15T09:00:00+11:00,2026-01-15T10:00:00+11:00,S02,70
B001,HB00978-created,HB00978,created,2026-01-13T12:00:00+11:00,Booked,2026-01-15T12:00:00+11:00,2026-01-15T13:00:00+11:00,S02,70
B001,HB00978-completed,HB00978,completed,2026-01-15T13:00:00+11:00,Completed,2026-01-15T12:00:00+11:00,2026-01-15T13:00:00+11:00,S02,70
B001,HB00979-created,HB00979,created,2026-01-06T09:00:00+11:00,Booked,2026-01-16T09:00:00+11:00,2026-01-16T10:00:00+11:00,S02,70
B001,HB00979-completed,HB00979,completed,2026-01-16T10:00:00+11:00,Completed,2026-01-16T09:00:00+11:00,2026-01-16T10:00:00+11:00,S02,70
B001,HB00980-created,HB00980,created,2026-01-14T12:00:00+11:00,Booked,2026-01-16T12:00:00+11:00,2026-01-16T14:00:00+11:00,S02,180
B001,HB00980-completed,HB00980,completed,2026-01-16T14:00:00+11:00,Completed,2026-01-16T12:00:00+11:00,2026-01-16T14:00:00+11:00,S02,180
B001,HB00981-created,HB00981,created,2026-01-02T09:00:00+11:00,Booked,2026-01-12T09:00:00+11:00,2026-01-12T10:00:00+11:00,S03,70
B001,HB00981-completed,HB00981,completed,2026-01-12T10:00:00+11:00,Completed,2026-01-12T09:00:00+11:00,2026-01-12T10:00:00+11:00,S03,70
B001,HB00982-created,HB00982,created,2026-01-10T12:00:00+11:00,Booked,2026-01-12T12:00:00+11:00,2026-01-12T14:00:00+11:00,S03,180
B001,HB00982-completed,HB00982,completed,2026-01-12T14:00:00+11:00,Completed,2026-01-12T12:00:00+11:00,2026-01-12T14:00:00+11:00,S03,180
B001,HB00983-created,HB00983,created,2026-01-03T09:00:00+11:00,Booked,2026-01-13T09:00:00+11:00,2026-01-13T11:00:00+11:00,S03,180
B001,HB00983-completed,HB00983,completed,2026-01-13T11:00:00+11:00,Completed,2026-01-13T09:00:00+11:00,2026-01-13T11:00:00+11:00,S03,180
B001,HB00984-created,HB00984,created,2026-01-11T12:00:00+11:00,Booked,2026-01-13T12:00:00+11:00,2026-01-13T13:00:00+11:00,S03,70
B001,HB00984-completed,HB00984,completed,2026-01-13T13:00:00+11:00,Completed,2026-01-13T12:00:00+11:00,2026-01-13T13:00:00+11:00,S03,70
B001,HB00985-created,HB00985,created,2026-01-04T09:00:00+11:00,Booked,2026-01-14T09:00:00+11:00,2026-01-14T10:00:00+11:00,S03,70
B001,HB00985-completed,HB00985,completed,2026-01-14T10:00:00+11:00,Completed,2026-01-14T09:00:00+11:00,2026-01-14T10:00:00+11:00,S03,70
B001,HB00986-created,HB00986,created,2026-01-12T12:00:00+11:00,Booked,2026-01-14T12:00:00+11:00,2026-01-14T13:00:00+11:00,S03,70
B001,HB00986-completed,HB00986,completed,2026-01-14T13:00:00+11:00,Completed,2026-01-14T12:00:00+11:00,2026-01-14T13:00:00+11:00,S03,70
B001,HB00987-created,HB00987,created,2026-01-05T09:00:00+11:00,Booked,2026-01-15T09:00:00+11:00,2026-01-15T10:00:00+11:00,S03,70
B001,HB00987-completed,HB00987,completed,2026-01-15T10:00:00+11:00,Completed,2026-01-15T09:00:00+11:00,2026-01-15T10:00:00+11:00,S03,70
B001,HB00988-created,HB00988,created,2026-01-13T12:00:00+11:00,Booked,2026-01-15T12:00:00+11:00,2026-01-15T14:00:00+11:00,S03,180
B001,HB00988-completed,HB00988,completed,2026-01-15T14:00:00+11:00,Completed,2026-01-15T12:00:00+11:00,2026-01-15T14:00:00+11:00,S03,180
B001,HB00989-created,HB00989,created,2026-01-06T09:00:00+11:00,Booked,2026-01-16T09:00:00+11:00,2026-01-16T11:00:00+11:00,S03,180
B001,HB00989-completed,HB00989,completed,2026-01-16T11:00:00+11:00,Completed,2026-01-16T09:00:00+11:00,2026-01-16T11:00:00+11:00,S03,180
B001,HB00990-created,HB00990,created,2026-01-14T12:00:00+11:00,Booked,2026-01-16T12:00:00+11:00,2026-01-16T13:00:00+11:00,S03,70
B001,HB00990-completed,HB00990,completed,2026-01-16T13:00:00+11:00,Completed,2026-01-16T12:00:00+11:00,2026-01-16T13:00:00+11:00,S03,70
B001,HB00991-created,HB00991,created,2026-01-09T09:00:00+11:00,Booked,2026-01-19T09:00:00+11:00,2026-01-19T10:00:00+11:00,S01,70
B001,HB00991-completed,HB00991,completed,2026-01-19T10:00:00+11:00,Completed,2026-01-19T09:00:00+11:00,2026-01-19T10:00:00+11:00,S01,70
B001,HB00992-created,HB00992,created,2026-01-17T12:00:00+11:00,Booked,2026-01-19T12:00:00+11:00,2026-01-19T13:00:00+11:00,S01,70
B001,HB00992-completed,HB00992,completed,2026-01-19T13:00:00+11:00,Completed,2026-01-19T12:00:00+11:00,2026-01-19T13:00:00+11:00,S01,70
B001,HB00993-created,HB00993,created,2026-01-10T09:00:00+11:00,Booked,2026-01-20T09:00:00+11:00,2026-01-20T10:00:00+11:00,S01,70
B001,HB00993-completed,HB00993,completed,2026-01-20T10:00:00+11:00,Completed,2026-01-20T09:00:00+11:00,2026-01-20T10:00:00+11:00,S01,70
B001,HB00994-created,HB00994,created,2026-01-18T12:00:00+11:00,Booked,2026-01-20T12:00:00+11:00,2026-01-20T14:00:00+11:00,S01,180
B001,HB00994-completed,HB00994,completed,2026-01-20T14:00:00+11:00,Completed,2026-01-20T12:00:00+11:00,2026-01-20T14:00:00+11:00,S01,180
B001,HB00995-created,HB00995,created,2026-01-11T09:00:00+11:00,Booked,2026-01-21T09:00:00+11:00,2026-01-21T11:00:00+11:00,S01,180
B001,HB00995-completed,HB00995,completed,2026-01-21T11:00:00+11:00,Completed,2026-01-21T09:00:00+11:00,2026-01-21T11:00:00+11:00,S01,180
B001,HB00996-created,HB00996,created,2026-01-19T12:00:00+11:00,Booked,2026-01-21T12:00:00+11:00,2026-01-21T13:00:00+11:00,S01,70
B001,HB00996-completed,HB00996,completed,2026-01-21T13:00:00+11:00,Completed,2026-01-21T12:00:00+11:00,2026-01-21T13:00:00+11:00,S01,70
B001,HB00997-created,HB00997,created,2026-01-12T09:00:00+11:00,Booked,2026-01-22T09:00:00+11:00,2026-01-22T10:00:00+11:00,S01,70
B001,HB00997-completed,HB00997,completed,2026-01-22T10:00:00+11:00,Completed,2026-01-22T09:00:00+11:00,2026-01-22T10:00:00+11:00,S01,70
B001,HB00998-created,HB00998,created,2026-01-20T12:00:00+11:00,Booked,2026-01-22T12:00:00+11:00,2026-01-22T13:00:00+11:00,S01,70
B001,HB00998-completed,HB00998,completed,2026-01-22T13:00:00+11:00,Completed,2026-01-22T12:00:00+11:00,2026-01-22T13:00:00+11:00,S01,70
B001,HB00999-created,HB00999,created,2026-01-13T09:00:00+11:00,Booked,2026-01-23T09:00:00+11:00,2026-01-23T10:00:00+11:00,S01,70
B001,HB00999-completed,HB00999,completed,2026-01-23T10:00:00+11:00,Completed,2026-01-23T09:00:00+11:00,2026-01-23T10:00:00+11:00,S01,70
B001,HB01000-created,HB01000,created,2026-01-21T12:00:00+11:00,Booked,2026-01-23T12:00:00+11:00,2026-01-23T14:00:00+11:00,S01,180
B001,HB01000-completed,HB01000,completed,2026-01-23T14:00:00+11:00,Completed,2026-01-23T12:00:00+11:00,2026-01-23T14:00:00+11:00,S01,180
B001,HB01001-created,HB01001,created,2026-01-09T09:00:00+11:00,Booked,2026-01-19T09:00:00+11:00,2026-01-19T10:00:00+11:00,S02,70
B001,HB01001-completed,HB01001,completed,2026-01-19T10:00:00+11:00,Completed,2026-01-19T09:00:00+11:00,2026-01-19T10:00:00+11:00,S02,70
B001,HB01002-created,HB01002,created,2026-01-17T12:00:00+11:00,Booked,2026-01-19T12:00:00+11:00,2026-01-19T14:00:00+11:00,S02,180
B001,HB01002-completed,HB01002,completed,2026-01-19T14:00:00+11:00,Completed,2026-01-19T12:00:00+11:00,2026-01-19T14:00:00+11:00,S02,180
B001,HB01003-created,HB01003,created,2026-01-10T09:00:00+11:00,Booked,2026-01-20T09:00:00+11:00,2026-01-20T11:00:00+11:00,S02,180
B001,HB01003-completed,HB01003,completed,2026-01-20T11:00:00+11:00,Completed,2026-01-20T09:00:00+11:00,2026-01-20T11:00:00+11:00,S02,180
B001,HB01004-created,HB01004,created,2026-01-18T12:00:00+11:00,Booked,2026-01-20T12:00:00+11:00,2026-01-20T13:00:00+11:00,S02,70
B001,HB01004-completed,HB01004,completed,2026-01-20T13:00:00+11:00,Completed,2026-01-20T12:00:00+11:00,2026-01-20T13:00:00+11:00,S02,70
B001,HB01005-created,HB01005,created,2026-01-11T09:00:00+11:00,Booked,2026-01-21T09:00:00+11:00,2026-01-21T10:00:00+11:00,S02,70
B001,HB01005-completed,HB01005,completed,2026-01-21T10:00:00+11:00,Completed,2026-01-21T09:00:00+11:00,2026-01-21T10:00:00+11:00,S02,70
B001,HB01006-created,HB01006,created,2026-01-19T12:00:00+11:00,Booked,2026-01-21T12:00:00+11:00,2026-01-21T13:00:00+11:00,S02,70
B001,HB01006-completed,HB01006,completed,2026-01-21T13:00:00+11:00,Completed,2026-01-21T12:00:00+11:00,2026-01-21T13:00:00+11:00,S02,70
B001,HB01007-created,HB01007,created,2026-01-12T09:00:00+11:00,Booked,2026-01-22T09:00:00+11:00,2026-01-22T10:00:00+11:00,S02,70
B001,HB01007-completed,HB01007,completed,2026-01-22T10:00:00+11:00,Completed,2026-01-22T09:00:00+11:00,2026-01-22T10:00:00+11:00,S02,70
B001,HB01008-created,HB01008,created,2026-01-20T12:00:00+11:00,Booked,2026-01-22T12:00:00+11:00,2026-01-22T14:00:00+11:00,S02,180
B001,HB01008-completed,HB01008,completed,2026-01-22T14:00:00+11:00,Completed,2026-01-22T12:00:00+11:00,2026-01-22T14:00:00+11:00,S02,180
B001,HB01009-created,HB01009,created,2026-01-13T09:00:00+11:00,Booked,2026-01-23T09:00:00+11:00,2026-01-23T11:00:00+11:00,S02,180
B001,HB01009-completed,HB01009,completed,2026-01-23T11:00:00+11:00,Completed,2026-01-23T09:00:00+11:00,2026-01-23T11:00:00+11:00,S02,180
B001,HB01010-created,HB01010,created,2026-01-21T12:00:00+11:00,Booked,2026-01-23T12:00:00+11:00,2026-01-23T13:00:00+11:00,S02,70
B001,HB01010-completed,HB01010,completed,2026-01-23T13:00:00+11:00,Completed,2026-01-23T12:00:00+11:00,2026-01-23T13:00:00+11:00,S02,70
B001,HB01011-created,HB01011,created,2026-01-09T09:00:00+11:00,Booked,2026-01-19T09:00:00+11:00,2026-01-19T11:00:00+11:00,S03,180
B001,HB01011-completed,HB01011,completed,2026-01-19T11:00:00+11:00,Completed,2026-01-19T09:00:00+11:00,2026-01-19T11:00:00+11:00,S03,180
B001,HB01012-created,HB01012,created,2026-01-17T12:00:00+11:00,Booked,2026-01-19T12:00:00+11:00,2026-01-19T13:00:00+11:00,S03,70
B001,HB01012-completed,HB01012,completed,2026-01-19T13:00:00+11:00,Completed,2026-01-19T12:00:00+11:00,2026-01-19T13:00:00+11:00,S03,70
B001,HB01013-created,HB01013,created,2026-01-10T09:00:00+11:00,Booked,2026-01-20T09:00:00+11:00,2026-01-20T10:00:00+11:00,S03,70
B001,HB01013-completed,HB01013,completed,2026-01-20T10:00:00+11:00,Completed,2026-01-20T09:00:00+11:00,2026-01-20T10:00:00+11:00,S03,70
B001,HB01014-created,HB01014,created,2026-01-18T12:00:00+11:00,Booked,2026-01-20T12:00:00+11:00,2026-01-20T13:00:00+11:00,S03,70
B001,HB01014-completed,HB01014,completed,2026-01-20T13:00:00+11:00,Completed,2026-01-20T12:00:00+11:00,2026-01-20T13:00:00+11:00,S03,70
B001,HB01015-created,HB01015,created,2026-01-11T09:00:00+11:00,Booked,2026-01-21T09:00:00+11:00,2026-01-21T10:00:00+11:00,S03,70
B001,HB01015-completed,HB01015,completed,2026-01-21T10:00:00+11:00,Completed,2026-01-21T09:00:00+11:00,2026-01-21T10:00:00+11:00,S03,70
B001,HB01016-created,HB01016,created,2026-01-19T12:00:00+11:00,Booked,2026-01-21T12:00:00+11:00,2026-01-21T14:00:00+11:00,S03,180
B001,HB01016-completed,HB01016,completed,2026-01-21T14:00:00+11:00,Completed,2026-01-21T12:00:00+11:00,2026-01-21T14:00:00+11:00,S03,180
B001,HB01017-created,HB01017,created,2026-01-12T09:00:00+11:00,Booked,2026-01-22T09:00:00+11:00,2026-01-22T11:00:00+11:00,S03,180
B001,HB01017-completed,HB01017,completed,2026-01-22T11:00:00+11:00,Completed,2026-01-22T09:00:00+11:00,2026-01-22T11:00:00+11:00,S03,180
B001,HB01018-created,HB01018,created,2026-01-20T12:00:00+11:00,Booked,2026-01-22T12:00:00+11:00,2026-01-22T13:00:00+11:00,S03,70
B001,HB01018-completed,HB01018,completed,2026-01-22T13:00:00+11:00,Completed,2026-01-22T12:00:00+11:00,2026-01-22T13:00:00+11:00,S03,70
B001,HB01019-created,HB01019,created,2026-01-13T09:00:00+11:00,Booked,2026-01-23T09:00:00+11:00,2026-01-23T10:00:00+11:00,S03,70
B001,HB01019-completed,HB01019,completed,2026-01-23T10:00:00+11:00,Completed,2026-01-23T09:00:00+11:00,2026-01-23T10:00:00+11:00,S03,70
B001,HB01020-created,HB01020,created,2026-01-21T12:00:00+11:00,Booked,2026-01-23T12:00:00+11:00,2026-01-23T13:00:00+11:00,S03,70
B001,HB01020-completed,HB01020,completed,2026-01-23T13:00:00+11:00,Completed,2026-01-23T12:00:00+11:00,2026-01-23T13:00:00+11:00,S03,70
B001,HB01021-created,HB01021,created,2026-01-16T09:00:00+11:00,Booked,2026-01-26T09:00:00+11:00,2026-01-26T10:00:00+11:00,S01,70
B001,HB01021-completed,HB01021,completed,2026-01-26T10:00:00+11:00,Completed,2026-01-26T09:00:00+11:00,2026-01-26T10:00:00+11:00,S01,70
B001,HB01022-created,HB01022,created,2026-01-24T12:00:00+11:00,Booked,2026-01-26T12:00:00+11:00,2026-01-26T14:00:00+11:00,S01,180
B001,HB01022-completed,HB01022,completed,2026-01-26T14:00:00+11:00,Completed,2026-01-26T12:00:00+11:00,2026-01-26T14:00:00+11:00,S01,180
B001,HB01023-created,HB01023,created,2026-01-17T09:00:00+11:00,Booked,2026-01-27T09:00:00+11:00,2026-01-27T11:00:00+11:00,S01,180
B001,HB01023-completed,HB01023,completed,2026-01-27T11:00:00+11:00,Completed,2026-01-27T09:00:00+11:00,2026-01-27T11:00:00+11:00,S01,180
B001,HB01024-created,HB01024,created,2026-01-25T12:00:00+11:00,Booked,2026-01-27T12:00:00+11:00,2026-01-27T13:00:00+11:00,S01,70
B001,HB01024-completed,HB01024,completed,2026-01-27T13:00:00+11:00,Completed,2026-01-27T12:00:00+11:00,2026-01-27T13:00:00+11:00,S01,70
B001,HB01025-created,HB01025,created,2026-01-18T09:00:00+11:00,Booked,2026-01-28T09:00:00+11:00,2026-01-28T10:00:00+11:00,S01,70
B001,HB01025-completed,HB01025,completed,2026-01-28T10:00:00+11:00,Completed,2026-01-28T09:00:00+11:00,2026-01-28T10:00:00+11:00,S01,70
B001,HB01026-created,HB01026,created,2026-01-26T12:00:00+11:00,Booked,2026-01-28T12:00:00+11:00,2026-01-28T13:00:00+11:00,S01,70
B001,HB01026-completed,HB01026,completed,2026-01-28T13:00:00+11:00,Completed,2026-01-28T12:00:00+11:00,2026-01-28T13:00:00+11:00,S01,70
B001,HB01027-created,HB01027,created,2026-01-19T09:00:00+11:00,Booked,2026-01-29T09:00:00+11:00,2026-01-29T10:00:00+11:00,S01,70
B001,HB01027-completed,HB01027,completed,2026-01-29T10:00:00+11:00,Completed,2026-01-29T09:00:00+11:00,2026-01-29T10:00:00+11:00,S01,70
B001,HB01028-created,HB01028,created,2026-01-27T12:00:00+11:00,Booked,2026-01-29T12:00:00+11:00,2026-01-29T14:00:00+11:00,S01,180
B001,HB01028-completed,HB01028,completed,2026-01-29T14:00:00+11:00,Completed,2026-01-29T12:00:00+11:00,2026-01-29T14:00:00+11:00,S01,180
B001,HB01029-created,HB01029,created,2026-01-20T09:00:00+11:00,Booked,2026-01-30T09:00:00+11:00,2026-01-30T11:00:00+11:00,S01,180
B001,HB01029-completed,HB01029,completed,2026-01-30T11:00:00+11:00,Completed,2026-01-30T09:00:00+11:00,2026-01-30T11:00:00+11:00,S01,180
B001,HB01030-created,HB01030,created,2026-01-28T12:00:00+11:00,Booked,2026-01-30T12:00:00+11:00,2026-01-30T13:00:00+11:00,S01,70
B001,HB01030-completed,HB01030,completed,2026-01-30T13:00:00+11:00,Completed,2026-01-30T12:00:00+11:00,2026-01-30T13:00:00+11:00,S01,70
B001,HB01031-created,HB01031,created,2026-01-16T09:00:00+11:00,Booked,2026-01-26T09:00:00+11:00,2026-01-26T11:00:00+11:00,S02,180
B001,HB01031-completed,HB01031,completed,2026-01-26T11:00:00+11:00,Completed,2026-01-26T09:00:00+11:00,2026-01-26T11:00:00+11:00,S02,180
B001,HB01032-created,HB01032,created,2026-01-24T12:00:00+11:00,Booked,2026-01-26T12:00:00+11:00,2026-01-26T13:00:00+11:00,S02,70
B001,HB01032-completed,HB01032,completed,2026-01-26T13:00:00+11:00,Completed,2026-01-26T12:00:00+11:00,2026-01-26T13:00:00+11:00,S02,70
B001,HB01033-created,HB01033,created,2026-01-17T09:00:00+11:00,Booked,2026-01-27T09:00:00+11:00,2026-01-27T10:00:00+11:00,S02,70
B001,HB01033-completed,HB01033,completed,2026-01-27T10:00:00+11:00,Completed,2026-01-27T09:00:00+11:00,2026-01-27T10:00:00+11:00,S02,70
B001,HB01034-created,HB01034,created,2026-01-25T12:00:00+11:00,Booked,2026-01-27T12:00:00+11:00,2026-01-27T13:00:00+11:00,S02,70
B001,HB01034-completed,HB01034,completed,2026-01-27T13:00:00+11:00,Completed,2026-01-27T12:00:00+11:00,2026-01-27T13:00:00+11:00,S02,70
B001,HB01035-created,HB01035,created,2026-01-18T09:00:00+11:00,Booked,2026-01-28T09:00:00+11:00,2026-01-28T10:00:00+11:00,S02,70
B001,HB01035-completed,HB01035,completed,2026-01-28T10:00:00+11:00,Completed,2026-01-28T09:00:00+11:00,2026-01-28T10:00:00+11:00,S02,70
B001,HB01036-created,HB01036,created,2026-01-26T12:00:00+11:00,Booked,2026-01-28T12:00:00+11:00,2026-01-28T14:00:00+11:00,S02,180
B001,HB01036-completed,HB01036,completed,2026-01-28T14:00:00+11:00,Completed,2026-01-28T12:00:00+11:00,2026-01-28T14:00:00+11:00,S02,180
B001,HB01037-created,HB01037,created,2026-01-19T09:00:00+11:00,Booked,2026-01-29T09:00:00+11:00,2026-01-29T11:00:00+11:00,S02,180
B001,HB01037-completed,HB01037,completed,2026-01-29T11:00:00+11:00,Completed,2026-01-29T09:00:00+11:00,2026-01-29T11:00:00+11:00,S02,180
B001,HB01038-created,HB01038,created,2026-01-27T12:00:00+11:00,Booked,2026-01-29T12:00:00+11:00,2026-01-29T13:00:00+11:00,S02,70
B001,HB01038-completed,HB01038,completed,2026-01-29T13:00:00+11:00,Completed,2026-01-29T12:00:00+11:00,2026-01-29T13:00:00+11:00,S02,70
B001,HB01039-created,HB01039,created,2026-01-20T09:00:00+11:00,Booked,2026-01-30T09:00:00+11:00,2026-01-30T10:00:00+11:00,S02,70
B001,HB01039-completed,HB01039,completed,2026-01-30T10:00:00+11:00,Completed,2026-01-30T09:00:00+11:00,2026-01-30T10:00:00+11:00,S02,70
B001,HB01040-created,HB01040,created,2026-01-28T12:00:00+11:00,Booked,2026-01-30T12:00:00+11:00,2026-01-30T13:00:00+11:00,S02,70
B001,HB01040-completed,HB01040,completed,2026-01-30T13:00:00+11:00,Completed,2026-01-30T12:00:00+11:00,2026-01-30T13:00:00+11:00,S02,70
B001,HB01041-created,HB01041,created,2026-01-16T09:00:00+11:00,Booked,2026-01-26T09:00:00+11:00,2026-01-26T10:00:00+11:00,S03,70
B001,HB01041-completed,HB01041,completed,2026-01-26T10:00:00+11:00,Completed,2026-01-26T09:00:00+11:00,2026-01-26T10:00:00+11:00,S03,70
B001,HB01042-created,HB01042,created,2026-01-24T12:00:00+11:00,Booked,2026-01-26T12:00:00+11:00,2026-01-26T13:00:00+11:00,S03,70
B001,HB01042-completed,HB01042,completed,2026-01-26T13:00:00+11:00,Completed,2026-01-26T12:00:00+11:00,2026-01-26T13:00:00+11:00,S03,70
B001,HB01043-created,HB01043,created,2026-01-17T09:00:00+11:00,Booked,2026-01-27T09:00:00+11:00,2026-01-27T10:00:00+11:00,S03,70
B001,HB01043-completed,HB01043,completed,2026-01-27T10:00:00+11:00,Completed,2026-01-27T09:00:00+11:00,2026-01-27T10:00:00+11:00,S03,70
B001,HB01044-created,HB01044,created,2026-01-25T12:00:00+11:00,Booked,2026-01-27T12:00:00+11:00,2026-01-27T14:00:00+11:00,S03,180
B001,HB01044-completed,HB01044,completed,2026-01-27T14:00:00+11:00,Completed,2026-01-27T12:00:00+11:00,2026-01-27T14:00:00+11:00,S03,180
B001,HB01045-created,HB01045,created,2026-01-18T09:00:00+11:00,Booked,2026-01-28T09:00:00+11:00,2026-01-28T11:00:00+11:00,S03,180
B001,HB01045-completed,HB01045,completed,2026-01-28T11:00:00+11:00,Completed,2026-01-28T09:00:00+11:00,2026-01-28T11:00:00+11:00,S03,180
B001,HB01046-created,HB01046,created,2026-01-26T12:00:00+11:00,Booked,2026-01-28T12:00:00+11:00,2026-01-28T13:00:00+11:00,S03,70
B001,HB01046-completed,HB01046,completed,2026-01-28T13:00:00+11:00,Completed,2026-01-28T12:00:00+11:00,2026-01-28T13:00:00+11:00,S03,70
B001,HB01047-created,HB01047,created,2026-01-19T09:00:00+11:00,Booked,2026-01-29T09:00:00+11:00,2026-01-29T10:00:00+11:00,S03,70
B001,HB01047-completed,HB01047,completed,2026-01-29T10:00:00+11:00,Completed,2026-01-29T09:00:00+11:00,2026-01-29T10:00:00+11:00,S03,70
B001,HB01048-created,HB01048,created,2026-01-27T12:00:00+11:00,Booked,2026-01-29T12:00:00+11:00,2026-01-29T13:00:00+11:00,S03,70
B001,HB01048-completed,HB01048,completed,2026-01-29T13:00:00+11:00,Completed,2026-01-29T12:00:00+11:00,2026-01-29T13:00:00+11:00,S03,70
B001,HB01049-created,HB01049,created,2026-01-20T09:00:00+11:00,Booked,2026-01-30T09:00:00+11:00,2026-01-30T10:00:00+11:00,S03,70
B001,HB01049-completed,HB01049,completed,2026-01-30T10:00:00+11:00,Completed,2026-01-30T09:00:00+11:00,2026-01-30T10:00:00+11:00,S03,70
B001,HB01050-created,HB01050,created,2026-01-28T12:00:00+11:00,Booked,2026-01-30T12:00:00+11:00,2026-01-30T14:00:00+11:00,S03,180
B001,HB01050-completed,HB01050,completed,2026-01-30T14:00:00+11:00,Completed,2026-01-30T12:00:00+11:00,2026-01-30T14:00:00+11:00,S03,180
B001,HB01051-created,HB01051,created,2026-01-23T09:00:00+11:00,Booked,2026-02-02T09:00:00+11:00,2026-02-02T11:00:00+11:00,S01,180
B001,HB01051-completed,HB01051,completed,2026-02-02T11:00:00+11:00,Completed,2026-02-02T09:00:00+11:00,2026-02-02T11:00:00+11:00,S01,180
B001,HB01052-created,HB01052,created,2026-01-31T12:00:00+11:00,Booked,2026-02-02T12:00:00+11:00,2026-02-02T13:00:00+11:00,S01,70
B001,HB01052-completed,HB01052,completed,2026-02-02T13:00:00+11:00,Completed,2026-02-02T12:00:00+11:00,2026-02-02T13:00:00+11:00,S01,70
B001,HB01053-created,HB01053,created,2026-01-24T09:00:00+11:00,Booked,2026-02-03T09:00:00+11:00,2026-02-03T10:00:00+11:00,S01,70
B001,HB01053-completed,HB01053,completed,2026-02-03T10:00:00+11:00,Completed,2026-02-03T09:00:00+11:00,2026-02-03T10:00:00+11:00,S01,70
B001,HB01054-created,HB01054,created,2026-02-01T12:00:00+11:00,Booked,2026-02-03T12:00:00+11:00,2026-02-03T13:00:00+11:00,S01,70
B001,HB01054-completed,HB01054,completed,2026-02-03T13:00:00+11:00,Completed,2026-02-03T12:00:00+11:00,2026-02-03T13:00:00+11:00,S01,70
B001,HB01055-created,HB01055,created,2026-01-25T09:00:00+11:00,Booked,2026-02-04T09:00:00+11:00,2026-02-04T10:00:00+11:00,S01,70
B001,HB01055-completed,HB01055,completed,2026-02-04T10:00:00+11:00,Completed,2026-02-04T09:00:00+11:00,2026-02-04T10:00:00+11:00,S01,70
B001,HB01056-created,HB01056,created,2026-02-02T12:00:00+11:00,Booked,2026-02-04T12:00:00+11:00,2026-02-04T14:00:00+11:00,S01,180
B001,HB01056-completed,HB01056,completed,2026-02-04T14:00:00+11:00,Completed,2026-02-04T12:00:00+11:00,2026-02-04T14:00:00+11:00,S01,180
B001,HB01057-created,HB01057,created,2026-01-26T09:00:00+11:00,Booked,2026-02-05T09:00:00+11:00,2026-02-05T11:00:00+11:00,S01,180
B001,HB01057-completed,HB01057,completed,2026-02-05T11:00:00+11:00,Completed,2026-02-05T09:00:00+11:00,2026-02-05T11:00:00+11:00,S01,180
B001,HB01058-created,HB01058,created,2026-02-03T12:00:00+11:00,Booked,2026-02-05T12:00:00+11:00,2026-02-05T13:00:00+11:00,S01,70
B001,HB01058-completed,HB01058,completed,2026-02-05T13:00:00+11:00,Completed,2026-02-05T12:00:00+11:00,2026-02-05T13:00:00+11:00,S01,70
B001,HB01059-created,HB01059,created,2026-01-27T09:00:00+11:00,Booked,2026-02-06T09:00:00+11:00,2026-02-06T10:00:00+11:00,S01,70
B001,HB01059-completed,HB01059,completed,2026-02-06T10:00:00+11:00,Completed,2026-02-06T09:00:00+11:00,2026-02-06T10:00:00+11:00,S01,70
B001,HB01060-created,HB01060,created,2026-02-04T12:00:00+11:00,Booked,2026-02-06T12:00:00+11:00,2026-02-06T13:00:00+11:00,S01,70
B001,HB01060-completed,HB01060,completed,2026-02-06T13:00:00+11:00,Completed,2026-02-06T12:00:00+11:00,2026-02-06T13:00:00+11:00,S01,70
B001,HB01061-created,HB01061,created,2026-01-23T09:00:00+11:00,Booked,2026-02-02T09:00:00+11:00,2026-02-02T10:00:00+11:00,S02,70
B001,HB01061-completed,HB01061,completed,2026-02-02T10:00:00+11:00,Completed,2026-02-02T09:00:00+11:00,2026-02-02T10:00:00+11:00,S02,70
B001,HB01062-created,HB01062,created,2026-01-31T12:00:00+11:00,Booked,2026-02-02T12:00:00+11:00,2026-02-02T13:00:00+11:00,S02,70
B001,HB01062-completed,HB01062,completed,2026-02-02T13:00:00+11:00,Completed,2026-02-02T12:00:00+11:00,2026-02-02T13:00:00+11:00,S02,70
B001,HB01063-created,HB01063,created,2026-01-24T09:00:00+11:00,Booked,2026-02-03T09:00:00+11:00,2026-02-03T10:00:00+11:00,S02,70
B001,HB01063-completed,HB01063,completed,2026-02-03T10:00:00+11:00,Completed,2026-02-03T09:00:00+11:00,2026-02-03T10:00:00+11:00,S02,70
B001,HB01064-created,HB01064,created,2026-02-01T12:00:00+11:00,Booked,2026-02-03T12:00:00+11:00,2026-02-03T14:00:00+11:00,S02,180
B001,HB01064-completed,HB01064,completed,2026-02-03T14:00:00+11:00,Completed,2026-02-03T12:00:00+11:00,2026-02-03T14:00:00+11:00,S02,180
B001,HB01065-created,HB01065,created,2026-01-25T09:00:00+11:00,Booked,2026-02-04T09:00:00+11:00,2026-02-04T11:00:00+11:00,S02,180
B001,HB01065-completed,HB01065,completed,2026-02-04T11:00:00+11:00,Completed,2026-02-04T09:00:00+11:00,2026-02-04T11:00:00+11:00,S02,180
B001,HB01066-created,HB01066,created,2026-02-02T12:00:00+11:00,Booked,2026-02-04T12:00:00+11:00,2026-02-04T13:00:00+11:00,S02,70
B001,HB01066-completed,HB01066,completed,2026-02-04T13:00:00+11:00,Completed,2026-02-04T12:00:00+11:00,2026-02-04T13:00:00+11:00,S02,70
B001,HB01067-created,HB01067,created,2026-01-26T09:00:00+11:00,Booked,2026-02-05T09:00:00+11:00,2026-02-05T10:00:00+11:00,S02,70
B001,HB01067-completed,HB01067,completed,2026-02-05T10:00:00+11:00,Completed,2026-02-05T09:00:00+11:00,2026-02-05T10:00:00+11:00,S02,70
B001,HB01068-created,HB01068,created,2026-02-03T12:00:00+11:00,Booked,2026-02-05T12:00:00+11:00,2026-02-05T13:00:00+11:00,S02,70
B001,HB01068-completed,HB01068,completed,2026-02-05T13:00:00+11:00,Completed,2026-02-05T12:00:00+11:00,2026-02-05T13:00:00+11:00,S02,70
B001,HB01069-created,HB01069,created,2026-01-27T09:00:00+11:00,Booked,2026-02-06T09:00:00+11:00,2026-02-06T10:00:00+11:00,S02,70
B001,HB01069-completed,HB01069,completed,2026-02-06T10:00:00+11:00,Completed,2026-02-06T09:00:00+11:00,2026-02-06T10:00:00+11:00,S02,70
B001,HB01070-created,HB01070,created,2026-02-04T12:00:00+11:00,Booked,2026-02-06T12:00:00+11:00,2026-02-06T14:00:00+11:00,S02,180
B001,HB01070-completed,HB01070,completed,2026-02-06T14:00:00+11:00,Completed,2026-02-06T12:00:00+11:00,2026-02-06T14:00:00+11:00,S02,180
B001,HB01071-created,HB01071,created,2026-01-23T09:00:00+11:00,Booked,2026-02-02T09:00:00+11:00,2026-02-02T10:00:00+11:00,S03,70
B001,HB01071-completed,HB01071,completed,2026-02-02T10:00:00+11:00,Completed,2026-02-02T09:00:00+11:00,2026-02-02T10:00:00+11:00,S03,70
B001,HB01072-created,HB01072,created,2026-01-31T12:00:00+11:00,Booked,2026-02-02T12:00:00+11:00,2026-02-02T14:00:00+11:00,S03,180
B001,HB01072-completed,HB01072,completed,2026-02-02T14:00:00+11:00,Completed,2026-02-02T12:00:00+11:00,2026-02-02T14:00:00+11:00,S03,180
B001,HB01073-created,HB01073,created,2026-01-24T09:00:00+11:00,Booked,2026-02-03T09:00:00+11:00,2026-02-03T11:00:00+11:00,S03,180
B001,HB01073-completed,HB01073,completed,2026-02-03T11:00:00+11:00,Completed,2026-02-03T09:00:00+11:00,2026-02-03T11:00:00+11:00,S03,180
B001,HB01074-created,HB01074,created,2026-02-01T12:00:00+11:00,Booked,2026-02-03T12:00:00+11:00,2026-02-03T13:00:00+11:00,S03,70
B001,HB01074-completed,HB01074,completed,2026-02-03T13:00:00+11:00,Completed,2026-02-03T12:00:00+11:00,2026-02-03T13:00:00+11:00,S03,70
B001,HB01075-created,HB01075,created,2026-01-25T09:00:00+11:00,Booked,2026-02-04T09:00:00+11:00,2026-02-04T10:00:00+11:00,S03,70
B001,HB01075-completed,HB01075,completed,2026-02-04T10:00:00+11:00,Completed,2026-02-04T09:00:00+11:00,2026-02-04T10:00:00+11:00,S03,70
B001,HB01076-created,HB01076,created,2026-02-02T12:00:00+11:00,Booked,2026-02-04T12:00:00+11:00,2026-02-04T13:00:00+11:00,S03,70
B001,HB01076-completed,HB01076,completed,2026-02-04T13:00:00+11:00,Completed,2026-02-04T12:00:00+11:00,2026-02-04T13:00:00+11:00,S03,70
B001,HB01077-created,HB01077,created,2026-01-26T09:00:00+11:00,Booked,2026-02-05T09:00:00+11:00,2026-02-05T10:00:00+11:00,S03,70
B001,HB01077-completed,HB01077,completed,2026-02-05T10:00:00+11:00,Completed,2026-02-05T09:00:00+11:00,2026-02-05T10:00:00+11:00,S03,70
B001,HB01078-created,HB01078,created,2026-02-03T12:00:00+11:00,Booked,2026-02-05T12:00:00+11:00,2026-02-05T14:00:00+11:00,S03,180
B001,HB01078-completed,HB01078,completed,2026-02-05T14:00:00+11:00,Completed,2026-02-05T12:00:00+11:00,2026-02-05T14:00:00+11:00,S03,180
B001,HB01079-created,HB01079,created,2026-01-27T09:00:00+11:00,Booked,2026-02-06T09:00:00+11:00,2026-02-06T11:00:00+11:00,S03,180
B001,HB01079-completed,HB01079,completed,2026-02-06T11:00:00+11:00,Completed,2026-02-06T09:00:00+11:00,2026-02-06T11:00:00+11:00,S03,180
B001,HB01080-created,HB01080,created,2026-02-04T12:00:00+11:00,Booked,2026-02-06T12:00:00+11:00,2026-02-06T13:00:00+11:00,S03,70
B001,HB01080-completed,HB01080,completed,2026-02-06T13:00:00+11:00,Completed,2026-02-06T12:00:00+11:00,2026-02-06T13:00:00+11:00,S03,70
B001,HB01081-created,HB01081,created,2026-01-30T09:00:00+11:00,Booked,2026-02-09T09:00:00+11:00,2026-02-09T10:00:00+11:00,S01,70
B001,HB01081-completed,HB01081,completed,2026-02-09T10:00:00+11:00,Completed,2026-02-09T09:00:00+11:00,2026-02-09T10:00:00+11:00,S01,70
B001,HB01082-created,HB01082,created,2026-02-07T12:00:00+11:00,Booked,2026-02-09T12:00:00+11:00,2026-02-09T13:00:00+11:00,S01,70
B001,HB01082-completed,HB01082,completed,2026-02-09T13:00:00+11:00,Completed,2026-02-09T12:00:00+11:00,2026-02-09T13:00:00+11:00,S01,70
B001,HB01083-created,HB01083,created,2026-01-31T09:00:00+11:00,Booked,2026-02-10T09:00:00+11:00,2026-02-10T10:00:00+11:00,S01,70
B001,HB01083-completed,HB01083,completed,2026-02-10T10:00:00+11:00,Completed,2026-02-10T09:00:00+11:00,2026-02-10T10:00:00+11:00,S01,70
B001,HB01084-created,HB01084,created,2026-02-08T12:00:00+11:00,Booked,2026-02-10T12:00:00+11:00,2026-02-10T14:00:00+11:00,S01,180
B001,HB01084-completed,HB01084,completed,2026-02-10T14:00:00+11:00,Completed,2026-02-10T12:00:00+11:00,2026-02-10T14:00:00+11:00,S01,180
B001,HB01085-created,HB01085,created,2026-02-01T09:00:00+11:00,Booked,2026-02-11T09:00:00+11:00,2026-02-11T11:00:00+11:00,S01,180
B001,HB01085-completed,HB01085,completed,2026-02-11T11:00:00+11:00,Completed,2026-02-11T09:00:00+11:00,2026-02-11T11:00:00+11:00,S01,180
B001,HB01086-created,HB01086,created,2026-02-09T12:00:00+11:00,Booked,2026-02-11T12:00:00+11:00,2026-02-11T13:00:00+11:00,S01,70
B001,HB01086-completed,HB01086,completed,2026-02-11T13:00:00+11:00,Completed,2026-02-11T12:00:00+11:00,2026-02-11T13:00:00+11:00,S01,70
B001,HB01087-created,HB01087,created,2026-02-02T09:00:00+11:00,Booked,2026-02-12T09:00:00+11:00,2026-02-12T10:00:00+11:00,S01,70
B001,HB01087-completed,HB01087,completed,2026-02-12T10:00:00+11:00,Completed,2026-02-12T09:00:00+11:00,2026-02-12T10:00:00+11:00,S01,70
B001,HB01088-created,HB01088,created,2026-02-10T12:00:00+11:00,Booked,2026-02-12T12:00:00+11:00,2026-02-12T13:00:00+11:00,S01,70
B001,HB01088-completed,HB01088,completed,2026-02-12T13:00:00+11:00,Completed,2026-02-12T12:00:00+11:00,2026-02-12T13:00:00+11:00,S01,70
B001,HB01089-created,HB01089,created,2026-02-03T09:00:00+11:00,Booked,2026-02-13T09:00:00+11:00,2026-02-13T10:00:00+11:00,S01,70
B001,HB01089-completed,HB01089,completed,2026-02-13T10:00:00+11:00,Completed,2026-02-13T09:00:00+11:00,2026-02-13T10:00:00+11:00,S01,70
B001,HB01090-created,HB01090,created,2026-02-11T12:00:00+11:00,Booked,2026-02-13T12:00:00+11:00,2026-02-13T14:00:00+11:00,S01,180
B001,HB01090-completed,HB01090,completed,2026-02-13T14:00:00+11:00,Completed,2026-02-13T12:00:00+11:00,2026-02-13T14:00:00+11:00,S01,180
B001,HB01091-created,HB01091,created,2026-01-30T09:00:00+11:00,Booked,2026-02-09T09:00:00+11:00,2026-02-09T10:00:00+11:00,S02,70
B001,HB01091-completed,HB01091,completed,2026-02-09T10:00:00+11:00,Completed,2026-02-09T09:00:00+11:00,2026-02-09T10:00:00+11:00,S02,70
B001,HB01092-created,HB01092,created,2026-02-07T12:00:00+11:00,Booked,2026-02-09T12:00:00+11:00,2026-02-09T14:00:00+11:00,S02,180
B001,HB01092-completed,HB01092,completed,2026-02-09T14:00:00+11:00,Completed,2026-02-09T12:00:00+11:00,2026-02-09T14:00:00+11:00,S02,180
B001,HB01093-created,HB01093,created,2026-01-31T09:00:00+11:00,Booked,2026-02-10T09:00:00+11:00,2026-02-10T11:00:00+11:00,S02,180
B001,HB01093-completed,HB01093,completed,2026-02-10T11:00:00+11:00,Completed,2026-02-10T09:00:00+11:00,2026-02-10T11:00:00+11:00,S02,180
B001,HB01094-created,HB01094,created,2026-02-08T12:00:00+11:00,Booked,2026-02-10T12:00:00+11:00,2026-02-10T13:00:00+11:00,S02,70
B001,HB01094-completed,HB01094,completed,2026-02-10T13:00:00+11:00,Completed,2026-02-10T12:00:00+11:00,2026-02-10T13:00:00+11:00,S02,70
B001,HB01095-created,HB01095,created,2026-02-01T09:00:00+11:00,Booked,2026-02-11T09:00:00+11:00,2026-02-11T10:00:00+11:00,S02,70
B001,HB01095-completed,HB01095,completed,2026-02-11T10:00:00+11:00,Completed,2026-02-11T09:00:00+11:00,2026-02-11T10:00:00+11:00,S02,70
B001,HB01096-created,HB01096,created,2026-02-09T12:00:00+11:00,Booked,2026-02-11T12:00:00+11:00,2026-02-11T13:00:00+11:00,S02,70
B001,HB01096-completed,HB01096,completed,2026-02-11T13:00:00+11:00,Completed,2026-02-11T12:00:00+11:00,2026-02-11T13:00:00+11:00,S02,70
B001,HB01097-created,HB01097,created,2026-02-02T09:00:00+11:00,Booked,2026-02-12T09:00:00+11:00,2026-02-12T10:00:00+11:00,S02,70
B001,HB01097-completed,HB01097,completed,2026-02-12T10:00:00+11:00,Completed,2026-02-12T09:00:00+11:00,2026-02-12T10:00:00+11:00,S02,70
B001,HB01098-created,HB01098,created,2026-02-10T12:00:00+11:00,Booked,2026-02-12T12:00:00+11:00,2026-02-12T14:00:00+11:00,S02,180
B001,HB01098-completed,HB01098,completed,2026-02-12T14:00:00+11:00,Completed,2026-02-12T12:00:00+11:00,2026-02-12T14:00:00+11:00,S02,180
B001,HB01099-created,HB01099,created,2026-02-03T09:00:00+11:00,Booked,2026-02-13T09:00:00+11:00,2026-02-13T11:00:00+11:00,S02,180
B001,HB01099-completed,HB01099,completed,2026-02-13T11:00:00+11:00,Completed,2026-02-13T09:00:00+11:00,2026-02-13T11:00:00+11:00,S02,180
B001,HB01100-created,HB01100,created,2026-02-11T12:00:00+11:00,Booked,2026-02-13T12:00:00+11:00,2026-02-13T13:00:00+11:00,S02,70
B001,HB01100-completed,HB01100,completed,2026-02-13T13:00:00+11:00,Completed,2026-02-13T12:00:00+11:00,2026-02-13T13:00:00+11:00,S02,70
B001,HB01101-created,HB01101,created,2026-01-30T09:00:00+11:00,Booked,2026-02-09T09:00:00+11:00,2026-02-09T11:00:00+11:00,S03,180
B001,HB01101-completed,HB01101,completed,2026-02-09T11:00:00+11:00,Completed,2026-02-09T09:00:00+11:00,2026-02-09T11:00:00+11:00,S03,180
B001,HB01102-created,HB01102,created,2026-02-07T12:00:00+11:00,Booked,2026-02-09T12:00:00+11:00,2026-02-09T13:00:00+11:00,S03,70
B001,HB01102-completed,HB01102,completed,2026-02-09T13:00:00+11:00,Completed,2026-02-09T12:00:00+11:00,2026-02-09T13:00:00+11:00,S03,70
B001,HB01103-created,HB01103,created,2026-01-31T09:00:00+11:00,Booked,2026-02-10T09:00:00+11:00,2026-02-10T10:00:00+11:00,S03,70
B001,HB01103-completed,HB01103,completed,2026-02-10T10:00:00+11:00,Completed,2026-02-10T09:00:00+11:00,2026-02-10T10:00:00+11:00,S03,70
B001,HB01104-created,HB01104,created,2026-02-08T12:00:00+11:00,Booked,2026-02-10T12:00:00+11:00,2026-02-10T13:00:00+11:00,S03,70
B001,HB01104-completed,HB01104,completed,2026-02-10T13:00:00+11:00,Completed,2026-02-10T12:00:00+11:00,2026-02-10T13:00:00+11:00,S03,70
B001,HB01105-created,HB01105,created,2026-02-01T09:00:00+11:00,Booked,2026-02-11T09:00:00+11:00,2026-02-11T10:00:00+11:00,S03,70
B001,HB01105-completed,HB01105,completed,2026-02-11T10:00:00+11:00,Completed,2026-02-11T09:00:00+11:00,2026-02-11T10:00:00+11:00,S03,70
B001,HB01106-created,HB01106,created,2026-02-09T12:00:00+11:00,Booked,2026-02-11T12:00:00+11:00,2026-02-11T14:00:00+11:00,S03,180
B001,HB01106-completed,HB01106,completed,2026-02-11T14:00:00+11:00,Completed,2026-02-11T12:00:00+11:00,2026-02-11T14:00:00+11:00,S03,180
B001,HB01107-created,HB01107,created,2026-02-02T09:00:00+11:00,Booked,2026-02-12T09:00:00+11:00,2026-02-12T11:00:00+11:00,S03,180
B001,HB01107-completed,HB01107,completed,2026-02-12T11:00:00+11:00,Completed,2026-02-12T09:00:00+11:00,2026-02-12T11:00:00+11:00,S03,180
B001,HB01108-created,HB01108,created,2026-02-10T12:00:00+11:00,Booked,2026-02-12T12:00:00+11:00,2026-02-12T13:00:00+11:00,S03,70
B001,HB01108-completed,HB01108,completed,2026-02-12T13:00:00+11:00,Completed,2026-02-12T12:00:00+11:00,2026-02-12T13:00:00+11:00,S03,70
B001,HB01109-created,HB01109,created,2026-02-03T09:00:00+11:00,Booked,2026-02-13T09:00:00+11:00,2026-02-13T10:00:00+11:00,S03,70
B001,HB01109-completed,HB01109,completed,2026-02-13T10:00:00+11:00,Completed,2026-02-13T09:00:00+11:00,2026-02-13T10:00:00+11:00,S03,70
B001,HB01110-created,HB01110,created,2026-02-11T12:00:00+11:00,Booked,2026-02-13T12:00:00+11:00,2026-02-13T13:00:00+11:00,S03,70
B001,HB01110-completed,HB01110,completed,2026-02-13T13:00:00+11:00,Completed,2026-02-13T12:00:00+11:00,2026-02-13T13:00:00+11:00,S03,70
B001,HB01111-created,HB01111,created,2026-02-06T09:00:00+11:00,Booked,2026-02-16T09:00:00+11:00,2026-02-16T10:00:00+11:00,S01,70
B001,HB01111-completed,HB01111,completed,2026-02-16T10:00:00+11:00,Completed,2026-02-16T09:00:00+11:00,2026-02-16T10:00:00+11:00,S01,70
B001,HB01112-created,HB01112,created,2026-02-14T12:00:00+11:00,Booked,2026-02-16T12:00:00+11:00,2026-02-16T14:00:00+11:00,S01,180
B001,HB01112-completed,HB01112,completed,2026-02-16T14:00:00+11:00,Completed,2026-02-16T12:00:00+11:00,2026-02-16T14:00:00+11:00,S01,180
B001,HB01113-created,HB01113,created,2026-02-07T09:00:00+11:00,Booked,2026-02-17T09:00:00+11:00,2026-02-17T11:00:00+11:00,S01,180
B001,HB01113-completed,HB01113,completed,2026-02-17T11:00:00+11:00,Completed,2026-02-17T09:00:00+11:00,2026-02-17T11:00:00+11:00,S01,180
B001,HB01114-created,HB01114,created,2026-02-15T12:00:00+11:00,Booked,2026-02-17T12:00:00+11:00,2026-02-17T13:00:00+11:00,S01,70
B001,HB01114-completed,HB01114,completed,2026-02-17T13:00:00+11:00,Completed,2026-02-17T12:00:00+11:00,2026-02-17T13:00:00+11:00,S01,70
B001,HB01115-created,HB01115,created,2026-02-08T09:00:00+11:00,Booked,2026-02-18T09:00:00+11:00,2026-02-18T10:00:00+11:00,S01,70
B001,HB01115-completed,HB01115,completed,2026-02-18T10:00:00+11:00,Completed,2026-02-18T09:00:00+11:00,2026-02-18T10:00:00+11:00,S01,70
B001,HB01116-created,HB01116,created,2026-02-16T12:00:00+11:00,Booked,2026-02-18T12:00:00+11:00,2026-02-18T13:00:00+11:00,S01,70
B001,HB01116-completed,HB01116,completed,2026-02-18T13:00:00+11:00,Completed,2026-02-18T12:00:00+11:00,2026-02-18T13:00:00+11:00,S01,70
B001,HB01117-created,HB01117,created,2026-02-09T09:00:00+11:00,Booked,2026-02-19T09:00:00+11:00,2026-02-19T10:00:00+11:00,S01,70
B001,HB01117-completed,HB01117,completed,2026-02-19T10:00:00+11:00,Completed,2026-02-19T09:00:00+11:00,2026-02-19T10:00:00+11:00,S01,70
B001,HB01118-created,HB01118,created,2026-02-17T12:00:00+11:00,Booked,2026-02-19T12:00:00+11:00,2026-02-19T14:00:00+11:00,S01,180
B001,HB01118-completed,HB01118,completed,2026-02-19T14:00:00+11:00,Completed,2026-02-19T12:00:00+11:00,2026-02-19T14:00:00+11:00,S01,180
B001,HB01119-created,HB01119,created,2026-02-10T09:00:00+11:00,Booked,2026-02-20T09:00:00+11:00,2026-02-20T11:00:00+11:00,S01,180
B001,HB01119-completed,HB01119,completed,2026-02-20T11:00:00+11:00,Completed,2026-02-20T09:00:00+11:00,2026-02-20T11:00:00+11:00,S01,180
B001,HB01120-created,HB01120,created,2026-02-18T12:00:00+11:00,Booked,2026-02-20T12:00:00+11:00,2026-02-20T13:00:00+11:00,S01,70
B001,HB01120-completed,HB01120,completed,2026-02-20T13:00:00+11:00,Completed,2026-02-20T12:00:00+11:00,2026-02-20T13:00:00+11:00,S01,70
B001,HB01121-created,HB01121,created,2026-02-06T09:00:00+11:00,Booked,2026-02-16T09:00:00+11:00,2026-02-16T11:00:00+11:00,S02,180
B001,HB01121-completed,HB01121,completed,2026-02-16T11:00:00+11:00,Completed,2026-02-16T09:00:00+11:00,2026-02-16T11:00:00+11:00,S02,180
B001,HB01122-created,HB01122,created,2026-02-14T12:00:00+11:00,Booked,2026-02-16T12:00:00+11:00,2026-02-16T13:00:00+11:00,S02,70
B001,HB01122-completed,HB01122,completed,2026-02-16T13:00:00+11:00,Completed,2026-02-16T12:00:00+11:00,2026-02-16T13:00:00+11:00,S02,70
B001,HB01123-created,HB01123,created,2026-02-07T09:00:00+11:00,Booked,2026-02-17T09:00:00+11:00,2026-02-17T10:00:00+11:00,S02,70
B001,HB01123-completed,HB01123,completed,2026-02-17T10:00:00+11:00,Completed,2026-02-17T09:00:00+11:00,2026-02-17T10:00:00+11:00,S02,70
B001,HB01124-created,HB01124,created,2026-02-15T12:00:00+11:00,Booked,2026-02-17T12:00:00+11:00,2026-02-17T13:00:00+11:00,S02,70
B001,HB01124-completed,HB01124,completed,2026-02-17T13:00:00+11:00,Completed,2026-02-17T12:00:00+11:00,2026-02-17T13:00:00+11:00,S02,70
B001,HB01125-created,HB01125,created,2026-02-08T09:00:00+11:00,Booked,2026-02-18T09:00:00+11:00,2026-02-18T10:00:00+11:00,S02,70
B001,HB01125-completed,HB01125,completed,2026-02-18T10:00:00+11:00,Completed,2026-02-18T09:00:00+11:00,2026-02-18T10:00:00+11:00,S02,70
B001,HB01126-created,HB01126,created,2026-02-16T12:00:00+11:00,Booked,2026-02-18T12:00:00+11:00,2026-02-18T14:00:00+11:00,S02,180
B001,HB01126-completed,HB01126,completed,2026-02-18T14:00:00+11:00,Completed,2026-02-18T12:00:00+11:00,2026-02-18T14:00:00+11:00,S02,180
B001,HB01127-created,HB01127,created,2026-02-09T09:00:00+11:00,Booked,2026-02-19T09:00:00+11:00,2026-02-19T11:00:00+11:00,S02,180
B001,HB01127-completed,HB01127,completed,2026-02-19T11:00:00+11:00,Completed,2026-02-19T09:00:00+11:00,2026-02-19T11:00:00+11:00,S02,180
B001,HB01128-created,HB01128,created,2026-02-17T12:00:00+11:00,Booked,2026-02-19T12:00:00+11:00,2026-02-19T13:00:00+11:00,S02,70
B001,HB01128-completed,HB01128,completed,2026-02-19T13:00:00+11:00,Completed,2026-02-19T12:00:00+11:00,2026-02-19T13:00:00+11:00,S02,70
B001,HB01129-created,HB01129,created,2026-02-10T09:00:00+11:00,Booked,2026-02-20T09:00:00+11:00,2026-02-20T10:00:00+11:00,S02,70
B001,HB01129-completed,HB01129,completed,2026-02-20T10:00:00+11:00,Completed,2026-02-20T09:00:00+11:00,2026-02-20T10:00:00+11:00,S02,70
B001,HB01130-created,HB01130,created,2026-02-18T12:00:00+11:00,Booked,2026-02-20T12:00:00+11:00,2026-02-20T13:00:00+11:00,S02,70
B001,HB01130-completed,HB01130,completed,2026-02-20T13:00:00+11:00,Completed,2026-02-20T12:00:00+11:00,2026-02-20T13:00:00+11:00,S02,70
B001,HB01131-created,HB01131,created,2026-02-06T09:00:00+11:00,Booked,2026-02-16T09:00:00+11:00,2026-02-16T10:00:00+11:00,S03,70
B001,HB01131-completed,HB01131,completed,2026-02-16T10:00:00+11:00,Completed,2026-02-16T09:00:00+11:00,2026-02-16T10:00:00+11:00,S03,70
B001,HB01132-created,HB01132,created,2026-02-14T12:00:00+11:00,Booked,2026-02-16T12:00:00+11:00,2026-02-16T13:00:00+11:00,S03,70
B001,HB01132-completed,HB01132,completed,2026-02-16T13:00:00+11:00,Completed,2026-02-16T12:00:00+11:00,2026-02-16T13:00:00+11:00,S03,70
B001,HB01133-created,HB01133,created,2026-02-07T09:00:00+11:00,Booked,2026-02-17T09:00:00+11:00,2026-02-17T10:00:00+11:00,S03,70
B001,HB01133-completed,HB01133,completed,2026-02-17T10:00:00+11:00,Completed,2026-02-17T09:00:00+11:00,2026-02-17T10:00:00+11:00,S03,70
B001,HB01134-created,HB01134,created,2026-02-15T12:00:00+11:00,Booked,2026-02-17T12:00:00+11:00,2026-02-17T14:00:00+11:00,S03,180
B001,HB01134-completed,HB01134,completed,2026-02-17T14:00:00+11:00,Completed,2026-02-17T12:00:00+11:00,2026-02-17T14:00:00+11:00,S03,180
B001,HB01135-created,HB01135,created,2026-02-08T09:00:00+11:00,Booked,2026-02-18T09:00:00+11:00,2026-02-18T11:00:00+11:00,S03,180
B001,HB01135-completed,HB01135,completed,2026-02-18T11:00:00+11:00,Completed,2026-02-18T09:00:00+11:00,2026-02-18T11:00:00+11:00,S03,180
B001,HB01136-created,HB01136,created,2026-02-16T12:00:00+11:00,Booked,2026-02-18T12:00:00+11:00,2026-02-18T13:00:00+11:00,S03,70
B001,HB01136-completed,HB01136,completed,2026-02-18T13:00:00+11:00,Completed,2026-02-18T12:00:00+11:00,2026-02-18T13:00:00+11:00,S03,70
B001,HB01137-created,HB01137,created,2026-02-09T09:00:00+11:00,Booked,2026-02-19T09:00:00+11:00,2026-02-19T10:00:00+11:00,S03,70
B001,HB01137-completed,HB01137,completed,2026-02-19T10:00:00+11:00,Completed,2026-02-19T09:00:00+11:00,2026-02-19T10:00:00+11:00,S03,70
B001,HB01138-created,HB01138,created,2026-02-17T12:00:00+11:00,Booked,2026-02-19T12:00:00+11:00,2026-02-19T13:00:00+11:00,S03,70
B001,HB01138-completed,HB01138,completed,2026-02-19T13:00:00+11:00,Completed,2026-02-19T12:00:00+11:00,2026-02-19T13:00:00+11:00,S03,70
B001,HB01139-created,HB01139,created,2026-02-10T09:00:00+11:00,Booked,2026-02-20T09:00:00+11:00,2026-02-20T10:00:00+11:00,S03,70
B001,HB01139-completed,HB01139,completed,2026-02-20T10:00:00+11:00,Completed,2026-02-20T09:00:00+11:00,2026-02-20T10:00:00+11:00,S03,70
B001,HB01140-created,HB01140,created,2026-02-18T12:00:00+11:00,Booked,2026-02-20T12:00:00+11:00,2026-02-20T14:00:00+11:00,S03,180
B001,HB01140-completed,HB01140,completed,2026-02-20T14:00:00+11:00,Completed,2026-02-20T12:00:00+11:00,2026-02-20T14:00:00+11:00,S03,180
B001,HB01141-created,HB01141,created,2026-02-13T09:00:00+11:00,Booked,2026-02-23T09:00:00+11:00,2026-02-23T11:00:00+11:00,S01,180
B001,HB01141-completed,HB01141,completed,2026-02-23T11:00:00+11:00,Completed,2026-02-23T09:00:00+11:00,2026-02-23T11:00:00+11:00,S01,180
B001,HB01142-created,HB01142,created,2026-02-21T12:00:00+11:00,Booked,2026-02-23T12:00:00+11:00,2026-02-23T13:00:00+11:00,S01,70
B001,HB01142-completed,HB01142,completed,2026-02-23T13:00:00+11:00,Completed,2026-02-23T12:00:00+11:00,2026-02-23T13:00:00+11:00,S01,70
B001,HB01143-created,HB01143,created,2026-02-14T09:00:00+11:00,Booked,2026-02-24T09:00:00+11:00,2026-02-24T10:00:00+11:00,S01,70
B001,HB01143-completed,HB01143,completed,2026-02-24T10:00:00+11:00,Completed,2026-02-24T09:00:00+11:00,2026-02-24T10:00:00+11:00,S01,70
B001,HB01144-created,HB01144,created,2026-02-22T12:00:00+11:00,Booked,2026-02-24T12:00:00+11:00,2026-02-24T13:00:00+11:00,S01,70
B001,HB01144-completed,HB01144,completed,2026-02-24T13:00:00+11:00,Completed,2026-02-24T12:00:00+11:00,2026-02-24T13:00:00+11:00,S01,70
B001,HB01145-created,HB01145,created,2026-02-15T09:00:00+11:00,Booked,2026-02-25T09:00:00+11:00,2026-02-25T10:00:00+11:00,S01,70
B001,HB01145-completed,HB01145,completed,2026-02-25T10:00:00+11:00,Completed,2026-02-25T09:00:00+11:00,2026-02-25T10:00:00+11:00,S01,70
B001,HB01146-created,HB01146,created,2026-02-23T12:00:00+11:00,Booked,2026-02-25T12:00:00+11:00,2026-02-25T14:00:00+11:00,S01,180
B001,HB01146-completed,HB01146,completed,2026-02-25T14:00:00+11:00,Completed,2026-02-25T12:00:00+11:00,2026-02-25T14:00:00+11:00,S01,180
B001,HB01147-created,HB01147,created,2026-02-16T09:00:00+11:00,Booked,2026-02-26T09:00:00+11:00,2026-02-26T11:00:00+11:00,S01,180
B001,HB01147-completed,HB01147,completed,2026-02-26T11:00:00+11:00,Completed,2026-02-26T09:00:00+11:00,2026-02-26T11:00:00+11:00,S01,180
B001,HB01148-created,HB01148,created,2026-02-24T12:00:00+11:00,Booked,2026-02-26T12:00:00+11:00,2026-02-26T13:00:00+11:00,S01,70
B001,HB01148-completed,HB01148,completed,2026-02-26T13:00:00+11:00,Completed,2026-02-26T12:00:00+11:00,2026-02-26T13:00:00+11:00,S01,70
B001,HB01149-created,HB01149,created,2026-02-17T09:00:00+11:00,Booked,2026-02-27T09:00:00+11:00,2026-02-27T10:00:00+11:00,S01,70
B001,HB01149-completed,HB01149,completed,2026-02-27T10:00:00+11:00,Completed,2026-02-27T09:00:00+11:00,2026-02-27T10:00:00+11:00,S01,70
B001,HB01150-created,HB01150,created,2026-02-25T12:00:00+11:00,Booked,2026-02-27T12:00:00+11:00,2026-02-27T13:00:00+11:00,S01,70
B001,HB01150-completed,HB01150,completed,2026-02-27T13:00:00+11:00,Completed,2026-02-27T12:00:00+11:00,2026-02-27T13:00:00+11:00,S01,70
B001,HB01151-created,HB01151,created,2026-02-13T09:00:00+11:00,Booked,2026-02-23T09:00:00+11:00,2026-02-23T10:00:00+11:00,S02,70
B001,HB01151-completed,HB01151,completed,2026-02-23T10:00:00+11:00,Completed,2026-02-23T09:00:00+11:00,2026-02-23T10:00:00+11:00,S02,70
B001,HB01152-created,HB01152,created,2026-02-21T12:00:00+11:00,Booked,2026-02-23T12:00:00+11:00,2026-02-23T13:00:00+11:00,S02,70
B001,HB01152-completed,HB01152,completed,2026-02-23T13:00:00+11:00,Completed,2026-02-23T12:00:00+11:00,2026-02-23T13:00:00+11:00,S02,70
B001,HB01153-created,HB01153,created,2026-02-14T09:00:00+11:00,Booked,2026-02-24T09:00:00+11:00,2026-02-24T10:00:00+11:00,S02,70
B001,HB01153-completed,HB01153,completed,2026-02-24T10:00:00+11:00,Completed,2026-02-24T09:00:00+11:00,2026-02-24T10:00:00+11:00,S02,70
B001,HB01154-created,HB01154,created,2026-02-22T12:00:00+11:00,Booked,2026-02-24T12:00:00+11:00,2026-02-24T14:00:00+11:00,S02,180
B001,HB01154-completed,HB01154,completed,2026-02-24T14:00:00+11:00,Completed,2026-02-24T12:00:00+11:00,2026-02-24T14:00:00+11:00,S02,180
B001,HB01155-created,HB01155,created,2026-02-15T09:00:00+11:00,Booked,2026-02-25T09:00:00+11:00,2026-02-25T11:00:00+11:00,S02,180
B001,HB01155-completed,HB01155,completed,2026-02-25T11:00:00+11:00,Completed,2026-02-25T09:00:00+11:00,2026-02-25T11:00:00+11:00,S02,180
B001,HB01156-created,HB01156,created,2026-02-23T12:00:00+11:00,Booked,2026-02-25T12:00:00+11:00,2026-02-25T13:00:00+11:00,S02,70
B001,HB01156-completed,HB01156,completed,2026-02-25T13:00:00+11:00,Completed,2026-02-25T12:00:00+11:00,2026-02-25T13:00:00+11:00,S02,70
B001,HB01157-created,HB01157,created,2026-02-16T09:00:00+11:00,Booked,2026-02-26T09:00:00+11:00,2026-02-26T10:00:00+11:00,S02,70
B001,HB01157-completed,HB01157,completed,2026-02-26T10:00:00+11:00,Completed,2026-02-26T09:00:00+11:00,2026-02-26T10:00:00+11:00,S02,70
B001,HB01158-created,HB01158,created,2026-02-24T12:00:00+11:00,Booked,2026-02-26T12:00:00+11:00,2026-02-26T13:00:00+11:00,S02,70
B001,HB01158-completed,HB01158,completed,2026-02-26T13:00:00+11:00,Completed,2026-02-26T12:00:00+11:00,2026-02-26T13:00:00+11:00,S02,70
B001,HB01159-created,HB01159,created,2026-02-17T09:00:00+11:00,Booked,2026-02-27T09:00:00+11:00,2026-02-27T10:00:00+11:00,S02,70
B001,HB01159-completed,HB01159,completed,2026-02-27T10:00:00+11:00,Completed,2026-02-27T09:00:00+11:00,2026-02-27T10:00:00+11:00,S02,70
B001,HB01160-created,HB01160,created,2026-02-25T12:00:00+11:00,Booked,2026-02-27T12:00:00+11:00,2026-02-27T14:00:00+11:00,S02,180
B001,HB01160-completed,HB01160,completed,2026-02-27T14:00:00+11:00,Completed,2026-02-27T12:00:00+11:00,2026-02-27T14:00:00+11:00,S02,180
B001,HB01161-created,HB01161,created,2026-02-13T09:00:00+11:00,Booked,2026-02-23T09:00:00+11:00,2026-02-23T10:00:00+11:00,S03,70
B001,HB01161-completed,HB01161,completed,2026-02-23T10:00:00+11:00,Completed,2026-02-23T09:00:00+11:00,2026-02-23T10:00:00+11:00,S03,70
B001,HB01162-created,HB01162,created,2026-02-21T12:00:00+11:00,Booked,2026-02-23T12:00:00+11:00,2026-02-23T14:00:00+11:00,S03,180
B001,HB01162-completed,HB01162,completed,2026-02-23T14:00:00+11:00,Completed,2026-02-23T12:00:00+11:00,2026-02-23T14:00:00+11:00,S03,180
B001,HB01163-created,HB01163,created,2026-02-14T09:00:00+11:00,Booked,2026-02-24T09:00:00+11:00,2026-02-24T11:00:00+11:00,S03,180
B001,HB01163-completed,HB01163,completed,2026-02-24T11:00:00+11:00,Completed,2026-02-24T09:00:00+11:00,2026-02-24T11:00:00+11:00,S03,180
B001,HB01164-created,HB01164,created,2026-02-22T12:00:00+11:00,Booked,2026-02-24T12:00:00+11:00,2026-02-24T13:00:00+11:00,S03,70
B001,HB01164-completed,HB01164,completed,2026-02-24T13:00:00+11:00,Completed,2026-02-24T12:00:00+11:00,2026-02-24T13:00:00+11:00,S03,70
B001,HB01165-created,HB01165,created,2026-02-15T09:00:00+11:00,Booked,2026-02-25T09:00:00+11:00,2026-02-25T10:00:00+11:00,S03,70
B001,HB01165-completed,HB01165,completed,2026-02-25T10:00:00+11:00,Completed,2026-02-25T09:00:00+11:00,2026-02-25T10:00:00+11:00,S03,70
B001,HB01166-created,HB01166,created,2026-02-23T12:00:00+11:00,Booked,2026-02-25T12:00:00+11:00,2026-02-25T13:00:00+11:00,S03,70
B001,HB01166-completed,HB01166,completed,2026-02-25T13:00:00+11:00,Completed,2026-02-25T12:00:00+11:00,2026-02-25T13:00:00+11:00,S03,70
B001,HB01167-created,HB01167,created,2026-02-16T09:00:00+11:00,Booked,2026-02-26T09:00:00+11:00,2026-02-26T10:00:00+11:00,S03,70
B001,HB01167-completed,HB01167,completed,2026-02-26T10:00:00+11:00,Completed,2026-02-26T09:00:00+11:00,2026-02-26T10:00:00+11:00,S03,70
B001,HB01168-created,HB01168,created,2026-02-24T12:00:00+11:00,Booked,2026-02-26T12:00:00+11:00,2026-02-26T14:00:00+11:00,S03,180
B001,HB01168-completed,HB01168,completed,2026-02-26T14:00:00+11:00,Completed,2026-02-26T12:00:00+11:00,2026-02-26T14:00:00+11:00,S03,180
B001,HB01169-created,HB01169,created,2026-02-17T09:00:00+11:00,Booked,2026-02-27T09:00:00+11:00,2026-02-27T11:00:00+11:00,S03,180
B001,HB01169-completed,HB01169,completed,2026-02-27T11:00:00+11:00,Completed,2026-02-27T09:00:00+11:00,2026-02-27T11:00:00+11:00,S03,180
B001,HB01170-created,HB01170,created,2026-02-25T12:00:00+11:00,Booked,2026-02-27T12:00:00+11:00,2026-02-27T13:00:00+11:00,S03,70
B001,HB01170-completed,HB01170,completed,2026-02-27T13:00:00+11:00,Completed,2026-02-27T12:00:00+11:00,2026-02-27T13:00:00+11:00,S03,70
B001,HB01171-created,HB01171,created,2026-02-20T09:00:00+11:00,Booked,2026-03-02T09:00:00+11:00,2026-03-02T10:00:00+11:00,S01,70
B001,HB01171-completed,HB01171,completed,2026-03-02T10:00:00+11:00,Completed,2026-03-02T09:00:00+11:00,2026-03-02T10:00:00+11:00,S01,70
B001,HB01172-created,HB01172,created,2026-02-28T12:00:00+11:00,Booked,2026-03-02T12:00:00+11:00,2026-03-02T13:00:00+11:00,S01,70
B001,HB01172-completed,HB01172,completed,2026-03-02T13:00:00+11:00,Completed,2026-03-02T12:00:00+11:00,2026-03-02T13:00:00+11:00,S01,70
B001,HB01173-created,HB01173,created,2026-02-21T09:00:00+11:00,Booked,2026-03-03T09:00:00+11:00,2026-03-03T10:00:00+11:00,S01,70
B001,HB01173-completed,HB01173,completed,2026-03-03T10:00:00+11:00,Completed,2026-03-03T09:00:00+11:00,2026-03-03T10:00:00+11:00,S01,70
B001,HB01174-created,HB01174,created,2026-03-01T12:00:00+11:00,Booked,2026-03-03T12:00:00+11:00,2026-03-03T14:00:00+11:00,S01,180
B001,HB01174-completed,HB01174,completed,2026-03-03T14:00:00+11:00,Completed,2026-03-03T12:00:00+11:00,2026-03-03T14:00:00+11:00,S01,180
B001,HB01175-created,HB01175,created,2026-02-22T09:00:00+11:00,Booked,2026-03-04T09:00:00+11:00,2026-03-04T11:00:00+11:00,S01,180
B001,HB01175-completed,HB01175,completed,2026-03-04T11:00:00+11:00,Completed,2026-03-04T09:00:00+11:00,2026-03-04T11:00:00+11:00,S01,180
B001,HB01176-created,HB01176,created,2026-03-02T12:00:00+11:00,Booked,2026-03-04T12:00:00+11:00,2026-03-04T13:00:00+11:00,S01,70
B001,HB01176-completed,HB01176,completed,2026-03-04T13:00:00+11:00,Completed,2026-03-04T12:00:00+11:00,2026-03-04T13:00:00+11:00,S01,70
B001,HB01177-created,HB01177,created,2026-02-23T09:00:00+11:00,Booked,2026-03-05T09:00:00+11:00,2026-03-05T10:00:00+11:00,S01,70
B001,HB01177-completed,HB01177,completed,2026-03-05T10:00:00+11:00,Completed,2026-03-05T09:00:00+11:00,2026-03-05T10:00:00+11:00,S01,70
B001,HB01178-created,HB01178,created,2026-03-03T12:00:00+11:00,Booked,2026-03-05T12:00:00+11:00,2026-03-05T13:00:00+11:00,S01,70
B001,HB01178-completed,HB01178,completed,2026-03-05T13:00:00+11:00,Completed,2026-03-05T12:00:00+11:00,2026-03-05T13:00:00+11:00,S01,70
B001,HB01179-created,HB01179,created,2026-02-24T09:00:00+11:00,Booked,2026-03-06T09:00:00+11:00,2026-03-06T10:00:00+11:00,S01,70
B001,HB01179-completed,HB01179,completed,2026-03-06T10:00:00+11:00,Completed,2026-03-06T09:00:00+11:00,2026-03-06T10:00:00+11:00,S01,70
B001,HB01180-created,HB01180,created,2026-03-04T12:00:00+11:00,Booked,2026-03-06T12:00:00+11:00,2026-03-06T14:00:00+11:00,S01,180
B001,HB01180-completed,HB01180,completed,2026-03-06T14:00:00+11:00,Completed,2026-03-06T12:00:00+11:00,2026-03-06T14:00:00+11:00,S01,180
B001,HB01181-created,HB01181,created,2026-02-20T09:00:00+11:00,Booked,2026-03-02T09:00:00+11:00,2026-03-02T10:00:00+11:00,S02,70
B001,HB01181-completed,HB01181,completed,2026-03-02T10:00:00+11:00,Completed,2026-03-02T09:00:00+11:00,2026-03-02T10:00:00+11:00,S02,70
B001,HB01182-created,HB01182,created,2026-02-28T12:00:00+11:00,Booked,2026-03-02T12:00:00+11:00,2026-03-02T14:00:00+11:00,S02,180
B001,HB01182-completed,HB01182,completed,2026-03-02T14:00:00+11:00,Completed,2026-03-02T12:00:00+11:00,2026-03-02T14:00:00+11:00,S02,180
B001,HB01183-created,HB01183,created,2026-02-21T09:00:00+11:00,Booked,2026-03-03T09:00:00+11:00,2026-03-03T11:00:00+11:00,S02,180
B001,HB01183-completed,HB01183,completed,2026-03-03T11:00:00+11:00,Completed,2026-03-03T09:00:00+11:00,2026-03-03T11:00:00+11:00,S02,180
B001,HB01184-created,HB01184,created,2026-03-01T12:00:00+11:00,Booked,2026-03-03T12:00:00+11:00,2026-03-03T13:00:00+11:00,S02,70
B001,HB01184-completed,HB01184,completed,2026-03-03T13:00:00+11:00,Completed,2026-03-03T12:00:00+11:00,2026-03-03T13:00:00+11:00,S02,70
B001,HB01185-created,HB01185,created,2026-02-22T09:00:00+11:00,Booked,2026-03-04T09:00:00+11:00,2026-03-04T10:00:00+11:00,S02,70
B001,HB01185-completed,HB01185,completed,2026-03-04T10:00:00+11:00,Completed,2026-03-04T09:00:00+11:00,2026-03-04T10:00:00+11:00,S02,70
B001,HB01186-created,HB01186,created,2026-03-02T12:00:00+11:00,Booked,2026-03-04T12:00:00+11:00,2026-03-04T13:00:00+11:00,S02,70
B001,HB01186-completed,HB01186,completed,2026-03-04T13:00:00+11:00,Completed,2026-03-04T12:00:00+11:00,2026-03-04T13:00:00+11:00,S02,70
B001,HB01187-created,HB01187,created,2026-02-23T09:00:00+11:00,Booked,2026-03-05T09:00:00+11:00,2026-03-05T10:00:00+11:00,S02,70
B001,HB01187-completed,HB01187,completed,2026-03-05T10:00:00+11:00,Completed,2026-03-05T09:00:00+11:00,2026-03-05T10:00:00+11:00,S02,70
B001,HB01188-created,HB01188,created,2026-03-03T12:00:00+11:00,Booked,2026-03-05T12:00:00+11:00,2026-03-05T14:00:00+11:00,S02,180
B001,HB01188-completed,HB01188,completed,2026-03-05T14:00:00+11:00,Completed,2026-03-05T12:00:00+11:00,2026-03-05T14:00:00+11:00,S02,180
B001,HB01189-created,HB01189,created,2026-02-24T09:00:00+11:00,Booked,2026-03-06T09:00:00+11:00,2026-03-06T11:00:00+11:00,S02,180
B001,HB01189-completed,HB01189,completed,2026-03-06T11:00:00+11:00,Completed,2026-03-06T09:00:00+11:00,2026-03-06T11:00:00+11:00,S02,180
B001,HB01190-created,HB01190,created,2026-03-04T12:00:00+11:00,Booked,2026-03-06T12:00:00+11:00,2026-03-06T13:00:00+11:00,S02,70
B001,HB01190-completed,HB01190,completed,2026-03-06T13:00:00+11:00,Completed,2026-03-06T12:00:00+11:00,2026-03-06T13:00:00+11:00,S02,70
B001,HB01191-created,HB01191,created,2026-02-20T09:00:00+11:00,Booked,2026-03-02T09:00:00+11:00,2026-03-02T11:00:00+11:00,S03,180
B001,HB01191-completed,HB01191,completed,2026-03-02T11:00:00+11:00,Completed,2026-03-02T09:00:00+11:00,2026-03-02T11:00:00+11:00,S03,180
B001,HB01192-created,HB01192,created,2026-02-28T12:00:00+11:00,Booked,2026-03-02T12:00:00+11:00,2026-03-02T13:00:00+11:00,S03,70
B001,HB01192-completed,HB01192,completed,2026-03-02T13:00:00+11:00,Completed,2026-03-02T12:00:00+11:00,2026-03-02T13:00:00+11:00,S03,70
B001,HB01193-created,HB01193,created,2026-02-21T09:00:00+11:00,Booked,2026-03-03T09:00:00+11:00,2026-03-03T10:00:00+11:00,S03,70
B001,HB01193-completed,HB01193,completed,2026-03-03T10:00:00+11:00,Completed,2026-03-03T09:00:00+11:00,2026-03-03T10:00:00+11:00,S03,70
B001,HB01194-created,HB01194,created,2026-03-01T12:00:00+11:00,Booked,2026-03-03T12:00:00+11:00,2026-03-03T13:00:00+11:00,S03,70
B001,HB01194-completed,HB01194,completed,2026-03-03T13:00:00+11:00,Completed,2026-03-03T12:00:00+11:00,2026-03-03T13:00:00+11:00,S03,70
B001,HB01195-created,HB01195,created,2026-02-22T09:00:00+11:00,Booked,2026-03-04T09:00:00+11:00,2026-03-04T10:00:00+11:00,S03,70
B001,HB01195-completed,HB01195,completed,2026-03-04T10:00:00+11:00,Completed,2026-03-04T09:00:00+11:00,2026-03-04T10:00:00+11:00,S03,70
B001,HB01196-created,HB01196,created,2026-03-02T12:00:00+11:00,Booked,2026-03-04T12:00:00+11:00,2026-03-04T14:00:00+11:00,S03,180
B001,HB01196-completed,HB01196,completed,2026-03-04T14:00:00+11:00,Completed,2026-03-04T12:00:00+11:00,2026-03-04T14:00:00+11:00,S03,180
B001,HB01197-created,HB01197,created,2026-02-23T09:00:00+11:00,Booked,2026-03-05T09:00:00+11:00,2026-03-05T11:00:00+11:00,S03,180
B001,HB01197-completed,HB01197,completed,2026-03-05T11:00:00+11:00,Completed,2026-03-05T09:00:00+11:00,2026-03-05T11:00:00+11:00,S03,180
B001,HB01198-created,HB01198,created,2026-03-03T12:00:00+11:00,Booked,2026-03-05T12:00:00+11:00,2026-03-05T13:00:00+11:00,S03,70
B001,HB01198-completed,HB01198,completed,2026-03-05T13:00:00+11:00,Completed,2026-03-05T12:00:00+11:00,2026-03-05T13:00:00+11:00,S03,70
B001,HB01199-created,HB01199,created,2026-02-24T09:00:00+11:00,Booked,2026-03-06T09:00:00+11:00,2026-03-06T10:00:00+11:00,S03,70
B001,HB01199-completed,HB01199,completed,2026-03-06T10:00:00+11:00,Completed,2026-03-06T09:00:00+11:00,2026-03-06T10:00:00+11:00,S03,70
B001,HB01200-created,HB01200,created,2026-03-04T12:00:00+11:00,Booked,2026-03-06T12:00:00+11:00,2026-03-06T13:00:00+11:00,S03,70
B001,HB01200-completed,HB01200,completed,2026-03-06T13:00:00+11:00,Completed,2026-03-06T12:00:00+11:00,2026-03-06T13:00:00+11:00,S03,70
B001,HB01201-created,HB01201,created,2026-02-27T09:00:00+11:00,Booked,2026-03-09T09:00:00+11:00,2026-03-09T10:00:00+11:00,S01,70
B001,HB01201-completed,HB01201,completed,2026-03-09T10:00:00+11:00,Completed,2026-03-09T09:00:00+11:00,2026-03-09T10:00:00+11:00,S01,70
B001,HB01202-created,HB01202,created,2026-03-07T12:00:00+11:00,Booked,2026-03-09T12:00:00+11:00,2026-03-09T14:00:00+11:00,S01,180
B001,HB01202-completed,HB01202,completed,2026-03-09T14:00:00+11:00,Completed,2026-03-09T12:00:00+11:00,2026-03-09T14:00:00+11:00,S01,180
B001,HB01203-created,HB01203,created,2026-02-28T09:00:00+11:00,Booked,2026-03-10T09:00:00+11:00,2026-03-10T11:00:00+11:00,S01,180
B001,HB01203-completed,HB01203,completed,2026-03-10T11:00:00+11:00,Completed,2026-03-10T09:00:00+11:00,2026-03-10T11:00:00+11:00,S01,180
B001,HB01204-created,HB01204,created,2026-03-08T12:00:00+11:00,Booked,2026-03-10T12:00:00+11:00,2026-03-10T13:00:00+11:00,S01,70
B001,HB01204-completed,HB01204,completed,2026-03-10T13:00:00+11:00,Completed,2026-03-10T12:00:00+11:00,2026-03-10T13:00:00+11:00,S01,70
B001,HB01205-created,HB01205,created,2026-03-01T09:00:00+11:00,Booked,2026-03-11T09:00:00+11:00,2026-03-11T10:00:00+11:00,S01,70
B001,HB01205-completed,HB01205,completed,2026-03-11T10:00:00+11:00,Completed,2026-03-11T09:00:00+11:00,2026-03-11T10:00:00+11:00,S01,70
B001,HB01206-created,HB01206,created,2026-03-09T12:00:00+11:00,Booked,2026-03-11T12:00:00+11:00,2026-03-11T13:00:00+11:00,S01,70
B001,HB01206-completed,HB01206,completed,2026-03-11T13:00:00+11:00,Completed,2026-03-11T12:00:00+11:00,2026-03-11T13:00:00+11:00,S01,70
B001,HB01207-created,HB01207,created,2026-03-02T09:00:00+11:00,Booked,2026-03-12T09:00:00+11:00,2026-03-12T10:00:00+11:00,S01,70
B001,HB01207-completed,HB01207,completed,2026-03-12T10:00:00+11:00,Completed,2026-03-12T09:00:00+11:00,2026-03-12T10:00:00+11:00,S01,70
B001,HB01208-created,HB01208,created,2026-03-10T12:00:00+11:00,Booked,2026-03-12T12:00:00+11:00,2026-03-12T14:00:00+11:00,S01,180
B001,HB01208-completed,HB01208,completed,2026-03-12T14:00:00+11:00,Completed,2026-03-12T12:00:00+11:00,2026-03-12T14:00:00+11:00,S01,180
B001,HB01209-created,HB01209,created,2026-03-03T09:00:00+11:00,Booked,2026-03-13T09:00:00+11:00,2026-03-13T11:00:00+11:00,S01,180
B001,HB01209-completed,HB01209,completed,2026-03-13T11:00:00+11:00,Completed,2026-03-13T09:00:00+11:00,2026-03-13T11:00:00+11:00,S01,180
B001,HB01210-created,HB01210,created,2026-03-11T12:00:00+11:00,Booked,2026-03-13T12:00:00+11:00,2026-03-13T13:00:00+11:00,S01,70
B001,HB01210-completed,HB01210,completed,2026-03-13T13:00:00+11:00,Completed,2026-03-13T12:00:00+11:00,2026-03-13T13:00:00+11:00,S01,70
B001,HB01211-created,HB01211,created,2026-02-27T09:00:00+11:00,Booked,2026-03-09T09:00:00+11:00,2026-03-09T11:00:00+11:00,S02,180
B001,HB01211-completed,HB01211,completed,2026-03-09T11:00:00+11:00,Completed,2026-03-09T09:00:00+11:00,2026-03-09T11:00:00+11:00,S02,180
B001,HB01212-created,HB01212,created,2026-03-07T12:00:00+11:00,Booked,2026-03-09T12:00:00+11:00,2026-03-09T13:00:00+11:00,S02,70
B001,HB01212-completed,HB01212,completed,2026-03-09T13:00:00+11:00,Completed,2026-03-09T12:00:00+11:00,2026-03-09T13:00:00+11:00,S02,70
B001,HB01213-created,HB01213,created,2026-02-28T09:00:00+11:00,Booked,2026-03-10T09:00:00+11:00,2026-03-10T10:00:00+11:00,S02,70
B001,HB01213-completed,HB01213,completed,2026-03-10T10:00:00+11:00,Completed,2026-03-10T09:00:00+11:00,2026-03-10T10:00:00+11:00,S02,70
B001,HB01214-created,HB01214,created,2026-03-08T12:00:00+11:00,Booked,2026-03-10T12:00:00+11:00,2026-03-10T13:00:00+11:00,S02,70
B001,HB01214-completed,HB01214,completed,2026-03-10T13:00:00+11:00,Completed,2026-03-10T12:00:00+11:00,2026-03-10T13:00:00+11:00,S02,70
B001,HB01215-created,HB01215,created,2026-03-01T09:00:00+11:00,Booked,2026-03-11T09:00:00+11:00,2026-03-11T10:00:00+11:00,S02,70
B001,HB01215-completed,HB01215,completed,2026-03-11T10:00:00+11:00,Completed,2026-03-11T09:00:00+11:00,2026-03-11T10:00:00+11:00,S02,70
B001,HB01216-created,HB01216,created,2026-03-09T12:00:00+11:00,Booked,2026-03-11T12:00:00+11:00,2026-03-11T14:00:00+11:00,S02,180
B001,HB01216-completed,HB01216,completed,2026-03-11T14:00:00+11:00,Completed,2026-03-11T12:00:00+11:00,2026-03-11T14:00:00+11:00,S02,180
B001,HB01217-created,HB01217,created,2026-03-02T09:00:00+11:00,Booked,2026-03-12T09:00:00+11:00,2026-03-12T11:00:00+11:00,S02,180
B001,HB01217-completed,HB01217,completed,2026-03-12T11:00:00+11:00,Completed,2026-03-12T09:00:00+11:00,2026-03-12T11:00:00+11:00,S02,180
B001,HB01218-created,HB01218,created,2026-03-10T12:00:00+11:00,Booked,2026-03-12T12:00:00+11:00,2026-03-12T13:00:00+11:00,S02,70
B001,HB01218-completed,HB01218,completed,2026-03-12T13:00:00+11:00,Completed,2026-03-12T12:00:00+11:00,2026-03-12T13:00:00+11:00,S02,70
B001,HB01219-created,HB01219,created,2026-03-03T09:00:00+11:00,Booked,2026-03-13T09:00:00+11:00,2026-03-13T10:00:00+11:00,S02,70
B001,HB01219-completed,HB01219,completed,2026-03-13T10:00:00+11:00,Completed,2026-03-13T09:00:00+11:00,2026-03-13T10:00:00+11:00,S02,70
B001,HB01220-created,HB01220,created,2026-03-11T12:00:00+11:00,Booked,2026-03-13T12:00:00+11:00,2026-03-13T13:00:00+11:00,S02,70
B001,HB01220-completed,HB01220,completed,2026-03-13T13:00:00+11:00,Completed,2026-03-13T12:00:00+11:00,2026-03-13T13:00:00+11:00,S02,70
B001,HB01221-created,HB01221,created,2026-02-27T09:00:00+11:00,Booked,2026-03-09T09:00:00+11:00,2026-03-09T10:00:00+11:00,S03,70
B001,HB01221-completed,HB01221,completed,2026-03-09T10:00:00+11:00,Completed,2026-03-09T09:00:00+11:00,2026-03-09T10:00:00+11:00,S03,70
B001,HB01222-created,HB01222,created,2026-03-07T12:00:00+11:00,Booked,2026-03-09T12:00:00+11:00,2026-03-09T13:00:00+11:00,S03,70
B001,HB01222-completed,HB01222,completed,2026-03-09T13:00:00+11:00,Completed,2026-03-09T12:00:00+11:00,2026-03-09T13:00:00+11:00,S03,70
B001,HB01223-created,HB01223,created,2026-02-28T09:00:00+11:00,Booked,2026-03-10T09:00:00+11:00,2026-03-10T10:00:00+11:00,S03,70
B001,HB01223-completed,HB01223,completed,2026-03-10T10:00:00+11:00,Completed,2026-03-10T09:00:00+11:00,2026-03-10T10:00:00+11:00,S03,70
B001,HB01224-created,HB01224,created,2026-03-08T12:00:00+11:00,Booked,2026-03-10T12:00:00+11:00,2026-03-10T14:00:00+11:00,S03,180
B001,HB01224-completed,HB01224,completed,2026-03-10T14:00:00+11:00,Completed,2026-03-10T12:00:00+11:00,2026-03-10T14:00:00+11:00,S03,180
B001,HB01225-created,HB01225,created,2026-03-01T09:00:00+11:00,Booked,2026-03-11T09:00:00+11:00,2026-03-11T11:00:00+11:00,S03,180
B001,HB01225-completed,HB01225,completed,2026-03-11T11:00:00+11:00,Completed,2026-03-11T09:00:00+11:00,2026-03-11T11:00:00+11:00,S03,180
B001,HB01226-created,HB01226,created,2026-03-09T12:00:00+11:00,Booked,2026-03-11T12:00:00+11:00,2026-03-11T13:00:00+11:00,S03,70
B001,HB01226-completed,HB01226,completed,2026-03-11T13:00:00+11:00,Completed,2026-03-11T12:00:00+11:00,2026-03-11T13:00:00+11:00,S03,70
B001,HB01227-created,HB01227,created,2026-03-02T09:00:00+11:00,Booked,2026-03-12T09:00:00+11:00,2026-03-12T10:00:00+11:00,S03,70
B001,HB01227-completed,HB01227,completed,2026-03-12T10:00:00+11:00,Completed,2026-03-12T09:00:00+11:00,2026-03-12T10:00:00+11:00,S03,70
B001,HB01228-created,HB01228,created,2026-03-10T12:00:00+11:00,Booked,2026-03-12T12:00:00+11:00,2026-03-12T13:00:00+11:00,S03,70
B001,HB01228-completed,HB01228,completed,2026-03-12T13:00:00+11:00,Completed,2026-03-12T12:00:00+11:00,2026-03-12T13:00:00+11:00,S03,70
B001,HB01229-created,HB01229,created,2026-03-03T09:00:00+11:00,Booked,2026-03-13T09:00:00+11:00,2026-03-13T10:00:00+11:00,S03,70
B001,HB01229-completed,HB01229,completed,2026-03-13T10:00:00+11:00,Completed,2026-03-13T09:00:00+11:00,2026-03-13T10:00:00+11:00,S03,70
B001,HB01230-created,HB01230,created,2026-03-11T12:00:00+11:00,Booked,2026-03-13T12:00:00+11:00,2026-03-13T14:00:00+11:00,S03,180
B001,HB01230-completed,HB01230,completed,2026-03-13T14:00:00+11:00,Completed,2026-03-13T12:00:00+11:00,2026-03-13T14:00:00+11:00,S03,180
B001,HB01231-created,HB01231,created,2026-03-06T09:00:00+11:00,Booked,2026-03-16T09:00:00+11:00,2026-03-16T11:00:00+11:00,S01,180
B001,HB01231-completed,HB01231,completed,2026-03-16T11:00:00+11:00,Completed,2026-03-16T09:00:00+11:00,2026-03-16T11:00:00+11:00,S01,180
B001,HB01232-created,HB01232,created,2026-03-14T12:00:00+11:00,Booked,2026-03-16T12:00:00+11:00,2026-03-16T13:00:00+11:00,S01,70
B001,HB01232-completed,HB01232,completed,2026-03-16T13:00:00+11:00,Completed,2026-03-16T12:00:00+11:00,2026-03-16T13:00:00+11:00,S01,70
B001,HB01233-created,HB01233,created,2026-03-07T09:00:00+11:00,Booked,2026-03-17T09:00:00+11:00,2026-03-17T10:00:00+11:00,S01,70
B001,HB01233-completed,HB01233,completed,2026-03-17T10:00:00+11:00,Completed,2026-03-17T09:00:00+11:00,2026-03-17T10:00:00+11:00,S01,70
B001,HB01234-created,HB01234,created,2026-03-15T12:00:00+11:00,Booked,2026-03-17T12:00:00+11:00,2026-03-17T13:00:00+11:00,S01,70
B001,HB01234-completed,HB01234,completed,2026-03-17T13:00:00+11:00,Completed,2026-03-17T12:00:00+11:00,2026-03-17T13:00:00+11:00,S01,70
B001,HB01235-created,HB01235,created,2026-03-08T09:00:00+11:00,Booked,2026-03-18T09:00:00+11:00,2026-03-18T10:00:00+11:00,S01,70
B001,HB01235-completed,HB01235,completed,2026-03-18T10:00:00+11:00,Completed,2026-03-18T09:00:00+11:00,2026-03-18T10:00:00+11:00,S01,70
B001,HB01236-created,HB01236,created,2026-03-16T12:00:00+11:00,Booked,2026-03-18T12:00:00+11:00,2026-03-18T14:00:00+11:00,S01,180
B001,HB01236-completed,HB01236,completed,2026-03-18T14:00:00+11:00,Completed,2026-03-18T12:00:00+11:00,2026-03-18T14:00:00+11:00,S01,180
B001,HB01237-created,HB01237,created,2026-03-09T09:00:00+11:00,Booked,2026-03-19T09:00:00+11:00,2026-03-19T11:00:00+11:00,S01,180
B001,HB01237-completed,HB01237,completed,2026-03-19T11:00:00+11:00,Completed,2026-03-19T09:00:00+11:00,2026-03-19T11:00:00+11:00,S01,180
B001,HB01238-created,HB01238,created,2026-03-17T12:00:00+11:00,Booked,2026-03-19T12:00:00+11:00,2026-03-19T13:00:00+11:00,S01,70
B001,HB01238-completed,HB01238,completed,2026-03-19T13:00:00+11:00,Completed,2026-03-19T12:00:00+11:00,2026-03-19T13:00:00+11:00,S01,70
B001,HB01239-created,HB01239,created,2026-03-10T09:00:00+11:00,Booked,2026-03-20T09:00:00+11:00,2026-03-20T10:00:00+11:00,S01,70
B001,HB01239-completed,HB01239,completed,2026-03-20T10:00:00+11:00,Completed,2026-03-20T09:00:00+11:00,2026-03-20T10:00:00+11:00,S01,70
B001,HB01240-created,HB01240,created,2026-03-18T12:00:00+11:00,Booked,2026-03-20T12:00:00+11:00,2026-03-20T13:00:00+11:00,S01,70
B001,HB01240-completed,HB01240,completed,2026-03-20T13:00:00+11:00,Completed,2026-03-20T12:00:00+11:00,2026-03-20T13:00:00+11:00,S01,70
B001,HB01241-created,HB01241,created,2026-03-06T09:00:00+11:00,Booked,2026-03-16T09:00:00+11:00,2026-03-16T10:00:00+11:00,S02,70
B001,HB01241-completed,HB01241,completed,2026-03-16T10:00:00+11:00,Completed,2026-03-16T09:00:00+11:00,2026-03-16T10:00:00+11:00,S02,70
B001,HB01242-created,HB01242,created,2026-03-14T12:00:00+11:00,Booked,2026-03-16T12:00:00+11:00,2026-03-16T13:00:00+11:00,S02,70
B001,HB01242-completed,HB01242,completed,2026-03-16T13:00:00+11:00,Completed,2026-03-16T12:00:00+11:00,2026-03-16T13:00:00+11:00,S02,70
B001,HB01243-created,HB01243,created,2026-03-07T09:00:00+11:00,Booked,2026-03-17T09:00:00+11:00,2026-03-17T10:00:00+11:00,S02,70
B001,HB01243-completed,HB01243,completed,2026-03-17T10:00:00+11:00,Completed,2026-03-17T09:00:00+11:00,2026-03-17T10:00:00+11:00,S02,70
B001,HB01244-created,HB01244,created,2026-03-15T12:00:00+11:00,Booked,2026-03-17T12:00:00+11:00,2026-03-17T14:00:00+11:00,S02,180
B001,HB01244-completed,HB01244,completed,2026-03-17T14:00:00+11:00,Completed,2026-03-17T12:00:00+11:00,2026-03-17T14:00:00+11:00,S02,180
B001,HB01245-created,HB01245,created,2026-03-08T09:00:00+11:00,Booked,2026-03-18T09:00:00+11:00,2026-03-18T11:00:00+11:00,S02,180
B001,HB01245-completed,HB01245,completed,2026-03-18T11:00:00+11:00,Completed,2026-03-18T09:00:00+11:00,2026-03-18T11:00:00+11:00,S02,180
B001,HB01246-created,HB01246,created,2026-03-16T12:00:00+11:00,Booked,2026-03-18T12:00:00+11:00,2026-03-18T13:00:00+11:00,S02,70
B001,HB01246-completed,HB01246,completed,2026-03-18T13:00:00+11:00,Completed,2026-03-18T12:00:00+11:00,2026-03-18T13:00:00+11:00,S02,70
B001,HB01247-created,HB01247,created,2026-03-09T09:00:00+11:00,Booked,2026-03-19T09:00:00+11:00,2026-03-19T10:00:00+11:00,S02,70
B001,HB01247-completed,HB01247,completed,2026-03-19T10:00:00+11:00,Completed,2026-03-19T09:00:00+11:00,2026-03-19T10:00:00+11:00,S02,70
B001,HB01248-created,HB01248,created,2026-03-17T12:00:00+11:00,Booked,2026-03-19T12:00:00+11:00,2026-03-19T13:00:00+11:00,S02,70
B001,HB01248-completed,HB01248,completed,2026-03-19T13:00:00+11:00,Completed,2026-03-19T12:00:00+11:00,2026-03-19T13:00:00+11:00,S02,70
B001,HB01249-created,HB01249,created,2026-03-10T09:00:00+11:00,Booked,2026-03-20T09:00:00+11:00,2026-03-20T10:00:00+11:00,S02,70
B001,HB01249-completed,HB01249,completed,2026-03-20T10:00:00+11:00,Completed,2026-03-20T09:00:00+11:00,2026-03-20T10:00:00+11:00,S02,70
B001,HB01250-created,HB01250,created,2026-03-18T12:00:00+11:00,Booked,2026-03-20T12:00:00+11:00,2026-03-20T14:00:00+11:00,S02,180
B001,HB01250-completed,HB01250,completed,2026-03-20T14:00:00+11:00,Completed,2026-03-20T12:00:00+11:00,2026-03-20T14:00:00+11:00,S02,180
B001,HB01251-created,HB01251,created,2026-03-06T09:00:00+11:00,Booked,2026-03-16T09:00:00+11:00,2026-03-16T10:00:00+11:00,S03,70
B001,HB01251-completed,HB01251,completed,2026-03-16T10:00:00+11:00,Completed,2026-03-16T09:00:00+11:00,2026-03-16T10:00:00+11:00,S03,70
B001,HB01252-created,HB01252,created,2026-03-14T12:00:00+11:00,Booked,2026-03-16T12:00:00+11:00,2026-03-16T14:00:00+11:00,S03,180
B001,HB01252-completed,HB01252,completed,2026-03-16T14:00:00+11:00,Completed,2026-03-16T12:00:00+11:00,2026-03-16T14:00:00+11:00,S03,180
B001,HB01253-created,HB01253,created,2026-03-07T09:00:00+11:00,Booked,2026-03-17T09:00:00+11:00,2026-03-17T11:00:00+11:00,S03,180
B001,HB01253-completed,HB01253,completed,2026-03-17T11:00:00+11:00,Completed,2026-03-17T09:00:00+11:00,2026-03-17T11:00:00+11:00,S03,180
B001,HB01254-created,HB01254,created,2026-03-15T12:00:00+11:00,Booked,2026-03-17T12:00:00+11:00,2026-03-17T13:00:00+11:00,S03,70
B001,HB01254-completed,HB01254,completed,2026-03-17T13:00:00+11:00,Completed,2026-03-17T12:00:00+11:00,2026-03-17T13:00:00+11:00,S03,70
B001,HB01255-created,HB01255,created,2026-03-08T09:00:00+11:00,Booked,2026-03-18T09:00:00+11:00,2026-03-18T10:00:00+11:00,S03,70
B001,HB01255-completed,HB01255,completed,2026-03-18T10:00:00+11:00,Completed,2026-03-18T09:00:00+11:00,2026-03-18T10:00:00+11:00,S03,70
B001,HB01256-created,HB01256,created,2026-03-16T12:00:00+11:00,Booked,2026-03-18T12:00:00+11:00,2026-03-18T13:00:00+11:00,S03,70
B001,HB01256-completed,HB01256,completed,2026-03-18T13:00:00+11:00,Completed,2026-03-18T12:00:00+11:00,2026-03-18T13:00:00+11:00,S03,70
B001,HB01257-created,HB01257,created,2026-03-09T09:00:00+11:00,Booked,2026-03-19T09:00:00+11:00,2026-03-19T10:00:00+11:00,S03,70
B001,HB01257-completed,HB01257,completed,2026-03-19T10:00:00+11:00,Completed,2026-03-19T09:00:00+11:00,2026-03-19T10:00:00+11:00,S03,70
B001,HB01258-created,HB01258,created,2026-03-17T12:00:00+11:00,Booked,2026-03-19T12:00:00+11:00,2026-03-19T14:00:00+11:00,S03,180
B001,HB01258-completed,HB01258,completed,2026-03-19T14:00:00+11:00,Completed,2026-03-19T12:00:00+11:00,2026-03-19T14:00:00+11:00,S03,180
B001,HB01259-created,HB01259,created,2026-03-10T09:00:00+11:00,Booked,2026-03-20T09:00:00+11:00,2026-03-20T11:00:00+11:00,S03,180
B001,HB01259-completed,HB01259,completed,2026-03-20T11:00:00+11:00,Completed,2026-03-20T09:00:00+11:00,2026-03-20T11:00:00+11:00,S03,180
B001,HB01260-created,HB01260,created,2026-03-18T12:00:00+11:00,Booked,2026-03-20T12:00:00+11:00,2026-03-20T13:00:00+11:00,S03,70
B001,HB01260-completed,HB01260,completed,2026-03-20T13:00:00+11:00,Completed,2026-03-20T12:00:00+11:00,2026-03-20T13:00:00+11:00,S03,70
B001,HB01261-created,HB01261,created,2026-03-13T09:00:00+11:00,Booked,2026-03-23T09:00:00+11:00,2026-03-23T10:00:00+11:00,S01,70
B001,HB01261-completed,HB01261,completed,2026-03-23T10:00:00+11:00,Completed,2026-03-23T09:00:00+11:00,2026-03-23T10:00:00+11:00,S01,70
B001,HB01262-created,HB01262,created,2026-03-21T12:00:00+11:00,Booked,2026-03-23T12:00:00+11:00,2026-03-23T13:00:00+11:00,S01,70
B001,HB01262-completed,HB01262,completed,2026-03-23T13:00:00+11:00,Completed,2026-03-23T12:00:00+11:00,2026-03-23T13:00:00+11:00,S01,70
B001,HB01263-created,HB01263,created,2026-03-14T09:00:00+11:00,Booked,2026-03-24T09:00:00+11:00,2026-03-24T10:00:00+11:00,S01,70
B001,HB01263-completed,HB01263,completed,2026-03-24T10:00:00+11:00,Completed,2026-03-24T09:00:00+11:00,2026-03-24T10:00:00+11:00,S01,70
B001,HB01264-created,HB01264,created,2026-03-22T12:00:00+11:00,Booked,2026-03-24T12:00:00+11:00,2026-03-24T14:00:00+11:00,S01,180
B001,HB01264-completed,HB01264,completed,2026-03-24T14:00:00+11:00,Completed,2026-03-24T12:00:00+11:00,2026-03-24T14:00:00+11:00,S01,180
B001,HB01265-created,HB01265,created,2026-03-15T09:00:00+11:00,Booked,2026-03-25T09:00:00+11:00,2026-03-25T11:00:00+11:00,S01,180
B001,HB01265-completed,HB01265,completed,2026-03-25T11:00:00+11:00,Completed,2026-03-25T09:00:00+11:00,2026-03-25T11:00:00+11:00,S01,180
B001,HB01266-created,HB01266,created,2026-03-23T12:00:00+11:00,Booked,2026-03-25T12:00:00+11:00,2026-03-25T13:00:00+11:00,S01,70
B001,HB01266-completed,HB01266,completed,2026-03-25T13:00:00+11:00,Completed,2026-03-25T12:00:00+11:00,2026-03-25T13:00:00+11:00,S01,70
B001,HB01267-created,HB01267,created,2026-03-16T09:00:00+11:00,Booked,2026-03-26T09:00:00+11:00,2026-03-26T10:00:00+11:00,S01,70
B001,HB01267-completed,HB01267,completed,2026-03-26T10:00:00+11:00,Completed,2026-03-26T09:00:00+11:00,2026-03-26T10:00:00+11:00,S01,70
B001,HB01268-created,HB01268,created,2026-03-24T12:00:00+11:00,Booked,2026-03-26T12:00:00+11:00,2026-03-26T13:00:00+11:00,S01,70
B001,HB01268-completed,HB01268,completed,2026-03-26T13:00:00+11:00,Completed,2026-03-26T12:00:00+11:00,2026-03-26T13:00:00+11:00,S01,70
B001,HB01269-created,HB01269,created,2026-03-17T09:00:00+11:00,Booked,2026-03-27T09:00:00+11:00,2026-03-27T10:00:00+11:00,S01,70
B001,HB01269-completed,HB01269,completed,2026-03-27T10:00:00+11:00,Completed,2026-03-27T09:00:00+11:00,2026-03-27T10:00:00+11:00,S01,70
B001,HB01270-created,HB01270,created,2026-03-25T12:00:00+11:00,Booked,2026-03-27T12:00:00+11:00,2026-03-27T14:00:00+11:00,S01,180
B001,HB01270-completed,HB01270,completed,2026-03-27T14:00:00+11:00,Completed,2026-03-27T12:00:00+11:00,2026-03-27T14:00:00+11:00,S01,180
B001,HB01271-created,HB01271,created,2026-03-13T09:00:00+11:00,Booked,2026-03-23T09:00:00+11:00,2026-03-23T10:00:00+11:00,S02,70
B001,HB01271-completed,HB01271,completed,2026-03-23T10:00:00+11:00,Completed,2026-03-23T09:00:00+11:00,2026-03-23T10:00:00+11:00,S02,70
B001,HB01272-created,HB01272,created,2026-03-21T12:00:00+11:00,Booked,2026-03-23T12:00:00+11:00,2026-03-23T14:00:00+11:00,S02,180
B001,HB01272-completed,HB01272,completed,2026-03-23T14:00:00+11:00,Completed,2026-03-23T12:00:00+11:00,2026-03-23T14:00:00+11:00,S02,180
B001,HB01273-created,HB01273,created,2026-03-14T09:00:00+11:00,Booked,2026-03-24T09:00:00+11:00,2026-03-24T11:00:00+11:00,S02,180
B001,HB01273-completed,HB01273,completed,2026-03-24T11:00:00+11:00,Completed,2026-03-24T09:00:00+11:00,2026-03-24T11:00:00+11:00,S02,180
B001,HB01274-created,HB01274,created,2026-03-22T12:00:00+11:00,Booked,2026-03-24T12:00:00+11:00,2026-03-24T13:00:00+11:00,S02,70
B001,HB01274-completed,HB01274,completed,2026-03-24T13:00:00+11:00,Completed,2026-03-24T12:00:00+11:00,2026-03-24T13:00:00+11:00,S02,70
B001,HB01275-created,HB01275,created,2026-03-15T09:00:00+11:00,Booked,2026-03-25T09:00:00+11:00,2026-03-25T10:00:00+11:00,S02,70
B001,HB01275-completed,HB01275,completed,2026-03-25T10:00:00+11:00,Completed,2026-03-25T09:00:00+11:00,2026-03-25T10:00:00+11:00,S02,70
B001,HB01276-created,HB01276,created,2026-03-23T12:00:00+11:00,Booked,2026-03-25T12:00:00+11:00,2026-03-25T13:00:00+11:00,S02,70
B001,HB01276-completed,HB01276,completed,2026-03-25T13:00:00+11:00,Completed,2026-03-25T12:00:00+11:00,2026-03-25T13:00:00+11:00,S02,70
B001,HB01277-created,HB01277,created,2026-03-16T09:00:00+11:00,Booked,2026-03-26T09:00:00+11:00,2026-03-26T10:00:00+11:00,S02,70
B001,HB01277-completed,HB01277,completed,2026-03-26T10:00:00+11:00,Completed,2026-03-26T09:00:00+11:00,2026-03-26T10:00:00+11:00,S02,70
B001,HB01278-created,HB01278,created,2026-03-24T12:00:00+11:00,Booked,2026-03-26T12:00:00+11:00,2026-03-26T14:00:00+11:00,S02,180
B001,HB01278-completed,HB01278,completed,2026-03-26T14:00:00+11:00,Completed,2026-03-26T12:00:00+11:00,2026-03-26T14:00:00+11:00,S02,180
B001,HB01279-created,HB01279,created,2026-03-17T09:00:00+11:00,Booked,2026-03-27T09:00:00+11:00,2026-03-27T11:00:00+11:00,S02,180
B001,HB01279-completed,HB01279,completed,2026-03-27T11:00:00+11:00,Completed,2026-03-27T09:00:00+11:00,2026-03-27T11:00:00+11:00,S02,180
B001,HB01280-created,HB01280,created,2026-03-25T12:00:00+11:00,Booked,2026-03-27T12:00:00+11:00,2026-03-27T13:00:00+11:00,S02,70
B001,HB01280-completed,HB01280,completed,2026-03-27T13:00:00+11:00,Completed,2026-03-27T12:00:00+11:00,2026-03-27T13:00:00+11:00,S02,70
B001,HB01281-created,HB01281,created,2026-03-13T09:00:00+11:00,Booked,2026-03-23T09:00:00+11:00,2026-03-23T11:00:00+11:00,S03,180
B001,HB01281-completed,HB01281,completed,2026-03-23T11:00:00+11:00,Completed,2026-03-23T09:00:00+11:00,2026-03-23T11:00:00+11:00,S03,180
B001,HB01282-created,HB01282,created,2026-03-21T12:00:00+11:00,Booked,2026-03-23T12:00:00+11:00,2026-03-23T13:00:00+11:00,S03,70
B001,HB01282-completed,HB01282,completed,2026-03-23T13:00:00+11:00,Completed,2026-03-23T12:00:00+11:00,2026-03-23T13:00:00+11:00,S03,70
B001,HB01283-created,HB01283,created,2026-03-14T09:00:00+11:00,Booked,2026-03-24T09:00:00+11:00,2026-03-24T10:00:00+11:00,S03,70
B001,HB01283-completed,HB01283,completed,2026-03-24T10:00:00+11:00,Completed,2026-03-24T09:00:00+11:00,2026-03-24T10:00:00+11:00,S03,70
B001,HB01284-created,HB01284,created,2026-03-22T12:00:00+11:00,Booked,2026-03-24T12:00:00+11:00,2026-03-24T13:00:00+11:00,S03,70
B001,HB01284-completed,HB01284,completed,2026-03-24T13:00:00+11:00,Completed,2026-03-24T12:00:00+11:00,2026-03-24T13:00:00+11:00,S03,70
B001,HB01285-created,HB01285,created,2026-03-15T09:00:00+11:00,Booked,2026-03-25T09:00:00+11:00,2026-03-25T10:00:00+11:00,S03,70
B001,HB01285-completed,HB01285,completed,2026-03-25T10:00:00+11:00,Completed,2026-03-25T09:00:00+11:00,2026-03-25T10:00:00+11:00,S03,70
B001,HB01286-created,HB01286,created,2026-03-23T12:00:00+11:00,Booked,2026-03-25T12:00:00+11:00,2026-03-25T14:00:00+11:00,S03,180
B001,HB01286-completed,HB01286,completed,2026-03-25T14:00:00+11:00,Completed,2026-03-25T12:00:00+11:00,2026-03-25T14:00:00+11:00,S03,180
B001,HB01287-created,HB01287,created,2026-03-16T09:00:00+11:00,Booked,2026-03-26T09:00:00+11:00,2026-03-26T11:00:00+11:00,S03,180
B001,HB01287-completed,HB01287,completed,2026-03-26T11:00:00+11:00,Completed,2026-03-26T09:00:00+11:00,2026-03-26T11:00:00+11:00,S03,180
B001,HB01288-created,HB01288,created,2026-03-24T12:00:00+11:00,Booked,2026-03-26T12:00:00+11:00,2026-03-26T13:00:00+11:00,S03,70
B001,HB01288-completed,HB01288,completed,2026-03-26T13:00:00+11:00,Completed,2026-03-26T12:00:00+11:00,2026-03-26T13:00:00+11:00,S03,70
B001,HB01289-created,HB01289,created,2026-03-17T09:00:00+11:00,Booked,2026-03-27T09:00:00+11:00,2026-03-27T10:00:00+11:00,S03,70
B001,HB01289-completed,HB01289,completed,2026-03-27T10:00:00+11:00,Completed,2026-03-27T09:00:00+11:00,2026-03-27T10:00:00+11:00,S03,70
B001,HB01290-created,HB01290,created,2026-03-25T12:00:00+11:00,Booked,2026-03-27T12:00:00+11:00,2026-03-27T13:00:00+11:00,S03,70
B001,HB01290-completed,HB01290,completed,2026-03-27T13:00:00+11:00,Completed,2026-03-27T12:00:00+11:00,2026-03-27T13:00:00+11:00,S03,70
B001,HB01291-created,HB01291,created,2026-03-20T09:00:00+11:00,Booked,2026-03-30T09:00:00+11:00,2026-03-30T10:00:00+11:00,S01,70
B001,HB01291-completed,HB01291,completed,2026-03-30T10:00:00+11:00,Completed,2026-03-30T09:00:00+11:00,2026-03-30T10:00:00+11:00,S01,70
B001,HB01292-created,HB01292,created,2026-03-28T12:00:00+11:00,Booked,2026-03-30T12:00:00+11:00,2026-03-30T14:00:00+11:00,S01,180
B001,HB01292-completed,HB01292,completed,2026-03-30T14:00:00+11:00,Completed,2026-03-30T12:00:00+11:00,2026-03-30T14:00:00+11:00,S01,180
B001,HB01293-created,HB01293,created,2026-03-21T09:00:00+11:00,Booked,2026-03-31T09:00:00+11:00,2026-03-31T11:00:00+11:00,S01,180
B001,HB01293-completed,HB01293,completed,2026-03-31T11:00:00+11:00,Completed,2026-03-31T09:00:00+11:00,2026-03-31T11:00:00+11:00,S01,180
B001,HB01294-created,HB01294,created,2026-03-29T12:00:00+11:00,Booked,2026-03-31T12:00:00+11:00,2026-03-31T13:00:00+11:00,S01,70
B001,HB01294-completed,HB01294,completed,2026-03-31T13:00:00+11:00,Completed,2026-03-31T12:00:00+11:00,2026-03-31T13:00:00+11:00,S01,70
B001,HB01295-created,HB01295,created,2026-03-22T09:00:00+11:00,Booked,2026-04-01T09:00:00+11:00,2026-04-01T10:00:00+11:00,S01,70
B001,HB01295-completed,HB01295,completed,2026-04-01T10:00:00+11:00,Completed,2026-04-01T09:00:00+11:00,2026-04-01T10:00:00+11:00,S01,70
B001,HB01296-created,HB01296,created,2026-03-30T12:00:00+11:00,Booked,2026-04-01T12:00:00+11:00,2026-04-01T13:00:00+11:00,S01,70
B001,HB01296-completed,HB01296,completed,2026-04-01T13:00:00+11:00,Completed,2026-04-01T12:00:00+11:00,2026-04-01T13:00:00+11:00,S01,70
B001,HB01297-created,HB01297,created,2026-03-23T09:00:00+11:00,Booked,2026-04-02T09:00:00+11:00,2026-04-02T10:00:00+11:00,S01,70
B001,HB01297-completed,HB01297,completed,2026-04-02T10:00:00+11:00,Completed,2026-04-02T09:00:00+11:00,2026-04-02T10:00:00+11:00,S01,70
B001,HB01298-created,HB01298,created,2026-03-31T12:00:00+11:00,Booked,2026-04-02T12:00:00+11:00,2026-04-02T14:00:00+11:00,S01,180
B001,HB01298-completed,HB01298,completed,2026-04-02T14:00:00+11:00,Completed,2026-04-02T12:00:00+11:00,2026-04-02T14:00:00+11:00,S01,180
B001,HB01299-created,HB01299,created,2026-03-24T09:00:00+11:00,Booked,2026-04-03T09:00:00+11:00,2026-04-03T11:00:00+11:00,S01,180
B001,HB01299-completed,HB01299,completed,2026-04-03T11:00:00+11:00,Completed,2026-04-03T09:00:00+11:00,2026-04-03T11:00:00+11:00,S01,180
B001,HB01300-created,HB01300,created,2026-04-01T12:00:00+11:00,Booked,2026-04-03T12:00:00+11:00,2026-04-03T13:00:00+11:00,S01,70
B001,HB01300-completed,HB01300,completed,2026-04-03T13:00:00+11:00,Completed,2026-04-03T12:00:00+11:00,2026-04-03T13:00:00+11:00,S01,70
B001,HB01301-created,HB01301,created,2026-03-20T09:00:00+11:00,Booked,2026-03-30T09:00:00+11:00,2026-03-30T11:00:00+11:00,S02,180
B001,HB01301-completed,HB01301,completed,2026-03-30T11:00:00+11:00,Completed,2026-03-30T09:00:00+11:00,2026-03-30T11:00:00+11:00,S02,180
B001,HB01302-created,HB01302,created,2026-03-28T12:00:00+11:00,Booked,2026-03-30T12:00:00+11:00,2026-03-30T13:00:00+11:00,S02,70
B001,HB01302-completed,HB01302,completed,2026-03-30T13:00:00+11:00,Completed,2026-03-30T12:00:00+11:00,2026-03-30T13:00:00+11:00,S02,70
B001,HB01303-created,HB01303,created,2026-03-21T09:00:00+11:00,Booked,2026-03-31T09:00:00+11:00,2026-03-31T10:00:00+11:00,S02,70
B001,HB01303-completed,HB01303,completed,2026-03-31T10:00:00+11:00,Completed,2026-03-31T09:00:00+11:00,2026-03-31T10:00:00+11:00,S02,70
B001,HB01304-created,HB01304,created,2026-03-29T12:00:00+11:00,Booked,2026-03-31T12:00:00+11:00,2026-03-31T13:00:00+11:00,S02,70
B001,HB01304-completed,HB01304,completed,2026-03-31T13:00:00+11:00,Completed,2026-03-31T12:00:00+11:00,2026-03-31T13:00:00+11:00,S02,70
B001,HB01305-created,HB01305,created,2026-03-22T09:00:00+11:00,Booked,2026-04-01T09:00:00+11:00,2026-04-01T10:00:00+11:00,S02,70
B001,HB01305-completed,HB01305,completed,2026-04-01T10:00:00+11:00,Completed,2026-04-01T09:00:00+11:00,2026-04-01T10:00:00+11:00,S02,70
B001,HB01306-created,HB01306,created,2026-03-30T12:00:00+11:00,Booked,2026-04-01T12:00:00+11:00,2026-04-01T14:00:00+11:00,S02,180
B001,HB01306-completed,HB01306,completed,2026-04-01T14:00:00+11:00,Completed,2026-04-01T12:00:00+11:00,2026-04-01T14:00:00+11:00,S02,180
B001,HB01307-created,HB01307,created,2026-03-23T09:00:00+11:00,Booked,2026-04-02T09:00:00+11:00,2026-04-02T11:00:00+11:00,S02,180
B001,HB01307-completed,HB01307,completed,2026-04-02T11:00:00+11:00,Completed,2026-04-02T09:00:00+11:00,2026-04-02T11:00:00+11:00,S02,180
B001,HB01308-created,HB01308,created,2026-03-31T12:00:00+11:00,Booked,2026-04-02T12:00:00+11:00,2026-04-02T13:00:00+11:00,S02,70
B001,HB01308-completed,HB01308,completed,2026-04-02T13:00:00+11:00,Completed,2026-04-02T12:00:00+11:00,2026-04-02T13:00:00+11:00,S02,70
B001,HB01309-created,HB01309,created,2026-03-24T09:00:00+11:00,Booked,2026-04-03T09:00:00+11:00,2026-04-03T10:00:00+11:00,S02,70
B001,HB01309-completed,HB01309,completed,2026-04-03T10:00:00+11:00,Completed,2026-04-03T09:00:00+11:00,2026-04-03T10:00:00+11:00,S02,70
B001,HB01310-created,HB01310,created,2026-04-01T12:00:00+11:00,Booked,2026-04-03T12:00:00+11:00,2026-04-03T13:00:00+11:00,S02,70
B001,HB01310-completed,HB01310,completed,2026-04-03T13:00:00+11:00,Completed,2026-04-03T12:00:00+11:00,2026-04-03T13:00:00+11:00,S02,70
B001,HB01311-created,HB01311,created,2026-03-20T09:00:00+11:00,Booked,2026-03-30T09:00:00+11:00,2026-03-30T10:00:00+11:00,S03,70
B001,HB01311-completed,HB01311,completed,2026-03-30T10:00:00+11:00,Completed,2026-03-30T09:00:00+11:00,2026-03-30T10:00:00+11:00,S03,70
B001,HB01312-created,HB01312,created,2026-03-28T12:00:00+11:00,Booked,2026-03-30T12:00:00+11:00,2026-03-30T13:00:00+11:00,S03,70
B001,HB01312-completed,HB01312,completed,2026-03-30T13:00:00+11:00,Completed,2026-03-30T12:00:00+11:00,2026-03-30T13:00:00+11:00,S03,70
B001,HB01313-created,HB01313,created,2026-03-21T09:00:00+11:00,Booked,2026-03-31T09:00:00+11:00,2026-03-31T10:00:00+11:00,S03,70
B001,HB01313-completed,HB01313,completed,2026-03-31T10:00:00+11:00,Completed,2026-03-31T09:00:00+11:00,2026-03-31T10:00:00+11:00,S03,70
B001,HB01314-created,HB01314,created,2026-03-29T12:00:00+11:00,Booked,2026-03-31T12:00:00+11:00,2026-03-31T14:00:00+11:00,S03,180
B001,HB01314-completed,HB01314,completed,2026-03-31T14:00:00+11:00,Completed,2026-03-31T12:00:00+11:00,2026-03-31T14:00:00+11:00,S03,180
B001,HB01315-created,HB01315,created,2026-03-22T09:00:00+11:00,Booked,2026-04-01T09:00:00+11:00,2026-04-01T11:00:00+11:00,S03,180
B001,HB01315-completed,HB01315,completed,2026-04-01T11:00:00+11:00,Completed,2026-04-01T09:00:00+11:00,2026-04-01T11:00:00+11:00,S03,180
B001,HB01316-created,HB01316,created,2026-03-30T12:00:00+11:00,Booked,2026-04-01T12:00:00+11:00,2026-04-01T13:00:00+11:00,S03,70
B001,HB01316-completed,HB01316,completed,2026-04-01T13:00:00+11:00,Completed,2026-04-01T12:00:00+11:00,2026-04-01T13:00:00+11:00,S03,70
B001,HB01317-created,HB01317,created,2026-03-23T09:00:00+11:00,Booked,2026-04-02T09:00:00+11:00,2026-04-02T10:00:00+11:00,S03,70
B001,HB01317-completed,HB01317,completed,2026-04-02T10:00:00+11:00,Completed,2026-04-02T09:00:00+11:00,2026-04-02T10:00:00+11:00,S03,70
B001,HB01318-created,HB01318,created,2026-03-31T12:00:00+11:00,Booked,2026-04-02T12:00:00+11:00,2026-04-02T13:00:00+11:00,S03,70
B001,HB01318-completed,HB01318,completed,2026-04-02T13:00:00+11:00,Completed,2026-04-02T12:00:00+11:00,2026-04-02T13:00:00+11:00,S03,70
B001,HB01319-created,HB01319,created,2026-03-24T09:00:00+11:00,Booked,2026-04-03T09:00:00+11:00,2026-04-03T10:00:00+11:00,S03,70
B001,HB01319-completed,HB01319,completed,2026-04-03T10:00:00+11:00,Completed,2026-04-03T09:00:00+11:00,2026-04-03T10:00:00+11:00,S03,70
B001,HB01320-created,HB01320,created,2026-04-01T12:00:00+11:00,Booked,2026-04-03T12:00:00+11:00,2026-04-03T14:00:00+11:00,S03,180
B001,HB01320-completed,HB01320,completed,2026-04-03T14:00:00+11:00,Completed,2026-04-03T12:00:00+11:00,2026-04-03T14:00:00+11:00,S03,180
B001,HB01321-created,HB01321,created,2026-03-27T09:00:00+10:00,Booked,2026-04-06T09:00:00+10:00,2026-04-06T11:00:00+10:00,S01,180
B001,HB01321-completed,HB01321,completed,2026-04-06T11:00:00+10:00,Completed,2026-04-06T09:00:00+10:00,2026-04-06T11:00:00+10:00,S01,180
B001,HB01322-created,HB01322,created,2026-04-04T12:00:00+10:00,Booked,2026-04-06T12:00:00+10:00,2026-04-06T13:00:00+10:00,S01,70
B001,HB01322-completed,HB01322,completed,2026-04-06T13:00:00+10:00,Completed,2026-04-06T12:00:00+10:00,2026-04-06T13:00:00+10:00,S01,70
B001,HB01323-created,HB01323,created,2026-03-28T09:00:00+10:00,Booked,2026-04-07T09:00:00+10:00,2026-04-07T10:00:00+10:00,S01,70
B001,HB01323-completed,HB01323,completed,2026-04-07T10:00:00+10:00,Completed,2026-04-07T09:00:00+10:00,2026-04-07T10:00:00+10:00,S01,70
B001,HB01324-created,HB01324,created,2026-04-05T12:00:00+10:00,Booked,2026-04-07T12:00:00+10:00,2026-04-07T13:00:00+10:00,S01,70
B001,HB01324-completed,HB01324,completed,2026-04-07T13:00:00+10:00,Completed,2026-04-07T12:00:00+10:00,2026-04-07T13:00:00+10:00,S01,70
B001,HB01325-created,HB01325,created,2026-03-29T09:00:00+10:00,Booked,2026-04-08T09:00:00+10:00,2026-04-08T10:00:00+10:00,S01,70
B001,HB01325-completed,HB01325,completed,2026-04-08T10:00:00+10:00,Completed,2026-04-08T09:00:00+10:00,2026-04-08T10:00:00+10:00,S01,70
B001,HB01326-created,HB01326,created,2026-04-06T12:00:00+10:00,Booked,2026-04-08T12:00:00+10:00,2026-04-08T14:00:00+10:00,S01,180
B001,HB01326-completed,HB01326,completed,2026-04-08T14:00:00+10:00,Completed,2026-04-08T12:00:00+10:00,2026-04-08T14:00:00+10:00,S01,180
B001,HB01327-created,HB01327,created,2026-03-30T09:00:00+10:00,Booked,2026-04-09T09:00:00+10:00,2026-04-09T11:00:00+10:00,S01,180
B001,HB01327-completed,HB01327,completed,2026-04-09T11:00:00+10:00,Completed,2026-04-09T09:00:00+10:00,2026-04-09T11:00:00+10:00,S01,180
B001,HB01328-created,HB01328,created,2026-04-07T12:00:00+10:00,Booked,2026-04-09T12:00:00+10:00,2026-04-09T13:00:00+10:00,S01,70
B001,HB01328-completed,HB01328,completed,2026-04-09T13:00:00+10:00,Completed,2026-04-09T12:00:00+10:00,2026-04-09T13:00:00+10:00,S01,70
B001,HB01329-created,HB01329,created,2026-03-31T09:00:00+10:00,Booked,2026-04-10T09:00:00+10:00,2026-04-10T10:00:00+10:00,S01,70
B001,HB01329-completed,HB01329,completed,2026-04-10T10:00:00+10:00,Completed,2026-04-10T09:00:00+10:00,2026-04-10T10:00:00+10:00,S01,70
B001,HB01330-created,HB01330,created,2026-04-08T12:00:00+10:00,Booked,2026-04-10T12:00:00+10:00,2026-04-10T13:00:00+10:00,S01,70
B001,HB01330-completed,HB01330,completed,2026-04-10T13:00:00+10:00,Completed,2026-04-10T12:00:00+10:00,2026-04-10T13:00:00+10:00,S01,70
B001,HB01331-created,HB01331,created,2026-03-27T09:00:00+10:00,Booked,2026-04-06T09:00:00+10:00,2026-04-06T10:00:00+10:00,S02,70
B001,HB01331-completed,HB01331,completed,2026-04-06T10:00:00+10:00,Completed,2026-04-06T09:00:00+10:00,2026-04-06T10:00:00+10:00,S02,70
B001,HB01332-created,HB01332,created,2026-04-04T12:00:00+10:00,Booked,2026-04-06T12:00:00+10:00,2026-04-06T13:00:00+10:00,S02,70
B001,HB01332-completed,HB01332,completed,2026-04-06T13:00:00+10:00,Completed,2026-04-06T12:00:00+10:00,2026-04-06T13:00:00+10:00,S02,70
B001,HB01333-created,HB01333,created,2026-03-28T09:00:00+10:00,Booked,2026-04-07T09:00:00+10:00,2026-04-07T10:00:00+10:00,S02,70
B001,HB01333-completed,HB01333,completed,2026-04-07T10:00:00+10:00,Completed,2026-04-07T09:00:00+10:00,2026-04-07T10:00:00+10:00,S02,70
B001,HB01334-created,HB01334,created,2026-04-05T12:00:00+10:00,Booked,2026-04-07T12:00:00+10:00,2026-04-07T14:00:00+10:00,S02,180
B001,HB01334-completed,HB01334,completed,2026-04-07T14:00:00+10:00,Completed,2026-04-07T12:00:00+10:00,2026-04-07T14:00:00+10:00,S02,180
B001,HB01335-created,HB01335,created,2026-03-29T09:00:00+10:00,Booked,2026-04-08T09:00:00+10:00,2026-04-08T11:00:00+10:00,S02,180
B001,HB01335-completed,HB01335,completed,2026-04-08T11:00:00+10:00,Completed,2026-04-08T09:00:00+10:00,2026-04-08T11:00:00+10:00,S02,180
B001,HB01336-created,HB01336,created,2026-04-06T12:00:00+10:00,Booked,2026-04-08T12:00:00+10:00,2026-04-08T13:00:00+10:00,S02,70
B001,HB01336-completed,HB01336,completed,2026-04-08T13:00:00+10:00,Completed,2026-04-08T12:00:00+10:00,2026-04-08T13:00:00+10:00,S02,70
B001,HB01337-created,HB01337,created,2026-03-30T09:00:00+10:00,Booked,2026-04-09T09:00:00+10:00,2026-04-09T10:00:00+10:00,S02,70
B001,HB01337-completed,HB01337,completed,2026-04-09T10:00:00+10:00,Completed,2026-04-09T09:00:00+10:00,2026-04-09T10:00:00+10:00,S02,70
B001,HB01338-created,HB01338,created,2026-04-07T12:00:00+10:00,Booked,2026-04-09T12:00:00+10:00,2026-04-09T13:00:00+10:00,S02,70
B001,HB01338-completed,HB01338,completed,2026-04-09T13:00:00+10:00,Completed,2026-04-09T12:00:00+10:00,2026-04-09T13:00:00+10:00,S02,70
B001,HB01339-created,HB01339,created,2026-03-31T09:00:00+10:00,Booked,2026-04-10T09:00:00+10:00,2026-04-10T10:00:00+10:00,S02,70
B001,HB01339-completed,HB01339,completed,2026-04-10T10:00:00+10:00,Completed,2026-04-10T09:00:00+10:00,2026-04-10T10:00:00+10:00,S02,70
B001,HB01340-created,HB01340,created,2026-04-08T12:00:00+10:00,Booked,2026-04-10T12:00:00+10:00,2026-04-10T14:00:00+10:00,S02,180
B001,HB01340-completed,HB01340,completed,2026-04-10T14:00:00+10:00,Completed,2026-04-10T12:00:00+10:00,2026-04-10T14:00:00+10:00,S02,180
B001,HB01341-created,HB01341,created,2026-03-27T09:00:00+10:00,Booked,2026-04-06T09:00:00+10:00,2026-04-06T10:00:00+10:00,S03,70
B001,HB01341-completed,HB01341,completed,2026-04-06T10:00:00+10:00,Completed,2026-04-06T09:00:00+10:00,2026-04-06T10:00:00+10:00,S03,70
B001,HB01342-created,HB01342,created,2026-04-04T12:00:00+10:00,Booked,2026-04-06T12:00:00+10:00,2026-04-06T14:00:00+10:00,S03,180
B001,HB01342-completed,HB01342,completed,2026-04-06T14:00:00+10:00,Completed,2026-04-06T12:00:00+10:00,2026-04-06T14:00:00+10:00,S03,180
B001,HB01343-created,HB01343,created,2026-03-28T09:00:00+10:00,Booked,2026-04-07T09:00:00+10:00,2026-04-07T11:00:00+10:00,S03,180
B001,HB01343-completed,HB01343,completed,2026-04-07T11:00:00+10:00,Completed,2026-04-07T09:00:00+10:00,2026-04-07T11:00:00+10:00,S03,180
B001,HB01344-created,HB01344,created,2026-04-05T12:00:00+10:00,Booked,2026-04-07T12:00:00+10:00,2026-04-07T13:00:00+10:00,S03,70
B001,HB01344-completed,HB01344,completed,2026-04-07T13:00:00+10:00,Completed,2026-04-07T12:00:00+10:00,2026-04-07T13:00:00+10:00,S03,70
B001,HB01345-created,HB01345,created,2026-03-29T09:00:00+10:00,Booked,2026-04-08T09:00:00+10:00,2026-04-08T10:00:00+10:00,S03,70
B001,HB01345-completed,HB01345,completed,2026-04-08T10:00:00+10:00,Completed,2026-04-08T09:00:00+10:00,2026-04-08T10:00:00+10:00,S03,70
B001,HB01346-created,HB01346,created,2026-04-06T12:00:00+10:00,Booked,2026-04-08T12:00:00+10:00,2026-04-08T13:00:00+10:00,S03,70
B001,HB01346-completed,HB01346,completed,2026-04-08T13:00:00+10:00,Completed,2026-04-08T12:00:00+10:00,2026-04-08T13:00:00+10:00,S03,70
B001,HB01347-created,HB01347,created,2026-03-30T09:00:00+10:00,Booked,2026-04-09T09:00:00+10:00,2026-04-09T10:00:00+10:00,S03,70
B001,HB01347-completed,HB01347,completed,2026-04-09T10:00:00+10:00,Completed,2026-04-09T09:00:00+10:00,2026-04-09T10:00:00+10:00,S03,70
B001,HB01348-created,HB01348,created,2026-04-07T12:00:00+10:00,Booked,2026-04-09T12:00:00+10:00,2026-04-09T14:00:00+10:00,S03,180
B001,HB01348-completed,HB01348,completed,2026-04-09T14:00:00+10:00,Completed,2026-04-09T12:00:00+10:00,2026-04-09T14:00:00+10:00,S03,180
B001,HB01349-created,HB01349,created,2026-03-31T09:00:00+10:00,Booked,2026-04-10T09:00:00+10:00,2026-04-10T11:00:00+10:00,S03,180
B001,HB01349-completed,HB01349,completed,2026-04-10T11:00:00+10:00,Completed,2026-04-10T09:00:00+10:00,2026-04-10T11:00:00+10:00,S03,180
B001,HB01350-created,HB01350,created,2026-04-08T12:00:00+10:00,Booked,2026-04-10T12:00:00+10:00,2026-04-10T13:00:00+10:00,S03,70
B001,HB01350-completed,HB01350,completed,2026-04-10T13:00:00+10:00,Completed,2026-04-10T12:00:00+10:00,2026-04-10T13:00:00+10:00,S03,70
B001,HB01351-created,HB01351,created,2026-04-03T09:00:00+10:00,Booked,2026-04-13T09:00:00+10:00,2026-04-13T10:00:00+10:00,S01,70
B001,HB01351-completed,HB01351,completed,2026-04-13T10:00:00+10:00,Completed,2026-04-13T09:00:00+10:00,2026-04-13T10:00:00+10:00,S01,70
B001,HB01352-created,HB01352,created,2026-04-11T12:00:00+10:00,Booked,2026-04-13T12:00:00+10:00,2026-04-13T13:00:00+10:00,S01,70
B001,HB01352-completed,HB01352,completed,2026-04-13T13:00:00+10:00,Completed,2026-04-13T12:00:00+10:00,2026-04-13T13:00:00+10:00,S01,70
B001,HB01353-created,HB01353,created,2026-04-04T09:00:00+10:00,Booked,2026-04-14T09:00:00+10:00,2026-04-14T10:00:00+10:00,S01,70
B001,HB01353-completed,HB01353,completed,2026-04-14T10:00:00+10:00,Completed,2026-04-14T09:00:00+10:00,2026-04-14T10:00:00+10:00,S01,70
B001,HB01354-created,HB01354,created,2026-04-12T12:00:00+10:00,Booked,2026-04-14T12:00:00+10:00,2026-04-14T14:00:00+10:00,S01,180
B001,HB01354-completed,HB01354,completed,2026-04-14T14:00:00+10:00,Completed,2026-04-14T12:00:00+10:00,2026-04-14T14:00:00+10:00,S01,180
B001,HB01355-created,HB01355,created,2026-04-05T09:00:00+10:00,Booked,2026-04-15T09:00:00+10:00,2026-04-15T11:00:00+10:00,S01,180
B001,HB01355-completed,HB01355,completed,2026-04-15T11:00:00+10:00,Completed,2026-04-15T09:00:00+10:00,2026-04-15T11:00:00+10:00,S01,180
B001,HB01356-created,HB01356,created,2026-04-13T12:00:00+10:00,Booked,2026-04-15T12:00:00+10:00,2026-04-15T13:00:00+10:00,S01,70
B001,HB01356-completed,HB01356,completed,2026-04-15T13:00:00+10:00,Completed,2026-04-15T12:00:00+10:00,2026-04-15T13:00:00+10:00,S01,70
B001,HB01357-created,HB01357,created,2026-04-06T09:00:00+10:00,Booked,2026-04-16T09:00:00+10:00,2026-04-16T10:00:00+10:00,S01,70
B001,HB01357-completed,HB01357,completed,2026-04-16T10:00:00+10:00,Completed,2026-04-16T09:00:00+10:00,2026-04-16T10:00:00+10:00,S01,70
B001,HB01358-created,HB01358,created,2026-04-14T12:00:00+10:00,Booked,2026-04-16T12:00:00+10:00,2026-04-16T13:00:00+10:00,S01,70
B001,HB01358-completed,HB01358,completed,2026-04-16T13:00:00+10:00,Completed,2026-04-16T12:00:00+10:00,2026-04-16T13:00:00+10:00,S01,70
B001,HB01359-created,HB01359,created,2026-04-07T09:00:00+10:00,Booked,2026-04-17T09:00:00+10:00,2026-04-17T10:00:00+10:00,S01,70
B001,HB01359-completed,HB01359,completed,2026-04-17T10:00:00+10:00,Completed,2026-04-17T09:00:00+10:00,2026-04-17T10:00:00+10:00,S01,70
B001,HB01360-created,HB01360,created,2026-04-15T12:00:00+10:00,Booked,2026-04-17T12:00:00+10:00,2026-04-17T14:00:00+10:00,S01,180
B001,HB01360-completed,HB01360,completed,2026-04-17T14:00:00+10:00,Completed,2026-04-17T12:00:00+10:00,2026-04-17T14:00:00+10:00,S01,180
B001,HB01361-created,HB01361,created,2026-04-03T09:00:00+10:00,Booked,2026-04-13T09:00:00+10:00,2026-04-13T10:00:00+10:00,S02,70
B001,HB01361-completed,HB01361,completed,2026-04-13T10:00:00+10:00,Completed,2026-04-13T09:00:00+10:00,2026-04-13T10:00:00+10:00,S02,70
B001,HB01362-created,HB01362,created,2026-04-11T12:00:00+10:00,Booked,2026-04-13T12:00:00+10:00,2026-04-13T14:00:00+10:00,S02,180
B001,HB01362-completed,HB01362,completed,2026-04-13T14:00:00+10:00,Completed,2026-04-13T12:00:00+10:00,2026-04-13T14:00:00+10:00,S02,180
B001,HB01363-created,HB01363,created,2026-04-04T09:00:00+10:00,Booked,2026-04-14T09:00:00+10:00,2026-04-14T11:00:00+10:00,S02,180
B001,HB01363-completed,HB01363,completed,2026-04-14T11:00:00+10:00,Completed,2026-04-14T09:00:00+10:00,2026-04-14T11:00:00+10:00,S02,180
B001,HB01364-created,HB01364,created,2026-04-12T12:00:00+10:00,Booked,2026-04-14T12:00:00+10:00,2026-04-14T13:00:00+10:00,S02,70
B001,HB01364-completed,HB01364,completed,2026-04-14T13:00:00+10:00,Completed,2026-04-14T12:00:00+10:00,2026-04-14T13:00:00+10:00,S02,70
B001,HB01365-created,HB01365,created,2026-04-05T09:00:00+10:00,Booked,2026-04-15T09:00:00+10:00,2026-04-15T10:00:00+10:00,S02,70
B001,HB01365-completed,HB01365,completed,2026-04-15T10:00:00+10:00,Completed,2026-04-15T09:00:00+10:00,2026-04-15T10:00:00+10:00,S02,70
B001,HB01366-created,HB01366,created,2026-04-13T12:00:00+10:00,Booked,2026-04-15T12:00:00+10:00,2026-04-15T13:00:00+10:00,S02,70
B001,HB01366-completed,HB01366,completed,2026-04-15T13:00:00+10:00,Completed,2026-04-15T12:00:00+10:00,2026-04-15T13:00:00+10:00,S02,70
B001,HB01367-created,HB01367,created,2026-04-06T09:00:00+10:00,Booked,2026-04-16T09:00:00+10:00,2026-04-16T10:00:00+10:00,S02,70
B001,HB01367-completed,HB01367,completed,2026-04-16T10:00:00+10:00,Completed,2026-04-16T09:00:00+10:00,2026-04-16T10:00:00+10:00,S02,70
B001,HB01368-created,HB01368,created,2026-04-14T12:00:00+10:00,Booked,2026-04-16T12:00:00+10:00,2026-04-16T14:00:00+10:00,S02,180
B001,HB01368-completed,HB01368,completed,2026-04-16T14:00:00+10:00,Completed,2026-04-16T12:00:00+10:00,2026-04-16T14:00:00+10:00,S02,180
B001,HB01369-created,HB01369,created,2026-04-07T09:00:00+10:00,Booked,2026-04-17T09:00:00+10:00,2026-04-17T11:00:00+10:00,S02,180
B001,HB01369-completed,HB01369,completed,2026-04-17T11:00:00+10:00,Completed,2026-04-17T09:00:00+10:00,2026-04-17T11:00:00+10:00,S02,180
B001,HB01370-created,HB01370,created,2026-04-15T12:00:00+10:00,Booked,2026-04-17T12:00:00+10:00,2026-04-17T13:00:00+10:00,S02,70
B001,HB01370-completed,HB01370,completed,2026-04-17T13:00:00+10:00,Completed,2026-04-17T12:00:00+10:00,2026-04-17T13:00:00+10:00,S02,70
B001,HB01371-created,HB01371,created,2026-04-03T09:00:00+10:00,Booked,2026-04-13T09:00:00+10:00,2026-04-13T11:00:00+10:00,S03,180
B001,HB01371-completed,HB01371,completed,2026-04-13T11:00:00+10:00,Completed,2026-04-13T09:00:00+10:00,2026-04-13T11:00:00+10:00,S03,180
B001,HB01372-created,HB01372,created,2026-04-11T12:00:00+10:00,Booked,2026-04-13T12:00:00+10:00,2026-04-13T13:00:00+10:00,S03,70
B001,HB01372-completed,HB01372,completed,2026-04-13T13:00:00+10:00,Completed,2026-04-13T12:00:00+10:00,2026-04-13T13:00:00+10:00,S03,70
B001,HB01373-created,HB01373,created,2026-04-04T09:00:00+10:00,Booked,2026-04-14T09:00:00+10:00,2026-04-14T10:00:00+10:00,S03,70
B001,HB01373-completed,HB01373,completed,2026-04-14T10:00:00+10:00,Completed,2026-04-14T09:00:00+10:00,2026-04-14T10:00:00+10:00,S03,70
B001,HB01374-created,HB01374,created,2026-04-12T12:00:00+10:00,Booked,2026-04-14T12:00:00+10:00,2026-04-14T13:00:00+10:00,S03,70
B001,HB01374-completed,HB01374,completed,2026-04-14T13:00:00+10:00,Completed,2026-04-14T12:00:00+10:00,2026-04-14T13:00:00+10:00,S03,70
B001,HB01375-created,HB01375,created,2026-04-05T09:00:00+10:00,Booked,2026-04-15T09:00:00+10:00,2026-04-15T10:00:00+10:00,S03,70
B001,HB01375-completed,HB01375,completed,2026-04-15T10:00:00+10:00,Completed,2026-04-15T09:00:00+10:00,2026-04-15T10:00:00+10:00,S03,70
B001,HB01376-created,HB01376,created,2026-04-13T12:00:00+10:00,Booked,2026-04-15T12:00:00+10:00,2026-04-15T14:00:00+10:00,S03,180
B001,HB01376-completed,HB01376,completed,2026-04-15T14:00:00+10:00,Completed,2026-04-15T12:00:00+10:00,2026-04-15T14:00:00+10:00,S03,180
B001,HB01377-created,HB01377,created,2026-04-06T09:00:00+10:00,Booked,2026-04-16T09:00:00+10:00,2026-04-16T11:00:00+10:00,S03,180
B001,HB01377-completed,HB01377,completed,2026-04-16T11:00:00+10:00,Completed,2026-04-16T09:00:00+10:00,2026-04-16T11:00:00+10:00,S03,180
B001,HB01378-created,HB01378,created,2026-04-14T12:00:00+10:00,Booked,2026-04-16T12:00:00+10:00,2026-04-16T13:00:00+10:00,S03,70
B001,HB01378-completed,HB01378,completed,2026-04-16T13:00:00+10:00,Completed,2026-04-16T12:00:00+10:00,2026-04-16T13:00:00+10:00,S03,70
B001,HB01379-created,HB01379,created,2026-04-07T09:00:00+10:00,Booked,2026-04-17T09:00:00+10:00,2026-04-17T10:00:00+10:00,S03,70
B001,HB01379-completed,HB01379,completed,2026-04-17T10:00:00+10:00,Completed,2026-04-17T09:00:00+10:00,2026-04-17T10:00:00+10:00,S03,70
B001,HB01380-created,HB01380,created,2026-04-15T12:00:00+10:00,Booked,2026-04-17T12:00:00+10:00,2026-04-17T13:00:00+10:00,S03,70
B001,HB01380-completed,HB01380,completed,2026-04-17T13:00:00+10:00,Completed,2026-04-17T12:00:00+10:00,2026-04-17T13:00:00+10:00,S03,70
B001,HB01381-created,HB01381,created,2026-04-10T09:00:00+10:00,Booked,2026-04-20T09:00:00+10:00,2026-04-20T10:00:00+10:00,S01,70
B001,HB01381-completed,HB01381,completed,2026-04-20T10:00:00+10:00,Completed,2026-04-20T09:00:00+10:00,2026-04-20T10:00:00+10:00,S01,70
B001,HB01382-created,HB01382,created,2026-04-18T12:00:00+10:00,Booked,2026-04-20T12:00:00+10:00,2026-04-20T14:00:00+10:00,S01,180
B001,HB01382-completed,HB01382,completed,2026-04-20T14:00:00+10:00,Completed,2026-04-20T12:00:00+10:00,2026-04-20T14:00:00+10:00,S01,180
B001,HB01383-created,HB01383,created,2026-04-11T09:00:00+10:00,Booked,2026-04-21T09:00:00+10:00,2026-04-21T11:00:00+10:00,S01,180
B001,HB01383-completed,HB01383,completed,2026-04-21T11:00:00+10:00,Completed,2026-04-21T09:00:00+10:00,2026-04-21T11:00:00+10:00,S01,180
B001,HB01384-created,HB01384,created,2026-04-19T12:00:00+10:00,Booked,2026-04-21T12:00:00+10:00,2026-04-21T13:00:00+10:00,S01,70
B001,HB01384-completed,HB01384,completed,2026-04-21T13:00:00+10:00,Completed,2026-04-21T12:00:00+10:00,2026-04-21T13:00:00+10:00,S01,70
B001,HB01385-created,HB01385,created,2026-04-12T09:00:00+10:00,Booked,2026-04-22T09:00:00+10:00,2026-04-22T10:00:00+10:00,S01,70
B001,HB01385-completed,HB01385,completed,2026-04-22T10:00:00+10:00,Completed,2026-04-22T09:00:00+10:00,2026-04-22T10:00:00+10:00,S01,70
B001,HB01386-created,HB01386,created,2026-04-20T12:00:00+10:00,Booked,2026-04-22T12:00:00+10:00,2026-04-22T13:00:00+10:00,S01,70
B001,HB01386-completed,HB01386,completed,2026-04-22T13:00:00+10:00,Completed,2026-04-22T12:00:00+10:00,2026-04-22T13:00:00+10:00,S01,70
B001,HB01387-created,HB01387,created,2026-04-13T09:00:00+10:00,Booked,2026-04-23T09:00:00+10:00,2026-04-23T10:00:00+10:00,S01,70
B001,HB01387-completed,HB01387,completed,2026-04-23T10:00:00+10:00,Completed,2026-04-23T09:00:00+10:00,2026-04-23T10:00:00+10:00,S01,70
B001,HB01388-created,HB01388,created,2026-04-21T12:00:00+10:00,Booked,2026-04-23T12:00:00+10:00,2026-04-23T14:00:00+10:00,S01,180
B001,HB01388-completed,HB01388,completed,2026-04-23T14:00:00+10:00,Completed,2026-04-23T12:00:00+10:00,2026-04-23T14:00:00+10:00,S01,180
B001,HB01389-created,HB01389,created,2026-04-14T09:00:00+10:00,Booked,2026-04-24T09:00:00+10:00,2026-04-24T11:00:00+10:00,S01,180
B001,HB01389-completed,HB01389,completed,2026-04-24T11:00:00+10:00,Completed,2026-04-24T09:00:00+10:00,2026-04-24T11:00:00+10:00,S01,180
B001,HB01390-created,HB01390,created,2026-04-22T12:00:00+10:00,Booked,2026-04-24T12:00:00+10:00,2026-04-24T13:00:00+10:00,S01,70
B001,HB01390-completed,HB01390,completed,2026-04-24T13:00:00+10:00,Completed,2026-04-24T12:00:00+10:00,2026-04-24T13:00:00+10:00,S01,70
B001,HB01391-created,HB01391,created,2026-04-10T09:00:00+10:00,Booked,2026-04-20T09:00:00+10:00,2026-04-20T11:00:00+10:00,S02,180
B001,HB01391-completed,HB01391,completed,2026-04-20T11:00:00+10:00,Completed,2026-04-20T09:00:00+10:00,2026-04-20T11:00:00+10:00,S02,180
B001,HB01392-created,HB01392,created,2026-04-18T12:00:00+10:00,Booked,2026-04-20T12:00:00+10:00,2026-04-20T13:00:00+10:00,S02,70
B001,HB01392-completed,HB01392,completed,2026-04-20T13:00:00+10:00,Completed,2026-04-20T12:00:00+10:00,2026-04-20T13:00:00+10:00,S02,70
B001,HB01393-created,HB01393,created,2026-04-11T09:00:00+10:00,Booked,2026-04-21T09:00:00+10:00,2026-04-21T10:00:00+10:00,S02,70
B001,HB01393-completed,HB01393,completed,2026-04-21T10:00:00+10:00,Completed,2026-04-21T09:00:00+10:00,2026-04-21T10:00:00+10:00,S02,70
B001,HB01394-created,HB01394,created,2026-04-19T12:00:00+10:00,Booked,2026-04-21T12:00:00+10:00,2026-04-21T13:00:00+10:00,S02,70
B001,HB01394-completed,HB01394,completed,2026-04-21T13:00:00+10:00,Completed,2026-04-21T12:00:00+10:00,2026-04-21T13:00:00+10:00,S02,70
B001,HB01395-created,HB01395,created,2026-04-12T09:00:00+10:00,Booked,2026-04-22T09:00:00+10:00,2026-04-22T10:00:00+10:00,S02,70
B001,HB01395-completed,HB01395,completed,2026-04-22T10:00:00+10:00,Completed,2026-04-22T09:00:00+10:00,2026-04-22T10:00:00+10:00,S02,70
B001,HB01396-created,HB01396,created,2026-04-20T12:00:00+10:00,Booked,2026-04-22T12:00:00+10:00,2026-04-22T14:00:00+10:00,S02,180
B001,HB01396-completed,HB01396,completed,2026-04-22T14:00:00+10:00,Completed,2026-04-22T12:00:00+10:00,2026-04-22T14:00:00+10:00,S02,180
B001,HB01397-created,HB01397,created,2026-04-13T09:00:00+10:00,Booked,2026-04-23T09:00:00+10:00,2026-04-23T11:00:00+10:00,S02,180
B001,HB01397-completed,HB01397,completed,2026-04-23T11:00:00+10:00,Completed,2026-04-23T09:00:00+10:00,2026-04-23T11:00:00+10:00,S02,180
B001,HB01398-created,HB01398,created,2026-04-21T12:00:00+10:00,Booked,2026-04-23T12:00:00+10:00,2026-04-23T13:00:00+10:00,S02,70
B001,HB01398-completed,HB01398,completed,2026-04-23T13:00:00+10:00,Completed,2026-04-23T12:00:00+10:00,2026-04-23T13:00:00+10:00,S02,70
B001,HB01399-created,HB01399,created,2026-04-14T09:00:00+10:00,Booked,2026-04-24T09:00:00+10:00,2026-04-24T10:00:00+10:00,S02,70
B001,HB01399-completed,HB01399,completed,2026-04-24T10:00:00+10:00,Completed,2026-04-24T09:00:00+10:00,2026-04-24T10:00:00+10:00,S02,70
B001,HB01400-created,HB01400,created,2026-04-22T12:00:00+10:00,Booked,2026-04-24T12:00:00+10:00,2026-04-24T13:00:00+10:00,S02,70
B001,HB01400-completed,HB01400,completed,2026-04-24T13:00:00+10:00,Completed,2026-04-24T12:00:00+10:00,2026-04-24T13:00:00+10:00,S02,70
B001,HB01401-created,HB01401,created,2026-04-10T09:00:00+10:00,Booked,2026-04-20T09:00:00+10:00,2026-04-20T10:00:00+10:00,S03,70
B001,HB01401-completed,HB01401,completed,2026-04-20T10:00:00+10:00,Completed,2026-04-20T09:00:00+10:00,2026-04-20T10:00:00+10:00,S03,70
B001,HB01402-created,HB01402,created,2026-04-18T12:00:00+10:00,Booked,2026-04-20T12:00:00+10:00,2026-04-20T13:00:00+10:00,S03,70
B001,HB01402-completed,HB01402,completed,2026-04-20T13:00:00+10:00,Completed,2026-04-20T12:00:00+10:00,2026-04-20T13:00:00+10:00,S03,70
B001,HB01403-created,HB01403,created,2026-04-11T09:00:00+10:00,Booked,2026-04-21T09:00:00+10:00,2026-04-21T10:00:00+10:00,S03,70
B001,HB01403-completed,HB01403,completed,2026-04-21T10:00:00+10:00,Completed,2026-04-21T09:00:00+10:00,2026-04-21T10:00:00+10:00,S03,70
B001,HB01404-created,HB01404,created,2026-04-19T12:00:00+10:00,Booked,2026-04-21T12:00:00+10:00,2026-04-21T14:00:00+10:00,S03,180
B001,HB01404-completed,HB01404,completed,2026-04-21T14:00:00+10:00,Completed,2026-04-21T12:00:00+10:00,2026-04-21T14:00:00+10:00,S03,180
B001,HB01405-created,HB01405,created,2026-04-12T09:00:00+10:00,Booked,2026-04-22T09:00:00+10:00,2026-04-22T11:00:00+10:00,S03,180
B001,HB01405-completed,HB01405,completed,2026-04-22T11:00:00+10:00,Completed,2026-04-22T09:00:00+10:00,2026-04-22T11:00:00+10:00,S03,180
B001,HB01406-created,HB01406,created,2026-04-20T12:00:00+10:00,Booked,2026-04-22T12:00:00+10:00,2026-04-22T13:00:00+10:00,S03,70
B001,HB01406-completed,HB01406,completed,2026-04-22T13:00:00+10:00,Completed,2026-04-22T12:00:00+10:00,2026-04-22T13:00:00+10:00,S03,70
B001,HB01407-created,HB01407,created,2026-04-13T09:00:00+10:00,Booked,2026-04-23T09:00:00+10:00,2026-04-23T10:00:00+10:00,S03,70
B001,HB01407-completed,HB01407,completed,2026-04-23T10:00:00+10:00,Completed,2026-04-23T09:00:00+10:00,2026-04-23T10:00:00+10:00,S03,70
B001,HB01408-created,HB01408,created,2026-04-21T12:00:00+10:00,Booked,2026-04-23T12:00:00+10:00,2026-04-23T13:00:00+10:00,S03,70
B001,HB01408-completed,HB01408,completed,2026-04-23T13:00:00+10:00,Completed,2026-04-23T12:00:00+10:00,2026-04-23T13:00:00+10:00,S03,70
B001,HB01409-created,HB01409,created,2026-04-14T09:00:00+10:00,Booked,2026-04-24T09:00:00+10:00,2026-04-24T10:00:00+10:00,S03,70
B001,HB01409-completed,HB01409,completed,2026-04-24T10:00:00+10:00,Completed,2026-04-24T09:00:00+10:00,2026-04-24T10:00:00+10:00,S03,70
B001,HB01410-created,HB01410,created,2026-04-22T12:00:00+10:00,Booked,2026-04-24T12:00:00+10:00,2026-04-24T14:00:00+10:00,S03,180
B001,HB01410-completed,HB01410,completed,2026-04-24T14:00:00+10:00,Completed,2026-04-24T12:00:00+10:00,2026-04-24T14:00:00+10:00,S03,180
B001,HB01411-created,HB01411,created,2026-04-17T09:00:00+10:00,Booked,2026-04-27T09:00:00+10:00,2026-04-27T11:00:00+10:00,S01,180
B001,HB01411-completed,HB01411,completed,2026-04-27T11:00:00+10:00,Completed,2026-04-27T09:00:00+10:00,2026-04-27T11:00:00+10:00,S01,180
B001,HB01412-created,HB01412,created,2026-04-25T12:00:00+10:00,Booked,2026-04-27T12:00:00+10:00,2026-04-27T13:00:00+10:00,S01,70
B001,HB01412-completed,HB01412,completed,2026-04-27T13:00:00+10:00,Completed,2026-04-27T12:00:00+10:00,2026-04-27T13:00:00+10:00,S01,70
B001,HB01413-created,HB01413,created,2026-04-18T09:00:00+10:00,Booked,2026-04-28T09:00:00+10:00,2026-04-28T10:00:00+10:00,S01,70
B001,HB01413-completed,HB01413,completed,2026-04-28T10:00:00+10:00,Completed,2026-04-28T09:00:00+10:00,2026-04-28T10:00:00+10:00,S01,70
B001,HB01414-created,HB01414,created,2026-04-26T12:00:00+10:00,Booked,2026-04-28T12:00:00+10:00,2026-04-28T13:00:00+10:00,S01,70
B001,HB01414-completed,HB01414,completed,2026-04-28T13:00:00+10:00,Completed,2026-04-28T12:00:00+10:00,2026-04-28T13:00:00+10:00,S01,70
B001,HB01415-created,HB01415,created,2026-04-19T09:00:00+10:00,Booked,2026-04-29T09:00:00+10:00,2026-04-29T10:00:00+10:00,S01,70
B001,HB01415-completed,HB01415,completed,2026-04-29T10:00:00+10:00,Completed,2026-04-29T09:00:00+10:00,2026-04-29T10:00:00+10:00,S01,70
B001,HB01416-created,HB01416,created,2026-04-27T12:00:00+10:00,Booked,2026-04-29T12:00:00+10:00,2026-04-29T14:00:00+10:00,S01,180
B001,HB01416-completed,HB01416,completed,2026-04-29T14:00:00+10:00,Completed,2026-04-29T12:00:00+10:00,2026-04-29T14:00:00+10:00,S01,180
B001,HB01417-created,HB01417,created,2026-04-20T09:00:00+10:00,Booked,2026-04-30T09:00:00+10:00,2026-04-30T11:00:00+10:00,S01,180
B001,HB01417-completed,HB01417,completed,2026-04-30T11:00:00+10:00,Completed,2026-04-30T09:00:00+10:00,2026-04-30T11:00:00+10:00,S01,180
B001,HB01418-created,HB01418,created,2026-04-28T12:00:00+10:00,Booked,2026-04-30T12:00:00+10:00,2026-04-30T13:00:00+10:00,S01,70
B001,HB01418-completed,HB01418,completed,2026-04-30T13:00:00+10:00,Completed,2026-04-30T12:00:00+10:00,2026-04-30T13:00:00+10:00,S01,70
B001,HB01419-created,HB01419,created,2026-04-21T09:00:00+10:00,Booked,2026-05-01T09:00:00+10:00,2026-05-01T10:00:00+10:00,S01,70
B001,HB01419-completed,HB01419,completed,2026-05-01T10:00:00+10:00,Completed,2026-05-01T09:00:00+10:00,2026-05-01T10:00:00+10:00,S01,70
B001,HB01420-created,HB01420,created,2026-04-29T12:00:00+10:00,Booked,2026-05-01T12:00:00+10:00,2026-05-01T13:00:00+10:00,S01,70
B001,HB01420-completed,HB01420,completed,2026-05-01T13:00:00+10:00,Completed,2026-05-01T12:00:00+10:00,2026-05-01T13:00:00+10:00,S01,70
B001,HB01421-created,HB01421,created,2026-04-17T09:00:00+10:00,Booked,2026-04-27T09:00:00+10:00,2026-04-27T10:00:00+10:00,S02,70
B001,HB01421-completed,HB01421,completed,2026-04-27T10:00:00+10:00,Completed,2026-04-27T09:00:00+10:00,2026-04-27T10:00:00+10:00,S02,70
B001,HB01422-created,HB01422,created,2026-04-25T12:00:00+10:00,Booked,2026-04-27T12:00:00+10:00,2026-04-27T13:00:00+10:00,S02,70
B001,HB01422-completed,HB01422,completed,2026-04-27T13:00:00+10:00,Completed,2026-04-27T12:00:00+10:00,2026-04-27T13:00:00+10:00,S02,70
B001,HB01423-created,HB01423,created,2026-04-18T09:00:00+10:00,Booked,2026-04-28T09:00:00+10:00,2026-04-28T10:00:00+10:00,S02,70
B001,HB01423-completed,HB01423,completed,2026-04-28T10:00:00+10:00,Completed,2026-04-28T09:00:00+10:00,2026-04-28T10:00:00+10:00,S02,70
B001,HB01424-created,HB01424,created,2026-04-26T12:00:00+10:00,Booked,2026-04-28T12:00:00+10:00,2026-04-28T14:00:00+10:00,S02,180
B001,HB01424-completed,HB01424,completed,2026-04-28T14:00:00+10:00,Completed,2026-04-28T12:00:00+10:00,2026-04-28T14:00:00+10:00,S02,180
B001,HB01425-created,HB01425,created,2026-04-19T09:00:00+10:00,Booked,2026-04-29T09:00:00+10:00,2026-04-29T11:00:00+10:00,S02,180
B001,HB01425-completed,HB01425,completed,2026-04-29T11:00:00+10:00,Completed,2026-04-29T09:00:00+10:00,2026-04-29T11:00:00+10:00,S02,180
B001,HB01426-created,HB01426,created,2026-04-27T12:00:00+10:00,Booked,2026-04-29T12:00:00+10:00,2026-04-29T13:00:00+10:00,S02,70
B001,HB01426-completed,HB01426,completed,2026-04-29T13:00:00+10:00,Completed,2026-04-29T12:00:00+10:00,2026-04-29T13:00:00+10:00,S02,70
B001,HB01427-created,HB01427,created,2026-04-20T09:00:00+10:00,Booked,2026-04-30T09:00:00+10:00,2026-04-30T10:00:00+10:00,S02,70
B001,HB01427-completed,HB01427,completed,2026-04-30T10:00:00+10:00,Completed,2026-04-30T09:00:00+10:00,2026-04-30T10:00:00+10:00,S02,70
B001,HB01428-created,HB01428,created,2026-04-28T12:00:00+10:00,Booked,2026-04-30T12:00:00+10:00,2026-04-30T13:00:00+10:00,S02,70
B001,HB01428-completed,HB01428,completed,2026-04-30T13:00:00+10:00,Completed,2026-04-30T12:00:00+10:00,2026-04-30T13:00:00+10:00,S02,70
B001,HB01429-created,HB01429,created,2026-04-21T09:00:00+10:00,Booked,2026-05-01T09:00:00+10:00,2026-05-01T10:00:00+10:00,S02,70
B001,HB01429-completed,HB01429,completed,2026-05-01T10:00:00+10:00,Completed,2026-05-01T09:00:00+10:00,2026-05-01T10:00:00+10:00,S02,70
B001,HB01430-created,HB01430,created,2026-04-29T12:00:00+10:00,Booked,2026-05-01T12:00:00+10:00,2026-05-01T14:00:00+10:00,S02,180
B001,HB01430-completed,HB01430,completed,2026-05-01T14:00:00+10:00,Completed,2026-05-01T12:00:00+10:00,2026-05-01T14:00:00+10:00,S02,180
B001,HB01431-created,HB01431,created,2026-04-17T09:00:00+10:00,Booked,2026-04-27T09:00:00+10:00,2026-04-27T10:00:00+10:00,S03,70
B001,HB01431-completed,HB01431,completed,2026-04-27T10:00:00+10:00,Completed,2026-04-27T09:00:00+10:00,2026-04-27T10:00:00+10:00,S03,70
B001,HB01432-created,HB01432,created,2026-04-25T12:00:00+10:00,Booked,2026-04-27T12:00:00+10:00,2026-04-27T14:00:00+10:00,S03,180
B001,HB01432-completed,HB01432,completed,2026-04-27T14:00:00+10:00,Completed,2026-04-27T12:00:00+10:00,2026-04-27T14:00:00+10:00,S03,180
B001,HB01433-created,HB01433,created,2026-04-18T09:00:00+10:00,Booked,2026-04-28T09:00:00+10:00,2026-04-28T11:00:00+10:00,S03,180
B001,HB01433-completed,HB01433,completed,2026-04-28T11:00:00+10:00,Completed,2026-04-28T09:00:00+10:00,2026-04-28T11:00:00+10:00,S03,180
B001,HB01434-created,HB01434,created,2026-04-26T12:00:00+10:00,Booked,2026-04-28T12:00:00+10:00,2026-04-28T13:00:00+10:00,S03,70
B001,HB01434-completed,HB01434,completed,2026-04-28T13:00:00+10:00,Completed,2026-04-28T12:00:00+10:00,2026-04-28T13:00:00+10:00,S03,70
B001,HB01435-created,HB01435,created,2026-04-19T09:00:00+10:00,Booked,2026-04-29T09:00:00+10:00,2026-04-29T10:00:00+10:00,S03,70
B001,HB01435-completed,HB01435,completed,2026-04-29T10:00:00+10:00,Completed,2026-04-29T09:00:00+10:00,2026-04-29T10:00:00+10:00,S03,70
B001,HB01436-created,HB01436,created,2026-04-27T12:00:00+10:00,Booked,2026-04-29T12:00:00+10:00,2026-04-29T13:00:00+10:00,S03,70
B001,HB01436-completed,HB01436,completed,2026-04-29T13:00:00+10:00,Completed,2026-04-29T12:00:00+10:00,2026-04-29T13:00:00+10:00,S03,70
B001,HB01437-created,HB01437,created,2026-04-20T09:00:00+10:00,Booked,2026-04-30T09:00:00+10:00,2026-04-30T10:00:00+10:00,S03,70
B001,HB01437-completed,HB01437,completed,2026-04-30T10:00:00+10:00,Completed,2026-04-30T09:00:00+10:00,2026-04-30T10:00:00+10:00,S03,70
B001,HB01438-created,HB01438,created,2026-04-28T12:00:00+10:00,Booked,2026-04-30T12:00:00+10:00,2026-04-30T14:00:00+10:00,S03,180
B001,HB01438-completed,HB01438,completed,2026-04-30T14:00:00+10:00,Completed,2026-04-30T12:00:00+10:00,2026-04-30T14:00:00+10:00,S03,180
B001,HB01439-created,HB01439,created,2026-04-21T09:00:00+10:00,Booked,2026-05-01T09:00:00+10:00,2026-05-01T11:00:00+10:00,S03,180
B001,HB01439-completed,HB01439,completed,2026-05-01T11:00:00+10:00,Completed,2026-05-01T09:00:00+10:00,2026-05-01T11:00:00+10:00,S03,180
B001,HB01440-created,HB01440,created,2026-04-29T12:00:00+10:00,Booked,2026-05-01T12:00:00+10:00,2026-05-01T13:00:00+10:00,S03,70
B001,HB01440-completed,HB01440,completed,2026-05-01T13:00:00+10:00,Completed,2026-05-01T12:00:00+10:00,2026-05-01T13:00:00+10:00,S03,70
B001,HB01441-created,HB01441,created,2026-04-24T09:00:00+10:00,Booked,2026-05-04T09:00:00+10:00,2026-05-04T10:00:00+10:00,S01,70
B001,HB01441-completed,HB01441,completed,2026-05-04T10:00:00+10:00,Completed,2026-05-04T09:00:00+10:00,2026-05-04T10:00:00+10:00,S01,70
B001,HB01442-created,HB01442,created,2026-05-02T12:00:00+10:00,Booked,2026-05-04T12:00:00+10:00,2026-05-04T13:00:00+10:00,S01,70
B001,HB01442-completed,HB01442,completed,2026-05-04T13:00:00+10:00,Completed,2026-05-04T12:00:00+10:00,2026-05-04T13:00:00+10:00,S01,70
B001,HB01443-created,HB01443,created,2026-04-25T09:00:00+10:00,Booked,2026-05-05T09:00:00+10:00,2026-05-05T10:00:00+10:00,S01,70
B001,HB01443-completed,HB01443,completed,2026-05-05T10:00:00+10:00,Completed,2026-05-05T09:00:00+10:00,2026-05-05T10:00:00+10:00,S01,70
B001,HB01444-created,HB01444,created,2026-05-03T12:00:00+10:00,Booked,2026-05-05T12:00:00+10:00,2026-05-05T14:00:00+10:00,S01,180
B001,HB01444-completed,HB01444,completed,2026-05-05T14:00:00+10:00,Completed,2026-05-05T12:00:00+10:00,2026-05-05T14:00:00+10:00,S01,180
B001,HB01445-created,HB01445,created,2026-04-26T09:00:00+10:00,Booked,2026-05-06T09:00:00+10:00,2026-05-06T11:00:00+10:00,S01,180
B001,HB01445-completed,HB01445,completed,2026-05-06T11:00:00+10:00,Completed,2026-05-06T09:00:00+10:00,2026-05-06T11:00:00+10:00,S01,180
B001,HB01446-created,HB01446,created,2026-05-04T12:00:00+10:00,Booked,2026-05-06T12:00:00+10:00,2026-05-06T13:00:00+10:00,S01,70
B001,HB01446-completed,HB01446,completed,2026-05-06T13:00:00+10:00,Completed,2026-05-06T12:00:00+10:00,2026-05-06T13:00:00+10:00,S01,70
B001,HB01447-created,HB01447,created,2026-04-27T09:00:00+10:00,Booked,2026-05-07T09:00:00+10:00,2026-05-07T10:00:00+10:00,S01,70
B001,HB01447-completed,HB01447,completed,2026-05-07T10:00:00+10:00,Completed,2026-05-07T09:00:00+10:00,2026-05-07T10:00:00+10:00,S01,70
B001,HB01448-created,HB01448,created,2026-05-05T12:00:00+10:00,Booked,2026-05-07T12:00:00+10:00,2026-05-07T13:00:00+10:00,S01,70
B001,HB01448-completed,HB01448,completed,2026-05-07T13:00:00+10:00,Completed,2026-05-07T12:00:00+10:00,2026-05-07T13:00:00+10:00,S01,70
B001,HB01449-created,HB01449,created,2026-04-28T09:00:00+10:00,Booked,2026-05-08T09:00:00+10:00,2026-05-08T10:00:00+10:00,S01,70
B001,HB01449-completed,HB01449,completed,2026-05-08T10:00:00+10:00,Completed,2026-05-08T09:00:00+10:00,2026-05-08T10:00:00+10:00,S01,70
B001,HB01450-created,HB01450,created,2026-05-06T12:00:00+10:00,Booked,2026-05-08T12:00:00+10:00,2026-05-08T14:00:00+10:00,S01,180
B001,HB01450-completed,HB01450,completed,2026-05-08T14:00:00+10:00,Completed,2026-05-08T12:00:00+10:00,2026-05-08T14:00:00+10:00,S01,180
B001,HB01451-created,HB01451,created,2026-04-24T09:00:00+10:00,Booked,2026-05-04T09:00:00+10:00,2026-05-04T10:00:00+10:00,S02,70
B001,HB01451-completed,HB01451,completed,2026-05-04T10:00:00+10:00,Completed,2026-05-04T09:00:00+10:00,2026-05-04T10:00:00+10:00,S02,70
B001,HB01452-created,HB01452,created,2026-05-02T12:00:00+10:00,Booked,2026-05-04T12:00:00+10:00,2026-05-04T14:00:00+10:00,S02,180
B001,HB01452-completed,HB01452,completed,2026-05-04T14:00:00+10:00,Completed,2026-05-04T12:00:00+10:00,2026-05-04T14:00:00+10:00,S02,180
B001,HB01453-created,HB01453,created,2026-04-25T09:00:00+10:00,Booked,2026-05-05T09:00:00+10:00,2026-05-05T11:00:00+10:00,S02,180
B001,HB01453-completed,HB01453,completed,2026-05-05T11:00:00+10:00,Completed,2026-05-05T09:00:00+10:00,2026-05-05T11:00:00+10:00,S02,180
B001,HB01454-created,HB01454,created,2026-05-03T12:00:00+10:00,Booked,2026-05-05T12:00:00+10:00,2026-05-05T13:00:00+10:00,S02,70
B001,HB01454-completed,HB01454,completed,2026-05-05T13:00:00+10:00,Completed,2026-05-05T12:00:00+10:00,2026-05-05T13:00:00+10:00,S02,70
B001,HB01455-created,HB01455,created,2026-04-26T09:00:00+10:00,Booked,2026-05-06T09:00:00+10:00,2026-05-06T10:00:00+10:00,S02,70
B001,HB01455-completed,HB01455,completed,2026-05-06T10:00:00+10:00,Completed,2026-05-06T09:00:00+10:00,2026-05-06T10:00:00+10:00,S02,70
B001,HB01456-created,HB01456,created,2026-05-04T12:00:00+10:00,Booked,2026-05-06T12:00:00+10:00,2026-05-06T13:00:00+10:00,S02,70
B001,HB01456-completed,HB01456,completed,2026-05-06T13:00:00+10:00,Completed,2026-05-06T12:00:00+10:00,2026-05-06T13:00:00+10:00,S02,70
B001,HB01457-created,HB01457,created,2026-04-27T09:00:00+10:00,Booked,2026-05-07T09:00:00+10:00,2026-05-07T10:00:00+10:00,S02,70
B001,HB01457-completed,HB01457,completed,2026-05-07T10:00:00+10:00,Completed,2026-05-07T09:00:00+10:00,2026-05-07T10:00:00+10:00,S02,70
B001,HB01458-created,HB01458,created,2026-05-05T12:00:00+10:00,Booked,2026-05-07T12:00:00+10:00,2026-05-07T14:00:00+10:00,S02,180
B001,HB01458-completed,HB01458,completed,2026-05-07T14:00:00+10:00,Completed,2026-05-07T12:00:00+10:00,2026-05-07T14:00:00+10:00,S02,180
B001,HB01459-created,HB01459,created,2026-04-28T09:00:00+10:00,Booked,2026-05-08T09:00:00+10:00,2026-05-08T11:00:00+10:00,S02,180
B001,HB01459-completed,HB01459,completed,2026-05-08T11:00:00+10:00,Completed,2026-05-08T09:00:00+10:00,2026-05-08T11:00:00+10:00,S02,180
B001,HB01460-created,HB01460,created,2026-05-06T12:00:00+10:00,Booked,2026-05-08T12:00:00+10:00,2026-05-08T13:00:00+10:00,S02,70
B001,HB01460-completed,HB01460,completed,2026-05-08T13:00:00+10:00,Completed,2026-05-08T12:00:00+10:00,2026-05-08T13:00:00+10:00,S02,70
B001,HB01461-created,HB01461,created,2026-04-24T09:00:00+10:00,Booked,2026-05-04T09:00:00+10:00,2026-05-04T11:00:00+10:00,S03,180
B001,HB01461-completed,HB01461,completed,2026-05-04T11:00:00+10:00,Completed,2026-05-04T09:00:00+10:00,2026-05-04T11:00:00+10:00,S03,180
B001,HB01462-created,HB01462,created,2026-05-02T12:00:00+10:00,Booked,2026-05-04T12:00:00+10:00,2026-05-04T13:00:00+10:00,S03,70
B001,HB01462-completed,HB01462,completed,2026-05-04T13:00:00+10:00,Completed,2026-05-04T12:00:00+10:00,2026-05-04T13:00:00+10:00,S03,70
B001,HB01463-created,HB01463,created,2026-04-25T09:00:00+10:00,Booked,2026-05-05T09:00:00+10:00,2026-05-05T10:00:00+10:00,S03,70
B001,HB01463-completed,HB01463,completed,2026-05-05T10:00:00+10:00,Completed,2026-05-05T09:00:00+10:00,2026-05-05T10:00:00+10:00,S03,70
B001,HB01464-created,HB01464,created,2026-05-03T12:00:00+10:00,Booked,2026-05-05T12:00:00+10:00,2026-05-05T13:00:00+10:00,S03,70
B001,HB01464-completed,HB01464,completed,2026-05-05T13:00:00+10:00,Completed,2026-05-05T12:00:00+10:00,2026-05-05T13:00:00+10:00,S03,70
B001,HB01465-created,HB01465,created,2026-04-26T09:00:00+10:00,Booked,2026-05-06T09:00:00+10:00,2026-05-06T10:00:00+10:00,S03,70
B001,HB01465-completed,HB01465,completed,2026-05-06T10:00:00+10:00,Completed,2026-05-06T09:00:00+10:00,2026-05-06T10:00:00+10:00,S03,70
B001,HB01466-created,HB01466,created,2026-05-04T12:00:00+10:00,Booked,2026-05-06T12:00:00+10:00,2026-05-06T14:00:00+10:00,S03,180
B001,HB01466-completed,HB01466,completed,2026-05-06T14:00:00+10:00,Completed,2026-05-06T12:00:00+10:00,2026-05-06T14:00:00+10:00,S03,180
B001,HB01467-created,HB01467,created,2026-04-27T09:00:00+10:00,Booked,2026-05-07T09:00:00+10:00,2026-05-07T11:00:00+10:00,S03,180
B001,HB01467-completed,HB01467,completed,2026-05-07T11:00:00+10:00,Completed,2026-05-07T09:00:00+10:00,2026-05-07T11:00:00+10:00,S03,180
B001,HB01468-created,HB01468,created,2026-05-05T12:00:00+10:00,Booked,2026-05-07T12:00:00+10:00,2026-05-07T13:00:00+10:00,S03,70
B001,HB01468-completed,HB01468,completed,2026-05-07T13:00:00+10:00,Completed,2026-05-07T12:00:00+10:00,2026-05-07T13:00:00+10:00,S03,70
B001,HB01469-created,HB01469,created,2026-04-28T09:00:00+10:00,Booked,2026-05-08T09:00:00+10:00,2026-05-08T10:00:00+10:00,S03,70
B001,HB01469-completed,HB01469,completed,2026-05-08T10:00:00+10:00,Completed,2026-05-08T09:00:00+10:00,2026-05-08T10:00:00+10:00,S03,70
B001,HB01470-created,HB01470,created,2026-05-06T12:00:00+10:00,Booked,2026-05-08T12:00:00+10:00,2026-05-08T13:00:00+10:00,S03,70
B001,HB01470-completed,HB01470,completed,2026-05-08T13:00:00+10:00,Completed,2026-05-08T12:00:00+10:00,2026-05-08T13:00:00+10:00,S03,70
B001,HB01471-created,HB01471,created,2026-05-01T09:00:00+10:00,Booked,2026-05-11T09:00:00+10:00,2026-05-11T10:00:00+10:00,S01,70
B001,HB01471-completed,HB01471,completed,2026-05-11T10:00:00+10:00,Completed,2026-05-11T09:00:00+10:00,2026-05-11T10:00:00+10:00,S01,70
B001,HB01472-created,HB01472,created,2026-05-09T12:00:00+10:00,Booked,2026-05-11T12:00:00+10:00,2026-05-11T14:00:00+10:00,S01,180
B001,HB01472-completed,HB01472,completed,2026-05-11T14:00:00+10:00,Completed,2026-05-11T12:00:00+10:00,2026-05-11T14:00:00+10:00,S01,180
B001,HB01473-created,HB01473,created,2026-05-02T09:00:00+10:00,Booked,2026-05-12T09:00:00+10:00,2026-05-12T11:00:00+10:00,S01,180
B001,HB01473-completed,HB01473,completed,2026-05-12T11:00:00+10:00,Completed,2026-05-12T09:00:00+10:00,2026-05-12T11:00:00+10:00,S01,180
B001,HB01474-created,HB01474,created,2026-05-10T12:00:00+10:00,Booked,2026-05-12T12:00:00+10:00,2026-05-12T13:00:00+10:00,S01,70
B001,HB01474-completed,HB01474,completed,2026-05-12T13:00:00+10:00,Completed,2026-05-12T12:00:00+10:00,2026-05-12T13:00:00+10:00,S01,70
B001,HB01475-created,HB01475,created,2026-05-03T09:00:00+10:00,Booked,2026-05-13T09:00:00+10:00,2026-05-13T10:00:00+10:00,S01,70
B001,HB01475-completed,HB01475,completed,2026-05-13T10:00:00+10:00,Completed,2026-05-13T09:00:00+10:00,2026-05-13T10:00:00+10:00,S01,70
B001,HB01476-created,HB01476,created,2026-05-11T12:00:00+10:00,Booked,2026-05-13T12:00:00+10:00,2026-05-13T13:00:00+10:00,S01,70
B001,HB01476-completed,HB01476,completed,2026-05-13T13:00:00+10:00,Completed,2026-05-13T12:00:00+10:00,2026-05-13T13:00:00+10:00,S01,70
B001,HB01477-created,HB01477,created,2026-05-04T09:00:00+10:00,Booked,2026-05-14T09:00:00+10:00,2026-05-14T10:00:00+10:00,S01,70
B001,HB01477-completed,HB01477,completed,2026-05-14T10:00:00+10:00,Completed,2026-05-14T09:00:00+10:00,2026-05-14T10:00:00+10:00,S01,70
B001,HB01478-created,HB01478,created,2026-05-12T12:00:00+10:00,Booked,2026-05-14T12:00:00+10:00,2026-05-14T14:00:00+10:00,S01,180
B001,HB01478-completed,HB01478,completed,2026-05-14T14:00:00+10:00,Completed,2026-05-14T12:00:00+10:00,2026-05-14T14:00:00+10:00,S01,180
B001,HB01479-created,HB01479,created,2026-05-05T09:00:00+10:00,Booked,2026-05-15T09:00:00+10:00,2026-05-15T11:00:00+10:00,S01,180
B001,HB01479-completed,HB01479,completed,2026-05-15T11:00:00+10:00,Completed,2026-05-15T09:00:00+10:00,2026-05-15T11:00:00+10:00,S01,180
B001,HB01480-created,HB01480,created,2026-05-13T12:00:00+10:00,Booked,2026-05-15T12:00:00+10:00,2026-05-15T13:00:00+10:00,S01,70
B001,HB01480-completed,HB01480,completed,2026-05-15T13:00:00+10:00,Completed,2026-05-15T12:00:00+10:00,2026-05-15T13:00:00+10:00,S01,70
B001,HB01481-created,HB01481,created,2026-05-01T09:00:00+10:00,Booked,2026-05-11T09:00:00+10:00,2026-05-11T11:00:00+10:00,S02,180
B001,HB01481-completed,HB01481,completed,2026-05-11T11:00:00+10:00,Completed,2026-05-11T09:00:00+10:00,2026-05-11T11:00:00+10:00,S02,180
B001,HB01482-created,HB01482,created,2026-05-09T12:00:00+10:00,Booked,2026-05-11T12:00:00+10:00,2026-05-11T13:00:00+10:00,S02,70
B001,HB01482-completed,HB01482,completed,2026-05-11T13:00:00+10:00,Completed,2026-05-11T12:00:00+10:00,2026-05-11T13:00:00+10:00,S02,70
B001,HB01483-created,HB01483,created,2026-05-02T09:00:00+10:00,Booked,2026-05-12T09:00:00+10:00,2026-05-12T10:00:00+10:00,S02,70
B001,HB01483-completed,HB01483,completed,2026-05-12T10:00:00+10:00,Completed,2026-05-12T09:00:00+10:00,2026-05-12T10:00:00+10:00,S02,70
B001,HB01484-created,HB01484,created,2026-05-10T12:00:00+10:00,Booked,2026-05-12T12:00:00+10:00,2026-05-12T13:00:00+10:00,S02,70
B001,HB01484-completed,HB01484,completed,2026-05-12T13:00:00+10:00,Completed,2026-05-12T12:00:00+10:00,2026-05-12T13:00:00+10:00,S02,70
B001,HB01485-created,HB01485,created,2026-05-03T09:00:00+10:00,Booked,2026-05-13T09:00:00+10:00,2026-05-13T10:00:00+10:00,S02,70
B001,HB01485-completed,HB01485,completed,2026-05-13T10:00:00+10:00,Completed,2026-05-13T09:00:00+10:00,2026-05-13T10:00:00+10:00,S02,70
B001,HB01486-created,HB01486,created,2026-05-11T12:00:00+10:00,Booked,2026-05-13T12:00:00+10:00,2026-05-13T14:00:00+10:00,S02,180
B001,HB01486-completed,HB01486,completed,2026-05-13T14:00:00+10:00,Completed,2026-05-13T12:00:00+10:00,2026-05-13T14:00:00+10:00,S02,180
B001,HB01487-created,HB01487,created,2026-05-04T09:00:00+10:00,Booked,2026-05-14T09:00:00+10:00,2026-05-14T11:00:00+10:00,S02,180
B001,HB01487-completed,HB01487,completed,2026-05-14T11:00:00+10:00,Completed,2026-05-14T09:00:00+10:00,2026-05-14T11:00:00+10:00,S02,180
B001,HB01488-created,HB01488,created,2026-05-12T12:00:00+10:00,Booked,2026-05-14T12:00:00+10:00,2026-05-14T13:00:00+10:00,S02,70
B001,HB01488-completed,HB01488,completed,2026-05-14T13:00:00+10:00,Completed,2026-05-14T12:00:00+10:00,2026-05-14T13:00:00+10:00,S02,70
B001,HB01489-created,HB01489,created,2026-05-05T09:00:00+10:00,Booked,2026-05-15T09:00:00+10:00,2026-05-15T10:00:00+10:00,S02,70
B001,HB01489-completed,HB01489,completed,2026-05-15T10:00:00+10:00,Completed,2026-05-15T09:00:00+10:00,2026-05-15T10:00:00+10:00,S02,70
B001,HB01490-created,HB01490,created,2026-05-13T12:00:00+10:00,Booked,2026-05-15T12:00:00+10:00,2026-05-15T13:00:00+10:00,S02,70
B001,HB01490-completed,HB01490,completed,2026-05-15T13:00:00+10:00,Completed,2026-05-15T12:00:00+10:00,2026-05-15T13:00:00+10:00,S02,70
B001,HB01491-created,HB01491,created,2026-05-01T09:00:00+10:00,Booked,2026-05-11T09:00:00+10:00,2026-05-11T10:00:00+10:00,S03,70
B001,HB01491-completed,HB01491,completed,2026-05-11T10:00:00+10:00,Completed,2026-05-11T09:00:00+10:00,2026-05-11T10:00:00+10:00,S03,70
B001,HB01492-created,HB01492,created,2026-05-09T12:00:00+10:00,Booked,2026-05-11T12:00:00+10:00,2026-05-11T13:00:00+10:00,S03,70
B001,HB01492-completed,HB01492,completed,2026-05-11T13:00:00+10:00,Completed,2026-05-11T12:00:00+10:00,2026-05-11T13:00:00+10:00,S03,70
B001,HB01493-created,HB01493,created,2026-05-02T09:00:00+10:00,Booked,2026-05-12T09:00:00+10:00,2026-05-12T10:00:00+10:00,S03,70
B001,HB01493-completed,HB01493,completed,2026-05-12T10:00:00+10:00,Completed,2026-05-12T09:00:00+10:00,2026-05-12T10:00:00+10:00,S03,70
B001,HB01494-created,HB01494,created,2026-05-10T12:00:00+10:00,Booked,2026-05-12T12:00:00+10:00,2026-05-12T14:00:00+10:00,S03,180
B001,HB01494-completed,HB01494,completed,2026-05-12T14:00:00+10:00,Completed,2026-05-12T12:00:00+10:00,2026-05-12T14:00:00+10:00,S03,180
B001,HB01495-created,HB01495,created,2026-05-03T09:00:00+10:00,Booked,2026-05-13T09:00:00+10:00,2026-05-13T11:00:00+10:00,S03,180
B001,HB01495-completed,HB01495,completed,2026-05-13T11:00:00+10:00,Completed,2026-05-13T09:00:00+10:00,2026-05-13T11:00:00+10:00,S03,180
B001,HB01496-created,HB01496,created,2026-05-11T12:00:00+10:00,Booked,2026-05-13T12:00:00+10:00,2026-05-13T13:00:00+10:00,S03,70
B001,HB01496-completed,HB01496,completed,2026-05-13T13:00:00+10:00,Completed,2026-05-13T12:00:00+10:00,2026-05-13T13:00:00+10:00,S03,70
B001,HB01497-created,HB01497,created,2026-05-04T09:00:00+10:00,Booked,2026-05-14T09:00:00+10:00,2026-05-14T10:00:00+10:00,S03,70
B001,HB01497-completed,HB01497,completed,2026-05-14T10:00:00+10:00,Completed,2026-05-14T09:00:00+10:00,2026-05-14T10:00:00+10:00,S03,70
B001,HB01498-created,HB01498,created,2026-05-12T12:00:00+10:00,Booked,2026-05-14T12:00:00+10:00,2026-05-14T13:00:00+10:00,S03,70
B001,HB01498-completed,HB01498,completed,2026-05-14T13:00:00+10:00,Completed,2026-05-14T12:00:00+10:00,2026-05-14T13:00:00+10:00,S03,70
B001,HB01499-created,HB01499,created,2026-05-05T09:00:00+10:00,Booked,2026-05-15T09:00:00+10:00,2026-05-15T10:00:00+10:00,S03,70
B001,HB01499-completed,HB01499,completed,2026-05-15T10:00:00+10:00,Completed,2026-05-15T09:00:00+10:00,2026-05-15T10:00:00+10:00,S03,70
B001,HB01500-created,HB01500,created,2026-05-13T12:00:00+10:00,Booked,2026-05-15T12:00:00+10:00,2026-05-15T14:00:00+10:00,S03,180
B001,HB01500-completed,HB01500,completed,2026-05-15T14:00:00+10:00,Completed,2026-05-15T12:00:00+10:00,2026-05-15T14:00:00+10:00,S03,180
B001,HB01501-created,HB01501,created,2026-05-08T09:00:00+10:00,Booked,2026-05-18T09:00:00+10:00,2026-05-18T11:00:00+10:00,S01,180
B001,HB01501-completed,HB01501,completed,2026-05-18T11:00:00+10:00,Completed,2026-05-18T09:00:00+10:00,2026-05-18T11:00:00+10:00,S01,180
B001,HB01502-created,HB01502,created,2026-05-16T12:00:00+10:00,Booked,2026-05-18T12:00:00+10:00,2026-05-18T13:00:00+10:00,S01,70
B001,HB01502-completed,HB01502,completed,2026-05-18T13:00:00+10:00,Completed,2026-05-18T12:00:00+10:00,2026-05-18T13:00:00+10:00,S01,70
B001,HB01503-created,HB01503,created,2026-05-09T09:00:00+10:00,Booked,2026-05-19T09:00:00+10:00,2026-05-19T10:00:00+10:00,S01,70
B001,HB01503-completed,HB01503,completed,2026-05-19T10:00:00+10:00,Completed,2026-05-19T09:00:00+10:00,2026-05-19T10:00:00+10:00,S01,70
B001,HB01504-created,HB01504,created,2026-05-17T12:00:00+10:00,Booked,2026-05-19T12:00:00+10:00,2026-05-19T13:00:00+10:00,S01,70
B001,HB01504-completed,HB01504,completed,2026-05-19T13:00:00+10:00,Completed,2026-05-19T12:00:00+10:00,2026-05-19T13:00:00+10:00,S01,70
B001,HB01505-created,HB01505,created,2026-05-10T09:00:00+10:00,Booked,2026-05-20T09:00:00+10:00,2026-05-20T10:00:00+10:00,S01,70
B001,HB01505-completed,HB01505,completed,2026-05-20T10:00:00+10:00,Completed,2026-05-20T09:00:00+10:00,2026-05-20T10:00:00+10:00,S01,70
B001,HB01506-created,HB01506,created,2026-05-18T12:00:00+10:00,Booked,2026-05-20T12:00:00+10:00,2026-05-20T14:00:00+10:00,S01,180
B001,HB01506-completed,HB01506,completed,2026-05-20T14:00:00+10:00,Completed,2026-05-20T12:00:00+10:00,2026-05-20T14:00:00+10:00,S01,180
B001,HB01507-created,HB01507,created,2026-05-11T09:00:00+10:00,Booked,2026-05-21T09:00:00+10:00,2026-05-21T11:00:00+10:00,S01,180
B001,HB01507-completed,HB01507,completed,2026-05-21T11:00:00+10:00,Completed,2026-05-21T09:00:00+10:00,2026-05-21T11:00:00+10:00,S01,180
B001,HB01508-created,HB01508,created,2026-05-19T12:00:00+10:00,Booked,2026-05-21T12:00:00+10:00,2026-05-21T13:00:00+10:00,S01,70
B001,HB01508-completed,HB01508,completed,2026-05-21T13:00:00+10:00,Completed,2026-05-21T12:00:00+10:00,2026-05-21T13:00:00+10:00,S01,70
B001,HB01509-created,HB01509,created,2026-05-12T09:00:00+10:00,Booked,2026-05-22T09:00:00+10:00,2026-05-22T10:00:00+10:00,S01,70
B001,HB01509-completed,HB01509,completed,2026-05-22T10:00:00+10:00,Completed,2026-05-22T09:00:00+10:00,2026-05-22T10:00:00+10:00,S01,70
B001,HB01510-created,HB01510,created,2026-05-20T12:00:00+10:00,Booked,2026-05-22T12:00:00+10:00,2026-05-22T13:00:00+10:00,S01,70
B001,HB01510-completed,HB01510,completed,2026-05-22T13:00:00+10:00,Completed,2026-05-22T12:00:00+10:00,2026-05-22T13:00:00+10:00,S01,70
B001,HB01511-created,HB01511,created,2026-05-08T09:00:00+10:00,Booked,2026-05-18T09:00:00+10:00,2026-05-18T10:00:00+10:00,S02,70
B001,HB01511-completed,HB01511,completed,2026-05-18T10:00:00+10:00,Completed,2026-05-18T09:00:00+10:00,2026-05-18T10:00:00+10:00,S02,70
B001,HB01512-created,HB01512,created,2026-05-16T12:00:00+10:00,Booked,2026-05-18T12:00:00+10:00,2026-05-18T13:00:00+10:00,S02,70
B001,HB01512-completed,HB01512,completed,2026-05-18T13:00:00+10:00,Completed,2026-05-18T12:00:00+10:00,2026-05-18T13:00:00+10:00,S02,70
B001,HB01513-created,HB01513,created,2026-05-09T09:00:00+10:00,Booked,2026-05-19T09:00:00+10:00,2026-05-19T10:00:00+10:00,S02,70
B001,HB01513-completed,HB01513,completed,2026-05-19T10:00:00+10:00,Completed,2026-05-19T09:00:00+10:00,2026-05-19T10:00:00+10:00,S02,70
B001,HB01514-created,HB01514,created,2026-05-17T12:00:00+10:00,Booked,2026-05-19T12:00:00+10:00,2026-05-19T14:00:00+10:00,S02,180
B001,HB01514-completed,HB01514,completed,2026-05-19T14:00:00+10:00,Completed,2026-05-19T12:00:00+10:00,2026-05-19T14:00:00+10:00,S02,180
B001,HB01515-created,HB01515,created,2026-05-10T09:00:00+10:00,Booked,2026-05-20T09:00:00+10:00,2026-05-20T11:00:00+10:00,S02,180
B001,HB01515-completed,HB01515,completed,2026-05-20T11:00:00+10:00,Completed,2026-05-20T09:00:00+10:00,2026-05-20T11:00:00+10:00,S02,180
B001,HB01516-created,HB01516,created,2026-05-18T12:00:00+10:00,Booked,2026-05-20T12:00:00+10:00,2026-05-20T13:00:00+10:00,S02,70
B001,HB01516-completed,HB01516,completed,2026-05-20T13:00:00+10:00,Completed,2026-05-20T12:00:00+10:00,2026-05-20T13:00:00+10:00,S02,70
B001,HB01517-created,HB01517,created,2026-05-11T09:00:00+10:00,Booked,2026-05-21T09:00:00+10:00,2026-05-21T10:00:00+10:00,S02,70
B001,HB01517-completed,HB01517,completed,2026-05-21T10:00:00+10:00,Completed,2026-05-21T09:00:00+10:00,2026-05-21T10:00:00+10:00,S02,70
B001,HB01518-created,HB01518,created,2026-05-19T12:00:00+10:00,Booked,2026-05-21T12:00:00+10:00,2026-05-21T13:00:00+10:00,S02,70
B001,HB01518-completed,HB01518,completed,2026-05-21T13:00:00+10:00,Completed,2026-05-21T12:00:00+10:00,2026-05-21T13:00:00+10:00,S02,70
B001,HB01519-created,HB01519,created,2026-05-12T09:00:00+10:00,Booked,2026-05-22T09:00:00+10:00,2026-05-22T10:00:00+10:00,S02,70
B001,HB01519-completed,HB01519,completed,2026-05-22T10:00:00+10:00,Completed,2026-05-22T09:00:00+10:00,2026-05-22T10:00:00+10:00,S02,70
B001,HB01520-created,HB01520,created,2026-05-20T12:00:00+10:00,Booked,2026-05-22T12:00:00+10:00,2026-05-22T14:00:00+10:00,S02,180
B001,HB01520-completed,HB01520,completed,2026-05-22T14:00:00+10:00,Completed,2026-05-22T12:00:00+10:00,2026-05-22T14:00:00+10:00,S02,180
B001,HB01521-created,HB01521,created,2026-05-08T09:00:00+10:00,Booked,2026-05-18T09:00:00+10:00,2026-05-18T10:00:00+10:00,S03,70
B001,HB01521-completed,HB01521,completed,2026-05-18T10:00:00+10:00,Completed,2026-05-18T09:00:00+10:00,2026-05-18T10:00:00+10:00,S03,70
B001,HB01522-created,HB01522,created,2026-05-16T12:00:00+10:00,Booked,2026-05-18T12:00:00+10:00,2026-05-18T14:00:00+10:00,S03,180
B001,HB01522-completed,HB01522,completed,2026-05-18T14:00:00+10:00,Completed,2026-05-18T12:00:00+10:00,2026-05-18T14:00:00+10:00,S03,180
B001,HB01523-created,HB01523,created,2026-05-09T09:00:00+10:00,Booked,2026-05-19T09:00:00+10:00,2026-05-19T11:00:00+10:00,S03,180
B001,HB01523-completed,HB01523,completed,2026-05-19T11:00:00+10:00,Completed,2026-05-19T09:00:00+10:00,2026-05-19T11:00:00+10:00,S03,180
B001,HB01524-created,HB01524,created,2026-05-17T12:00:00+10:00,Booked,2026-05-19T12:00:00+10:00,2026-05-19T13:00:00+10:00,S03,70
B001,HB01524-completed,HB01524,completed,2026-05-19T13:00:00+10:00,Completed,2026-05-19T12:00:00+10:00,2026-05-19T13:00:00+10:00,S03,70
B001,HB01525-created,HB01525,created,2026-05-10T09:00:00+10:00,Booked,2026-05-20T09:00:00+10:00,2026-05-20T10:00:00+10:00,S03,70
B001,HB01525-completed,HB01525,completed,2026-05-20T10:00:00+10:00,Completed,2026-05-20T09:00:00+10:00,2026-05-20T10:00:00+10:00,S03,70
B001,HB01526-created,HB01526,created,2026-05-18T12:00:00+10:00,Booked,2026-05-20T12:00:00+10:00,2026-05-20T13:00:00+10:00,S03,70
B001,HB01526-completed,HB01526,completed,2026-05-20T13:00:00+10:00,Completed,2026-05-20T12:00:00+10:00,2026-05-20T13:00:00+10:00,S03,70
B001,HB01527-created,HB01527,created,2026-05-11T09:00:00+10:00,Booked,2026-05-21T09:00:00+10:00,2026-05-21T10:00:00+10:00,S03,70
B001,HB01527-completed,HB01527,completed,2026-05-21T10:00:00+10:00,Completed,2026-05-21T09:00:00+10:00,2026-05-21T10:00:00+10:00,S03,70
B001,HB01528-created,HB01528,created,2026-05-19T12:00:00+10:00,Booked,2026-05-21T12:00:00+10:00,2026-05-21T14:00:00+10:00,S03,180
B001,HB01528-completed,HB01528,completed,2026-05-21T14:00:00+10:00,Completed,2026-05-21T12:00:00+10:00,2026-05-21T14:00:00+10:00,S03,180
B001,HB01529-created,HB01529,created,2026-05-12T09:00:00+10:00,Booked,2026-05-22T09:00:00+10:00,2026-05-22T11:00:00+10:00,S03,180
B001,HB01529-completed,HB01529,completed,2026-05-22T11:00:00+10:00,Completed,2026-05-22T09:00:00+10:00,2026-05-22T11:00:00+10:00,S03,180
B001,HB01530-created,HB01530,created,2026-05-20T12:00:00+10:00,Booked,2026-05-22T12:00:00+10:00,2026-05-22T13:00:00+10:00,S03,70
B001,HB01530-completed,HB01530,completed,2026-05-22T13:00:00+10:00,Completed,2026-05-22T12:00:00+10:00,2026-05-22T13:00:00+10:00,S03,70
B001,HB01531-created,HB01531,created,2026-05-15T09:00:00+10:00,Booked,2026-05-25T09:00:00+10:00,2026-05-25T10:00:00+10:00,S01,70
B001,HB01531-completed,HB01531,completed,2026-05-25T10:00:00+10:00,Completed,2026-05-25T09:00:00+10:00,2026-05-25T10:00:00+10:00,S01,70
B001,HB01532-created,HB01532,created,2026-05-23T12:00:00+10:00,Booked,2026-05-25T12:00:00+10:00,2026-05-25T13:00:00+10:00,S01,70
B001,HB01532-completed,HB01532,completed,2026-05-25T13:00:00+10:00,Completed,2026-05-25T12:00:00+10:00,2026-05-25T13:00:00+10:00,S01,70
B001,HB01533-created,HB01533,created,2026-05-16T09:00:00+10:00,Booked,2026-05-26T09:00:00+10:00,2026-05-26T10:00:00+10:00,S01,70
B001,HB01533-completed,HB01533,completed,2026-05-26T10:00:00+10:00,Completed,2026-05-26T09:00:00+10:00,2026-05-26T10:00:00+10:00,S01,70
B001,HB01534-created,HB01534,created,2026-05-24T12:00:00+10:00,Booked,2026-05-26T12:00:00+10:00,2026-05-26T14:00:00+10:00,S01,180
B001,HB01534-completed,HB01534,completed,2026-05-26T14:00:00+10:00,Completed,2026-05-26T12:00:00+10:00,2026-05-26T14:00:00+10:00,S01,180
B001,HB01535-created,HB01535,created,2026-05-17T09:00:00+10:00,Booked,2026-05-27T09:00:00+10:00,2026-05-27T11:00:00+10:00,S01,180
B001,HB01535-completed,HB01535,completed,2026-05-27T11:00:00+10:00,Completed,2026-05-27T09:00:00+10:00,2026-05-27T11:00:00+10:00,S01,180
B001,HB01536-created,HB01536,created,2026-05-25T12:00:00+10:00,Booked,2026-05-27T12:00:00+10:00,2026-05-27T13:00:00+10:00,S01,70
B001,HB01536-completed,HB01536,completed,2026-05-27T13:00:00+10:00,Completed,2026-05-27T12:00:00+10:00,2026-05-27T13:00:00+10:00,S01,70
B001,HB01537-created,HB01537,created,2026-05-18T09:00:00+10:00,Booked,2026-05-28T09:00:00+10:00,2026-05-28T10:00:00+10:00,S01,70
B001,HB01537-completed,HB01537,completed,2026-05-28T10:00:00+10:00,Completed,2026-05-28T09:00:00+10:00,2026-05-28T10:00:00+10:00,S01,70
B001,HB01538-created,HB01538,created,2026-05-26T12:00:00+10:00,Booked,2026-05-28T12:00:00+10:00,2026-05-28T13:00:00+10:00,S01,70
B001,HB01538-completed,HB01538,completed,2026-05-28T13:00:00+10:00,Completed,2026-05-28T12:00:00+10:00,2026-05-28T13:00:00+10:00,S01,70
B001,HB01539-created,HB01539,created,2026-05-19T09:00:00+10:00,Booked,2026-05-29T09:00:00+10:00,2026-05-29T10:00:00+10:00,S01,70
B001,HB01539-completed,HB01539,completed,2026-05-29T10:00:00+10:00,Completed,2026-05-29T09:00:00+10:00,2026-05-29T10:00:00+10:00,S01,70
B001,HB01540-created,HB01540,created,2026-05-27T12:00:00+10:00,Booked,2026-05-29T12:00:00+10:00,2026-05-29T14:00:00+10:00,S01,180
B001,HB01540-completed,HB01540,completed,2026-05-29T14:00:00+10:00,Completed,2026-05-29T12:00:00+10:00,2026-05-29T14:00:00+10:00,S01,180
B001,HB01541-created,HB01541,created,2026-05-15T09:00:00+10:00,Booked,2026-05-25T09:00:00+10:00,2026-05-25T10:00:00+10:00,S02,70
B001,HB01541-completed,HB01541,completed,2026-05-25T10:00:00+10:00,Completed,2026-05-25T09:00:00+10:00,2026-05-25T10:00:00+10:00,S02,70
B001,HB01542-created,HB01542,created,2026-05-23T12:00:00+10:00,Booked,2026-05-25T12:00:00+10:00,2026-05-25T14:00:00+10:00,S02,180
B001,HB01542-completed,HB01542,completed,2026-05-25T14:00:00+10:00,Completed,2026-05-25T12:00:00+10:00,2026-05-25T14:00:00+10:00,S02,180
B001,HB01543-created,HB01543,created,2026-05-16T09:00:00+10:00,Booked,2026-05-26T09:00:00+10:00,2026-05-26T11:00:00+10:00,S02,180
B001,HB01543-completed,HB01543,completed,2026-05-26T11:00:00+10:00,Completed,2026-05-26T09:00:00+10:00,2026-05-26T11:00:00+10:00,S02,180
B001,HB01544-created,HB01544,created,2026-05-24T12:00:00+10:00,Booked,2026-05-26T12:00:00+10:00,2026-05-26T13:00:00+10:00,S02,70
B001,HB01544-completed,HB01544,completed,2026-05-26T13:00:00+10:00,Completed,2026-05-26T12:00:00+10:00,2026-05-26T13:00:00+10:00,S02,70
B001,HB01545-created,HB01545,created,2026-05-17T09:00:00+10:00,Booked,2026-05-27T09:00:00+10:00,2026-05-27T10:00:00+10:00,S02,70
B001,HB01545-completed,HB01545,completed,2026-05-27T10:00:00+10:00,Completed,2026-05-27T09:00:00+10:00,2026-05-27T10:00:00+10:00,S02,70
B001,HB01546-created,HB01546,created,2026-05-25T12:00:00+10:00,Booked,2026-05-27T12:00:00+10:00,2026-05-27T13:00:00+10:00,S02,70
B001,HB01546-completed,HB01546,completed,2026-05-27T13:00:00+10:00,Completed,2026-05-27T12:00:00+10:00,2026-05-27T13:00:00+10:00,S02,70
B001,HB01547-created,HB01547,created,2026-05-18T09:00:00+10:00,Booked,2026-05-28T09:00:00+10:00,2026-05-28T10:00:00+10:00,S02,70
B001,HB01547-completed,HB01547,completed,2026-05-28T10:00:00+10:00,Completed,2026-05-28T09:00:00+10:00,2026-05-28T10:00:00+10:00,S02,70
B001,HB01548-created,HB01548,created,2026-05-26T12:00:00+10:00,Booked,2026-05-28T12:00:00+10:00,2026-05-28T14:00:00+10:00,S02,180
B001,HB01548-completed,HB01548,completed,2026-05-28T14:00:00+10:00,Completed,2026-05-28T12:00:00+10:00,2026-05-28T14:00:00+10:00,S02,180
B001,HB01549-created,HB01549,created,2026-05-19T09:00:00+10:00,Booked,2026-05-29T09:00:00+10:00,2026-05-29T11:00:00+10:00,S02,180
B001,HB01549-completed,HB01549,completed,2026-05-29T11:00:00+10:00,Completed,2026-05-29T09:00:00+10:00,2026-05-29T11:00:00+10:00,S02,180
B001,HB01550-created,HB01550,created,2026-05-27T12:00:00+10:00,Booked,2026-05-29T12:00:00+10:00,2026-05-29T13:00:00+10:00,S02,70
B001,HB01550-completed,HB01550,completed,2026-05-29T13:00:00+10:00,Completed,2026-05-29T12:00:00+10:00,2026-05-29T13:00:00+10:00,S02,70
B001,HB01551-created,HB01551,created,2026-05-15T09:00:00+10:00,Booked,2026-05-25T09:00:00+10:00,2026-05-25T11:00:00+10:00,S03,180
B001,HB01551-completed,HB01551,completed,2026-05-25T11:00:00+10:00,Completed,2026-05-25T09:00:00+10:00,2026-05-25T11:00:00+10:00,S03,180
B001,HB01552-created,HB01552,created,2026-05-23T12:00:00+10:00,Booked,2026-05-25T12:00:00+10:00,2026-05-25T13:00:00+10:00,S03,70
B001,HB01552-completed,HB01552,completed,2026-05-25T13:00:00+10:00,Completed,2026-05-25T12:00:00+10:00,2026-05-25T13:00:00+10:00,S03,70
B001,HB01553-created,HB01553,created,2026-05-16T09:00:00+10:00,Booked,2026-05-26T09:00:00+10:00,2026-05-26T10:00:00+10:00,S03,70
B001,HB01553-completed,HB01553,completed,2026-05-26T10:00:00+10:00,Completed,2026-05-26T09:00:00+10:00,2026-05-26T10:00:00+10:00,S03,70
B001,HB01554-created,HB01554,created,2026-05-24T12:00:00+10:00,Booked,2026-05-26T12:00:00+10:00,2026-05-26T13:00:00+10:00,S03,70
B001,HB01554-completed,HB01554,completed,2026-05-26T13:00:00+10:00,Completed,2026-05-26T12:00:00+10:00,2026-05-26T13:00:00+10:00,S03,70
B001,HB01555-created,HB01555,created,2026-05-17T09:00:00+10:00,Booked,2026-05-27T09:00:00+10:00,2026-05-27T10:00:00+10:00,S03,70
B001,HB01555-completed,HB01555,completed,2026-05-27T10:00:00+10:00,Completed,2026-05-27T09:00:00+10:00,2026-05-27T10:00:00+10:00,S03,70
B001,HB01556-created,HB01556,created,2026-05-25T12:00:00+10:00,Booked,2026-05-27T12:00:00+10:00,2026-05-27T14:00:00+10:00,S03,180
B001,HB01556-completed,HB01556,completed,2026-05-27T14:00:00+10:00,Completed,2026-05-27T12:00:00+10:00,2026-05-27T14:00:00+10:00,S03,180
B001,HB01557-created,HB01557,created,2026-05-18T09:00:00+10:00,Booked,2026-05-28T09:00:00+10:00,2026-05-28T11:00:00+10:00,S03,180
B001,HB01557-completed,HB01557,completed,2026-05-28T11:00:00+10:00,Completed,2026-05-28T09:00:00+10:00,2026-05-28T11:00:00+10:00,S03,180
B001,HB01558-created,HB01558,created,2026-05-26T12:00:00+10:00,Booked,2026-05-28T12:00:00+10:00,2026-05-28T13:00:00+10:00,S03,70
B001,HB01558-completed,HB01558,completed,2026-05-28T13:00:00+10:00,Completed,2026-05-28T12:00:00+10:00,2026-05-28T13:00:00+10:00,S03,70
B001,HB01559-created,HB01559,created,2026-05-19T09:00:00+10:00,Booked,2026-05-29T09:00:00+10:00,2026-05-29T10:00:00+10:00,S03,70
B001,HB01559-completed,HB01559,completed,2026-05-29T10:00:00+10:00,Completed,2026-05-29T09:00:00+10:00,2026-05-29T10:00:00+10:00,S03,70
B001,HB01560-created,HB01560,created,2026-05-27T12:00:00+10:00,Booked,2026-05-29T12:00:00+10:00,2026-05-29T13:00:00+10:00,S03,70
B001,HB01560-completed,HB01560,completed,2026-05-29T13:00:00+10:00,Completed,2026-05-29T12:00:00+10:00,2026-05-29T13:00:00+10:00,S03,70
B001,HB01561-created,HB01561,created,2026-05-22T09:00:00+10:00,Booked,2026-06-01T09:00:00+10:00,2026-06-01T10:00:00+10:00,S01,70
B001,HB01561-completed,HB01561,completed,2026-06-01T10:00:00+10:00,Completed,2026-06-01T09:00:00+10:00,2026-06-01T10:00:00+10:00,S01,70
B001,HB01562-created,HB01562,created,2026-05-30T12:00:00+10:00,Booked,2026-06-01T12:00:00+10:00,2026-06-01T14:00:00+10:00,S01,180
B001,HB01562-completed,HB01562,completed,2026-06-01T14:00:00+10:00,Completed,2026-06-01T12:00:00+10:00,2026-06-01T14:00:00+10:00,S01,180
B001,HB01563-created,HB01563,created,2026-05-23T09:00:00+10:00,Booked,2026-06-02T09:00:00+10:00,2026-06-02T11:00:00+10:00,S01,180
B001,HB01563-completed,HB01563,completed,2026-06-02T11:00:00+10:00,Completed,2026-06-02T09:00:00+10:00,2026-06-02T11:00:00+10:00,S01,180
B001,HB01564-created,HB01564,created,2026-05-31T12:00:00+10:00,Booked,2026-06-02T12:00:00+10:00,2026-06-02T13:00:00+10:00,S01,70
B001,HB01564-completed,HB01564,completed,2026-06-02T13:00:00+10:00,Completed,2026-06-02T12:00:00+10:00,2026-06-02T13:00:00+10:00,S01,70
B001,HB01565-created,HB01565,created,2026-05-24T09:00:00+10:00,Booked,2026-06-03T09:00:00+10:00,2026-06-03T10:00:00+10:00,S01,70
B001,HB01565-completed,HB01565,completed,2026-06-03T10:00:00+10:00,Completed,2026-06-03T09:00:00+10:00,2026-06-03T10:00:00+10:00,S01,70
B001,HB01566-created,HB01566,created,2026-06-01T12:00:00+10:00,Booked,2026-06-03T12:00:00+10:00,2026-06-03T13:00:00+10:00,S01,70
B001,HB01566-completed,HB01566,completed,2026-06-03T13:00:00+10:00,Completed,2026-06-03T12:00:00+10:00,2026-06-03T13:00:00+10:00,S01,70
B001,HB01567-created,HB01567,created,2026-05-25T09:00:00+10:00,Booked,2026-06-04T09:00:00+10:00,2026-06-04T10:00:00+10:00,S01,70
B001,HB01567-completed,HB01567,completed,2026-06-04T10:00:00+10:00,Completed,2026-06-04T09:00:00+10:00,2026-06-04T10:00:00+10:00,S01,70
B001,HB01568-created,HB01568,created,2026-06-02T12:00:00+10:00,Booked,2026-06-04T12:00:00+10:00,2026-06-04T14:00:00+10:00,S01,180
B001,HB01568-completed,HB01568,completed,2026-06-04T14:00:00+10:00,Completed,2026-06-04T12:00:00+10:00,2026-06-04T14:00:00+10:00,S01,180
B001,HB01569-created,HB01569,created,2026-05-26T09:00:00+10:00,Booked,2026-06-05T09:00:00+10:00,2026-06-05T11:00:00+10:00,S01,180
B001,HB01569-completed,HB01569,completed,2026-06-05T11:00:00+10:00,Completed,2026-06-05T09:00:00+10:00,2026-06-05T11:00:00+10:00,S01,180
B001,HB01570-created,HB01570,created,2026-06-03T12:00:00+10:00,Booked,2026-06-05T12:00:00+10:00,2026-06-05T13:00:00+10:00,S01,70
B001,HB01570-completed,HB01570,completed,2026-06-05T13:00:00+10:00,Completed,2026-06-05T12:00:00+10:00,2026-06-05T13:00:00+10:00,S01,70
B001,HB01571-created,HB01571,created,2026-05-22T09:00:00+10:00,Booked,2026-06-01T09:00:00+10:00,2026-06-01T11:00:00+10:00,S02,180
B001,HB01571-completed,HB01571,completed,2026-06-01T11:00:00+10:00,Completed,2026-06-01T09:00:00+10:00,2026-06-01T11:00:00+10:00,S02,180
B001,HB01572-created,HB01572,created,2026-05-30T12:00:00+10:00,Booked,2026-06-01T12:00:00+10:00,2026-06-01T13:00:00+10:00,S02,70
B001,HB01572-completed,HB01572,completed,2026-06-01T13:00:00+10:00,Completed,2026-06-01T12:00:00+10:00,2026-06-01T13:00:00+10:00,S02,70
B001,HB01573-created,HB01573,created,2026-05-23T09:00:00+10:00,Booked,2026-06-02T09:00:00+10:00,2026-06-02T10:00:00+10:00,S02,70
B001,HB01573-completed,HB01573,completed,2026-06-02T10:00:00+10:00,Completed,2026-06-02T09:00:00+10:00,2026-06-02T10:00:00+10:00,S02,70
B001,HB01574-created,HB01574,created,2026-05-31T12:00:00+10:00,Booked,2026-06-02T12:00:00+10:00,2026-06-02T13:00:00+10:00,S02,70
B001,HB01574-completed,HB01574,completed,2026-06-02T13:00:00+10:00,Completed,2026-06-02T12:00:00+10:00,2026-06-02T13:00:00+10:00,S02,70
B001,HB01575-created,HB01575,created,2026-05-24T09:00:00+10:00,Booked,2026-06-03T09:00:00+10:00,2026-06-03T10:00:00+10:00,S02,70
B001,HB01575-completed,HB01575,completed,2026-06-03T10:00:00+10:00,Completed,2026-06-03T09:00:00+10:00,2026-06-03T10:00:00+10:00,S02,70
B001,HB01576-created,HB01576,created,2026-06-01T12:00:00+10:00,Booked,2026-06-03T12:00:00+10:00,2026-06-03T14:00:00+10:00,S02,180
B001,HB01576-completed,HB01576,completed,2026-06-03T14:00:00+10:00,Completed,2026-06-03T12:00:00+10:00,2026-06-03T14:00:00+10:00,S02,180
B001,HB01577-created,HB01577,created,2026-05-25T09:00:00+10:00,Booked,2026-06-04T09:00:00+10:00,2026-06-04T11:00:00+10:00,S02,180
B001,HB01577-completed,HB01577,completed,2026-06-04T11:00:00+10:00,Completed,2026-06-04T09:00:00+10:00,2026-06-04T11:00:00+10:00,S02,180
B001,HB01578-created,HB01578,created,2026-06-02T12:00:00+10:00,Booked,2026-06-04T12:00:00+10:00,2026-06-04T13:00:00+10:00,S02,70
B001,HB01578-completed,HB01578,completed,2026-06-04T13:00:00+10:00,Completed,2026-06-04T12:00:00+10:00,2026-06-04T13:00:00+10:00,S02,70
B001,HB01579-created,HB01579,created,2026-05-26T09:00:00+10:00,Booked,2026-06-05T09:00:00+10:00,2026-06-05T10:00:00+10:00,S02,70
B001,HB01579-completed,HB01579,completed,2026-06-05T10:00:00+10:00,Completed,2026-06-05T09:00:00+10:00,2026-06-05T10:00:00+10:00,S02,70
B001,HB01580-created,HB01580,created,2026-06-03T12:00:00+10:00,Booked,2026-06-05T12:00:00+10:00,2026-06-05T13:00:00+10:00,S02,70
B001,HB01580-completed,HB01580,completed,2026-06-05T13:00:00+10:00,Completed,2026-06-05T12:00:00+10:00,2026-06-05T13:00:00+10:00,S02,70
B001,HB01581-created,HB01581,created,2026-05-22T09:00:00+10:00,Booked,2026-06-01T09:00:00+10:00,2026-06-01T10:00:00+10:00,S03,70
B001,HB01581-completed,HB01581,completed,2026-06-01T10:00:00+10:00,Completed,2026-06-01T09:00:00+10:00,2026-06-01T10:00:00+10:00,S03,70
B001,HB01582-created,HB01582,created,2026-05-30T12:00:00+10:00,Booked,2026-06-01T12:00:00+10:00,2026-06-01T13:00:00+10:00,S03,70
B001,HB01582-completed,HB01582,completed,2026-06-01T13:00:00+10:00,Completed,2026-06-01T12:00:00+10:00,2026-06-01T13:00:00+10:00,S03,70
B001,HB01583-created,HB01583,created,2026-05-23T09:00:00+10:00,Booked,2026-06-02T09:00:00+10:00,2026-06-02T10:00:00+10:00,S03,70
B001,HB01583-completed,HB01583,completed,2026-06-02T10:00:00+10:00,Completed,2026-06-02T09:00:00+10:00,2026-06-02T10:00:00+10:00,S03,70
B001,HB01584-created,HB01584,created,2026-05-31T12:00:00+10:00,Booked,2026-06-02T12:00:00+10:00,2026-06-02T14:00:00+10:00,S03,180
B001,HB01584-completed,HB01584,completed,2026-06-02T14:00:00+10:00,Completed,2026-06-02T12:00:00+10:00,2026-06-02T14:00:00+10:00,S03,180
B001,HB01585-created,HB01585,created,2026-05-24T09:00:00+10:00,Booked,2026-06-03T09:00:00+10:00,2026-06-03T11:00:00+10:00,S03,180
B001,HB01585-completed,HB01585,completed,2026-06-03T11:00:00+10:00,Completed,2026-06-03T09:00:00+10:00,2026-06-03T11:00:00+10:00,S03,180
B001,HB01586-created,HB01586,created,2026-06-01T12:00:00+10:00,Booked,2026-06-03T12:00:00+10:00,2026-06-03T13:00:00+10:00,S03,70
B001,HB01586-completed,HB01586,completed,2026-06-03T13:00:00+10:00,Completed,2026-06-03T12:00:00+10:00,2026-06-03T13:00:00+10:00,S03,70
B001,HB01587-created,HB01587,created,2026-05-25T09:00:00+10:00,Booked,2026-06-04T09:00:00+10:00,2026-06-04T10:00:00+10:00,S03,70
B001,HB01587-completed,HB01587,completed,2026-06-04T10:00:00+10:00,Completed,2026-06-04T09:00:00+10:00,2026-06-04T10:00:00+10:00,S03,70
B001,HB01588-created,HB01588,created,2026-06-02T12:00:00+10:00,Booked,2026-06-04T12:00:00+10:00,2026-06-04T13:00:00+10:00,S03,70
B001,HB01588-completed,HB01588,completed,2026-06-04T13:00:00+10:00,Completed,2026-06-04T12:00:00+10:00,2026-06-04T13:00:00+10:00,S03,70
B001,HB01589-created,HB01589,created,2026-05-26T09:00:00+10:00,Booked,2026-06-05T09:00:00+10:00,2026-06-05T10:00:00+10:00,S03,70
B001,HB01589-completed,HB01589,completed,2026-06-05T10:00:00+10:00,Completed,2026-06-05T09:00:00+10:00,2026-06-05T10:00:00+10:00,S03,70
B001,HB01590-created,HB01590,created,2026-06-03T12:00:00+10:00,Booked,2026-06-05T12:00:00+10:00,2026-06-05T14:00:00+10:00,S03,180
B001,HB01590-completed,HB01590,completed,2026-06-05T14:00:00+10:00,Completed,2026-06-05T12:00:00+10:00,2026-06-05T14:00:00+10:00,S03,180
B001,HB01591-created,HB01591,created,2026-05-29T09:00:00+10:00,Booked,2026-06-08T09:00:00+10:00,2026-06-08T11:00:00+10:00,S01,180
B001,HB01591-completed,HB01591,completed,2026-06-08T11:00:00+10:00,Completed,2026-06-08T09:00:00+10:00,2026-06-08T11:00:00+10:00,S01,180
B001,HB01592-created,HB01592,created,2026-06-06T12:00:00+10:00,Booked,2026-06-08T12:00:00+10:00,2026-06-08T13:00:00+10:00,S01,70
B001,HB01592-completed,HB01592,completed,2026-06-08T13:00:00+10:00,Completed,2026-06-08T12:00:00+10:00,2026-06-08T13:00:00+10:00,S01,70
B001,HB01593-created,HB01593,created,2026-05-30T09:00:00+10:00,Booked,2026-06-09T09:00:00+10:00,2026-06-09T10:00:00+10:00,S01,70
B001,HB01593-completed,HB01593,completed,2026-06-09T10:00:00+10:00,Completed,2026-06-09T09:00:00+10:00,2026-06-09T10:00:00+10:00,S01,70
B001,HB01594-created,HB01594,created,2026-06-07T12:00:00+10:00,Booked,2026-06-09T12:00:00+10:00,2026-06-09T13:00:00+10:00,S01,70
B001,HB01594-completed,HB01594,completed,2026-06-09T13:00:00+10:00,Completed,2026-06-09T12:00:00+10:00,2026-06-09T13:00:00+10:00,S01,70
B001,HB01595-created,HB01595,created,2026-05-31T09:00:00+10:00,Booked,2026-06-10T09:00:00+10:00,2026-06-10T10:00:00+10:00,S01,70
B001,HB01595-completed,HB01595,completed,2026-06-10T10:00:00+10:00,Completed,2026-06-10T09:00:00+10:00,2026-06-10T10:00:00+10:00,S01,70
B001,HB01596-created,HB01596,created,2026-06-08T12:00:00+10:00,Booked,2026-06-10T12:00:00+10:00,2026-06-10T14:00:00+10:00,S01,180
B001,HB01596-completed,HB01596,completed,2026-06-10T14:00:00+10:00,Completed,2026-06-10T12:00:00+10:00,2026-06-10T14:00:00+10:00,S01,180
B001,HB01597-created,HB01597,created,2026-06-01T09:00:00+10:00,Booked,2026-06-11T09:00:00+10:00,2026-06-11T11:00:00+10:00,S01,180
B001,HB01597-completed,HB01597,completed,2026-06-11T11:00:00+10:00,Completed,2026-06-11T09:00:00+10:00,2026-06-11T11:00:00+10:00,S01,180
B001,HB01598-created,HB01598,created,2026-06-09T12:00:00+10:00,Booked,2026-06-11T12:00:00+10:00,2026-06-11T13:00:00+10:00,S01,70
B001,HB01598-completed,HB01598,completed,2026-06-11T13:00:00+10:00,Completed,2026-06-11T12:00:00+10:00,2026-06-11T13:00:00+10:00,S01,70
B001,HB01599-created,HB01599,created,2026-06-02T09:00:00+10:00,Booked,2026-06-12T09:00:00+10:00,2026-06-12T10:00:00+10:00,S01,70
B001,HB01599-completed,HB01599,completed,2026-06-12T10:00:00+10:00,Completed,2026-06-12T09:00:00+10:00,2026-06-12T10:00:00+10:00,S01,70
B001,HB01600-created,HB01600,created,2026-06-10T12:00:00+10:00,Booked,2026-06-12T12:00:00+10:00,2026-06-12T13:00:00+10:00,S01,70
B001,HB01600-completed,HB01600,completed,2026-06-12T13:00:00+10:00,Completed,2026-06-12T12:00:00+10:00,2026-06-12T13:00:00+10:00,S01,70
B001,HB01601-created,HB01601,created,2026-05-29T09:00:00+10:00,Booked,2026-06-08T09:00:00+10:00,2026-06-08T10:00:00+10:00,S02,70
B001,HB01601-completed,HB01601,completed,2026-06-08T10:00:00+10:00,Completed,2026-06-08T09:00:00+10:00,2026-06-08T10:00:00+10:00,S02,70
B001,HB01602-created,HB01602,created,2026-06-06T12:00:00+10:00,Booked,2026-06-08T12:00:00+10:00,2026-06-08T13:00:00+10:00,S02,70
B001,HB01602-completed,HB01602,completed,2026-06-08T13:00:00+10:00,Completed,2026-06-08T12:00:00+10:00,2026-06-08T13:00:00+10:00,S02,70
B001,HB01603-created,HB01603,created,2026-05-30T09:00:00+10:00,Booked,2026-06-09T09:00:00+10:00,2026-06-09T10:00:00+10:00,S02,70
B001,HB01603-completed,HB01603,completed,2026-06-09T10:00:00+10:00,Completed,2026-06-09T09:00:00+10:00,2026-06-09T10:00:00+10:00,S02,70
B001,HB01604-created,HB01604,created,2026-06-07T12:00:00+10:00,Booked,2026-06-09T12:00:00+10:00,2026-06-09T14:00:00+10:00,S02,180
B001,HB01604-completed,HB01604,completed,2026-06-09T14:00:00+10:00,Completed,2026-06-09T12:00:00+10:00,2026-06-09T14:00:00+10:00,S02,180
B001,HB01605-created,HB01605,created,2026-05-31T09:00:00+10:00,Booked,2026-06-10T09:00:00+10:00,2026-06-10T11:00:00+10:00,S02,180
B001,HB01605-completed,HB01605,completed,2026-06-10T11:00:00+10:00,Completed,2026-06-10T09:00:00+10:00,2026-06-10T11:00:00+10:00,S02,180
B001,HB01606-created,HB01606,created,2026-06-08T12:00:00+10:00,Booked,2026-06-10T12:00:00+10:00,2026-06-10T13:00:00+10:00,S02,70
B001,HB01606-completed,HB01606,completed,2026-06-10T13:00:00+10:00,Completed,2026-06-10T12:00:00+10:00,2026-06-10T13:00:00+10:00,S02,70
B001,HB01607-created,HB01607,created,2026-06-01T09:00:00+10:00,Booked,2026-06-11T09:00:00+10:00,2026-06-11T10:00:00+10:00,S02,70
B001,HB01607-completed,HB01607,completed,2026-06-11T10:00:00+10:00,Completed,2026-06-11T09:00:00+10:00,2026-06-11T10:00:00+10:00,S02,70
B001,HB01608-created,HB01608,created,2026-06-09T12:00:00+10:00,Booked,2026-06-11T12:00:00+10:00,2026-06-11T13:00:00+10:00,S02,70
B001,HB01608-completed,HB01608,completed,2026-06-11T13:00:00+10:00,Completed,2026-06-11T12:00:00+10:00,2026-06-11T13:00:00+10:00,S02,70
B001,HB01609-created,HB01609,created,2026-06-02T09:00:00+10:00,Booked,2026-06-12T09:00:00+10:00,2026-06-12T10:00:00+10:00,S02,70
B001,HB01609-completed,HB01609,completed,2026-06-12T10:00:00+10:00,Completed,2026-06-12T09:00:00+10:00,2026-06-12T10:00:00+10:00,S02,70
B001,HB01610-created,HB01610,created,2026-06-10T12:00:00+10:00,Booked,2026-06-12T12:00:00+10:00,2026-06-12T14:00:00+10:00,S02,180
B001,HB01610-completed,HB01610,completed,2026-06-12T14:00:00+10:00,Completed,2026-06-12T12:00:00+10:00,2026-06-12T14:00:00+10:00,S02,180
B001,HB01611-created,HB01611,created,2026-05-29T09:00:00+10:00,Booked,2026-06-08T09:00:00+10:00,2026-06-08T10:00:00+10:00,S03,70
B001,HB01611-completed,HB01611,completed,2026-06-08T10:00:00+10:00,Completed,2026-06-08T09:00:00+10:00,2026-06-08T10:00:00+10:00,S03,70
B001,HB01612-created,HB01612,created,2026-06-06T12:00:00+10:00,Booked,2026-06-08T12:00:00+10:00,2026-06-08T14:00:00+10:00,S03,180
B001,HB01612-completed,HB01612,completed,2026-06-08T14:00:00+10:00,Completed,2026-06-08T12:00:00+10:00,2026-06-08T14:00:00+10:00,S03,180
B001,HB01613-created,HB01613,created,2026-05-30T09:00:00+10:00,Booked,2026-06-09T09:00:00+10:00,2026-06-09T11:00:00+10:00,S03,180
B001,HB01613-completed,HB01613,completed,2026-06-09T11:00:00+10:00,Completed,2026-06-09T09:00:00+10:00,2026-06-09T11:00:00+10:00,S03,180
B001,HB01614-created,HB01614,created,2026-06-07T12:00:00+10:00,Booked,2026-06-09T12:00:00+10:00,2026-06-09T13:00:00+10:00,S03,70
B001,HB01614-completed,HB01614,completed,2026-06-09T13:00:00+10:00,Completed,2026-06-09T12:00:00+10:00,2026-06-09T13:00:00+10:00,S03,70
B001,HB01615-created,HB01615,created,2026-05-31T09:00:00+10:00,Booked,2026-06-10T09:00:00+10:00,2026-06-10T10:00:00+10:00,S03,70
B001,HB01615-completed,HB01615,completed,2026-06-10T10:00:00+10:00,Completed,2026-06-10T09:00:00+10:00,2026-06-10T10:00:00+10:00,S03,70
B001,HB01616-created,HB01616,created,2026-06-08T12:00:00+10:00,Booked,2026-06-10T12:00:00+10:00,2026-06-10T13:00:00+10:00,S03,70
B001,HB01616-completed,HB01616,completed,2026-06-10T13:00:00+10:00,Completed,2026-06-10T12:00:00+10:00,2026-06-10T13:00:00+10:00,S03,70
B001,HB01617-created,HB01617,created,2026-06-01T09:00:00+10:00,Booked,2026-06-11T09:00:00+10:00,2026-06-11T10:00:00+10:00,S03,70
B001,HB01617-completed,HB01617,completed,2026-06-11T10:00:00+10:00,Completed,2026-06-11T09:00:00+10:00,2026-06-11T10:00:00+10:00,S03,70
B001,HB01618-created,HB01618,created,2026-06-09T12:00:00+10:00,Booked,2026-06-11T12:00:00+10:00,2026-06-11T14:00:00+10:00,S03,180
B001,HB01618-completed,HB01618,completed,2026-06-11T14:00:00+10:00,Completed,2026-06-11T12:00:00+10:00,2026-06-11T14:00:00+10:00,S03,180
B001,HB01619-created,HB01619,created,2026-06-02T09:00:00+10:00,Booked,2026-06-12T09:00:00+10:00,2026-06-12T11:00:00+10:00,S03,180
B001,HB01619-completed,HB01619,completed,2026-06-12T11:00:00+10:00,Completed,2026-06-12T09:00:00+10:00,2026-06-12T11:00:00+10:00,S03,180
B001,HB01620-created,HB01620,created,2026-06-10T12:00:00+10:00,Booked,2026-06-12T12:00:00+10:00,2026-06-12T13:00:00+10:00,S03,70
B001,HB01620-completed,HB01620,completed,2026-06-12T13:00:00+10:00,Completed,2026-06-12T12:00:00+10:00,2026-06-12T13:00:00+10:00,S03,70
B001,HB01621-created,HB01621,created,2026-06-05T09:00:00+10:00,Booked,2026-06-15T09:00:00+10:00,2026-06-15T10:00:00+10:00,S01,70
B001,HB01621-completed,HB01621,completed,2026-06-15T10:00:00+10:00,Completed,2026-06-15T09:00:00+10:00,2026-06-15T10:00:00+10:00,S01,70
B001,HB01622-created,HB01622,created,2026-06-13T12:00:00+10:00,Booked,2026-06-15T12:00:00+10:00,2026-06-15T13:00:00+10:00,S01,70
B001,HB01622-completed,HB01622,completed,2026-06-15T13:00:00+10:00,Completed,2026-06-15T12:00:00+10:00,2026-06-15T13:00:00+10:00,S01,70
B001,HB01623-created,HB01623,created,2026-06-06T09:00:00+10:00,Booked,2026-06-16T09:00:00+10:00,2026-06-16T10:00:00+10:00,S01,70
B001,HB01623-completed,HB01623,completed,2026-06-16T10:00:00+10:00,Completed,2026-06-16T09:00:00+10:00,2026-06-16T10:00:00+10:00,S01,70
B001,HB01624-created,HB01624,created,2026-06-14T12:00:00+10:00,Booked,2026-06-16T12:00:00+10:00,2026-06-16T14:00:00+10:00,S01,180
B001,HB01624-completed,HB01624,completed,2026-06-16T14:00:00+10:00,Completed,2026-06-16T12:00:00+10:00,2026-06-16T14:00:00+10:00,S01,180
B001,HB01625-created,HB01625,created,2026-06-07T09:00:00+10:00,Booked,2026-06-17T09:00:00+10:00,2026-06-17T11:00:00+10:00,S01,180
B001,HB01625-completed,HB01625,completed,2026-06-17T11:00:00+10:00,Completed,2026-06-17T09:00:00+10:00,2026-06-17T11:00:00+10:00,S01,180
B001,HB01626-created,HB01626,created,2026-06-15T12:00:00+10:00,Booked,2026-06-17T12:00:00+10:00,2026-06-17T13:00:00+10:00,S01,70
B001,HB01626-completed,HB01626,completed,2026-06-17T13:00:00+10:00,Completed,2026-06-17T12:00:00+10:00,2026-06-17T13:00:00+10:00,S01,70
B001,HB01627-created,HB01627,created,2026-06-08T09:00:00+10:00,Booked,2026-06-18T09:00:00+10:00,2026-06-18T10:00:00+10:00,S01,70
B001,HB01627-completed,HB01627,completed,2026-06-18T10:00:00+10:00,Completed,2026-06-18T09:00:00+10:00,2026-06-18T10:00:00+10:00,S01,70
B001,HB01628-created,HB01628,created,2026-06-16T12:00:00+10:00,Booked,2026-06-18T12:00:00+10:00,2026-06-18T13:00:00+10:00,S01,70
B001,HB01628-completed,HB01628,completed,2026-06-18T13:00:00+10:00,Completed,2026-06-18T12:00:00+10:00,2026-06-18T13:00:00+10:00,S01,70
B001,HB01629-created,HB01629,created,2026-06-09T09:00:00+10:00,Booked,2026-06-19T09:00:00+10:00,2026-06-19T10:00:00+10:00,S01,70
B001,HB01629-completed,HB01629,completed,2026-06-19T10:00:00+10:00,Completed,2026-06-19T09:00:00+10:00,2026-06-19T10:00:00+10:00,S01,70
B001,HB01630-created,HB01630,created,2026-06-17T12:00:00+10:00,Booked,2026-06-19T12:00:00+10:00,2026-06-19T14:00:00+10:00,S01,180
B001,HB01630-completed,HB01630,completed,2026-06-19T14:00:00+10:00,Completed,2026-06-19T12:00:00+10:00,2026-06-19T14:00:00+10:00,S01,180
B001,HB01631-created,HB01631,created,2026-06-05T09:00:00+10:00,Booked,2026-06-15T09:00:00+10:00,2026-06-15T10:00:00+10:00,S02,70
B001,HB01631-completed,HB01631,completed,2026-06-15T10:00:00+10:00,Completed,2026-06-15T09:00:00+10:00,2026-06-15T10:00:00+10:00,S02,70
B001,HB01632-created,HB01632,created,2026-06-13T12:00:00+10:00,Booked,2026-06-15T12:00:00+10:00,2026-06-15T14:00:00+10:00,S02,180
B001,HB01632-completed,HB01632,completed,2026-06-15T14:00:00+10:00,Completed,2026-06-15T12:00:00+10:00,2026-06-15T14:00:00+10:00,S02,180
B001,HB01633-created,HB01633,created,2026-06-06T09:00:00+10:00,Booked,2026-06-16T09:00:00+10:00,2026-06-16T11:00:00+10:00,S02,180
B001,HB01633-completed,HB01633,completed,2026-06-16T11:00:00+10:00,Completed,2026-06-16T09:00:00+10:00,2026-06-16T11:00:00+10:00,S02,180
B001,HB01634-created,HB01634,created,2026-06-14T12:00:00+10:00,Booked,2026-06-16T12:00:00+10:00,2026-06-16T13:00:00+10:00,S02,70
B001,HB01634-completed,HB01634,completed,2026-06-16T13:00:00+10:00,Completed,2026-06-16T12:00:00+10:00,2026-06-16T13:00:00+10:00,S02,70
B001,HB01635-created,HB01635,created,2026-06-07T09:00:00+10:00,Booked,2026-06-17T09:00:00+10:00,2026-06-17T10:00:00+10:00,S02,70
B001,HB01635-completed,HB01635,completed,2026-06-17T10:00:00+10:00,Completed,2026-06-17T09:00:00+10:00,2026-06-17T10:00:00+10:00,S02,70
B001,HB01636-created,HB01636,created,2026-06-15T12:00:00+10:00,Booked,2026-06-17T12:00:00+10:00,2026-06-17T13:00:00+10:00,S02,70
B001,HB01636-completed,HB01636,completed,2026-06-17T13:00:00+10:00,Completed,2026-06-17T12:00:00+10:00,2026-06-17T13:00:00+10:00,S02,70
B001,HB01637-created,HB01637,created,2026-06-08T09:00:00+10:00,Booked,2026-06-18T09:00:00+10:00,2026-06-18T10:00:00+10:00,S02,70
B001,HB01637-completed,HB01637,completed,2026-06-18T10:00:00+10:00,Completed,2026-06-18T09:00:00+10:00,2026-06-18T10:00:00+10:00,S02,70
B001,HB01638-created,HB01638,created,2026-06-16T12:00:00+10:00,Booked,2026-06-18T12:00:00+10:00,2026-06-18T14:00:00+10:00,S02,180
B001,HB01638-completed,HB01638,completed,2026-06-18T14:00:00+10:00,Completed,2026-06-18T12:00:00+10:00,2026-06-18T14:00:00+10:00,S02,180
B001,HB01639-created,HB01639,created,2026-06-09T09:00:00+10:00,Booked,2026-06-19T09:00:00+10:00,2026-06-19T11:00:00+10:00,S02,180
B001,HB01639-completed,HB01639,completed,2026-06-19T11:00:00+10:00,Completed,2026-06-19T09:00:00+10:00,2026-06-19T11:00:00+10:00,S02,180
B001,HB01640-created,HB01640,created,2026-06-17T12:00:00+10:00,Booked,2026-06-19T12:00:00+10:00,2026-06-19T13:00:00+10:00,S02,70
B001,HB01640-completed,HB01640,completed,2026-06-19T13:00:00+10:00,Completed,2026-06-19T12:00:00+10:00,2026-06-19T13:00:00+10:00,S02,70
B001,HB01641-created,HB01641,created,2026-06-05T09:00:00+10:00,Booked,2026-06-15T09:00:00+10:00,2026-06-15T11:00:00+10:00,S03,180
B001,HB01641-completed,HB01641,completed,2026-06-15T11:00:00+10:00,Completed,2026-06-15T09:00:00+10:00,2026-06-15T11:00:00+10:00,S03,180
B001,HB01642-created,HB01642,created,2026-06-13T12:00:00+10:00,Booked,2026-06-15T12:00:00+10:00,2026-06-15T13:00:00+10:00,S03,70
B001,HB01642-completed,HB01642,completed,2026-06-15T13:00:00+10:00,Completed,2026-06-15T12:00:00+10:00,2026-06-15T13:00:00+10:00,S03,70
B001,HB01643-created,HB01643,created,2026-06-06T09:00:00+10:00,Booked,2026-06-16T09:00:00+10:00,2026-06-16T10:00:00+10:00,S03,70
B001,HB01643-completed,HB01643,completed,2026-06-16T10:00:00+10:00,Completed,2026-06-16T09:00:00+10:00,2026-06-16T10:00:00+10:00,S03,70
B001,HB01644-created,HB01644,created,2026-06-14T12:00:00+10:00,Booked,2026-06-16T12:00:00+10:00,2026-06-16T13:00:00+10:00,S03,70
B001,HB01644-completed,HB01644,completed,2026-06-16T13:00:00+10:00,Completed,2026-06-16T12:00:00+10:00,2026-06-16T13:00:00+10:00,S03,70
B001,HB01645-created,HB01645,created,2026-06-07T09:00:00+10:00,Booked,2026-06-17T09:00:00+10:00,2026-06-17T10:00:00+10:00,S03,70
B001,HB01645-completed,HB01645,completed,2026-06-17T10:00:00+10:00,Completed,2026-06-17T09:00:00+10:00,2026-06-17T10:00:00+10:00,S03,70
B001,HB01646-created,HB01646,created,2026-06-15T12:00:00+10:00,Booked,2026-06-17T12:00:00+10:00,2026-06-17T14:00:00+10:00,S03,180
B001,HB01646-completed,HB01646,completed,2026-06-17T14:00:00+10:00,Completed,2026-06-17T12:00:00+10:00,2026-06-17T14:00:00+10:00,S03,180
B001,HB01647-created,HB01647,created,2026-06-08T09:00:00+10:00,Booked,2026-06-18T09:00:00+10:00,2026-06-18T11:00:00+10:00,S03,180
B001,HB01647-completed,HB01647,completed,2026-06-18T11:00:00+10:00,Completed,2026-06-18T09:00:00+10:00,2026-06-18T11:00:00+10:00,S03,180
B001,HB01648-created,HB01648,created,2026-06-16T12:00:00+10:00,Booked,2026-06-18T12:00:00+10:00,2026-06-18T13:00:00+10:00,S03,70
B001,HB01648-completed,HB01648,completed,2026-06-18T13:00:00+10:00,Completed,2026-06-18T12:00:00+10:00,2026-06-18T13:00:00+10:00,S03,70
B001,HB01649-created,HB01649,created,2026-06-09T09:00:00+10:00,Booked,2026-06-19T09:00:00+10:00,2026-06-19T10:00:00+10:00,S03,70
B001,HB01649-completed,HB01649,completed,2026-06-19T10:00:00+10:00,Completed,2026-06-19T09:00:00+10:00,2026-06-19T10:00:00+10:00,S03,70
B001,HB01650-created,HB01650,created,2026-06-17T12:00:00+10:00,Booked,2026-06-19T12:00:00+10:00,2026-06-19T13:00:00+10:00,S03,70
B001,HB01650-completed,HB01650,completed,2026-06-19T13:00:00+10:00,Completed,2026-06-19T12:00:00+10:00,2026-06-19T13:00:00+10:00,S03,70
B001,PKB000created,PKB000,created,2026-06-29T09:00:00+10:00,Booked,2026-07-11T09:00:00+10:00,2026-07-11T10:30:00+10:00,S01,100
B001,PKB000completed,PKB000,completed,2026-07-11T10:30:00+10:00,Completed,2026-07-11T09:00:00+10:00,2026-07-11T10:30:00+10:00,S01,100
B001,PKB001created,PKB001,created,2026-06-29T09:00:00+10:00,Booked,2026-07-11T09:00:00+10:00,2026-07-11T12:00:00+10:00,S02,265
B001,PKB001completed,PKB001,completed,2026-07-11T12:00:00+10:00,Completed,2026-07-11T09:00:00+10:00,2026-07-11T12:00:00+10:00,S02,265
B001,PKB002created,PKB002,created,2026-06-29T09:00:00+10:00,Booked,2026-07-11T09:00:00+10:00,2026-07-11T12:00:00+10:00,S03,265
B001,PKB002completed,PKB002,completed,2026-07-11T12:00:00+10:00,Completed,2026-07-11T09:00:00+10:00,2026-07-11T12:00:00+10:00,S03,265
B001,PKB003created,PKB003,created,2026-07-06T09:00:00+10:00,Booked,2026-07-18T09:00:00+10:00,2026-07-18T12:00:00+10:00,S01,265
B001,PKB003completed,PKB003,completed,2026-07-18T12:00:00+10:00,Completed,2026-07-18T09:00:00+10:00,2026-07-18T12:00:00+10:00,S01,265
B001,PKB004created,PKB004,created,2026-07-06T09:00:00+10:00,Booked,2026-07-18T09:00:00+10:00,2026-07-18T10:30:00+10:00,S02,100
B001,PKB004completed,PKB004,completed,2026-07-18T10:30:00+10:00,Completed,2026-07-18T09:00:00+10:00,2026-07-18T10:30:00+10:00,S02,100
B001,PKB005created,PKB005,created,2026-07-06T09:00:00+10:00,Booked,2026-07-18T09:00:00+10:00,2026-07-18T12:00:00+10:00,S03,265
B001,PKB005completed,PKB005,completed,2026-07-18T12:00:00+10:00,Completed,2026-07-18T09:00:00+10:00,2026-07-18T12:00:00+10:00,S03,265
B001,PKB006created,PKB006,created,2026-07-13T09:00:00+10:00,Booked,2026-07-25T09:00:00+10:00,2026-07-25T12:00:00+10:00,S01,265
B001,PKB006completed,PKB006,completed,2026-07-25T12:00:00+10:00,Completed,2026-07-25T09:00:00+10:00,2026-07-25T12:00:00+10:00,S01,265
B001,PKB007created,PKB007,created,2026-07-13T09:00:00+10:00,Booked,2026-07-25T09:00:00+10:00,2026-07-25T12:00:00+10:00,S02,265
B001,PKB007completed,PKB007,completed,2026-07-25T12:00:00+10:00,Completed,2026-07-25T09:00:00+10:00,2026-07-25T12:00:00+10:00,S02,265
B001,PKB008created,PKB008,created,2026-07-13T09:00:00+10:00,Booked,2026-07-25T09:00:00+10:00,2026-07-25T10:30:00+10:00,S03,100
B001,PKB008completed,PKB008,completed,2026-07-25T10:30:00+10:00,Completed,2026-07-25T09:00:00+10:00,2026-07-25T10:30:00+10:00,S03,100
B001,PKB009created,PKB009,created,2026-07-20T09:00:00+10:00,Booked,2026-08-01T09:00:00+10:00,2026-08-01T12:00:00+10:00,S01,265
B001,PKB009completed,PKB009,completed,2026-08-01T12:00:00+10:00,Completed,2026-08-01T09:00:00+10:00,2026-08-01T12:00:00+10:00,S01,265
B001,PKB010created,PKB010,created,2026-07-20T09:00:00+10:00,Booked,2026-08-01T09:00:00+10:00,2026-08-01T12:00:00+10:00,S02,265
B001,PKB010completed,PKB010,completed,2026-08-01T12:00:00+10:00,Completed,2026-08-01T09:00:00+10:00,2026-08-01T12:00:00+10:00,S02,265
B001,PKB011created,PKB011,created,2026-07-20T09:00:00+10:00,Booked,2026-08-01T09:00:00+10:00,2026-08-01T12:00:00+10:00,S03,265
B001,PKB011completed,PKB011,completed,2026-08-01T12:00:00+10:00,Completed,2026-08-01T09:00:00+10:00,2026-08-01T12:00:00+10:00,S03,265
B001,PKB012created,PKB012,created,2026-07-27T09:00:00+10:00,Booked,2026-08-08T09:00:00+10:00,2026-08-08T10:30:00+10:00,S01,100
B001,PKB012completed,PKB012,completed,2026-08-08T10:30:00+10:00,Completed,2026-08-08T09:00:00+10:00,2026-08-08T10:30:00+10:00,S01,100
B001,PKB013created,PKB013,created,2026-07-27T09:00:00+10:00,Booked,2026-08-08T09:00:00+10:00,2026-08-08T12:00:00+10:00,S02,265
B001,PKB013completed,PKB013,completed,2026-08-08T12:00:00+10:00,Completed,2026-08-08T09:00:00+10:00,2026-08-08T12:00:00+10:00,S02,265
B001,PKB014created,PKB014,created,2026-07-27T09:00:00+10:00,Booked,2026-08-08T09:00:00+10:00,2026-08-08T12:00:00+10:00,S03,265
B001,PKB014completed,PKB014,completed,2026-08-08T12:00:00+10:00,Completed,2026-08-08T09:00:00+10:00,2026-08-08T12:00:00+10:00,S03,265
B001,PKB015created,PKB015,created,2026-08-03T09:00:00+10:00,Booked,2026-08-15T09:00:00+10:00,2026-08-15T12:00:00+10:00,S01,265
B001,PKB015completed,PKB015,completed,2026-08-15T12:00:00+10:00,Completed,2026-08-15T09:00:00+10:00,2026-08-15T12:00:00+10:00,S01,265
B001,PKB016created,PKB016,created,2026-08-03T09:00:00+10:00,Booked,2026-08-15T09:00:00+10:00,2026-08-15T10:30:00+10:00,S02,100
B001,PKB016completed,PKB016,completed,2026-08-15T10:30:00+10:00,Completed,2026-08-15T09:00:00+10:00,2026-08-15T10:30:00+10:00,S02,100
B001,PKB017created,PKB017,created,2026-08-03T09:00:00+10:00,Booked,2026-08-15T09:00:00+10:00,2026-08-15T12:00:00+10:00,S03,265
B001,PKB017completed,PKB017,completed,2026-08-15T12:00:00+10:00,Completed,2026-08-15T09:00:00+10:00,2026-08-15T12:00:00+10:00,S03,265
B001,PKB018created,PKB018,created,2026-08-10T09:00:00+10:00,Booked,2026-08-22T09:00:00+10:00,2026-08-22T12:00:00+10:00,S01,265
B001,PKB018completed,PKB018,completed,2026-08-22T12:00:00+10:00,Completed,2026-08-22T09:00:00+10:00,2026-08-22T12:00:00+10:00,S01,265
B001,PKB019created,PKB019,created,2026-08-10T09:00:00+10:00,Booked,2026-08-22T09:00:00+10:00,2026-08-22T12:00:00+10:00,S02,265
B001,PKB019completed,PKB019,completed,2026-08-22T12:00:00+10:00,Completed,2026-08-22T09:00:00+10:00,2026-08-22T12:00:00+10:00,S02,265
B001,PKB020created,PKB020,created,2026-08-10T09:00:00+10:00,Booked,2026-08-22T09:00:00+10:00,2026-08-22T10:30:00+10:00,S03,100
B001,PKB020completed,PKB020,completed,2026-08-22T10:30:00+10:00,Completed,2026-08-22T09:00:00+10:00,2026-08-22T10:30:00+10:00,S03,100
B001,PKB021created,PKB021,created,2026-08-17T09:00:00+10:00,Booked,2026-08-29T09:00:00+10:00,2026-08-29T12:00:00+10:00,S01,265
B001,PKB021completed,PKB021,completed,2026-08-29T12:00:00+10:00,Completed,2026-08-29T09:00:00+10:00,2026-08-29T12:00:00+10:00,S01,265
B001,PKB022created,PKB022,created,2026-08-17T09:00:00+10:00,Booked,2026-08-29T09:00:00+10:00,2026-08-29T12:00:00+10:00,S02,265
B001,PKB022completed,PKB022,completed,2026-08-29T12:00:00+10:00,Completed,2026-08-29T09:00:00+10:00,2026-08-29T12:00:00+10:00,S02,265
B001,PKB023created,PKB023,created,2026-08-17T09:00:00+10:00,Booked,2026-08-29T09:00:00+10:00,2026-08-29T12:00:00+10:00,S03,265
B001,PKB023completed,PKB023,completed,2026-08-29T12:00:00+10:00,Completed,2026-08-29T09:00:00+10:00,2026-08-29T12:00:00+10:00,S03,265
B001,FALLBcreated,FALLB,created,2026-06-25T09:00:00+10:00,Booked,2026-07-04T09:00:00+10:00,2026-07-04T09:30:00+10:00,S03,35
B001,FALLBcompleted,FALLB,completed,2026-07-04T09:30:00+10:00,Completed,2026-07-04T09:00:00+10:00,2026-07-04T09:30:00+10:00,S03,35
