business_id,availability_id,staff_id,work_date,shift_start,shift_end,rostered_minutes,nonbookable_minutes,bookable_minutes
B001,AV00001,S01,2026-06-22,2026-06-22T09:00:00+10:00,2026-06-22T17:00:00+10:00,480,0,480
B001,AV00002,S01,2026-06-23,2026-06-23T09:00:00+10:00,2026-06-23T17:00:00+10:00,480,0,480
B001,AV00003,S01,2026-06-24,2026-06-24T09:00:00+10:00,2026-06-24T17:00:00+10:00,480,0,480
B001,AV00004,S01,2026-06-25,2026-06-25T09:00:00+10:00,2026-06-25T17:00:00+10:00,480,0,480
B001,AV00005,S01,2026-06-26,2026-06-26T09:00:00+10:00,2026-06-26T15:00:00+10:00,360,0,360
B001,AV00006,S02,2026-06-22,2026-06-22T09:00:00+10:00,2026-06-22T17:00:00+10:00,480,0,480
B001,AV00007,S02,2026-06-23,2026-06-23T09:00:00+10:00,2026-06-23T17:00:00+10:00,480,0,480
B001,AV00008,S02,2026-06-24,2026-06-24T09:00:00+10:00,2026-06-24T17:00:00+10:00,480,0,480
B001,AV00009,S02,2026-06-25,2026-06-25T09:00:00+10:00,2026-06-25T17:00:00+10:00,480,0,480
B001,AV00010,S02,2026-06-26,2026-06-26T09:00:00+10:00,2026-06-26T15:00:00+10:00,360,0,360
B001,AV00011,S03,2026-06-22,2026-06-22T09:00:00+10:00,2026-06-22T17:00:00+10:00,480,0,480
B001,AV00012,S03,2026-06-23,2026-06-23T09:00:00+10:00,2026-06-23T17:00:00+10:00,480,0,480
B001,AV00013,S03,2026-06-24,2026-06-24T09:00:00+10:00,2026-06-24T17:00:00+10:00,480,0,480
B001,AV00014,S03,2026-06-25,2026-06-25T09:00:00+10:00,2026-06-25T17:00:00+10:00,480,0,480
B001,AV00015,S03,2026-06-26,2026-06-26T09:00:00+10:00,2026-06-26T15:00:00+10:00,360,0,360
B001,AV00016,S01,2026-06-29,2026-06-29T09:00:00+10:00,2026-06-29T17:00:00+10:00,480,0,480
B001,AV00017,S01,2026-06-30,2026-06-30T09:00:00+10:00,2026-06-30T17:00:00+10:00,480,0,480
B001,AV00018,S01,2026-07-01,2026-07-01T09:00:00+10:00,2026-07-01T17:00:00+10:00,480,0,480
B001,AV00019,S01,2026-07-02,2026-07-02T09:00:00+10:00,2026-07-02T17:00:00+10:00,480,0,480
B001,AV00020,S01,2026-07-03,2026-07-03T09:00:00+10:00,2026-07-03T15:00:00+10:00,360,0,360
B001,AV00021,S02,2026-06-29,2026-06-29T09:00:00+10:00,2026-06-29T17:00:00+10:00,480,0,480
B001,AV00022,S02,2026-06-30,2026-06-30T09:00:00+10:00,2026-06-30T17:00:00+10:00,480,0,480
B001,AV00023,S02,2026-07-01,2026-07-01T09:00:00+10:00,2026-07-01T17:00:00+10:00,480,0,480
B001,AV00024,S02,2026-07-02,2026-07-02T09:00:00+10:00,2026-07-02T17:00:00+10:00,480,0,480
B001,AV00025,S02,2026-07-03,2026-07-03T09:00:00+10:00,2026-07-03T15:00:00+10:00,360,0,360
B001,AV00026,S03,2026-06-29,2026-06-29T09:00:00+10:00,2026-06-29T17:00:00+10:00,480,0,480
B001,AV00027,S03,2026-06-30,2026-06-30T09:00:00+10:00,2026-06-30T17:00:00+10:00,480,0,480
B001,AV00028,S03,2026-07-01,2026-07-01T09:00:00+10:00,2026-07-01T17:00:00+10:00,480,0,480
B001,AV00029,S03,2026-07-02,2026-07-02T09:00:00+10:00,2026-07-02T17:00:00+10:00,480,0,480
B001,AV00030,S03,2026-07-03,2026-07-03T09:00:00+10:00,2026-07-03T15:00:00+10:00,360,0,360
B001,AV00031,S01,2026-07-06,2026-07-06T09:00:00+10:00,2026-07-06T17:00:00+10:00,480,0,480
B001,AV00032,S01,2026-07-07,2026-07-07T09:00:00+10:00,2026-07-07T17:00:00+10:00,480,0,480
B001,AV00033,S01,2026-07-08,2026-07-08T09:00:00+10:00,2026-07-08T17:00:00+10:00,480,0,480
B001,AV00034,S01,2026-07-09,2026-07-09T09:00:00+10:00,2026-07-09T17:00:00+10:00,480,0,480
B001,AV00035,S01,2026-07-10,2026-07-10T09:00:00+10:00,2026-07-10T15:00:00+10:00,360,0,360
B001,AV00036,S02,2026-07-06,2026-07-06T09:00:00+10:00,2026-07-06T17:00:00+10:00,480,0,480
B001,AV00037,S02,2026-07-07,2026-07-07T09:00:00+10:00,2026-07-07T17:00:00+10:00,480,0,480
B001,AV00038,S02,2026-07-08,2026-07-08T09:00:00+10:00,2026-07-08T17:00:00+10:00,480,0,480
B001,AV00039,S02,2026-07-09,2026-07-09T09:00:00+10:00,2026-07-09T17:00:00+10:00,480,0,480
B001,AV00040,S02,2026-07-10,2026-07-10T09:00:00+10:00,2026-07-10T15:00:00+10:00,360,0,360
B001,AV00041,S03,2026-07-06,2026-07-06T09:00:00+10:00,2026-07-06T17:00:00+10:00,480,0,480
B001,AV00042,S03,2026-07-07,2026-07-07T09:00:00+10:00,2026-07-07T17:00:00+10:00,480,0,480
B001,AV00043,S03,2026-07-08,2026-07-08T09:00:00+10:00,2026-07-08T17:00:00+10:00,480,0,480
B001,AV00044,S03,2026-07-09,2026-07-09T09:00:00+10:00,2026-07-09T17:00:00+10:00,480,0,480
B001,AV00045,S03,2026-07-10,2026-07-10T09:00:00+10:00,2026-07-10T15:00:00+10:00,360,0,360
B001,AV00046,S01,2026-07-13,2026-07-13T09:00:00+10:00,2026-07-13T17:00:00+10:00,480,0,480
B001,AV00047,S01,2026-07-14,2026-07-14T09:00:00+10:00,2026-07-14T17:00:00+10:00,480,0,480
B001,AV00048,S01,2026-07-15,2026-07-15T09:00:00+10:00,2026-07-15T17:00:00+10:00,480,0,480
B001,AV00049,S01,2026-07-16,2026-07-16T09:00:00+10:00,2026-07-16T17:00:00+10:00,480,0,480
B001,AV00050,S01,2026-07-17,2026-07-17T09:00:00+10:00,2026-07-17T15:00:00+10:00,360,0,360
B001,AV00051,S02,2026-07-13,2026-07-13T09:00:00+10:00,2026-07-13T17:00:00+10:00,480,0,480
B001,AV00052,S02,2026-07-14,2026-07-14T09:00:00+10:00,2026-07-14T17:00:00+10:00,480,0,480
B001,AV00053,S02,2026-07-15,2026-07-15T09:00:00+10:00,2026-07-15T17:00:00+10:00,480,0,480
B001,AV00054,S02,2026-07-16,2026-07-16T09:00:00+10:00,2026-07-16T17:00:00+10:00,480,0,480
B001,AV00055,S02,2026-07-17,2026-07-17T09:00:00+10:00,2026-07-17T15:00:00+10:00,360,0,360
B001,AV00056,S03,2026-07-13,2026-07-13T09:00:00+10:00,2026-07-13T17:00:00+10:00,480,0,480
B001,AV00057,S03,2026-07-14,2026-07-14T09:00:00+10:00,2026-07-14T17:00:00+10:00,480,0,480
B001,AV00058,S03,2026-07-15,2026-07-15T09:00:00+10:00,2026-07-15T17:00:00+10:00,480,0,480
B001,AV00059,S03,2026-07-16,2026-07-16T09:00:00+10:00,2026-07-16T17:00:00+10:00,480,0,480
B001,AV00060,S03,2026-07-17,2026-07-17T09:00:00+10:00,2026-07-17T15:00:00+10:00,360,0,360
B001,AV00061,S01,2026-07-20,2026-07-20T09:00:00+10:00,2026-07-20T17:00:00+10:00,480,0,480
B001,AV00062,S01,2026-07-21,2026-07-21T09:00:00+10:00,2026-07-21T17:00:00+10:00,480,0,480
B001,AV00063,S01,2026-07-22,2026-07-22T09:00:00+10:00,2026-07-22T17:00:00+10:00,480,0,480
B001,AV00064,S01,2026-07-23,2026-07-23T09:00:00+10:00,2026-07-23T17:00:00+10:00,480,0,480
B001,AV00065,S01,2026-07-24,2026-07-24T09:00:00+10:00,2026-07-24T15:00:00+10:00,360,0,360
B001,AV00066,S02,2026-07-20,2026-07-20T09:00:00+10:00,2026-07-20T17:00:00+10:00,480,0,480
B001,AV00067,S02,2026-07-21,2026-07-21T09:00:00+10:00,2026-07-21T17:00:00+10:00,480,0,480
B001,AV00068,S02,2026-07-22,2026-07-22T09:00:00+10:00,2026-07-22T17:00:00+10:00,480,0,480
B001,AV00069,S02,2026-07-23,2026-07-23T09:00:00+10:00,2026-07-23T17:00:00+10:00,480,0,480
B001,AV00070,S02,2026-07-24,2026-07-24T09:00:00+10:00,2026-07-24T15:00:00+10:00,360,0,360
B001,AV00071,S03,2026-07-20,2026-07-20T09:00:00+10:00,2026-07-20T17:00:00+10:00,480,0,480
B001,AV00072,S03,2026-07-21,2026-07-21T09:00:00+10:00,2026-07-21T17:00:00+10:00,480,0,480
B001,AV00073,S03,2026-07-22,2026-07-22T09:00:00+10:00,2026-07-22T17:00:00+10:00,480,0,480
B001,AV00074,S03,2026-07-23,2026-07-23T09:00:00+10:00,2026-07-23T17:00:00+10:00,480,0,480
B001,AV00075,S03,2026-07-24,2026-07-24T09:00:00+10:00,2026-07-24T15:00:00+10:00,360,0,360
B001,AV00076,S01,2026-07-27,2026-07-27T09:00:00+10:00,2026-07-27T17:00:00+10:00,480,0,480
B001,AV00077,S01,2026-07-28,2026-07-28T09:00:00+10:00,2026-07-28T17:00:00+10:00,480,0,480
B001,AV00078,S01,2026-07-29,2026-07-29T09:00:00+10:00,2026-07-29T17:00:00+10:00,480,0,480
B001,AV00079,S01,2026-07-30,2026-07-30T09:00:00+10:00,2026-07-30T17:00:00+10:00,480,0,480
B001,AV00080,S01,2026-07-31,2026-07-31T09:00:00+10:00,2026-07-31T15:00:00+10:00,360,0,360
B001,AV00081,S02,2026-07-27,2026-07-27T09:00:00+10:00,2026-07-27T17:00:00+10:00,480,0,480
B001,AV00082,S02,2026-07-28,2026-07-28T09:00:00+10:00,2026-07-28T17:00:00+10:00,480,0,480
B001,AV00083,S02,2026-07-29,2026-07-29T09:00:00+10:00,2026-07-29T17:00:00+10:00,480,0,480
B001,AV00084,S02,2026-07-30,2026-07-30T09:00:00+10:00,2026-07-30T17:00:00+10:00,480,0,480
B001,AV00085,S02,2026-07-31,2026-07-31T09:00:00+10:00,2026-07-31T15:00:00+10:00,360,0,360
B001,AV00086,S03,2026-07-27,2026-07-27T09:00:00+10:00,2026-07-27T17:00:00+10:00,480,0,480
B001,AV00087,S03,2026-07-28,2026-07-28T09:00:00+10:00,2026-07-28T17:00:00+10:00,480,0,480
B001,AV00088,S03,2026-07-29,2026-07-29T09:00:00+10:00,2026-07-29T17:00:00+10:00,480,0,480
B001,AV00089,S03,2026-07-30,2026-07-30T09:00:00+10:00,2026-07-30T17:00:00+10:00,480,0,480
B001,AV00090,S03,2026-07-31,2026-07-31T09:00:00+10:00,2026-07-31T15:00:00+10:00,360,0,360
B001,AV00091,S01,2026-08-03,2026-08-03T09:00:00+10:00,2026-08-03T17:00:00+10:00,480,0,480
B001,AV00092,S01,2026-08-04,2026-08-04T09:00:00+10:00,2026-08-04T17:00:00+10:00,480,0,480
B001,AV00093,S01,2026-08-05,2026-08-05T09:00:00+10:00,2026-08-05T17:00:00+10:00,480,0,480
B001,AV00094,S01,2026-08-06,2026-08-06T09:00:00+10:00,2026-08-06T17:00:00+10:00,480,0,480
B001,AV00095,S01,2026-08-07,2026-08-07T09:00:00+10:00,2026-08-07T15:00:00+10:00,360,0,360
B001,AV00096,S02,2026-08-03,2026-08-03T09:00:00+10:00,2026-08-03T17:00:00+10:00,480,0,480
B001,AV00097,S02,2026-08-04,2026-08-04T09:00:00+10:00,2026-08-04T17:00:00+10:00,480,0,480
B001,AV00098,S02,2026-08-05,2026-08-05T09:00:00+10:00,2026-08-05T17:00:00+10:00,480,0,480
B001,AV00099,S02,2026-08-06,2026-08-06T09:00:00+10:00,2026-08-06T17:00:00+10:00,480,0,480
B001,AV00100,S02,2026-08-07,2026-08-07T09:00:00+10:00,2026-08-07T15:00:00+10:00,360,0,360
B001,AV00101,S03,2026-08-03,2026-08-03T09:00:00+10:00,2026-08-03T17:00:00+10:00,480,0,480
B001,AV00102,S03,2026-08-04,2026-08-04T09:00:00+10:00,2026-08-04T17:00:00+10:00,480,0,480
B001,AV00103,S03,2026-08-05,2026-08-05T09:00:00+10:00,2026-08-05T17:00:00+10:00,480,0,480
B001,AV00104,S03,2026-08-06,2026-08-06T09:00:00+10:00,2026-08-06T17:00:00+10:00,480,0,480
B001,AV00105,S03,2026-08-07,2026-08-07T09:00:00+10:00,2026-08-07T15:00:00+10:00,360,0,360
B001,AV00106,S01,2026-08-10,2026-08-10T09:00:00+10:00,2026-08-10T17:00:00+10:00,480,0,480
B001,AV00107,S01,2026-08-11,2026-08-11T09:00:00+10:00,2026-08-11T17:00:00+10:00,480,0,480
B001,AV00108,S01,2026-08-12,2026-08-12T09:00:00+10:00,2026-08-12T17:00:00+10:00,480,0,480
B001,AV00109,S01,2026-08-13,2026-08-13T09:00:00+10:00,2026-08-13T17:00:00+10:00,480,0,480
B001,AV00110,S01,2026-08-14,2026-08-14T09:00:00+10:00,2026-08-14T15:00:00+10:00,360,0,360
B001,AV00111,S02,2026-08-10,2026-08-10T09:00:00+10:00,2026-08-10T17:00:00+10:00,480,0,480
B001,AV00112,S02,2026-08-11,2026-08-11T09:00:00+10:00,2026-08-11T17:00:00+10:00,480,0,480
B001,AV00113,S02,2026-08-12,2026-08-12T09:00:00+10:00,2026-08-12T17:00:00+10:00,480,0,480
B001,AV00114,S02,2026-08-13,2026-08-13T09:00:00+10:00,2026-08-13T17:00:00+10:00,480,0,480
B001,AV00115,S02,2026-08-14,2026-08-14T09:00:00+10:00,2026-08-14T15:00:00+10:00,360,0,360
B001,AV00116,S03,2026-08-10,2026-08-10T09:00:00+10:00,2026-08-10T17:00:00+10:00,480,0,480
B001,AV00117,S03,2026-08-11,2026-08-11T09:00:00+10:00,2026-08-11T17:00:00+10:00,480,0,480
B001,AV00118,S03,2026-08-12,2026-08-12T09:00:00+10:00,2026-08-12T17:00:00+10:00,480,0,480
B001,AV00119,S03,2026-08-13,2026-08-13T09:00:00+10:00,2026-08-13T17:00:00+10:00,480,0,480
B001,AV00120,S03,2026-08-14,2026-08-14T09:00:00+10:00,2026-08-14T15:00:00+10:00,360,0,360
B001,AV00121,S01,2026-08-17,2026-08-17T09:00:00+10:00,2026-08-17T17:00:00+10:00,480,0,480
B001,AV00122,S01,2026-08-18,2026-08-18T09:00:00+10:00,2026-08-18T17:00:00+10:00,480,0,480
B001,AV00123,S01,2026-08-19,2026-08-19T09:00:00+10:00,2026-08-19T17:00:00+10:00,480,0,480
B001,AV00124,S01,2026-08-20,2026-08-20T09:00:00+10:00,2026-08-20T17:00:00+10:00,480,0,480
B001,AV00125,S01,2026-08-21,2026-08-21T09:00:00+10:00,2026-08-21T15:00:00+10:00,360,0,360
B001,AV00126,S02,2026-08-17,2026-08-17T09:00:00+10:00,2026-08-17T17:00:00+10:00,480,0,480
B001,AV00127,S02,2026-08-18,2026-08-18T09:00:00+10:00,2026-08-18T17:00:00+10:00,480,0,480
B001,AV00128,S02,2026-08-19,2026-08-19T09:00:00+10:00,2026-08-19T17:00:00+10:00,480,0,480
B001,AV00129,S02,2026-08-20,2026-08-20T09:00:00+10:00,2026-08-20T17:00:00+10:00,480,0,480
B001,AV00130,S02,2026-08-21,2026-08-21T09:00:00+10:00,2026-08-21T15:00:00+10:00,360,0,360
B001,AV00131,S03,2026-08-17,2026-08-17T09:00:00+10:00,2026-08-17T17:00:00+10:00,480,0,480
B001,AV00132,S03,2026-08-18,2026-08-18T09:00:00+10:00,2026-08-18T17:00:00+10:00,480,0,480
B001,AV00133,S03,2026-08-19,2026-08-19T09:00:00+10:00,2026-08-19T17:00:00+10:00,480,0,480
B001,AV00134,S03,2026-08-20,2026-08-20T09:00:00+10:00,2026-08-20T17:00:00+10:00,480,0,480
B001,AV00135,S03,2026-08-21,2026-08-21T09:00:00+10:00,2026-08-21T15:00:00+10:00,360,0,360
B001,AV00136,S01,2026-08-24,2026-08-24T09:00:00+10:00,2026-08-24T17:00:00+10:00,480,0,480
B001,AV00137,S01,2026-08-25,2026-08-25T09:00:00+10:00,2026-08-25T17:00:00+10:00,480,0,480
B001,AV00138,S01,2026-08-26,2026-08-26T09:00:00+10:00,2026-08-26T17:00:00+10:00,480,0,480
B001,AV00139,S01,2026-08-27,2026-08-27T09:00:00+10:00,2026-08-27T17:00:00+10:00,480,0,480
B001,AV00140,S01,2026-08-28,2026-08-28T09:00:00+10:00,2026-08-28T15:00:00+10:00,360,0,360
B001,AV00141,S02,2026-08-24,2026-08-24T09:00:00+10:00,2026-08-24T17:00:00+10:00,480,0,480
B001,AV00142,S02,2026-08-25,2026-08-25T09:00:00+10:00,2026-08-25T17:00:00+10:00,480,0,480
B001,AV00143,S02,2026-08-26,2026-08-26T09:00:00+10:00,2026-08-26T17:00:00+10:00,480,0,480
B001,AV00144,S02,2026-08-27,2026-08-27T09:00:00+10:00,2026-08-27T17:00:00+10:00,480,0,480
B001,AV00145,S02,2026-08-28,2026-08-28T09:00:00+10:00,2026-08-28T15:00:00+10:00,360,0,360
B001,AV00146,S03,2026-08-24,2026-08-24T09:00:00+10:00,2026-08-24T17:00:00+10:00,480,0,480
B001,AV00147,S03,2026-08-25,2026-08-25T09:00:00+10:00,2026-08-25T17:00:00+10:00,480,0,480
B001,AV00148,S03,2026-08-26,2026-08-26T09:00:00+10:00,2026-08-26T17:00:00+10:00,480,0,480
B001,AV00149,S03,2026-08-27,2026-08-27T09:00:00+10:00,2026-08-27T17:00:00+10:00,480,0,480
B001,AV00150,S03,2026-08-28,2026-08-28T09:00:00+10:00,2026-08-28T15:00:00+10:00,360,0,360
B001,AV00151,S01,2026-08-31,2026-08-31T09:00:00+10:00,2026-08-31T17:00:00+10:00,480,0,480
B001,AV00152,S01,2026-09-01,2026-09-01T09:00:00+10:00,2026-09-01T17:00:00+10:00,480,0,480
B001,AV00153,S01,2026-09-02,2026-09-02T09:00:00+10:00,2026-09-02T17:00:00+10:00,480,0,480
B001,AV00154,S01,2026-09-03,2026-09-03T09:00:00+10:00,2026-09-03T17:00:00+10:00,480,0,480
B001,AV00155,S01,2026-09-04,2026-09-04T09:00:00+10:00,2026-09-04T15:00:00+10:00,360,0,360
B001,AV00156,S02,2026-08-31,2026-08-31T09:00:00+10:00,2026-08-31T17:00:00+10:00,480,0,480
B001,AV00157,S02,2026-09-01,2026-09-01T09:00:00+10:00,2026-09-01T17:00:00+10:00,480,0,480
B001,AV00158,S02,2026-09-02,2026-09-02T09:00:00+10:00,2026-09-02T17:00:00+10:00,480,0,480
B001,AV00159,S02,2026-09-03,2026-09-03T09:00:00+10:00,2026-09-03T17:00:00+10:00,480,0,480
B001,AV00160,S02,2026-09-04,2026-09-04T09:00:00+10:00,2026-09-04T15:00:00+10:00,360,0,360
B001,AV00161,S03,2026-08-31,2026-08-31T09:00:00+10:00,2026-08-31T17:00:00+10:00,480,0,480
B001,AV00162,S03,2026-09-01,2026-09-01T09:00:00+10:00,2026-09-01T17:00:00+10:00,480,0,480
B001,AV00163,S03,2026-09-02,2026-09-02T09:00:00+10:00,2026-09-02T17:00:00+10:00,480,0,480
B001,AV00164,S03,2026-09-03,2026-09-03T09:00:00+10:00,2026-09-03T17:00:00+10:00,480,0,480
B001,AV00165,S03,2026-09-04,2026-09-04T09:00:00+10:00,2026-09-04T15:00:00+10:00,360,0,360
B001,AV00166,S01,2026-09-07,2026-09-07T09:00:00+10:00,2026-09-07T17:00:00+10:00,480,0,480
B001,AV00167,S01,2026-09-08,2026-09-08T09:00:00+10:00,2026-09-08T17:00:00+10:00,480,480,0
B001,AV00168,S01,2026-09-09,2026-09-09T09:00:00+10:00,2026-09-09T17:00:00+10:00,480,480,0
B001,AV00169,S01,2026-09-10,2026-09-10T09:00:00+10:00,2026-09-10T17:00:00+10:00,480,0,480
B001,AV00170,S01,2026-09-11,2026-09-11T09:00:00+10:00,2026-09-11T15:00:00+10:00,360,0,360
B001,AV00171,S02,2026-09-07,2026-09-07T09:00:00+10:00,2026-09-07T17:00:00+10:00,480,0,480
B001,AV00172,S02,2026-09-08,2026-09-08T09:00:00+10:00,2026-09-08T17:00:00+10:00,480,0,480
B001,AV00173,S02,2026-09-09,2026-09-09T09:00:00+10:00,2026-09-09T17:00:00+10:00,480,0,480
B001,AV00174,S02,2026-09-10,2026-09-10T09:00:00+10:00,2026-09-10T17:00:00+10:00,480,0,480
B001,AV00175,S02,2026-09-11,2026-09-11T09:00:00+10:00,2026-09-11T15:00:00+10:00,360,0,360
B001,AV00176,S03,2026-09-07,2026-09-07T09:00:00+10:00,2026-09-07T17:00:00+10:00,480,0,480
B001,AV00177,S03,2026-09-08,2026-09-08T09:00:00+10:00,2026-09-08T17:00:00+10:00,480,0,480
B001,AV00178,S03,2026-09-09,2026-09-09T09:00:00+10:00,2026-09-09T17:00:00+10:00,480,0,480
B001,AV00179,S03,2026-09-10,2026-09-10T09:00:00+10:00,2026-09-10T17:00:00+10:00,480,0,480
B001,AV00180,S03,2026-09-11,2026-09-11T09:00:00+10:00,2026-09-11T15:00:00+10:00,360,0,360
B001,AV00181,S01,2026-09-14,2026-09-14T09:00:00+10:00,2026-09-14T17:00:00+10:00,480,0,480
B001,AV00182,S01,2026-09-15,2026-09-15T09:00:00+10:00,2026-09-15T17:00:00+10:00,480,0,480
B001,AV00183,S01,2026-09-16,2026-09-16T09:00:00+10:00,2026-09-16T17:00:00+10:00,480,0,480
B001,AV00184,S01,2026-09-17,2026-09-17T09:00:00+10:00,2026-09-17T17:00:00+10:00,480,0,480
B001,AV00185,S01,2026-09-18,2026-09-18T09:00:00+10:00,2026-09-18T15:00:00+10:00,360,0,360
B001,AV00186,S02,2026-09-14,2026-09-14T09:00:00+10:00,2026-09-14T17:00:00+10:00,480,0,480
B001,AV00187,S02,2026-09-15,2026-09-15T09:00:00+10:00,2026-09-15T17:00:00+10:00,480,0,480
B001,AV00188,S02,2026-09-16,2026-09-16T09:00:00+10:00,2026-09-16T17:00:00+10:00,480,0,480
B001,AV00189,S02,2026-09-17,2026-09-17T09:00:00+10:00,2026-09-17T17:00:00+10:00,480,0,480
B001,AV00190,S02,2026-09-18,2026-09-18T09:00:00+10:00,2026-09-18T15:00:00+10:00,360,0,360
B001,AV00191,S03,2026-09-14,2026-09-14T09:00:00+10:00,2026-09-14T17:00:00+10:00,480,0,480
B001,AV00192,S03,2026-09-15,2026-09-15T09:00:00+10:00,2026-09-15T17:00:00+10:00,480,0,480
B001,AV00193,S03,2026-09-16,2026-09-16T09:00:00+10:00,2026-09-16T17:00:00+10:00,480,0,480
B001,AV00194,S03,2026-09-17,2026-09-17T09:00:00+10:00,2026-09-17T17:00:00+10:00,480,0,480
B001,AV00195,S03,2026-09-18,2026-09-18T09:00:00+10:00,2026-09-18T15:00:00+10:00,360,0,360
B001,AV00196,S01,2026-09-21,2026-09-21T09:00:00+10:00,2026-09-21T17:00:00+10:00,480,0,480
B001,AV00197,S01,2026-09-22,2026-09-22T09:00:00+10:00,2026-09-22T17:00:00+10:00,480,0,480
B001,AV00198,S01,2026-09-23,2026-09-23T09:00:00+10:00,2026-09-23T17:00:00+10:00,480,0,480
B001,AV00199,S01,2026-09-24,2026-09-24T09:00:00+10:00,2026-09-24T17:00:00+10:00,480,0,480
B001,AV00200,S01,2026-09-25,2026-09-25T09:00:00+10:00,2026-09-25T15:00:00+10:00,360,0,360
B001,AV00201,S02,2026-09-21,2026-09-21T09:00:00+10:00,2026-09-21T17:00:00+10:00,480,0,480
B001,AV00202,S02,2026-09-22,2026-09-22T09:00:00+10:00,2026-09-22T17:00:00+10:00,480,0,480
B001,AV00203,S02,2026-09-23,2026-09-23T09:00:00+10:00,2026-09-23T17:00:00+10:00,480,0,480
B001,AV00204,S02,2026-09-24,2026-09-24T09:00:00+10:00,2026-09-24T17:00:00+10:00,480,0,480
B001,AV00205,S02,2026-09-25,2026-09-25T09:00:00+10:00,2026-09-25T15:00:00+10:00,360,0,360
B001,AV00206,S03,2026-09-21,2026-09-21T09:00:00+10:00,2026-09-21T17:00:00+10:00,480,0,480
B001,AV00207,S03,2026-09-22,2026-09-22T09:00:00+10:00,2026-09-22T17:00:00+10:00,480,0,480
B001,AV00208,S03,2026-09-23,2026-09-23T09:00:00+10:00,2026-09-23T17:00:00+10:00,480,0,480
B001,AV00209,S03,2026-09-24,2026-09-24T09:00:00+10:00,2026-09-24T17:00:00+10:00,480,0,480
B001,AV00210,S03,2026-09-25,2026-09-25T09:00:00+10:00,2026-09-25T15:00:00+10:00,360,0,360
B001,AV00211,S01,2026-09-28,2026-09-28T09:00:00+10:00,2026-09-28T17:00:00+10:00,480,0,480
B001,AV00212,S01,2026-09-29,2026-09-29T09:00:00+10:00,2026-09-29T17:00:00+10:00,480,0,480
B001,AV00213,S01,2026-09-30,2026-09-30T09:00:00+10:00,2026-09-30T17:00:00+10:00,480,0,480
B001,AV00214,S01,2026-10-01,2026-10-01T09:00:00+10:00,2026-10-01T17:00:00+10:00,480,0,480
B001,AV00215,S01,2026-10-02,2026-10-02T09:00:00+10:00,2026-10-02T15:00:00+10:00,360,0,360
B001,AV00216,S02,2026-09-28,2026-09-28T09:00:00+10:00,2026-09-28T17:00:00+10:00,480,0,480
B001,AV00217,S02,2026-09-29,2026-09-29T09:00:00+10:00,2026-09-29T17:00:00+10:00,480,0,480
B001,AV00218,S02,2026-09-30,2026-09-30T09:00:00+10:00,2026-09-30T17:00:00+10:00,480,0,480
B001,AV00219,S02,2026-10-01,2026-10-01T09:00:00+10:00,2026-10-01T17:00:00+10:00,480,0,480
B001,AV00220,S02,2026-10-02,2026-10-02T09:00:00+10:00,2026-10-02T15:00:00+10:00,360,0,360
B001,AV00221,S03,2026-09-28,2026-09-28T09:00:00+10:00,2026-09-28T17:00:00+10:00,480,0,480
B001,AV00222,S03,2026-09-29,2026-09-29T09:00:00+10:00,2026-09-29T17:00:00+10:00,480,0,480
B001,AV00223,S03,2026-09-30,2026-09-30T09:00:00+10:00,2026-09-30T17:00:00+10:00,480,0,480
B001,AV00224,S03,2026-10-01,2026-10-01T09:00:00+10:00,2026-10-01T17:00:00+10:00,480,0,480
B001,AV00225,S03,2026-10-02,2026-10-02T09:00:00+10:00,2026-10-02T15:00:00+10:00,360,0,360
B001,HAV-0-S01-0,S01,2025-06-02,2025-06-02T09:00:00+10:00,2025-06-02T17:00:00+10:00,480,0,480
B001,HAV-0-S01-1,S01,2025-06-03,2025-06-03T09:00:00+10:00,2025-06-03T17:00:00+10:00,480,0,480
B001,HAV-0-S01-2,S01,2025-06-04,2025-06-04T09:00:00+10:00,2025-06-04T17:00:00+10:00,480,0,480
B001,HAV-0-S01-3,S01,2025-06-05,2025-06-05T09:00:00+10:00,2025-06-05T17:00:00+10:00,480,0,480
B001,HAV-0-S01-4,S01,2025-06-06,2025-06-06T09:00:00+10:00,2025-06-06T15:00:00+10:00,360,0,360
B001,HAV-0-S02-0,S02,2025-06-02,2025-06-02T09:00:00+10:00,2025-06-02T17:00:00+10:00,480,0,480
B001,HAV-0-S02-1,S02,2025-06-03,2025-06-03T09:00:00+10:00,2025-06-03T17:00:00+10:00,480,0,480
B001,HAV-0-S02-2,S02,2025-06-04,2025-06-04T09:00:00+10:00,2025-06-04T17:00:00+10:00,480,0,480
B001,HAV-0-S02-3,S02,2025-06-05,2025-06-05T09:00:00+10:00,2025-06-05T17:00:00+10:00,480,0,480
B001,HAV-0-S02-4,S02,2025-06-06,2025-06-06T09:00:00+10:00,2025-06-06T15:00:00+10:00,360,0,360
B001,HAV-0-S03-0,S03,2025-06-02,2025-06-02T09:00:00+10:00,2025-06-02T17:00:00+10:00,480,0,480
B001,HAV-0-S03-1,S03,2025-06-03,2025-06-03T09:00:00+10:00,2025-06-03T17:00:00+10:00,480,0,480
B001,HAV-0-S03-2,S03,2025-06-04,2025-06-04T09:00:00+10:00,2025-06-04T17:00:00+10:00,480,0,480
B001,HAV-0-S03-3,S03,2025-06-05,2025-06-05T09:00:00+10:00,2025-06-05T17:00:00+10:00,480,0,480
B001,HAV-0-S03-4,S03,2025-06-06,2025-06-06T09:00:00+10:00,2025-06-06T15:00:00+10:00,360,0,360
B001,HAV-1-S01-0,S01,2025-06-09,2025-06-09T09:00:00+10:00,2025-06-09T17:00:00+10:00,480,0,480
B001,HAV-1-S01-1,S01,2025-06-10,2025-06-10T09:00:00+10:00,2025-06-10T17:00:00+10:00,480,0,480
B001,HAV-1-S01-2,S01,2025-06-11,2025-06-11T09:00:00+10:00,2025-06-11T17:00:00+10:00,480,0,480
B001,HAV-1-S01-3,S01,2025-06-12,2025-06-12T09:00:00+10:00,2025-06-12T17:00:00+10:00,480,0,480
B001,HAV-1-S01-4,S01,2025-06-13,2025-06-13T09:00:00+10:00,2025-06-13T15:00:00+10:00,360,0,360
B001,HAV-1-S02-0,S02,2025-06-09,2025-06-09T09:00:00+10:00,2025-06-09T17:00:00+10:00,480,0,480
B001,HAV-1-S02-1,S02,2025-06-10,2025-06-10T09:00:00+10:00,2025-06-10T17:00:00+10:00,480,0,480
B001,HAV-1-S02-2,S02,2025-06-11,2025-06-11T09:00:00+10:00,2025-06-11T17:00:00+10:00,480,0,480
B001,HAV-1-S02-3,S02,2025-06-12,2025-06-12T09:00:00+10:00,2025-06-12T17:00:00+10:00,480,0,480
B001,HAV-1-S02-4,S02,2025-06-13,2025-06-13T09:00:00+10:00,2025-06-13T15:00:00+10:00,360,0,360
B001,HAV-1-S03-0,S03,2025-06-09,2025-06-09T09:00:00+10:00,2025-06-09T17:00:00+10:00,480,0,480
B001,HAV-1-S03-1,S03,2025-06-10,2025-06-10T09:00:00+10:00,2025-06-10T17:00:00+10:00,480,0,480
B001,HAV-1-S03-2,S03,2025-06-11,2025-06-11T09:00:00+10:00,2025-06-11T17:00:00+10:00,480,0,480
B001,HAV-1-S03-3,S03,2025-06-12,2025-06-12T09:00:00+10:00,2025-06-12T17:00:00+10:00,480,0,480
B001,HAV-1-S03-4,S03,2025-06-13,2025-06-13T09:00:00+10:00,2025-06-13T15:00:00+10:00,360,0,360
B001,HAV-2-S01-0,S01,2025-06-16,2025-06-16T09:00:00+10:00,2025-06-16T17:00:00+10:00,480,0,480
B001,HAV-2-S01-1,S01,2025-06-17,2025-06-17T09:00:00+10:00,2025-06-17T17:00:00+10:00,480,0,480
B001,HAV-2-S01-2,S01,2025-06-18,2025-06-18T09:00:00+10:00,2025-06-18T17:00:00+10:00,480,0,480
B001,HAV-2-S01-3,S01,2025-06-19,2025-06-19T09:00:00+10:00,2025-06-19T17:00:00+10:00,480,0,480
B001,HAV-2-S01-4,S01,2025-06-20,2025-06-20T09:00:00+10:00,2025-06-20T15:00:00+10:00,360,0,360
B001,HAV-2-S02-0,S02,2025-06-16,2025-06-16T09:00:00+10:00,2025-06-16T17:00:00+10:00,480,0,480
B001,HAV-2-S02-1,S02,2025-06-17,2025-06-17T09:00:00+10:00,2025-06-17T17:00:00+10:00,480,0,480
B001,HAV-2-S02-2,S02,2025-06-18,2025-06-18T09:00:00+10:00,2025-06-18T17:00:00+10:00,480,0,480
B001,HAV-2-S02-3,S02,2025-06-19,2025-06-19T09:00:00+10:00,2025-06-19T17:00:00+10:00,480,0,480
B001,HAV-2-S02-4,S02,2025-06-20,2025-06-20T09:00:00+10:00,2025-06-20T15:00:00+10:00,360,0,360
B001,HAV-2-S03-0,S03,2025-06-16,2025-06-16T09:00:00+10:00,2025-06-16T17:00:00+10:00,480,0,480
B001,HAV-2-S03-1,S03,2025-06-17,2025-06-17T09:00:00+10:00,2025-06-17T17:00:00+10:00,480,0,480
B001,HAV-2-S03-2,S03,2025-06-18,2025-06-18T09:00:00+10:00,2025-06-18T17:00:00+10:00,480,0,480
B001,HAV-2-S03-3,S03,2025-06-19,2025-06-19T09:00:00+10:00,2025-06-19T17:00:00+10:00,480,0,480
B001,HAV-2-S03-4,S03,2025-06-20,2025-06-20T09:00:00+10:00,2025-06-20T15:00:00+10:00,360,0,360
B001,HAV-3-S01-0,S01,2025-06-23,2025-06-23T09:00:00+10:00,2025-06-23T17:00:00+10:00,480,0,480
B001,HAV-3-S01-1,S01,2025-06-24,2025-06-24T09:00:00+10:00,2025-06-24T17:00:00+10:00,480,0,480
B001,HAV-3-S01-2,S01,2025-06-25,2025-06-25T09:00:00+10:00,2025-06-25T17:00:00+10:00,480,0,480
B001,HAV-3-S01-3,S01,2025-06-26,2025-06-26T09:00:00+10:00,2025-06-26T17:00:00+10:00,480,0,480
B001,HAV-3-S01-4,S01,2025-06-27,2025-06-27T09:00:00+10:00,2025-06-27T15:00:00+10:00,360,0,360
B001,HAV-3-S02-0,S02,2025-06-23,2025-06-23T09:00:00+10:00,2025-06-23T17:00:00+10:00,480,0,480
B001,HAV-3-S02-1,S02,2025-06-24,2025-06-24T09:00:00+10:00,2025-06-24T17:00:00+10:00,480,0,480
B001,HAV-3-S02-2,S02,2025-06-25,2025-06-25T09:00:00+10:00,2025-06-25T17:00:00+10:00,480,0,480
B001,HAV-3-S02-3,S02,2025-06-26,2025-06-26T09:00:00+10:00,2025-06-26T17:00:00+10:00,480,0,480
B001,HAV-3-S02-4,S02,2025-06-27,2025-06-27T09:00:00+10:00,2025-06-27T15:00:00+10:00,360,0,360
B001,HAV-3-S03-0,S03,2025-06-23,2025-06-23T09:00:00+10:00,2025-06-23T17:00:00+10:00,480,0,480
B001,HAV-3-S03-1,S03,2025-06-24,2025-06-24T09:00:00+10:00,2025-06-24T17:00:00+10:00,480,0,480
B001,HAV-3-S03-2,S03,2025-06-25,2025-06-25T09:00:00+10:00,2025-06-25T17:00:00+10:00,480,0,480
B001,HAV-3-S03-3,S03,2025-06-26,2025-06-26T09:00:00+10:00,2025-06-26T17:00:00+10:00,480,0,480
B001,HAV-3-S03-4,S03,2025-06-27,2025-06-27T09:00:00+10:00,2025-06-27T15:00:00+10:00,360,0,360
B001,HAV-4-S01-0,S01,2025-06-30,2025-06-30T09:00:00+10:00,2025-06-30T17:00:00+10:00,480,0,480
B001,HAV-4-S01-1,S01,2025-07-01,2025-07-01T09:00:00+10:00,2025-07-01T17:00:00+10:00,480,0,480
B001,HAV-4-S01-2,S01,2025-07-02,2025-07-02T09:00:00+10:00,2025-07-02T17:00:00+10:00,480,0,480
B001,HAV-4-S01-3,S01,2025-07-03,2025-07-03T09:00:00+10:00,2025-07-03T17:00:00+10:00,480,0,480
B001,HAV-4-S01-4,S01,2025-07-04,2025-07-04T09:00:00+10:00,2025-07-04T15:00:00+10:00,360,0,360
B001,HAV-4-S02-0,S02,2025-06-30,2025-06-30T09:00:00+10:00,2025-06-30T17:00:00+10:00,480,0,480
B001,HAV-4-S02-1,S02,2025-07-01,2025-07-01T09:00:00+10:00,2025-07-01T17:00:00+10:00,480,0,480
B001,HAV-4-S02-2,S02,2025-07-02,2025-07-02T09:00:00+10:00,2025-07-02T17:00:00+10:00,480,0,480
B001,HAV-4-S02-3,S02,2025-07-03,2025-07-03T09:00:00+10:00,2025-07-03T17:00:00+10:00,480,0,480
B001,HAV-4-S02-4,S02,2025-07-04,2025-07-04T09:00:00+10:00,2025-07-04T15:00:00+10:00,360,0,360
B001,HAV-4-S03-0,S03,2025-06-30,2025-06-30T09:00:00+10:00,2025-06-30T17:00:00+10:00,480,0,480
B001,HAV-4-S03-1,S03,2025-07-01,2025-07-01T09:00:00+10:00,2025-07-01T17:00:00+10:00,480,0,480
B001,HAV-4-S03-2,S03,2025-07-02,2025-07-02T09:00:00+10:00,2025-07-02T17:00:00+10:00,480,0,480
B001,HAV-4-S03-3,S03,2025-07-03,2025-07-03T09:00:00+10:00,2025-07-03T17:00:00+10:00,480,0,480
B001,HAV-4-S03-4,S03,2025-07-04,2025-07-04T09:00:00+10:00,2025-07-04T15:00:00+10:00,360,0,360
B001,HAV-5-S01-0,S01,2025-07-07,2025-07-07T09:00:00+10:00,2025-07-07T17:00:00+10:00,480,0,480
B001,HAV-5-S01-1,S01,2025-07-08,2025-07-08T09:00:00+10:00,2025-07-08T17:00:00+10:00,480,0,480
B001,HAV-5-S01-2,S01,2025-07-09,2025-07-09T09:00:00+10:00,2025-07-09T17:00:00+10:00,480,0,480
B001,HAV-5-S01-3,S01,2025-07-10,2025-07-10T09:00:00+10:00,2025-07-10T17:00:00+10:00,480,0,480
B001,HAV-5-S01-4,S01,2025-07-11,2025-07-11T09:00:00+10:00,2025-07-11T15:00:00+10:00,360,0,360
B001,HAV-5-S02-0,S02,2025-07-07,2025-07-07T09:00:00+10:00,2025-07-07T17:00:00+10:00,480,0,480
B001,HAV-5-S02-1,S02,2025-07-08,2025-07-08T09:00:00+10:00,2025-07-08T17:00:00+10:00,480,0,480
B001,HAV-5-S02-2,S02,2025-07-09,2025-07-09T09:00:00+10:00,2025-07-09T17:00:00+10:00,480,0,480
B001,HAV-5-S02-3,S02,2025-07-10,2025-07-10T09:00:00+10:00,2025-07-10T17:00:00+10:00,480,0,480
B001,HAV-5-S02-4,S02,2025-07-11,2025-07-11T09:00:00+10:00,2025-07-11T15:00:00+10:00,360,0,360
B001,HAV-5-S03-0,S03,2025-07-07,2025-07-07T09:00:00+10:00,2025-07-07T17:00:00+10:00,480,0,480
B001,HAV-5-S03-1,S03,2025-07-08,2025-07-08T09:00:00+10:00,2025-07-08T17:00:00+10:00,480,0,480
B001,HAV-5-S03-2,S03,2025-07-09,2025-07-09T09:00:00+10:00,2025-07-09T17:00:00+10:00,480,0,480
B001,HAV-5-S03-3,S03,2025-07-10,2025-07-10T09:00:00+10:00,2025-07-10T17:00:00+10:00,480,0,480
B001,HAV-5-S03-4,S03,2025-07-11,2025-07-11T09:00:00+10:00,2025-07-11T15:00:00+10:00,360,0,360
B001,HAV-6-S01-0,S01,2025-07-14,2025-07-14T09:00:00+10:00,2025-07-14T17:00:00+10:00,480,0,480
B001,HAV-6-S01-1,S01,2025-07-15,2025-07-15T09:00:00+10:00,2025-07-15T17:00:00+10:00,480,0,480
B001,HAV-6-S01-2,S01,2025-07-16,2025-07-16T09:00:00+10:00,2025-07-16T17:00:00+10:00,480,0,480
B001,HAV-6-S01-3,S01,2025-07-17,2025-07-17T09:00:00+10:00,2025-07-17T17:00:00+10:00,480,0,480
B001,HAV-6-S01-4,S01,2025-07-18,2025-07-18T09:00:00+10:00,2025-07-18T15:00:00+10:00,360,0,360
B001,HAV-6-S02-0,S02,2025-07-14,2025-07-14T09:00:00+10:00,2025-07-14T17:00:00+10:00,480,0,480
B001,HAV-6-S02-1,S02,2025-07-15,2025-07-15T09:00:00+10:00,2025-07-15T17:00:00+10:00,480,0,480
B001,HAV-6-S02-2,S02,2025-07-16,2025-07-16T09:00:00+10:00,2025-07-16T17:00:00+10:00,480,0,480
B001,HAV-6-S02-3,S02,2025-07-17,2025-07-17T09:00:00+10:00,2025-07-17T17:00:00+10:00,480,0,480
B001,HAV-6-S02-4,S02,2025-07-18,2025-07-18T09:00:00+10:00,2025-07-18T15:00:00+10:00,360,0,360
B001,HAV-6-S03-0,S03,2025-07-14,2025-07-14T09:00:00+10:00,2025-07-14T17:00:00+10:00,480,0,480
B001,HAV-6-S03-1,S03,2025-07-15,2025-07-15T09:00:00+10:00,2025-07-15T17:00:00+10:00,480,0,480
B001,HAV-6-S03-2,S03,2025-07-16,2025-07-16T09:00:00+10:00,2025-07-16T17:00:00+10:00,480,0,480
B001,HAV-6-S03-3,S03,2025-07-17,2025-07-17T09:00:00+10:00,2025-07-17T17:00:00+10:00,480,0,480
B001,HAV-6-S03-4,S03,2025-07-18,2025-07-18T09:00:00+10:00,2025-07-18T15:00:00+10:00,360,0,360
B001,HAV-7-S01-0,S01,2025-07-21,2025-07-21T09:00:00+10:00,2025-07-21T17:00:00+10:00,480,0,480
B001,HAV-7-S01-1,S01,2025-07-22,2025-07-22T09:00:00+10:00,2025-07-22T17:00:00+10:00,480,0,480
B001,HAV-7-S01-2,S01,2025-07-23,2025-07-23T09:00:00+10:00,2025-07-23T17:00:00+10:00,480,0,480
B001,HAV-7-S01-3,S01,2025-07-24,2025-07-24T09:00:00+10:00,2025-07-24T17:00:00+10:00,480,0,480
B001,HAV-7-S01-4,S01,2025-07-25,2025-07-25T09:00:00+10:00,2025-07-25T15:00:00+10:00,360,0,360
B001,HAV-7-S02-0,S02,2025-07-21,2025-07-21T09:00:00+10:00,2025-07-21T17:00:00+10:00,480,0,480
B001,HAV-7-S02-1,S02,2025-07-22,2025-07-22T09:00:00+10:00,2025-07-22T17:00:00+10:00,480,0,480
B001,HAV-7-S02-2,S02,2025-07-23,2025-07-23T09:00:00+10:00,2025-07-23T17:00:00+10:00,480,0,480
B001,HAV-7-S02-3,S02,2025-07-24,2025-07-24T09:00:00+10:00,2025-07-24T17:00:00+10:00,480,0,480
B001,HAV-7-S02-4,S02,2025-07-25,2025-07-25T09:00:00+10:00,2025-07-25T15:00:00+10:00,360,0,360
B001,HAV-7-S03-0,S03,2025-07-21,2025-07-21T09:00:00+10:00,2025-07-21T17:00:00+10:00,480,0,480
B001,HAV-7-S03-1,S03,2025-07-22,2025-07-22T09:00:00+10:00,2025-07-22T17:00:00+10:00,480,0,480
B001,HAV-7-S03-2,S03,2025-07-23,2025-07-23T09:00:00+10:00,2025-07-23T17:00:00+10:00,480,0,480
B001,HAV-7-S03-3,S03,2025-07-24,2025-07-24T09:00:00+10:00,2025-07-24T17:00:00+10:00,480,0,480
B001,HAV-7-S03-4,S03,2025-07-25,2025-07-25T09:00:00+10:00,2025-07-25T15:00:00+10:00,360,0,360
B001,HAV-8-S01-0,S01,2025-07-28,2025-07-28T09:00:00+10:00,2025-07-28T17:00:00+10:00,480,0,480
B001,HAV-8-S01-1,S01,2025-07-29,2025-07-29T09:00:00+10:00,2025-07-29T17:00:00+10:00,480,0,480
B001,HAV-8-S01-2,S01,2025-07-30,2025-07-30T09:00:00+10:00,2025-07-30T17:00:00+10:00,480,0,480
B001,HAV-8-S01-3,S01,2025-07-31,2025-07-31T09:00:00+10:00,2025-07-31T17:00:00+10:00,480,0,480
B001,HAV-8-S01-4,S01,2025-08-01,2025-08-01T09:00:00+10:00,2025-08-01T15:00:00+10:00,360,0,360
B001,HAV-8-S02-0,S02,2025-07-28,2025-07-28T09:00:00+10:00,2025-07-28T17:00:00+10:00,480,0,480
B001,HAV-8-S02-1,S02,2025-07-29,2025-07-29T09:00:00+10:00,2025-07-29T17:00:00+10:00,480,0,480
B001,HAV-8-S02-2,S02,2025-07-30,2025-07-30T09:00:00+10:00,2025-07-30T17:00:00+10:00,480,0,480
B001,HAV-8-S02-3,S02,2025-07-31,2025-07-31T09:00:00+10:00,2025-07-31T17:00:00+10:00,480,0,480
B001,HAV-8-S02-4,S02,2025-08-01,2025-08-01T09:00:00+10:00,2025-08-01T15:00:00+10:00,360,0,360
B001,HAV-8-S03-0,S03,2025-07-28,2025-07-28T09:00:00+10:00,2025-07-28T17:00:00+10:00,480,0,480
B001,HAV-8-S03-1,S03,2025-07-29,2025-07-29T09:00:00+10:00,2025-07-29T17:00:00+10:00,480,0,480
B001,HAV-8-S03-2,S03,2025-07-30,2025-07-30T09:00:00+10:00,2025-07-30T17:00:00+10:00,480,0,480
B001,HAV-8-S03-3,S03,2025-07-31,2025-07-31T09:00:00+10:00,2025-07-31T17:00:00+10:00,480,0,480
B001,HAV-8-S03-4,S03,2025-08-01,2025-08-01T09:00:00+10:00,2025-08-01T15:00:00+10:00,360,0,360
B001,HAV-9-S01-0,S01,2025-08-04,2025-08-04T09:00:00+10:00,2025-08-04T17:00:00+10:00,480,0,480
B001,HAV-9-S01-1,S01,2025-08-05,2025-08-05T09:00:00+10:00,2025-08-05T17:00:00+10:00,480,0,480
B001,HAV-9-S01-2,S01,2025-08-06,2025-08-06T09:00:00+10:00,2025-08-06T17:00:00+10:00,480,0,480
B001,HAV-9-S01-3,S01,2025-08-07,2025-08-07T09:00:00+10:00,2025-08-07T17:00:00+10:00,480,0,480
B001,HAV-9-S01-4,S01,2025-08-08,2025-08-08T09:00:00+10:00,2025-08-08T15:00:00+10:00,360,0,360
B001,HAV-9-S02-0,S02,2025-08-04,2025-08-04T09:00:00+10:00,2025-08-04T17:00:00+10:00,480,0,480
B001,HAV-9-S02-1,S02,2025-08-05,2025-08-05T09:00:00+10:00,2025-08-05T17:00:00+10:00,480,0,480
B001,HAV-9-S02-2,S02,2025-08-06,2025-08-06T09:00:00+10:00,2025-08-06T17:00:00+10:00,480,0,480
B001,HAV-9-S02-3,S02,2025-08-07,2025-08-07T09:00:00+10:00,2025-08-07T17:00:00+10:00,480,0,480
B001,HAV-9-S02-4,S02,2025-08-08,2025-08-08T09:00:00+10:00,2025-08-08T15:00:00+10:00,360,0,360
B001,HAV-9-S03-0,S03,2025-08-04,2025-08-04T09:00:00+10:00,2025-08-04T17:00:00+10:00,480,0,480
B001,HAV-9-S03-1,S03,2025-08-05,2025-08-05T09:00:00+10:00,2025-08-05T17:00:00+10:00,480,0,480
B001,HAV-9-S03-2,S03,2025-08-06,2025-08-06T09:00:00+10:00,2025-08-06T17:00:00+10:00,480,0,480
B001,HAV-9-S03-3,S03,2025-08-07,2025-08-07T09:00:00+10:00,2025-08-07T17:00:00+10:00,480,0,480
B001,HAV-9-S03-4,S03,2025-08-08,2025-08-08T09:00:00+10:00,2025-08-08T15:00:00+10:00,360,0,360
B001,HAV-10-S01-0,S01,2025-08-11,2025-08-11T09:00:00+10:00,2025-08-11T17:00:00+10:00,480,0,480
B001,HAV-10-S01-1,S01,2025-08-12,2025-08-12T09:00:00+10:00,2025-08-12T17:00:00+10:00,480,0,480
B001,HAV-10-S01-2,S01,2025-08-13,2025-08-13T09:00:00+10:00,2025-08-13T17:00:00+10:00,480,0,480
B001,HAV-10-S01-3,S01,2025-08-14,2025-08-14T09:00:00+10:00,2025-08-14T17:00:00+10:00,480,0,480
B001,HAV-10-S01-4,S01,2025-08-15,2025-08-15T09:00:00+10:00,2025-08-15T15:00:00+10:00,360,0,360
B001,HAV-10-S02-0,S02,2025-08-11,2025-08-11T09:00:00+10:00,2025-08-11T17:00:00+10:00,480,0,480
B001,HAV-10-S02-1,S02,2025-08-12,2025-08-12T09:00:00+10:00,2025-08-12T17:00:00+10:00,480,0,480
B001,HAV-10-S02-2,S02,2025-08-13,2025-08-13T09:00:00+10:00,2025-08-13T17:00:00+10:00,480,0,480
B001,HAV-10-S02-3,S02,2025-08-14,2025-08-14T09:00:00+10:00,2025-08-14T17:00:00+10:00,480,0,480
B001,HAV-10-S02-4,S02,2025-08-15,2025-08-15T09:00:00+10:00,2025-08-15T15:00:00+10:00,360,0,360
B001,HAV-10-S03-0,S03,2025-08-11,2025-08-11T09:00:00+10:00,2025-08-11T17:00:00+10:00,480,0,480
B001,HAV-10-S03-1,S03,2025-08-12,2025-08-12T09:00:00+10:00,2025-08-12T17:00:00+10:00,480,0,480
B001,HAV-10-S03-2,S03,2025-08-13,2025-08-13T09:00:00+10:00,2025-08-13T17:00:00+10:00,480,0,480
B001,HAV-10-S03-3,S03,2025-08-14,2025-08-14T09:00:00+10:00,2025-08-14T17:00:00+10:00,480,0,480
B001,HAV-10-S03-4,S03,2025-08-15,2025-08-15T09:00:00+10:00,2025-08-15T15:00:00+10:00,360,0,360
B001,HAV-11-S01-0,S01,2025-08-18,2025-08-18T09:00:00+10:00,2025-08-18T17:00:00+10:00,480,0,480
B001,HAV-11-S01-1,S01,2025-08-19,2025-08-19T09:00:00+10:00,2025-08-19T17:00:00+10:00,480,0,480
B001,HAV-11-S01-2,S01,2025-08-20,2025-08-20T09:00:00+10:00,2025-08-20T17:00:00+10:00,480,0,480
B001,HAV-11-S01-3,S01,2025-08-21,2025-08-21T09:00:00+10:00,2025-08-21T17:00:00+10:00,480,0,480
B001,HAV-11-S01-4,S01,2025-08-22,2025-08-22T09:00:00+10:00,2025-08-22T15:00:00+10:00,360,0,360
B001,HAV-11-S02-0,S02,2025-08-18,2025-08-18T09:00:00+10:00,2025-08-18T17:00:00+10:00,480,0,480
B001,HAV-11-S02-1,S02,2025-08-19,2025-08-19T09:00:00+10:00,2025-08-19T17:00:00+10:00,480,0,480
B001,HAV-11-S02-2,S02,2025-08-20,2025-08-20T09:00:00+10:00,2025-08-20T17:00:00+10:00,480,0,480
B001,HAV-11-S02-3,S02,2025-08-21,2025-08-21T09:00:00+10:00,2025-08-21T17:00:00+10:00,480,0,480
B001,HAV-11-S02-4,S02,2025-08-22,2025-08-22T09:00:00+10:00,2025-08-22T15:00:00+10:00,360,0,360
B001,HAV-11-S03-0,S03,2025-08-18,2025-08-18T09:00:00+10:00,2025-08-18T17:00:00+10:00,480,0,480
B001,HAV-11-S03-1,S03,2025-08-19,2025-08-19T09:00:00+10:00,2025-08-19T17:00:00+10:00,480,0,480
B001,HAV-11-S03-2,S03,2025-08-20,2025-08-20T09:00:00+10:00,2025-08-20T17:00:00+10:00,480,0,480
B001,HAV-11-S03-3,S03,2025-08-21,2025-08-21T09:00:00+10:00,2025-08-21T17:00:00+10:00,480,0,480
B001,HAV-11-S03-4,S03,2025-08-22,2025-08-22T09:00:00+10:00,2025-08-22T15:00:00+10:00,360,0,360
B001,HAV-12-S01-0,S01,2025-08-25,2025-08-25T09:00:00+10:00,2025-08-25T17:00:00+10:00,480,0,480
B001,HAV-12-S01-1,S01,2025-08-26,2025-08-26T09:00:00+10:00,2025-08-26T17:00:00+10:00,480,0,480
B001,HAV-12-S01-2,S01,2025-08-27,2025-08-27T09:00:00+10:00,2025-08-27T17:00:00+10:00,480,0,480
B001,HAV-12-S01-3,S01,2025-08-28,2025-08-28T09:00:00+10:00,2025-08-28T17:00:00+10:00,480,0,480
B001,HAV-12-S01-4,S01,2025-08-29,2025-08-29T09:00:00+10:00,2025-08-29T15:00:00+10:00,360,0,360
B001,HAV-12-S02-0,S02,2025-08-25,2025-08-25T09:00:00+10:00,2025-08-25T17:00:00+10:00,480,0,480
B001,HAV-12-S02-1,S02,2025-08-26,2025-08-26T09:00:00+10:00,2025-08-26T17:00:00+10:00,480,0,480
B001,HAV-12-S02-2,S02,2025-08-27,2025-08-27T09:00:00+10:00,2025-08-27T17:00:00+10:00,480,0,480
B001,HAV-12-S02-3,S02,2025-08-28,2025-08-28T09:00:00+10:00,2025-08-28T17:00:00+10:00,480,0,480
B001,HAV-12-S02-4,S02,2025-08-29,2025-08-29T09:00:00+10:00,2025-08-29T15:00:00+10:00,360,0,360
B001,HAV-12-S03-0,S03,2025-08-25,2025-08-25T09:00:00+10:00,2025-08-25T17:00:00+10:00,480,0,480
B001,HAV-12-S03-1,S03,2025-08-26,2025-08-26T09:00:00+10:00,2025-08-26T17:00:00+10:00,480,0,480
B001,HAV-12-S03-2,S03,2025-08-27,2025-08-27T09:00:00+10:00,2025-08-27T17:00:00+10:00,480,0,480
B001,HAV-12-S03-3,S03,2025-08-28,2025-08-28T09:00:00+10:00,2025-08-28T17:00:00+10:00,480,0,480
B001,HAV-12-S03-4,S03,2025-08-29,2025-08-29T09:00:00+10:00,2025-08-29T15:00:00+10:00,360,0,360
B001,HAV-13-S01-0,S01,2025-09-01,2025-09-01T09:00:00+10:00,2025-09-01T17:00:00+10:00,480,0,480
B001,HAV-13-S01-1,S01,2025-09-02,2025-09-02T09:00:00+10:00,2025-09-02T17:00:00+10:00,480,0,480
B001,HAV-13-S01-2,S01,2025-09-03,2025-09-03T09:00:00+10:00,2025-09-03T17:00:00+10:00,480,0,480
B001,HAV-13-S01-3,S01,2025-09-04,2025-09-04T09:00:00+10:00,2025-09-04T17:00:00+10:00,480,0,480
B001,HAV-13-S01-4,S01,2025-09-05,2025-09-05T09:00:00+10:00,2025-09-05T15:00:00+10:00,360,0,360
B001,HAV-13-S02-0,S02,2025-09-01,2025-09-01T09:00:00+10:00,2025-09-01T17:00:00+10:00,480,0,480
B001,HAV-13-S02-1,S02,2025-09-02,2025-09-02T09:00:00+10:00,2025-09-02T17:00:00+10:00,480,0,480
B001,HAV-13-S02-2,S02,2025-09-03,2025-09-03T09:00:00+10:00,2025-09-03T17:00:00+10:00,480,0,480
B001,HAV-13-S02-3,S02,2025-09-04,2025-09-04T09:00:00+10:00,2025-09-04T17:00:00+10:00,480,0,480
B001,HAV-13-S02-4,S02,2025-09-05,2025-09-05T09:00:00+10:00,2025-09-05T15:00:00+10:00,360,0,360
B001,HAV-13-S03-0,S03,2025-09-01,2025-09-01T09:00:00+10:00,2025-09-01T17:00:00+10:00,480,0,480
B001,HAV-13-S03-1,S03,2025-09-02,2025-09-02T09:00:00+10:00,2025-09-02T17:00:00+10:00,480,0,480
B001,HAV-13-S03-2,S03,2025-09-03,2025-09-03T09:00:00+10:00,2025-09-03T17:00:00+10:00,480,0,480
B001,HAV-13-S03-3,S03,2025-09-04,2025-09-04T09:00:00+10:00,2025-09-04T17:00:00+10:00,480,0,480
B001,HAV-13-S03-4,S03,2025-09-05,2025-09-05T09:00:00+10:00,2025-09-05T15:00:00+10:00,360,0,360
B001,HAV-14-S01-0,S01,2025-09-08,2025-09-08T09:00:00+10:00,2025-09-08T17:00:00+10:00,480,0,480
B001,HAV-14-S01-1,S01,2025-09-09,2025-09-09T09:00:00+10:00,2025-09-09T17:00:00+10:00,480,0,480
B001,HAV-14-S01-2,S01,2025-09-10,2025-09-10T09:00:00+10:00,2025-09-10T17:00:00+10:00,480,0,480
B001,HAV-14-S01-3,S01,2025-09-11,2025-09-11T09:00:00+10:00,2025-09-11T17:00:00+10:00,480,0,480
B001,HAV-14-S01-4,S01,2025-09-12,2025-09-12T09:00:00+10:00,2025-09-12T15:00:00+10:00,360,0,360
B001,HAV-14-S02-0,S02,2025-09-08,2025-09-08T09:00:00+10:00,2025-09-08T17:00:00+10:00,480,0,480
B001,HAV-14-S02-1,S02,2025-09-09,2025-09-09T09:00:00+10:00,2025-09-09T17:00:00+10:00,480,0,480
B001,HAV-14-S02-2,S02,2025-09-10,2025-09-10T09:00:00+10:00,2025-09-10T17:00:00+10:00,480,0,480
B001,HAV-14-S02-3,S02,2025-09-11,2025-09-11T09:00:00+10:00,2025-09-11T17:00:00+10:00,480,0,480
B001,HAV-14-S02-4,S02,2025-09-12,2025-09-12T09:00:00+10:00,2025-09-12T15:00:00+10:00,360,0,360
B001,HAV-14-S03-0,S03,2025-09-08,2025-09-08T09:00:00+10:00,2025-09-08T17:00:00+10:00,480,0,480
B001,HAV-14-S03-1,S03,2025-09-09,2025-09-09T09:00:00+10:00,2025-09-09T17:00:00+10:00,480,0,480
B001,HAV-14-S03-2,S03,2025-09-10,2025-09-10T09:00:00+10:00,2025-09-10T17:00:00+10:00,480,0,480
B001,HAV-14-S03-3,S03,2025-09-11,2025-09-11T09:00:00+10:00,2025-09-11T17:00:00+10:00,480,0,480
B001,HAV-14-S03-4,S03,2025-09-12,2025-09-12T09:00:00+10:00,2025-09-12T15:00:00+10:00,360,0,360
B001,HAV-15-S01-0,S01,2025-09-15,2025-09-15T09:00:00+10:00,2025-09-15T17:00:00+10:00,480,0,480
B001,HAV-15-S01-1,S01,2025-09-16,2025-09-16T09:00:00+10:00,2025-09-16T17:00:00+10:00,480,0,480
B001,HAV-15-S01-2,S01,2025-09-17,2025-09-17T09:00:00+10:00,2025-09-17T17:00:00+10:00,480,0,480
B001,HAV-15-S01-3,S01,2025-09-18,2025-09-18T09:00:00+10:00,2025-09-18T17:00:00+10:00,480,0,480
B001,HAV-15-S01-4,S01,2025-09-19,2025-09-19T09:00:00+10:00,2025-09-19T15:00:00+10:00,360,0,360
B001,HAV-15-S02-0,S02,2025-09-15,2025-09-15T09:00:00+10:00,2025-09-15T17:00:00+10:00,480,0,480
B001,HAV-15-S02-1,S02,2025-09-16,2025-09-16T09:00:00+10:00,2025-09-16T17:00:00+10:00,480,0,480
B001,HAV-15-S02-2,S02,2025-09-17,2025-09-17T09:00:00+10:00,2025-09-17T17:00:00+10:00,480,0,480
B001,HAV-15-S02-3,S02,2025-09-18,2025-09-18T09:00:00+10:00,2025-09-18T17:00:00+10:00,480,0,480
B001,HAV-15-S02-4,S02,2025-09-19,2025-09-19T09:00:00+10:00,2025-09-19T15:00:00+10:00,360,0,360
B001,HAV-15-S03-0,S03,2025-09-15,2025-09-15T09:00:00+10:00,2025-09-15T17:00:00+10:00,480,0,480
B001,HAV-15-S03-1,S03,2025-09-16,2025-09-16T09:00:00+10:00,2025-09-16T17:00:00+10:00,480,0,480
B001,HAV-15-S03-2,S03,2025-09-17,2025-09-17T09:00:00+10:00,2025-09-17T17:00:00+10:00,480,0,480
B001,HAV-15-S03-3,S03,2025-09-18,2025-09-18T09:00:00+10:00,2025-09-18T17:00:00+10:00,480,0,480
B001,HAV-15-S03-4,S03,2025-09-19,2025-09-19T09:00:00+10:00,2025-09-19T15:00:00+10:00,360,0,360
B001,HAV-16-S01-0,S01,2025-09-22,2025-09-22T09:00:00+10:00,2025-09-22T17:00:00+10:00,480,0,480
B001,HAV-16-S01-1,S01,2025-09-23,2025-09-23T09:00:00+10:00,2025-09-23T17:00:00+10:00,480,0,480
B001,HAV-16-S01-2,S01,2025-09-24,2025-09-24T09:00:00+10:00,2025-09-24T17:00:00+10:00,480,0,480
B001,HAV-16-S01-3,S01,2025-09-25,2025-09-25T09:00:00+10:00,2025-09-25T17:00:00+10:00,480,0,480
B001,HAV-16-S01-4,S01,2025-09-26,2025-09-26T09:00:00+10:00,2025-09-26T15:00:00+10:00,360,0,360
B001,HAV-16-S02-0,S02,2025-09-22,2025-09-22T09:00:00+10:00,2025-09-22T17:00:00+10:00,480,0,480
B001,HAV-16-S02-1,S02,2025-09-23,2025-09-23T09:00:00+10:00,2025-09-23T17:00:00+10:00,480,0,480
B001,HAV-16-S02-2,S02,2025-09-24,2025-09-24T09:00:00+10:00,2025-09-24T17:00:00+10:00,480,0,480
B001,HAV-16-S02-3,S02,2025-09-25,2025-09-25T09:00:00+10:00,2025-09-25T17:00:00+10:00,480,0,480
B001,HAV-16-S02-4,S02,2025-09-26,2025-09-26T09:00:00+10:00,2025-09-26T15:00:00+10:00,360,0,360
B001,HAV-16-S03-0,S03,2025-09-22,2025-09-22T09:00:00+10:00,2025-09-22T17:00:00+10:00,480,0,480
B001,HAV-16-S03-1,S03,2025-09-23,2025-09-23T09:00:00+10:00,2025-09-23T17:00:00+10:00,480,0,480
B001,HAV-16-S03-2,S03,2025-09-24,2025-09-24T09:00:00+10:00,2025-09-24T17:00:00+10:00,480,0,480
B001,HAV-16-S03-3,S03,2025-09-25,2025-09-25T09:00:00+10:00,2025-09-25T17:00:00+10:00,480,0,480
B001,HAV-16-S03-4,S03,2025-09-26,2025-09-26T09:00:00+10:00,2025-09-26T15:00:00+10:00,360,0,360
B001,HAV-17-S01-0,S01,2025-09-29,2025-09-29T09:00:00+10:00,2025-09-29T17:00:00+10:00,480,0,480
B001,HAV-17-S01-1,S01,2025-09-30,2025-09-30T09:00:00+10:00,2025-09-30T17:00:00+10:00,480,0,480
B001,HAV-17-S01-2,S01,2025-10-01,2025-10-01T09:00:00+10:00,2025-10-01T17:00:00+10:00,480,0,480
B001,HAV-17-S01-3,S01,2025-10-02,2025-10-02T09:00:00+10:00,2025-10-02T17:00:00+10:00,480,0,480
B001,HAV-17-S01-4,S01,2025-10-03,2025-10-03T09:00:00+10:00,2025-10-03T15:00:00+10:00,360,0,360
B001,HAV-17-S02-0,S02,2025-09-29,2025-09-29T09:00:00+10:00,2025-09-29T17:00:00+10:00,480,0,480
B001,HAV-17-S02-1,S02,2025-09-30,2025-09-30T09:00:00+10:00,2025-09-30T17:00:00+10:00,480,0,480
B001,HAV-17-S02-2,S02,2025-10-01,2025-10-01T09:00:00+10:00,2025-10-01T17:00:00+10:00,480,0,480
B001,HAV-17-S02-3,S02,2025-10-02,2025-10-02T09:00:00+10:00,2025-10-02T17:00:00+10:00,480,0,480
B001,HAV-17-S02-4,S02,2025-10-03,2025-10-03T09:00:00+10:00,2025-10-03T15:00:00+10:00,360,0,360
B001,HAV-17-S03-0,S03,2025-09-29,2025-09-29T09:00:00+10:00,2025-09-29T17:00:00+10:00,480,0,480
B001,HAV-17-S03-1,S03,2025-09-30,2025-09-30T09:00:00+10:00,2025-09-30T17:00:00+10:00,480,0,480
B001,HAV-17-S03-2,S03,2025-10-01,2025-10-01T09:00:00+10:00,2025-10-01T17:00:00+10:00,480,0,480
B001,HAV-17-S03-3,S03,2025-10-02,2025-10-02T09:00:00+10:00,2025-10-02T17:00:00+10:00,480,0,480
B001,HAV-17-S03-4,S03,2025-10-03,2025-10-03T09:00:00+10:00,2025-10-03T15:00:00+10:00,360,0,360
B001,HAV-18-S01-0,S01,2025-10-06,2025-10-06T09:00:00+11:00,2025-10-06T17:00:00+11:00,480,0,480
B001,HAV-18-S01-1,S01,2025-10-07,2025-10-07T09:00:00+11:00,2025-10-07T17:00:00+11:00,480,0,480
B001,HAV-18-S01-2,S01,2025-10-08,2025-10-08T09:00:00+11:00,2025-10-08T17:00:00+11:00,480,0,480
B001,HAV-18-S01-3,S01,2025-10-09,2025-10-09T09:00:00+11:00,2025-10-09T17:00:00+11:00,480,0,480
B001,HAV-18-S01-4,S01,2025-10-10,2025-10-10T09:00:00+11:00,2025-10-10T15:00:00+11:00,360,0,360
B001,HAV-18-S02-0,S02,2025-10-06,2025-10-06T09:00:00+11:00,2025-10-06T17:00:00+11:00,480,0,480
B001,HAV-18-S02-1,S02,2025-10-07,2025-10-07T09:00:00+11:00,2025-10-07T17:00:00+11:00,480,0,480
B001,HAV-18-S02-2,S02,2025-10-08,2025-10-08T09:00:00+11:00,2025-10-08T17:00:00+11:00,480,0,480
B001,HAV-18-S02-3,S02,2025-10-09,2025-10-09T09:00:00+11:00,2025-10-09T17:00:00+11:00,480,0,480
B001,HAV-18-S02-4,S02,2025-10-10,2025-10-10T09:00:00+11:00,2025-10-10T15:00:00+11:00,360,0,360
B001,HAV-18-S03-0,S03,2025-10-06,2025-10-06T09:00:00+11:00,2025-10-06T17:00:00+11:00,480,0,480
B001,HAV-18-S03-1,S03,2025-10-07,2025-10-07T09:00:00+11:00,2025-10-07T17:00:00+11:00,480,0,480
B001,HAV-18-S03-2,S03,2025-10-08,2025-10-08T09:00:00+11:00,2025-10-08T17:00:00+11:00,480,0,480
B001,HAV-18-S03-3,S03,2025-10-09,2025-10-09T09:00:00+11:00,2025-10-09T17:00:00+11:00,480,0,480
B001,HAV-18-S03-4,S03,2025-10-10,2025-10-10T09:00:00+11:00,2025-10-10T15:00:00+11:00,360,0,360
B001,HAV-19-S01-0,S01,2025-10-13,2025-10-13T09:00:00+11:00,2025-10-13T17:00:00+11:00,480,0,480
B001,HAV-19-S01-1,S01,2025-10-14,2025-10-14T09:00:00+11:00,2025-10-14T17:00:00+11:00,480,0,480
B001,HAV-19-S01-2,S01,2025-10-15,2025-10-15T09:00:00+11:00,2025-10-15T17:00:00+11:00,480,0,480
B001,HAV-19-S01-3,S01,2025-10-16,2025-10-16T09:00:00+11:00,2025-10-16T17:00:00+11:00,480,0,480
B001,HAV-19-S01-4,S01,2025-10-17,2025-10-17T09:00:00+11:00,2025-10-17T15:00:00+11:00,360,0,360
B001,HAV-19-S02-0,S02,2025-10-13,2025-10-13T09:00:00+11:00,2025-10-13T17:00:00+11:00,480,0,480
B001,HAV-19-S02-1,S02,2025-10-14,2025-10-14T09:00:00+11:00,2025-10-14T17:00:00+11:00,480,0,480
B001,HAV-19-S02-2,S02,2025-10-15,2025-10-15T09:00:00+11:00,2025-10-15T17:00:00+11:00,480,0,480
B001,HAV-19-S02-3,S02,2025-10-16,2025-10-16T09:00:00+11:00,2025-10-16T17:00:00+11:00,480,0,480
B001,HAV-19-S02-4,S02,2025-10-17,2025-10-17T09:00:00+11:00,2025-10-17T15:00:00+11:00,360,0,360
B001,HAV-19-S03-0,S03,2025-10-13,2025-10-13T09:00:00+11:00,2025-10-13T17:00:00+11:00,480,0,480
B001,HAV-19-S03-1,S03,2025-10-14,2025-10-14T09:00:00+11:00,2025-10-14T17:00:00+11:00,480,0,480
B001,HAV-19-S03-2,S03,2025-10-15,2025-10-15T09:00:00+11:00,2025-10-15T17:00:00+11:00,480,0,480
B001,HAV-19-S03-3,S03,2025-10-16,2025-10-16T09:00:00+11:00,2025-10-16T17:00:00+11:00,480,0,480
B001,HAV-19-S03-4,S03,2025-10-17,2025-10-17T09:00:00+11:00,2025-10-17T15:00:00+11:00,360,0,360
B001,HAV-20-S01-0,S01,2025-10-20,2025-10-20T09:00:00+11:00,2025-10-20T17:00:00+11:00,480,0,480
B001,HAV-20-S01-1,S01,2025-10-21,2025-10-21T09:00:00+11:00,2025-10-21T17:00:00+11:00,480,0,480
B001,HAV-20-S01-2,S01,2025-10-22,2025-10-22T09:00:00+11:00,2025-10-22T17:00:00+11:00,480,0,480
B001,HAV-20-S01-3,S01,2025-10-23,2025-10-23T09:00:00+11:00,2025-10-23T17:00:00+11:00,480,0,480
B001,HAV-20-S01-4,S01,2025-10-24,2025-10-24T09:00:00+11:00,2025-10-24T15:00:00+11:00,360,0,360
B001,HAV-20-S02-0,S02,2025-10-20,2025-10-20T09:00:00+11:00,2025-10-20T17:00:00+11:00,480,0,480
B001,HAV-20-S02-1,S02,2025-10-21,2025-10-21T09:00:00+11:00,2025-10-21T17:00:00+11:00,480,0,480
B001,HAV-20-S02-2,S02,2025-10-22,2025-10-22T09:00:00+11:00,2025-10-22T17:00:00+11:00,480,0,480
B001,HAV-20-S02-3,S02,2025-10-23,2025-10-23T09:00:00+11:00,2025-10-23T17:00:00+11:00,480,0,480
B001,HAV-20-S02-4,S02,2025-10-24,2025-10-24T09:00:00+11:00,2025-10-24T15:00:00+11:00,360,0,360
B001,HAV-20-S03-0,S03,2025-10-20,2025-10-20T09:00:00+11:00,2025-10-20T17:00:00+11:00,480,0,480
B001,HAV-20-S03-1,S03,2025-10-21,2025-10-21T09:00:00+11:00,2025-10-21T17:00:00+11:00,480,0,480
B001,HAV-20-S03-2,S03,2025-10-22,2025-10-22T09:00:00+11:00,2025-10-22T17:00:00+11:00,480,0,480
B001,HAV-20-S03-3,S03,2025-10-23,2025-10-23T09:00:00+11:00,2025-10-23T17:00:00+11:00,480,0,480
B001,HAV-20-S03-4,S03,2025-10-24,2025-10-24T09:00:00+11:00,2025-10-24T15:00:00+11:00,360,0,360
B001,HAV-21-S01-0,S01,2025-10-27,2025-10-27T09:00:00+11:00,2025-10-27T17:00:00+11:00,480,0,480
B001,HAV-21-S01-1,S01,2025-10-28,2025-10-28T09:00:00+11:00,2025-10-28T17:00:00+11:00,480,0,480
B001,HAV-21-S01-2,S01,2025-10-29,2025-10-29T09:00:00+11:00,2025-10-29T17:00:00+11:00,480,0,480
B001,HAV-21-S01-3,S01,2025-10-30,2025-10-30T09:00:00+11:00,2025-10-30T17:00:00+11:00,480,0,480
B001,HAV-21-S01-4,S01,2025-10-31,2025-10-31T09:00:00+11:00,2025-10-31T15:00:00+11:00,360,0,360
B001,HAV-21-S02-0,S02,2025-10-27,2025-10-27T09:00:00+11:00,2025-10-27T17:00:00+11:00,480,0,480
B001,HAV-21-S02-1,S02,2025-10-28,2025-10-28T09:00:00+11:00,2025-10-28T17:00:00+11:00,480,0,480
B001,HAV-21-S02-2,S02,2025-10-29,2025-10-29T09:00:00+11:00,2025-10-29T17:00:00+11:00,480,0,480
B001,HAV-21-S02-3,S02,2025-10-30,2025-10-30T09:00:00+11:00,2025-10-30T17:00:00+11:00,480,0,480
B001,HAV-21-S02-4,S02,2025-10-31,2025-10-31T09:00:00+11:00,2025-10-31T15:00:00+11:00,360,0,360
B001,HAV-21-S03-0,S03,2025-10-27,2025-10-27T09:00:00+11:00,2025-10-27T17:00:00+11:00,480,0,480
B001,HAV-21-S03-1,S03,2025-10-28,2025-10-28T09:00:00+11:00,2025-10-28T17:00:00+11:00,480,0,480
B001,HAV-21-S03-2,S03,2025-10-29,2025-10-29T09:00:00+11:00,2025-10-29T17:00:00+11:00,480,0,480
B001,HAV-21-S03-3,S03,2025-10-30,2025-10-30T09:00:00+11:00,2025-10-30T17:00:00+11:00,480,0,480
B001,HAV-21-S03-4,S03,2025-10-31,2025-10-31T09:00:00+11:00,2025-10-31T15:00:00+11:00,360,0,360
B001,HAV-22-S01-0,S01,2025-11-03,2025-11-03T09:00:00+11:00,2025-11-03T17:00:00+11:00,480,0,480
B001,HAV-22-S01-1,S01,2025-11-04,2025-11-04T09:00:00+11:00,2025-11-04T17:00:00+11:00,480,0,480
B001,HAV-22-S01-2,S01,2025-11-05,2025-11-05T09:00:00+11:00,2025-11-05T17:00:00+11:00,480,0,480
B001,HAV-22-S01-3,S01,2025-11-06,2025-11-06T09:00:00+11:00,2025-11-06T17:00:00+11:00,480,0,480
B001,HAV-22-S01-4,S01,2025-11-07,2025-11-07T09:00:00+11:00,2025-11-07T15:00:00+11:00,360,0,360
B001,HAV-22-S02-0,S02,2025-11-03,2025-11-03T09:00:00+11:00,2025-11-03T17:00:00+11:00,480,0,480
B001,HAV-22-S02-1,S02,2025-11-04,2025-11-04T09:00:00+11:00,2025-11-04T17:00:00+11:00,480,0,480
B001,HAV-22-S02-2,S02,2025-11-05,2025-11-05T09:00:00+11:00,2025-11-05T17:00:00+11:00,480,0,480
B001,HAV-22-S02-3,S02,2025-11-06,2025-11-06T09:00:00+11:00,2025-11-06T17:00:00+11:00,480,0,480
B001,HAV-22-S02-4,S02,2025-11-07,2025-11-07T09:00:00+11:00,2025-11-07T15:00:00+11:00,360,0,360
B001,HAV-22-S03-0,S03,2025-11-03,2025-11-03T09:00:00+11:00,2025-11-03T17:00:00+11:00,480,0,480
B001,HAV-22-S03-1,S03,2025-11-04,2025-11-04T09:00:00+11:00,2025-11-04T17:00:00+11:00,480,0,480
B001,HAV-22-S03-2,S03,2025-11-05,2025-11-05T09:00:00+11:00,2025-11-05T17:00:00+11:00,480,0,480
B001,HAV-22-S03-3,S03,2025-11-06,2025-11-06T09:00:00+11:00,2025-11-06T17:00:00+11:00,480,0,480
B001,HAV-22-S03-4,S03,2025-11-07,2025-11-07T09:00:00+11:00,2025-11-07T15:00:00+11:00,360,0,360
B001,HAV-23-S01-0,S01,2025-11-10,2025-11-10T09:00:00+11:00,2025-11-10T17:00:00+11:00,480,0,480
B001,HAV-23-S01-1,S01,2025-11-11,2025-11-11T09:00:00+11:00,2025-11-11T17:00:00+11:00,480,0,480
B001,HAV-23-S01-2,S01,2025-11-12,2025-11-12T09:00:00+11:00,2025-11-12T17:00:00+11:00,480,0,480
B001,HAV-23-S01-3,S01,2025-11-13,2025-11-13T09:00:00+11:00,2025-11-13T17:00:00+11:00,480,0,480
B001,HAV-23-S01-4,S01,2025-11-14,2025-11-14T09:00:00+11:00,2025-11-14T15:00:00+11:00,360,0,360
B001,HAV-23-S02-0,S02,2025-11-10,2025-11-10T09:00:00+11:00,2025-11-10T17:00:00+11:00,480,0,480
B001,HAV-23-S02-1,S02,2025-11-11,2025-11-11T09:00:00+11:00,2025-11-11T17:00:00+11:00,480,0,480
B001,HAV-23-S02-2,S02,2025-11-12,2025-11-12T09:00:00+11:00,2025-11-12T17:00:00+11:00,480,0,480
B001,HAV-23-S02-3,S02,2025-11-13,2025-11-13T09:00:00+11:00,2025-11-13T17:00:00+11:00,480,0,480
B001,HAV-23-S02-4,S02,2025-11-14,2025-11-14T09:00:00+11:00,2025-11-14T15:00:00+11:00,360,0,360
B001,HAV-23-S03-0,S03,2025-11-10,2025-11-10T09:00:00+11:00,2025-11-10T17:00:00+11:00,480,0,480
B001,HAV-23-S03-1,S03,2025-11-11,2025-11-11T09:00:00+11:00,2025-11-11T17:00:00+11:00,480,0,480
B001,HAV-23-S03-2,S03,2025-11-12,2025-11-12T09:00:00+11:00,2025-11-12T17:00:00+11:00,480,0,480
B001,HAV-23-S03-3,S03,2025-11-13,2025-11-13T09:00:00+11:00,2025-11-13T17:00:00+11:00,480,0,480
B001,HAV-23-S03-4,S03,2025-11-14,2025-11-14T09:00:00+11:00,2025-11-14T15:00:00+11:00,360,0,360
B001,HAV-24-S01-0,S01,2025-11-17,2025-11-17T09:00:00+11:00,2025-11-17T17:00:00+11:00,480,0,480
B001,HAV-24-S01-1,S01,2025-11-18,2025-11-18T09:00:00+11:00,2025-11-18T17:00:00+11:00,480,0,480
B001,HAV-24-S01-2,S01,2025-11-19,2025-11-19T09:00:00+11:00,2025-11-19T17:00:00+11:00,480,0,480
B001,HAV-24-S01-3,S01,2025-11-20,2025-11-20T09:00:00+11:00,2025-11-20T17:00:00+11:00,480,0,480
B001,HAV-24-S01-4,S01,2025-11-21,2025-11-21T09:00:00+11:00,2025-11-21T15:00:00+11:00,360,0,360
B001,HAV-24-S02-0,S02,2025-11-17,2025-11-17T09:00:00+11:00,2025-11-17T17:00:00+11:00,480,0,480
B001,HAV-24-S02-1,S02,2025-11-18,2025-11-18T09:00:00+11:00,2025-11-18T17:00:00+11:00,480,0,480
B001,HAV-24-S02-2,S02,2025-11-19,2025-11-19T09:00:00+11:00,2025-11-19T17:00:00+11:00,480,0,480
B001,HAV-24-S02-3,S02,2025-11-20,2025-11-20T09:00:00+11:00,2025-11-20T17:00:00+11:00,480,0,480
B001,HAV-24-S02-4,S02,2025-11-21,2025-11-21T09:00:00+11:00,2025-11-21T15:00:00+11:00,360,0,360
B001,HAV-24-S03-0,S03,2025-11-17,2025-11-17T09:00:00+11:00,2025-11-17T17:00:00+11:00,480,0,480
B001,HAV-24-S03-1,S03,2025-11-18,2025-11-18T09:00:00+11:00,2025-11-18T17:00:00+11:00,480,0,480
B001,HAV-24-S03-2,S03,2025-11-19,2025-11-19T09:00:00+11:00,2025-11-19T17:00:00+11:00,480,0,480
B001,HAV-24-S03-3,S03,2025-11-20,2025-11-20T09:00:00+11:00,2025-11-20T17:00:00+11:00,480,0,480
B001,HAV-24-S03-4,S03,2025-11-21,2025-11-21T09:00:00+11:00,2025-11-21T15:00:00+11:00,360,0,360
B001,HAV-25-S01-0,S01,2025-11-24,2025-11-24T09:00:00+11:00,2025-11-24T17:00:00+11:00,480,0,480
B001,HAV-25-S01-1,S01,2025-11-25,2025-11-25T09:00:00+11:00,2025-11-25T17:00:00+11:00,480,0,480
B001,HAV-25-S01-2,S01,2025-11-26,2025-11-26T09:00:00+11:00,2025-11-26T17:00:00+11:00,480,0,480
B001,HAV-25-S01-3,S01,2025-11-27,2025-11-27T09:00:00+11:00,2025-11-27T17:00:00+11:00,480,0,480
B001,HAV-25-S01-4,S01,2025-11-28,2025-11-28T09:00:00+11:00,2025-11-28T15:00:00+11:00,360,0,360
B001,HAV-25-S02-0,S02,2025-11-24,2025-11-24T09:00:00+11:00,2025-11-24T17:00:00+11:00,480,0,480
B001,HAV-25-S02-1,S02,2025-11-25,2025-11-25T09:00:00+11:00,2025-11-25T17:00:00+11:00,480,0,480
B001,HAV-25-S02-2,S02,2025-11-26,2025-11-26T09:00:00+11:00,2025-11-26T17:00:00+11:00,480,0,480
B001,HAV-25-S02-3,S02,2025-11-27,2025-11-27T09:00:00+11:00,2025-11-27T17:00:00+11:00,480,0,480
B001,HAV-25-S02-4,S02,2025-11-28,2025-11-28T09:00:00+11:00,2025-11-28T15:00:00+11:00,360,0,360
B001,HAV-25-S03-0,S03,2025-11-24,2025-11-24T09:00:00+11:00,2025-11-24T17:00:00+11:00,480,0,480
B001,HAV-25-S03-1,S03,2025-11-25,2025-11-25T09:00:00+11:00,2025-11-25T17:00:00+11:00,480,0,480
B001,HAV-25-S03-2,S03,2025-11-26,2025-11-26T09:00:00+11:00,2025-11-26T17:00:00+11:00,480,0,480
B001,HAV-25-S03-3,S03,2025-11-27,2025-11-27T09:00:00+11:00,2025-11-27T17:00:00+11:00,480,0,480
B001,HAV-25-S03-4,S03,2025-11-28,2025-11-28T09:00:00+11:00,2025-11-28T15:00:00+11:00,360,0,360
B001,HAV-26-S01-0,S01,2025-12-01,2025-12-01T09:00:00+11:00,2025-12-01T17:00:00+11:00,480,0,480
B001,HAV-26-S01-1,S01,2025-12-02,2025-12-02T09:00:00+11:00,2025-12-02T17:00:00+11:00,480,0,480
B001,HAV-26-S01-2,S01,2025-12-03,2025-12-03T09:00:00+11:00,2025-12-03T17:00:00+11:00,480,0,480
B001,HAV-26-S01-3,S01,2025-12-04,2025-12-04T09:00:00+11:00,2025-12-04T17:00:00+11:00,480,0,480
B001,HAV-26-S01-4,S01,2025-12-05,2025-12-05T09:00:00+11:00,2025-12-05T15:00:00+11:00,360,0,360
B001,HAV-26-S02-0,S02,2025-12-01,2025-12-01T09:00:00+11:00,2025-12-01T17:00:00+11:00,480,0,480
B001,HAV-26-S02-1,S02,2025-12-02,2025-12-02T09:00:00+11:00,2025-12-02T17:00:00+11:00,480,0,480
B001,HAV-26-S02-2,S02,2025-12-03,2025-12-03T09:00:00+11:00,2025-12-03T17:00:00+11:00,480,0,480
B001,HAV-26-S02-3,S02,2025-12-04,2025-12-04T09:00:00+11:00,2025-12-04T17:00:00+11:00,480,0,480
B001,HAV-26-S02-4,S02,2025-12-05,2025-12-05T09:00:00+11:00,2025-12-05T15:00:00+11:00,360,0,360
B001,HAV-26-S03-0,S03,2025-12-01,2025-12-01T09:00:00+11:00,2025-12-01T17:00:00+11:00,480,0,480
B001,HAV-26-S03-1,S03,2025-12-02,2025-12-02T09:00:00+11:00,2025-12-02T17:00:00+11:00,480,0,480
B001,HAV-26-S03-2,S03,2025-12-03,2025-12-03T09:00:00+11:00,2025-12-03T17:00:00+11:00,480,0,480
B001,HAV-26-S03-3,S03,2025-12-04,2025-12-04T09:00:00+11:00,2025-12-04T17:00:00+11:00,480,0,480
B001,HAV-26-S03-4,S03,2025-12-05,2025-12-05T09:00:00+11:00,2025-12-05T15:00:00+11:00,360,0,360
B001,HAV-27-S01-0,S01,2025-12-08,2025-12-08T09:00:00+11:00,2025-12-08T17:00:00+11:00,480,0,480
B001,HAV-27-S01-1,S01,2025-12-09,2025-12-09T09:00:00+11:00,2025-12-09T17:00:00+11:00,480,0,480
B001,HAV-27-S01-2,S01,2025-12-10,2025-12-10T09:00:00+11:00,2025-12-10T17:00:00+11:00,480,0,480
B001,HAV-27-S01-3,S01,2025-12-11,2025-12-11T09:00:00+11:00,2025-12-11T17:00:00+11:00,480,0,480
B001,HAV-27-S01-4,S01,2025-12-12,2025-12-12T09:00:00+11:00,2025-12-12T15:00:00+11:00,360,0,360
B001,HAV-27-S02-0,S02,2025-12-08,2025-12-08T09:00:00+11:00,2025-12-08T17:00:00+11:00,480,0,480
B001,HAV-27-S02-1,S02,2025-12-09,2025-12-09T09:00:00+11:00,2025-12-09T17:00:00+11:00,480,0,480
B001,HAV-27-S02-2,S02,2025-12-10,2025-12-10T09:00:00+11:00,2025-12-10T17:00:00+11:00,480,0,480
B001,HAV-27-S02-3,S02,2025-12-11,2025-12-11T09:00:00+11:00,2025-12-11T17:00:00+11:00,480,0,480
B001,HAV-27-S02-4,S02,2025-12-12,2025-12-12T09:00:00+11:00,2025-12-12T15:00:00+11:00,360,0,360
B001,HAV-27-S03-0,S03,2025-12-08,2025-12-08T09:00:00+11:00,2025-12-08T17:00:00+11:00,480,0,480
B001,HAV-27-S03-1,S03,2025-12-09,2025-12-09T09:00:00+11:00,2025-12-09T17:00:00+11:00,480,0,480
B001,HAV-27-S03-2,S03,2025-12-10,2025-12-10T09:00:00+11:00,2025-12-10T17:00:00+11:00,480,0,480
B001,HAV-27-S03-3,S03,2025-12-11,2025-12-11T09:00:00+11:00,2025-12-11T17:00:00+11:00,480,0,480
B001,HAV-27-S03-4,S03,2025-12-12,2025-12-12T09:00:00+11:00,2025-12-12T15:00:00+11:00,360,0,360
B001,HAV-28-S01-0,S01,2025-12-15,2025-12-15T09:00:00+11:00,2025-12-15T17:00:00+11:00,480,0,480
B001,HAV-28-S01-1,S01,2025-12-16,2025-12-16T09:00:00+11:00,2025-12-16T17:00:00+11:00,480,0,480
B001,HAV-28-S01-2,S01,2025-12-17,2025-12-17T09:00:00+11:00,2025-12-17T17:00:00+11:00,480,0,480
B001,HAV-28-S01-3,S01,2025-12-18,2025-12-18T09:00:00+11:00,2025-12-18T17:00:00+11:00,480,0,480
B001,HAV-28-S01-4,S01,2025-12-19,2025-12-19T09:00:00+11:00,2025-12-19T15:00:00+11:00,360,0,360
B001,HAV-28-S02-0,S02,2025-12-15,2025-12-15T09:00:00+11:00,2025-12-15T17:00:00+11:00,480,0,480
B001,HAV-28-S02-1,S02,2025-12-16,2025-12-16T09:00:00+11:00,2025-12-16T17:00:00+11:00,480,0,480
B001,HAV-28-S02-2,S02,2025-12-17,2025-12-17T09:00:00+11:00,2025-12-17T17:00:00+11:00,480,0,480
B001,HAV-28-S02-3,S02,2025-12-18,2025-12-18T09:00:00+11:00,2025-12-18T17:00:00+11:00,480,0,480
B001,HAV-28-S02-4,S02,2025-12-19,2025-12-19T09:00:00+11:00,2025-12-19T15:00:00+11:00,360,0,360
B001,HAV-28-S03-0,S03,2025-12-15,2025-12-15T09:00:00+11:00,2025-12-15T17:00:00+11:00,480,0,480
B001,HAV-28-S03-1,S03,2025-12-16,2025-12-16T09:00:00+11:00,2025-12-16T17:00:00+11:00,480,0,480
B001,HAV-28-S03-2,S03,2025-12-17,2025-12-17T09:00:00+11:00,2025-12-17T17:00:00+11:00,480,0,480
B001,HAV-28-S03-3,S03,2025-12-18,2025-12-18T09:00:00+11:00,2025-12-18T17:00:00+11:00,480,0,480
B001,HAV-28-S03-4,S03,2025-12-19,2025-12-19T09:00:00+11:00,2025-12-19T15:00:00+11:00,360,0,360
B001,HAV-29-S01-0,S01,2025-12-22,2025-12-22T09:00:00+11:00,2025-12-22T17:00:00+11:00,480,0,480
B001,HAV-29-S01-1,S01,2025-12-23,2025-12-23T09:00:00+11:00,2025-12-23T17:00:00+11:00,480,0,480
B001,HAV-29-S01-2,S01,2025-12-24,2025-12-24T09:00:00+11:00,2025-12-24T17:00:00+11:00,480,0,480
B001,HAV-29-S01-3,S01,2025-12-25,2025-12-25T09:00:00+11:00,2025-12-25T17:00:00+11:00,480,0,480
B001,HAV-29-S01-4,S01,2025-12-26,2025-12-26T09:00:00+11:00,2025-12-26T15:00:00+11:00,360,0,360
B001,HAV-29-S02-0,S02,2025-12-22,2025-12-22T09:00:00+11:00,2025-12-22T17:00:00+11:00,480,0,480
B001,HAV-29-S02-1,S02,2025-12-23,2025-12-23T09:00:00+11:00,2025-12-23T17:00:00+11:00,480,0,480
B001,HAV-29-S02-2,S02,2025-12-24,2025-12-24T09:00:00+11:00,2025-12-24T17:00:00+11:00,480,0,480
B001,HAV-29-S02-3,S02,2025-12-25,2025-12-25T09:00:00+11:00,2025-12-25T17:00:00+11:00,480,0,480
B001,HAV-29-S02-4,S02,2025-12-26,2025-12-26T09:00:00+11:00,2025-12-26T15:00:00+11:00,360,0,360
B001,HAV-29-S03-0,S03,2025-12-22,2025-12-22T09:00:00+11:00,2025-12-22T17:00:00+11:00,480,0,480
B001,HAV-29-S03-1,S03,2025-12-23,2025-12-23T09:00:00+11:00,2025-12-23T17:00:00+11:00,480,0,480
B001,HAV-29-S03-2,S03,2025-12-24,2025-12-24T09:00:00+11:00,2025-12-24T17:00:00+11:00,480,0,480
B001,HAV-29-S03-3,S03,2025-12-25,2025-12-25T09:00:00+11:00,2025-12-25T17:00:00+11:00,480,0,480
B001,HAV-29-S03-4,S03,2025-12-26,2025-12-26T09:00:00+11:00,2025-12-26T15:00:00+11:00,360,0,360
B001,HAV-30-S01-0,S01,2025-12-29,2025-12-29T09:00:00+11:00,2025-12-29T17:00:00+11:00,480,0,480
B001,HAV-30-S01-1,S01,2025-12-30,2025-12-30T09:00:00+11:00,2025-12-30T17:00:00+11:00,480,0,480
B001,HAV-30-S01-2,S01,2025-12-31,2025-12-31T09:00:00+11:00,2025-12-31T17:00:00+11:00,480,0,480
B001,HAV-30-S01-3,S01,2026-01-01,2026-01-01T09:00:00+11:00,2026-01-01T17:00:00+11:00,480,0,480
B001,HAV-30-S01-4,S01,2026-01-02,2026-01-02T09:00:00+11:00,2026-01-02T15:00:00+11:00,360,0,360
B001,HAV-30-S02-0,S02,2025-12-29,2025-12-29T09:00:00+11:00,2025-12-29T17:00:00+11:00,480,0,480
B001,HAV-30-S02-1,S02,2025-12-30,2025-12-30T09:00:00+11:00,2025-12-30T17:00:00+11:00,480,0,480
B001,HAV-30-S02-2,S02,2025-12-31,2025-12-31T09:00:00+11:00,2025-12-31T17:00:00+11:00,480,0,480
B001,HAV-30-S02-3,S02,2026-01-01,2026-01-01T09:00:00+11:00,2026-01-01T17:00:00+11:00,480,0,480
B001,HAV-30-S02-4,S02,2026-01-02,2026-01-02T09:00:00+11:00,2026-01-02T15:00:00+11:00,360,0,360
B001,HAV-30-S03-0,S03,2025-12-29,2025-12-29T09:00:00+11:00,2025-12-29T17:00:00+11:00,480,0,480
B001,HAV-30-S03-1,S03,2025-12-30,2025-12-30T09:00:00+11:00,2025-12-30T17:00:00+11:00,480,0,480
B001,HAV-30-S03-2,S03,2025-12-31,2025-12-31T09:00:00+11:00,2025-12-31T17:00:00+11:00,480,0,480
B001,HAV-30-S03-3,S03,2026-01-01,2026-01-01T09:00:00+11:00,2026-01-01T17:00:00+11:00,480,0,480
B001,HAV-30-S03-4,S03,2026-01-02,2026-01-02T09:00:00+11:00,2026-01-02T15:00:00+11:00,360,0,360
B001,HAV-31-S01-0,S01,2026-01-05,2026-01-05T09:00:00+11:00,2026-01-05T17:00:00+11:00,480,0,480
B001,HAV-31-S01-1,S01,2026-01-06,2026-01-06T09:00:00+11:00,2026-01-06T17:00:00+11:00,480,0,480
B001,HAV-31-S01-2,S01,2026-01-07,2026-01-07T09:00:00+11:00,2026-01-07T17:00:00+11:00,480,0,480
B001,HAV-31-S01-3,S01,2026-01-08,2026-01-08T09:00:00+11:00,2026-01-08T17:00:00+11:00,480,0,480
B001,HAV-31-S01-4,S01,2026-01-09,2026-01-09T09:00:00+11:00,2026-01-09T15:00:00+11:00,360,0,360
B001,HAV-31-S02-0,S02,2026-01-05,2026-01-05T09:00:00+11:00,2026-01-05T17:00:00+11:00,480,0,480
B001,HAV-31-S02-1,S02,2026-01-06,2026-01-06T09:00:00+11:00,2026-01-06T17:00:00+11:00,480,0,480
B001,HAV-31-S02-2,S02,2026-01-07,2026-01-07T09:00:00+11:00,2026-01-07T17:00:00+11:00,480,0,480
B001,HAV-31-S02-3,S02,2026-01-08,2026-01-08T09:00:00+11:00,2026-01-08T17:00:00+11:00,480,0,480
B001,HAV-31-S02-4,S02,2026-01-09,2026-01-09T09:00:00+11:00,2026-01-09T15:00:00+11:00,360,0,360
B001,HAV-31-S03-0,S03,2026-01-05,2026-01-05T09:00:00+11:00,2026-01-05T17:00:00+11:00,480,0,480
B001,HAV-31-S03-1,S03,2026-01-06,2026-01-06T09:00:00+11:00,2026-01-06T17:00:00+11:00,480,0,480
B001,HAV-31-S03-2,S03,2026-01-07,2026-01-07T09:00:00+11:00,2026-01-07T17:00:00+11:00,480,0,480
B001,HAV-31-S03-3,S03,2026-01-08,2026-01-08T09:00:00+11:00,2026-01-08T17:00:00+11:00,480,0,480
B001,HAV-31-S03-4,S03,2026-01-09,2026-01-09T09:00:00+11:00,2026-01-09T15:00:00+11:00,360,0,360
B001,HAV-32-S01-0,S01,2026-01-12,2026-01-12T09:00:00+11:00,2026-01-12T17:00:00+11:00,480,0,480
B001,HAV-32-S01-1,S01,2026-01-13,2026-01-13T09:00:00+11:00,2026-01-13T17:00:00+11:00,480,0,480
B001,HAV-32-S01-2,S01,2026-01-14,2026-01-14T09:00:00+11:00,2026-01-14T17:00:00+11:00,480,0,480
B001,HAV-32-S01-3,S01,2026-01-15,2026-01-15T09:00:00+11:00,2026-01-15T17:00:00+11:00,480,0,480
B001,HAV-32-S01-4,S01,2026-01-16,2026-01-16T09:00:00+11:00,2026-01-16T15:00:00+11:00,360,0,360
B001,HAV-32-S02-0,S02,2026-01-12,2026-01-12T09:00:00+11:00,2026-01-12T17:00:00+11:00,480,0,480
B001,HAV-32-S02-1,S02,2026-01-13,2026-01-13T09:00:00+11:00,2026-01-13T17:00:00+11:00,480,0,480
B001,HAV-32-S02-2,S02,2026-01-14,2026-01-14T09:00:00+11:00,2026-01-14T17:00:00+11:00,480,0,480
B001,HAV-32-S02-3,S02,2026-01-15,2026-01-15T09:00:00+11:00,2026-01-15T17:00:00+11:00,480,0,480
B001,HAV-32-S02-4,S02,2026-01-16,2026-01-16T09:00:00+11:00,2026-01-16T15:00:00+11:00,360,0,360
B001,HAV-32-S03-0,S03,2026-01-12,2026-01-12T09:00:00+11:00,2026-01-12T17:00:00+11:00,480,0,480
B001,HAV-32-S03-1,S03,2026-01-13,2026-01-13T09:00:00+11:00,2026-01-13T17:00:00+11:00,480,0,480
B001,HAV-32-S03-2,S03,2026-01-14,2026-01-14T09:00:00+11:00,2026-01-14T17:00:00+11:00,480,0,480
B001,HAV-32-S03-3,S03,2026-01-15,2026-01-15T09:00:00+11:00,2026-01-15T17:00:00+11:00,480,0,480
B001,HAV-32-S03-4,S03,2026-01-16,2026-01-16T09:00:00+11:00,2026-01-16T15:00:00+11:00,360,0,360
B001,HAV-33-S01-0,S01,2026-01-19,2026-01-19T09:00:00+11:00,2026-01-19T17:00:00+11:00,480,0,480
B001,HAV-33-S01-1,S01,2026-01-20,2026-01-20T09:00:00+11:00,2026-01-20T17:00:00+11:00,480,0,480
B001,HAV-33-S01-2,S01,2026-01-21,2026-01-21T09:00:00+11:00,2026-01-21T17:00:00+11:00,480,0,480
B001,HAV-33-S01-3,S01,2026-01-22,2026-01-22T09:00:00+11:00,2026-01-22T17:00:00+11:00,480,0,480
B001,HAV-33-S01-4,S01,2026-01-23,2026-01-23T09:00:00+11:00,2026-01-23T15:00:00+11:00,360,0,360
B001,HAV-33-S02-0,S02,2026-01-19,2026-01-19T09:00:00+11:00,2026-01-19T17:00:00+11:00,480,0,480
B001,HAV-33-S02-1,S02,2026-01-20,2026-01-20T09:00:00+11:00,2026-01-20T17:00:00+11:00,480,0,480
B001,HAV-33-S02-2,S02,2026-01-21,2026-01-21T09:00:00+11:00,2026-01-21T17:00:00+11:00,480,0,480
B001,HAV-33-S02-3,S02,2026-01-22,2026-01-22T09:00:00+11:00,2026-01-22T17:00:00+11:00,480,0,480
B001,HAV-33-S02-4,S02,2026-01-23,2026-01-23T09:00:00+11:00,2026-01-23T15:00:00+11:00,360,0,360
B001,HAV-33-S03-0,S03,2026-01-19,2026-01-19T09:00:00+11:00,2026-01-19T17:00:00+11:00,480,0,480
B001,HAV-33-S03-1,S03,2026-01-20,2026-01-20T09:00:00+11:00,2026-01-20T17:00:00+11:00,480,0,480
B001,HAV-33-S03-2,S03,2026-01-21,2026-01-21T09:00:00+11:00,2026-01-21T17:00:00+11:00,480,0,480
B001,HAV-33-S03-3,S03,2026-01-22,2026-01-22T09:00:00+11:00,2026-01-22T17:00:00+11:00,480,0,480
B001,HAV-33-S03-4,S03,2026-01-23,2026-01-23T09:00:00+11:00,2026-01-23T15:00:00+11:00,360,0,360
B001,HAV-34-S01-0,S01,2026-01-26,2026-01-26T09:00:00+11:00,2026-01-26T17:00:00+11:00,480,0,480
B001,HAV-34-S01-1,S01,2026-01-27,2026-01-27T09:00:00+11:00,2026-01-27T17:00:00+11:00,480,0,480
B001,HAV-34-S01-2,S01,2026-01-28,2026-01-28T09:00:00+11:00,2026-01-28T17:00:00+11:00,480,0,480
B001,HAV-34-S01-3,S01,2026-01-29,2026-01-29T09:00:00+11:00,2026-01-29T17:00:00+11:00,480,0,480
B001,HAV-34-S01-4,S01,2026-01-30,2026-01-30T09:00:00+11:00,2026-01-30T15:00:00+11:00,360,0,360
B001,HAV-34-S02-0,S02,2026-01-26,2026-01-26T09:00:00+11:00,2026-01-26T17:00:00+11:00,480,0,480
B001,HAV-34-S02-1,S02,2026-01-27,2026-01-27T09:00:00+11:00,2026-01-27T17:00:00+11:00,480,0,480
B001,HAV-34-S02-2,S02,2026-01-28,2026-01-28T09:00:00+11:00,2026-01-28T17:00:00+11:00,480,0,480
B001,HAV-34-S02-3,S02,2026-01-29,2026-01-29T09:00:00+11:00,2026-01-29T17:00:00+11:00,480,0,480
B001,HAV-34-S02-4,S02,2026-01-30,2026-01-30T09:00:00+11:00,2026-01-30T15:00:00+11:00,360,0,360
B001,HAV-34-S03-0,S03,2026-01-26,2026-01-26T09:00:00+11:00,2026-01-26T17:00:00+11:00,480,0,480
B001,HAV-34-S03-1,S03,2026-01-27,2026-01-27T09:00:00+11:00,2026-01-27T17:00:00+11:00,480,0,480
B001,HAV-34-S03-2,S03,2026-01-28,2026-01-28T09:00:00+11:00,2026-01-28T17:00:00+11:00,480,0,480
B001,HAV-34-S03-3,S03,2026-01-29,2026-01-29T09:00:00+11:00,2026-01-29T17:00:00+11:00,480,0,480
B001,HAV-34-S03-4,S03,2026-01-30,2026-01-30T09:00:00+11:00,2026-01-30T15:00:00+11:00,360,0,360
B001,HAV-35-S01-0,S01,2026-02-02,2026-02-02T09:00:00+11:00,2026-02-02T17:00:00+11:00,480,0,480
B001,HAV-35-S01-1,S01,2026-02-03,2026-02-03T09:00:00+11:00,2026-02-03T17:00:00+11:00,480,0,480
B001,HAV-35-S01-2,S01,2026-02-04,2026-02-04T09:00:00+11:00,2026-02-04T17:00:00+11:00,480,0,480
B001,HAV-35-S01-3,S01,2026-02-05,2026-02-05T09:00:00+11:00,2026-02-05T17:00:00+11:00,480,0,480
B001,HAV-35-S01-4,S01,2026-02-06,2026-02-06T09:00:00+11:00,2026-02-06T15:00:00+11:00,360,0,360
B001,HAV-35-S02-0,S02,2026-02-02,2026-02-02T09:00:00+11:00,2026-02-02T17:00:00+11:00,480,0,480
B001,HAV-35-S02-1,S02,2026-02-03,2026-02-03T09:00:00+11:00,2026-02-03T17:00:00+11:00,480,0,480
B001,HAV-35-S02-2,S02,2026-02-04,2026-02-04T09:00:00+11:00,2026-02-04T17:00:00+11:00,480,0,480
B001,HAV-35-S02-3,S02,2026-02-05,2026-02-05T09:00:00+11:00,2026-02-05T17:00:00+11:00,480,0,480
B001,HAV-35-S02-4,S02,2026-02-06,2026-02-06T09:00:00+11:00,2026-02-06T15:00:00+11:00,360,0,360
B001,HAV-35-S03-0,S03,2026-02-02,2026-02-02T09:00:00+11:00,2026-02-02T17:00:00+11:00,480,0,480
B001,HAV-35-S03-1,S03,2026-02-03,2026-02-03T09:00:00+11:00,2026-02-03T17:00:00+11:00,480,0,480
B001,HAV-35-S03-2,S03,2026-02-04,2026-02-04T09:00:00+11:00,2026-02-04T17:00:00+11:00,480,0,480
B001,HAV-35-S03-3,S03,2026-02-05,2026-02-05T09:00:00+11:00,2026-02-05T17:00:00+11:00,480,0,480
B001,HAV-35-S03-4,S03,2026-02-06,2026-02-06T09:00:00+11:00,2026-02-06T15:00:00+11:00,360,0,360
B001,HAV-36-S01-0,S01,2026-02-09,2026-02-09T09:00:00+11:00,2026-02-09T17:00:00+11:00,480,0,480
B001,HAV-36-S01-1,S01,2026-02-10,2026-02-10T09:00:00+11:00,2026-02-10T17:00:00+11:00,480,0,480
B001,HAV-36-S01-2,S01,2026-02-11,2026-02-11T09:00:00+11:00,2026-02-11T17:00:00+11:00,480,0,480
B001,HAV-36-S01-3,S01,2026-02-12,2026-02-12T09:00:00+11:00,2026-02-12T17:00:00+11:00,480,0,480
B001,HAV-36-S01-4,S01,2026-02-13,2026-02-13T09:00:00+11:00,2026-02-13T15:00:00+11:00,360,0,360
B001,HAV-36-S02-0,S02,2026-02-09,2026-02-09T09:00:00+11:00,2026-02-09T17:00:00+11:00,480,0,480
B001,HAV-36-S02-1,S02,2026-02-10,2026-02-10T09:00:00+11:00,2026-02-10T17:00:00+11:00,480,0,480
B001,HAV-36-S02-2,S02,2026-02-11,2026-02-11T09:00:00+11:00,2026-02-11T17:00:00+11:00,480,0,480
B001,HAV-36-S02-3,S02,2026-02-12,2026-02-12T09:00:00+11:00,2026-02-12T17:00:00+11:00,480,0,480
B001,HAV-36-S02-4,S02,2026-02-13,2026-02-13T09:00:00+11:00,2026-02-13T15:00:00+11:00,360,0,360
B001,HAV-36-S03-0,S03,2026-02-09,2026-02-09T09:00:00+11:00,2026-02-09T17:00:00+11:00,480,0,480
B001,HAV-36-S03-1,S03,2026-02-10,2026-02-10T09:00:00+11:00,2026-02-10T17:00:00+11:00,480,0,480
B001,HAV-36-S03-2,S03,2026-02-11,2026-02-11T09:00:00+11:00,2026-02-11T17:00:00+11:00,480,0,480
B001,HAV-36-S03-3,S03,2026-02-12,2026-02-12T09:00:00+11:00,2026-02-12T17:00:00+11:00,480,0,480
B001,HAV-36-S03-4,S03,2026-02-13,2026-02-13T09:00:00+11:00,2026-02-13T15:00:00+11:00,360,0,360
B001,HAV-37-S01-0,S01,2026-02-16,2026-02-16T09:00:00+11:00,2026-02-16T17:00:00+11:00,480,0,480
B001,HAV-37-S01-1,S01,2026-02-17,2026-02-17T09:00:00+11:00,2026-02-17T17:00:00+11:00,480,0,480
B001,HAV-37-S01-2,S01,2026-02-18,2026-02-18T09:00:00+11:00,2026-02-18T17:00:00+11:00,480,0,480
B001,HAV-37-S01-3,S01,2026-02-19,2026-02-19T09:00:00+11:00,2026-02-19T17:00:00+11:00,480,0,480
B001,HAV-37-S01-4,S01,2026-02-20,2026-02-20T09:00:00+11:00,2026-02-20T15:00:00+11:00,360,0,360
B001,HAV-37-S02-0,S02,2026-02-16,2026-02-16T09:00:00+11:00,2026-02-16T17:00:00+11:00,480,0,480
B001,HAV-37-S02-1,S02,2026-02-17,2026-02-17T09:00:00+11:00,2026-02-17T17:00:00+11:00,480,0,480
B001,HAV-37-S02-2,S02,2026-02-18,2026-02-18T09:00:00+11:00,2026-02-18T17:00:00+11:00,480,0,480
B001,HAV-37-S02-3,S02,2026-02-19,2026-02-19T09:00:00+11:00,2026-02-19T17:00:00+11:00,480,0,480
B001,HAV-37-S02-4,S02,2026-02-20,2026-02-20T09:00:00+11:00,2026-02-20T15:00:00+11:00,360,0,360
B001,HAV-37-S03-0,S03,2026-02-16,2026-02-16T09:00:00+11:00,2026-02-16T17:00:00+11:00,480,0,480
B001,HAV-37-S03-1,S03,2026-02-17,2026-02-17T09:00:00+11:00,2026-02-17T17:00:00+11:00,480,0,480
B001,HAV-37-S03-2,S03,2026-02-18,2026-02-18T09:00:00+11:00,2026-02-18T17:00:00+11:00,480,0,480
B001,HAV-37-S03-3,S03,2026-02-19,2026-02-19T09:00:00+11:00,2026-02-19T17:00:00+11:00,480,0,480
B001,HAV-37-S03-4,S03,2026-02-20,2026-02-20T09:00:00+11:00,2026-02-20T15:00:00+11:00,360,0,360
B001,HAV-38-S01-0,S01,2026-02-23,2026-02-23T09:00:00+11:00,2026-02-23T17:00:00+11:00,480,0,480
B001,HAV-38-S01-1,S01,2026-02-24,2026-02-24T09:00:00+11:00,2026-02-24T17:00:00+11:00,480,0,480
B001,HAV-38-S01-2,S01,2026-02-25,2026-02-25T09:00:00+11:00,2026-02-25T17:00:00+11:00,480,0,480
B001,HAV-38-S01-3,S01,2026-02-26,2026-02-26T09:00:00+11:00,2026-02-26T17:00:00+11:00,480,0,480
B001,HAV-38-S01-4,S01,2026-02-27,2026-02-27T09:00:00+11:00,2026-02-27T15:00:00+11:00,360,0,360
B001,HAV-38-S02-0,S02,2026-02-23,2026-02-23T09:00:00+11:00,2026-02-23T17:00:00+11:00,480,0,480
B001,HAV-38-S02-1,S02,2026-02-24,2026-02-24T09:00:00+11:00,2026-02-24T17:00:00+11:00,480,0,480
B001,HAV-38-S02-2,S02,2026-02-25,2026-02-25T09:00:00+11:00,2026-02-25T17:00:00+11:00,480,0,480
B001,HAV-38-S02-3,S02,2026-02-26,2026-02-26T09:00:00+11:00,2026-02-26T17:00:00+11:00,480,0,480
B001,HAV-38-S02-4,S02,2026-02-27,2026-02-27T09:00:00+11:00,2026-02-27T15:00:00+11:00,360,0,360
B001,HAV-38-S03-0,S03,2026-02-23,2026-02-23T09:00:00+11:00,2026-02-23T17:00:00+11:00,480,0,480
B001,HAV-38-S03-1,S03,2026-02-24,2026-02-24T09:00:00+11:00,2026-02-24T17:00:00+11:00,480,0,480
B001,HAV-38-S03-2,S03,2026-02-25,2026-02-25T09:00:00+11:00,2026-02-25T17:00:00+11:00,480,0,480
B001,HAV-38-S03-3,S03,2026-02-26,2026-02-26T09:00:00+11:00,2026-02-26T17:00:00+11:00,480,0,480
B001,HAV-38-S03-4,S03,2026-02-27,2026-02-27T09:00:00+11:00,2026-02-27T15:00:00+11:00,360,0,360
B001,HAV-39-S01-0,S01,2026-03-02,2026-03-02T09:00:00+11:00,2026-03-02T17:00:00+11:00,480,0,480
B001,HAV-39-S01-1,S01,2026-03-03,2026-03-03T09:00:00+11:00,2026-03-03T17:00:00+11:00,480,0,480
B001,HAV-39-S01-2,S01,2026-03-04,2026-03-04T09:00:00+11:00,2026-03-04T17:00:00+11:00,480,0,480
B001,HAV-39-S01-3,S01,2026-03-05,2026-03-05T09:00:00+11:00,2026-03-05T17:00:00+11:00,480,0,480
B001,HAV-39-S01-4,S01,2026-03-06,2026-03-06T09:00:00+11:00,2026-03-06T15:00:00+11:00,360,0,360
B001,HAV-39-S02-0,S02,2026-03-02,2026-03-02T09:00:00+11:00,2026-03-02T17:00:00+11:00,480,0,480
B001,HAV-39-S02-1,S02,2026-03-03,2026-03-03T09:00:00+11:00,2026-03-03T17:00:00+11:00,480,0,480
B001,HAV-39-S02-2,S02,2026-03-04,2026-03-04T09:00:00+11:00,2026-03-04T17:00:00+11:00,480,0,480
B001,HAV-39-S02-3,S02,2026-03-05,2026-03-05T09:00:00+11:00,2026-03-05T17:00:00+11:00,480,0,480
B001,HAV-39-S02-4,S02,2026-03-06,2026-03-06T09:00:00+11:00,2026-03-06T15:00:00+11:00,360,0,360
B001,HAV-39-S03-0,S03,2026-03-02,2026-03-02T09:00:00+11:00,2026-03-02T17:00:00+11:00,480,0,480
B001,HAV-39-S03-1,S03,2026-03-03,2026-03-03T09:00:00+11:00,2026-03-03T17:00:00+11:00,480,0,480
B001,HAV-39-S03-2,S03,2026-03-04,2026-03-04T09:00:00+11:00,2026-03-04T17:00:00+11:00,480,0,480
B001,HAV-39-S03-3,S03,2026-03-05,2026-03-05T09:00:00+11:00,2026-03-05T17:00:00+11:00,480,0,480
B001,HAV-39-S03-4,S03,2026-03-06,2026-03-06T09:00:00+11:00,2026-03-06T15:00:00+11:00,360,0,360
B001,HAV-40-S01-0,S01,2026-03-09,2026-03-09T09:00:00+11:00,2026-03-09T17:00:00+11:00,480,0,480
B001,HAV-40-S01-1,S01,2026-03-10,2026-03-10T09:00:00+11:00,2026-03-10T17:00:00+11:00,480,0,480
B001,HAV-40-S01-2,S01,2026-03-11,2026-03-11T09:00:00+11:00,2026-03-11T17:00:00+11:00,480,0,480
B001,HAV-40-S01-3,S01,2026-03-12,2026-03-12T09:00:00+11:00,2026-03-12T17:00:00+11:00,480,0,480
B001,HAV-40-S01-4,S01,2026-03-13,2026-03-13T09:00:00+11:00,2026-03-13T15:00:00+11:00,360,0,360
B001,HAV-40-S02-0,S02,2026-03-09,2026-03-09T09:00:00+11:00,2026-03-09T17:00:00+11:00,480,0,480
B001,HAV-40-S02-1,S02,2026-03-10,2026-03-10T09:00:00+11:00,2026-03-10T17:00:00+11:00,480,0,480
B001,HAV-40-S02-2,S02,2026-03-11,2026-03-11T09:00:00+11:00,2026-03-11T17:00:00+11:00,480,0,480
B001,HAV-40-S02-3,S02,2026-03-12,2026-03-12T09:00:00+11:00,2026-03-12T17:00:00+11:00,480,0,480
B001,HAV-40-S02-4,S02,2026-03-13,2026-03-13T09:00:00+11:00,2026-03-13T15:00:00+11:00,360,0,360
B001,HAV-40-S03-0,S03,2026-03-09,2026-03-09T09:00:00+11:00,2026-03-09T17:00:00+11:00,480,0,480
B001,HAV-40-S03-1,S03,2026-03-10,2026-03-10T09:00:00+11:00,2026-03-10T17:00:00+11:00,480,0,480
B001,HAV-40-S03-2,S03,2026-03-11,2026-03-11T09:00:00+11:00,2026-03-11T17:00:00+11:00,480,0,480
B001,HAV-40-S03-3,S03,2026-03-12,2026-03-12T09:00:00+11:00,2026-03-12T17:00:00+11:00,480,0,480
B001,HAV-40-S03-4,S03,2026-03-13,2026-03-13T09:00:00+11:00,2026-03-13T15:00:00+11:00,360,0,360
B001,HAV-41-S01-0,S01,2026-03-16,2026-03-16T09:00:00+11:00,2026-03-16T17:00:00+11:00,480,0,480
B001,HAV-41-S01-1,S01,2026-03-17,2026-03-17T09:00:00+11:00,2026-03-17T17:00:00+11:00,480,0,480
B001,HAV-41-S01-2,S01,2026-03-18,2026-03-18T09:00:00+11:00,2026-03-18T17:00:00+11:00,480,0,480
B001,HAV-41-S01-3,S01,2026-03-19,2026-03-19T09:00:00+11:00,2026-03-19T17:00:00+11:00,480,0,480
B001,HAV-41-S01-4,S01,2026-03-20,2026-03-20T09:00:00+11:00,2026-03-20T15:00:00+11:00,360,0,360
B001,HAV-41-S02-0,S02,2026-03-16,2026-03-16T09:00:00+11:00,2026-03-16T17:00:00+11:00,480,0,480
B001,HAV-41-S02-1,S02,2026-03-17,2026-03-17T09:00:00+11:00,2026-03-17T17:00:00+11:00,480,0,480
B001,HAV-41-S02-2,S02,2026-03-18,2026-03-18T09:00:00+11:00,2026-03-18T17:00:00+11:00,480,0,480
B001,HAV-41-S02-3,S02,2026-03-19,2026-03-19T09:00:00+11:00,2026-03-19T17:00:00+11:00,480,0,480
B001,HAV-41-S02-4,S02,2026-03-20,2026-03-20T09:00:00+11:00,2026-03-20T15:00:00+11:00,360,0,360
B001,HAV-41-S03-0,S03,2026-03-16,2026-03-16T09:00:00+11:00,2026-03-16T17:00:00+11:00,480,0,480
B001,HAV-41-S03-1,S03,2026-03-17,2026-03-17T09:00:00+11:00,2026-03-17T17:00:00+11:00,480,0,480
B001,HAV-41-S03-2,S03,2026-03-18,2026-03-18T09:00:00+11:00,2026-03-18T17:00:00+11:00,480,0,480
B001,HAV-41-S03-3,S03,2026-03-19,2026-03-19T09:00:00+11:00,2026-03-19T17:00:00+11:00,480,0,480
B001,HAV-41-S03-4,S03,2026-03-20,2026-03-20T09:00:00+11:00,2026-03-20T15:00:00+11:00,360,0,360
B001,HAV-42-S01-0,S01,2026-03-23,2026-03-23T09:00:00+11:00,2026-03-23T17:00:00+11:00,480,0,480
B001,HAV-42-S01-1,S01,2026-03-24,2026-03-24T09:00:00+11:00,2026-03-24T17:00:00+11:00,480,0,480
B001,HAV-42-S01-2,S01,2026-03-25,2026-03-25T09:00:00+11:00,2026-03-25T17:00:00+11:00,480,0,480
B001,HAV-42-S01-3,S01,2026-03-26,2026-03-26T09:00:00+11:00,2026-03-26T17:00:00+11:00,480,0,480
B001,HAV-42-S01-4,S01,2026-03-27,2026-03-27T09:00:00+11:00,2026-03-27T15:00:00+11:00,360,0,360
B001,HAV-42-S02-0,S02,2026-03-23,2026-03-23T09:00:00+11:00,2026-03-23T17:00:00+11:00,480,0,480
B001,HAV-42-S02-1,S02,2026-03-24,2026-03-24T09:00:00+11:00,2026-03-24T17:00:00+11:00,480,0,480
B001,HAV-42-S02-2,S02,2026-03-25,2026-03-25T09:00:00+11:00,2026-03-25T17:00:00+11:00,480,0,480
B001,HAV-42-S02-3,S02,2026-03-26,2026-03-26T09:00:00+11:00,2026-03-26T17:00:00+11:00,480,0,480
B001,HAV-42-S02-4,S02,2026-03-27,2026-03-27T09:00:00+11:00,2026-03-27T15:00:00+11:00,360,0,360
B001,HAV-42-S03-0,S03,2026-03-23,2026-03-23T09:00:00+11:00,2026-03-23T17:00:00+11:00,480,0,480
B001,HAV-42-S03-1,S03,2026-03-24,2026-03-24T09:00:00+11:00,2026-03-24T17:00:00+11:00,480,0,480
B001,HAV-42-S03-2,S03,2026-03-25,2026-03-25T09:00:00+11:00,2026-03-25T17:00:00+11:00,480,0,480
B001,HAV-42-S03-3,S03,2026-03-26,2026-03-26T09:00:00+11:00,2026-03-26T17:00:00+11:00,480,0,480
B001,HAV-42-S03-4,S03,2026-03-27,2026-03-27T09:00:00+11:00,2026-03-27T15:00:00+11:00,360,0,360
B001,HAV-43-S01-0,S01,2026-03-30,2026-03-30T09:00:00+11:00,2026-03-30T17:00:00+11:00,480,0,480
B001,HAV-43-S01-1,S01,2026-03-31,2026-03-31T09:00:00+11:00,2026-03-31T17:00:00+11:00,480,0,480
B001,HAV-43-S01-2,S01,2026-04-01,2026-04-01T09:00:00+11:00,2026-04-01T17:00:00+11:00,480,0,480
B001,HAV-43-S01-3,S01,2026-04-02,2026-04-02T09:00:00+11:00,2026-04-02T17:00:00+11:00,480,0,480
B001,HAV-43-S01-4,S01,2026-04-03,2026-04-03T09:00:00+11:00,2026-04-03T15:00:00+11:00,360,0,360
B001,HAV-43-S02-0,S02,2026-03-30,2026-03-30T09:00:00+11:00,2026-03-30T17:00:00+11:00,480,0,480
B001,HAV-43-S02-1,S02,2026-03-31,2026-03-31T09:00:00+11:00,2026-03-31T17:00:00+11:00,480,0,480
B001,HAV-43-S02-2,S02,2026-04-01,2026-04-01T09:00:00+11:00,2026-04-01T17:00:00+11:00,480,0,480
B001,HAV-43-S02-3,S02,2026-04-02,2026-04-02T09:00:00+11:00,2026-04-02T17:00:00+11:00,480,0,480
B001,HAV-43-S02-4,S02,2026-04-03,2026-04-03T09:00:00+11:00,2026-04-03T15:00:00+11:00,360,0,360
B001,HAV-43-S03-0,S03,2026-03-30,2026-03-30T09:00:00+11:00,2026-03-30T17:00:00+11:00,480,0,480
B001,HAV-43-S03-1,S03,2026-03-31,2026-03-31T09:00:00+11:00,2026-03-31T17:00:00+11:00,480,0,480
B001,HAV-43-S03-2,S03,2026-04-01,2026-04-01T09:00:00+11:00,2026-04-01T17:00:00+11:00,480,0,480
B001,HAV-43-S03-3,S03,2026-04-02,2026-04-02T09:00:00+11:00,2026-04-02T17:00:00+11:00,480,0,480
B001,HAV-43-S03-4,S03,2026-04-03,2026-04-03T09:00:00+11:00,2026-04-03T15:00:00+11:00,360,0,360
B001,HAV-44-S01-0,S01,2026-04-06,2026-04-06T09:00:00+10:00,2026-04-06T17:00:00+10:00,480,0,480
B001,HAV-44-S01-1,S01,2026-04-07,2026-04-07T09:00:00+10:00,2026-04-07T17:00:00+10:00,480,0,480
B001,HAV-44-S01-2,S01,2026-04-08,2026-04-08T09:00:00+10:00,2026-04-08T17:00:00+10:00,480,0,480
B001,HAV-44-S01-3,S01,2026-04-09,2026-04-09T09:00:00+10:00,2026-04-09T17:00:00+10:00,480,0,480
B001,HAV-44-S01-4,S01,2026-04-10,2026-04-10T09:00:00+10:00,2026-04-10T15:00:00+10:00,360,0,360
B001,HAV-44-S02-0,S02,2026-04-06,2026-04-06T09:00:00+10:00,2026-04-06T17:00:00+10:00,480,0,480
B001,HAV-44-S02-1,S02,2026-04-07,2026-04-07T09:00:00+10:00,2026-04-07T17:00:00+10:00,480,0,480
B001,HAV-44-S02-2,S02,2026-04-08,2026-04-08T09:00:00+10:00,2026-04-08T17:00:00+10:00,480,0,480
B001,HAV-44-S02-3,S02,2026-04-09,2026-04-09T09:00:00+10:00,2026-04-09T17:00:00+10:00,480,0,480
B001,HAV-44-S02-4,S02,2026-04-10,2026-04-10T09:00:00+10:00,2026-04-10T15:00:00+10:00,360,0,360
B001,HAV-44-S03-0,S03,2026-04-06,2026-04-06T09:00:00+10:00,2026-04-06T17:00:00+10:00,480,0,480
B001,HAV-44-S03-1,S03,2026-04-07,2026-04-07T09:00:00+10:00,2026-04-07T17:00:00+10:00,480,0,480
B001,HAV-44-S03-2,S03,2026-04-08,2026-04-08T09:00:00+10:00,2026-04-08T17:00:00+10:00,480,0,480
B001,HAV-44-S03-3,S03,2026-04-09,2026-04-09T09:00:00+10:00,2026-04-09T17:00:00+10:00,480,0,480
B001,HAV-44-S03-4,S03,2026-04-10,2026-04-10T09:00:00+10:00,2026-04-10T15:00:00+10:00,360,0,360
B001,HAV-45-S01-0,S01,2026-04-13,2026-04-13T09:00:00+10:00,2026-04-13T17:00:00+10:00,480,0,480
B001,HAV-45-S01-1,S01,2026-04-14,2026-04-14T09:00:00+10:00,2026-04-14T17:00:00+10:00,480,0,480
B001,HAV-45-S01-2,S01,2026-04-15,2026-04-15T09:00:00+10:00,2026-04-15T17:00:00+10:00,480,0,480
B001,HAV-45-S01-3,S01,2026-04-16,2026-04-16T09:00:00+10:00,2026-04-16T17:00:00+10:00,480,0,480
B001,HAV-45-S01-4,S01,2026-04-17,2026-04-17T09:00:00+10:00,2026-04-17T15:00:00+10:00,360,0,360
B001,HAV-45-S02-0,S02,2026-04-13,2026-04-13T09:00:00+10:00,2026-04-13T17:00:00+10:00,480,0,480
B001,HAV-45-S02-1,S02,2026-04-14,2026-04-14T09:00:00+10:00,2026-04-14T17:00:00+10:00,480,0,480
B001,HAV-45-S02-2,S02,2026-04-15,2026-04-15T09:00:00+10:00,2026-04-15T17:00:00+10:00,480,0,480
B001,HAV-45-S02-3,S02,2026-04-16,2026-04-16T09:00:00+10:00,2026-04-16T17:00:00+10:00,480,0,480
B001,HAV-45-S02-4,S02,2026-04-17,2026-04-17T09:00:00+10:00,2026-04-17T15:00:00+10:00,360,0,360
B001,HAV-45-S03-0,S03,2026-04-13,2026-04-13T09:00:00+10:00,2026-04-13T17:00:00+10:00,480,0,480
B001,HAV-45-S03-1,S03,2026-04-14,2026-04-14T09:00:00+10:00,2026-04-14T17:00:00+10:00,480,0,480
B001,HAV-45-S03-2,S03,2026-04-15,2026-04-15T09:00:00+10:00,2026-04-15T17:00:00+10:00,480,0,480
B001,HAV-45-S03-3,S03,2026-04-16,2026-04-16T09:00:00+10:00,2026-04-16T17:00:00+10:00,480,0,480
B001,HAV-45-S03-4,S03,2026-04-17,2026-04-17T09:00:00+10:00,2026-04-17T15:00:00+10:00,360,0,360
B001,HAV-46-S01-0,S01,2026-04-20,2026-04-20T09:00:00+10:00,2026-04-20T17:00:00+10:00,480,0,480
B001,HAV-46-S01-1,S01,2026-04-21,2026-04-21T09:00:00+10:00,2026-04-21T17:00:00+10:00,480,0,480
B001,HAV-46-S01-2,S01,2026-04-22,2026-04-22T09:00:00+10:00,2026-04-22T17:00:00+10:00,480,0,480
B001,HAV-46-S01-3,S01,2026-04-23,2026-04-23T09:00:00+10:00,2026-04-23T17:00:00+10:00,480,0,480
B001,HAV-46-S01-4,S01,2026-04-24,2026-04-24T09:00:00+10:00,2026-04-24T15:00:00+10:00,360,0,360
B001,HAV-46-S02-0,S02,2026-04-20,2026-04-20T09:00:00+10:00,2026-04-20T17:00:00+10:00,480,0,480
B001,HAV-46-S02-1,S02,2026-04-21,2026-04-21T09:00:00+10:00,2026-04-21T17:00:00+10:00,480,0,480
B001,HAV-46-S02-2,S02,2026-04-22,2026-04-22T09:00:00+10:00,2026-04-22T17:00:00+10:00,480,0,480
B001,HAV-46-S02-3,S02,2026-04-23,2026-04-23T09:00:00+10:00,2026-04-23T17:00:00+10:00,480,0,480
B001,HAV-46-S02-4,S02,2026-04-24,2026-04-24T09:00:00+10:00,2026-04-24T15:00:00+10:00,360,0,360
B001,HAV-46-S03-0,S03,2026-04-20,2026-04-20T09:00:00+10:00,2026-04-20T17:00:00+10:00,480,0,480
B001,HAV-46-S03-1,S03,2026-04-21,2026-04-21T09:00:00+10:00,2026-04-21T17:00:00+10:00,480,0,480
B001,HAV-46-S03-2,S03,2026-04-22,2026-04-22T09:00:00+10:00,2026-04-22T17:00:00+10:00,480,0,480
B001,HAV-46-S03-3,S03,2026-04-23,2026-04-23T09:00:00+10:00,2026-04-23T17:00:00+10:00,480,0,480
B001,HAV-46-S03-4,S03,2026-04-24,2026-04-24T09:00:00+10:00,2026-04-24T15:00:00+10:00,360,0,360
B001,HAV-47-S01-0,S01,2026-04-27,2026-04-27T09:00:00+10:00,2026-04-27T17:00:00+10:00,480,0,480
B001,HAV-47-S01-1,S01,2026-04-28,2026-04-28T09:00:00+10:00,2026-04-28T17:00:00+10:00,480,0,480
B001,HAV-47-S01-2,S01,2026-04-29,2026-04-29T09:00:00+10:00,2026-04-29T17:00:00+10:00,480,0,480
B001,HAV-47-S01-3,S01,2026-04-30,2026-04-30T09:00:00+10:00,2026-04-30T17:00:00+10:00,480,0,480
B001,HAV-47-S01-4,S01,2026-05-01,2026-05-01T09:00:00+10:00,2026-05-01T15:00:00+10:00,360,0,360
B001,HAV-47-S02-0,S02,2026-04-27,2026-04-27T09:00:00+10:00,2026-04-27T17:00:00+10:00,480,0,480
B001,HAV-47-S02-1,S02,2026-04-28,2026-04-28T09:00:00+10:00,2026-04-28T17:00:00+10:00,480,0,480
B001,HAV-47-S02-2,S02,2026-04-29,2026-04-29T09:00:00+10:00,2026-04-29T17:00:00+10:00,480,0,480
B001,HAV-47-S02-3,S02,2026-04-30,2026-04-30T09:00:00+10:00,2026-04-30T17:00:00+10:00,480,0,480
B001,HAV-47-S02-4,S02,2026-05-01,2026-05-01T09:00:00+10:00,2026-05-01T15:00:00+10:00,360,0,360
B001,HAV-47-S03-0,S03,2026-04-27,2026-04-27T09:00:00+10:00,2026-04-27T17:00:00+10:00,480,0,480
B001,HAV-47-S03-1,S03,2026-04-28,2026-04-28T09:00:00+10:00,2026-04-28T17:00:00+10:00,480,0,480
B001,HAV-47-S03-2,S03,2026-04-29,2026-04-29T09:00:00+10:00,2026-04-29T17:00:00+10:00,480,0,480
B001,HAV-47-S03-3,S03,2026-04-30,2026-04-30T09:00:00+10:00,2026-04-30T17:00:00+10:00,480,0,480
B001,HAV-47-S03-4,S03,2026-05-01,2026-05-01T09:00:00+10:00,2026-05-01T15:00:00+10:00,360,0,360
B001,HAV-48-S01-0,S01,2026-05-04,2026-05-04T09:00:00+10:00,2026-05-04T17:00:00+10:00,480,0,480
B001,HAV-48-S01-1,S01,2026-05-05,2026-05-05T09:00:00+10:00,2026-05-05T17:00:00+10:00,480,0,480
B001,HAV-48-S01-2,S01,2026-05-06,2026-05-06T09:00:00+10:00,2026-05-06T17:00:00+10:00,480,0,480
B001,HAV-48-S01-3,S01,2026-05-07,2026-05-07T09:00:00+10:00,2026-05-07T17:00:00+10:00,480,0,480
B001,HAV-48-S01-4,S01,2026-05-08,2026-05-08T09:00:00+10:00,2026-05-08T15:00:00+10:00,360,0,360
B001,HAV-48-S02-0,S02,2026-05-04,2026-05-04T09:00:00+10:00,2026-05-04T17:00:00+10:00,480,0,480
B001,HAV-48-S02-1,S02,2026-05-05,2026-05-05T09:00:00+10:00,2026-05-05T17:00:00+10:00,480,0,480
B001,HAV-48-S02-2,S02,2026-05-06,2026-05-06T09:00:00+10:00,2026-05-06T17:00:00+10:00,480,0,480
B001,HAV-48-S02-3,S02,2026-05-07,2026-05-07T09:00:00+10:00,2026-05-07T17:00:00+10:00,480,0,480
B001,HAV-48-S02-4,S02,2026-05-08,2026-05-08T09:00:00+10:00,2026-05-08T15:00:00+10:00,360,0,360
B001,HAV-48-S03-0,S03,2026-05-04,2026-05-04T09:00:00+10:00,2026-05-04T17:00:00+10:00,480,0,480
B001,HAV-48-S03-1,S03,2026-05-05,2026-05-05T09:00:00+10:00,2026-05-05T17:00:00+10:00,480,0,480
B001,HAV-48-S03-2,S03,2026-05-06,2026-05-06T09:00:00+10:00,2026-05-06T17:00:00+10:00,480,0,480
B001,HAV-48-S03-3,S03,2026-05-07,2026-05-07T09:00:00+10:00,2026-05-07T17:00:00+10:00,480,0,480
B001,HAV-48-S03-4,S03,2026-05-08,2026-05-08T09:00:00+10:00,2026-05-08T15:00:00+10:00,360,0,360
B001,HAV-49-S01-0,S01,2026-05-11,2026-05-11T09:00:00+10:00,2026-05-11T17:00:00+10:00,480,0,480
B001,HAV-49-S01-1,S01,2026-05-12,2026-05-12T09:00:00+10:00,2026-05-12T17:00:00+10:00,480,0,480
B001,HAV-49-S01-2,S01,2026-05-13,2026-05-13T09:00:00+10:00,2026-05-13T17:00:00+10:00,480,0,480
B001,HAV-49-S01-3,S01,2026-05-14,2026-05-14T09:00:00+10:00,2026-05-14T17:00:00+10:00,480,0,480
B001,HAV-49-S01-4,S01,2026-05-15,2026-05-15T09:00:00+10:00,2026-05-15T15:00:00+10:00,360,0,360
B001,HAV-49-S02-0,S02,2026-05-11,2026-05-11T09:00:00+10:00,2026-05-11T17:00:00+10:00,480,0,480
B001,HAV-49-S02-1,S02,2026-05-12,2026-05-12T09:00:00+10:00,2026-05-12T17:00:00+10:00,480,0,480
B001,HAV-49-S02-2,S02,2026-05-13,2026-05-13T09:00:00+10:00,2026-05-13T17:00:00+10:00,480,0,480
B001,HAV-49-S02-3,S02,2026-05-14,2026-05-14T09:00:00+10:00,2026-05-14T17:00:00+10:00,480,0,480
B001,HAV-49-S02-4,S02,2026-05-15,2026-05-15T09:00:00+10:00,2026-05-15T15:00:00+10:00,360,0,360
B001,HAV-49-S03-0,S03,2026-05-11,2026-05-11T09:00:00+10:00,2026-05-11T17:00:00+10:00,480,0,480
B001,HAV-49-S03-1,S03,2026-05-12,2026-05-12T09:00:00+10:00,2026-05-12T17:00:00+10:00,480,0,480
B001,HAV-49-S03-2,S03,2026-05-13,2026-05-13T09:00:00+10:00,2026-05-13T17:00:00+10:00,480,0,480
B001,HAV-49-S03-3,S03,2026-05-14,2026-05-14T09:00:00+10:00,2026-05-14T17:00:00+10:00,480,0,480
B001,HAV-49-S03-4,S03,2026-05-15,2026-05-15T09:00:00+10:00,2026-05-15T15:00:00+10:00,360,0,360
B001,HAV-50-S01-0,S01,2026-05-18,2026-05-18T09:00:00+10:00,2026-05-18T17:00:00+10:00,480,0,480
B001,HAV-50-S01-1,S01,2026-05-19,2026-05-19T09:00:00+10:00,2026-05-19T17:00:00+10:00,480,0,480
B001,HAV-50-S01-2,S01,2026-05-20,2026-05-20T09:00:00+10:00,2026-05-20T17:00:00+10:00,480,0,480
B001,HAV-50-S01-3,S01,2026-05-21,2026-05-21T09:00:00+10:00,2026-05-21T17:00:00+10:00,480,0,480
B001,HAV-50-S01-4,S01,2026-05-22,2026-05-22T09:00:00+10:00,2026-05-22T15:00:00+10:00,360,0,360
B001,HAV-50-S02-0,S02,2026-05-18,2026-05-18T09:00:00+10:00,2026-05-18T17:00:00+10:00,480,0,480
B001,HAV-50-S02-1,S02,2026-05-19,2026-05-19T09:00:00+10:00,2026-05-19T17:00:00+10:00,480,0,480
B001,HAV-50-S02-2,S02,2026-05-20,2026-05-20T09:00:00+10:00,2026-05-20T17:00:00+10:00,480,0,480
B001,HAV-50-S02-3,S02,2026-05-21,2026-05-21T09:00:00+10:00,2026-05-21T17:00:00+10:00,480,0,480
B001,HAV-50-S02-4,S02,2026-05-22,2026-05-22T09:00:00+10:00,2026-05-22T15:00:00+10:00,360,0,360
B001,HAV-50-S03-0,S03,2026-05-18,2026-05-18T09:00:00+10:00,2026-05-18T17:00:00+10:00,480,0,480
B001,HAV-50-S03-1,S03,2026-05-19,2026-05-19T09:00:00+10:00,2026-05-19T17:00:00+10:00,480,0,480
B001,HAV-50-S03-2,S03,2026-05-20,2026-05-20T09:00:00+10:00,2026-05-20T17:00:00+10:00,480,0,480
B001,HAV-50-S03-3,S03,2026-05-21,2026-05-21T09:00:00+10:00,2026-05-21T17:00:00+10:00,480,0,480
B001,HAV-50-S03-4,S03,2026-05-22,2026-05-22T09:00:00+10:00,2026-05-22T15:00:00+10:00,360,0,360
B001,HAV-51-S01-0,S01,2026-05-25,2026-05-25T09:00:00+10:00,2026-05-25T17:00:00+10:00,480,0,480
B001,HAV-51-S01-1,S01,2026-05-26,2026-05-26T09:00:00+10:00,2026-05-26T17:00:00+10:00,480,0,480
B001,HAV-51-S01-2,S01,2026-05-27,2026-05-27T09:00:00+10:00,2026-05-27T17:00:00+10:00,480,0,480
B001,HAV-51-S01-3,S01,2026-05-28,2026-05-28T09:00:00+10:00,2026-05-28T17:00:00+10:00,480,0,480
B001,HAV-51-S01-4,S01,2026-05-29,2026-05-29T09:00:00+10:00,2026-05-29T15:00:00+10:00,360,0,360
B001,HAV-51-S02-0,S02,2026-05-25,2026-05-25T09:00:00+10:00,2026-05-25T17:00:00+10:00,480,0,480
B001,HAV-51-S02-1,S02,2026-05-26,2026-05-26T09:00:00+10:00,2026-05-26T17:00:00+10:00,480,0,480
B001,HAV-51-S02-2,S02,2026-05-27,2026-05-27T09:00:00+10:00,2026-05-27T17:00:00+10:00,480,0,480
B001,HAV-51-S02-3,S02,2026-05-28,2026-05-28T09:00:00+10:00,2026-05-28T17:00:00+10:00,480,0,480
B001,HAV-51-S02-4,S02,2026-05-29,2026-05-29T09:00:00+10:00,2026-05-29T15:00:00+10:00,360,0,360
B001,HAV-51-S03-0,S03,2026-05-25,2026-05-25T09:00:00+10:00,2026-05-25T17:00:00+10:00,480,0,480
B001,HAV-51-S03-1,S03,2026-05-26,2026-05-26T09:00:00+10:00,2026-05-26T17:00:00+10:00,480,0,480
B001,HAV-51-S03-2,S03,2026-05-27,2026-05-27T09:00:00+10:00,2026-05-27T17:00:00+10:00,480,0,480
B001,HAV-51-S03-3,S03,2026-05-28,2026-05-28T09:00:00+10:00,2026-05-28T17:00:00+10:00,480,0,480
B001,HAV-51-S03-4,S03,2026-05-29,2026-05-29T09:00:00+10:00,2026-05-29T15:00:00+10:00,360,0,360
B001,HAV-52-S01-0,S01,2026-06-01,2026-06-01T09:00:00+10:00,2026-06-01T17:00:00+10:00,480,0,480
B001,HAV-52-S01-1,S01,2026-06-02,2026-06-02T09:00:00+10:00,2026-06-02T17:00:00+10:00,480,0,480
B001,HAV-52-S01-2,S01,2026-06-03,2026-06-03T09:00:00+10:00,2026-06-03T17:00:00+10:00,480,0,480
B001,HAV-52-S01-3,S01,2026-06-04,2026-06-04T09:00:00+10:00,2026-06-04T17:00:00+10:00,480,0,480
B001,HAV-52-S01-4,S01,2026-06-05,2026-06-05T09:00:00+10:00,2026-06-05T15:00:00+10:00,360,0,360
B001,HAV-52-S02-0,S02,2026-06-01,2026-06-01T09:00:00+10:00,2026-06-01T17:00:00+10:00,480,0,480
B001,HAV-52-S02-1,S02,2026-06-02,2026-06-02T09:00:00+10:00,2026-06-02T17:00:00+10:00,480,0,480
B001,HAV-52-S02-2,S02,2026-06-03,2026-06-03T09:00:00+10:00,2026-06-03T17:00:00+10:00,480,0,480
B001,HAV-52-S02-3,S02,2026-06-04,2026-06-04T09:00:00+10:00,2026-06-04T17:00:00+10:00,480,0,480
B001,HAV-52-S02-4,S02,2026-06-05,2026-06-05T09:00:00+10:00,2026-06-05T15:00:00+10:00,360,0,360
B001,HAV-52-S03-0,S03,2026-06-01,2026-06-01T09:00:00+10:00,2026-06-01T17:00:00+10:00,480,0,480
B001,HAV-52-S03-1,S03,2026-06-02,2026-06-02T09:00:00+10:00,2026-06-02T17:00:00+10:00,480,0,480
B001,HAV-52-S03-2,S03,2026-06-03,2026-06-03T09:00:00+10:00,2026-06-03T17:00:00+10:00,480,0,480
B001,HAV-52-S03-3,S03,2026-06-04,2026-06-04T09:00:00+10:00,2026-06-04T17:00:00+10:00,480,0,480
B001,HAV-52-S03-4,S03,2026-06-05,2026-06-05T09:00:00+10:00,2026-06-05T15:00:00+10:00,360,0,360
B001,HAV-53-S01-0,S01,2026-06-08,2026-06-08T09:00:00+10:00,2026-06-08T17:00:00+10:00,480,0,480
B001,HAV-53-S01-1,S01,2026-06-09,2026-06-09T09:00:00+10:00,2026-06-09T17:00:00+10:00,480,0,480
B001,HAV-53-S01-2,S01,2026-06-10,2026-06-10T09:00:00+10:00,2026-06-10T17:00:00+10:00,480,0,480
B001,HAV-53-S01-3,S01,2026-06-11,2026-06-11T09:00:00+10:00,2026-06-11T17:00:00+10:00,480,0,480
B001,HAV-53-S01-4,S01,2026-06-12,2026-06-12T09:00:00+10:00,2026-06-12T15:00:00+10:00,360,0,360
B001,HAV-53-S02-0,S02,2026-06-08,2026-06-08T09:00:00+10:00,2026-06-08T17:00:00+10:00,480,0,480
B001,HAV-53-S02-1,S02,2026-06-09,2026-06-09T09:00:00+10:00,2026-06-09T17:00:00+10:00,480,0,480
B001,HAV-53-S02-2,S02,2026-06-10,2026-06-10T09:00:00+10:00,2026-06-10T17:00:00+10:00,480,0,480
B001,HAV-53-S02-3,S02,2026-06-11,2026-06-11T09:00:00+10:00,2026-06-11T17:00:00+10:00,480,0,480
B001,HAV-53-S02-4,S02,2026-06-12,2026-06-12T09:00:00+10:00,2026-06-12T15:00:00+10:00,360,0,360
B001,HAV-53-S03-0,S03,2026-06-08,2026-06-08T09:00:00+10:00,2026-06-08T17:00:00+10:00,480,0,480
B001,HAV-53-S03-1,S03,2026-06-09,2026-06-09T09:00:00+10:00,2026-06-09T17:00:00+10:00,480,0,480
B001,HAV-53-S03-2,S03,2026-06-10,2026-06-10T09:00:00+10:00,2026-06-10T17:00:00+10:00,480,0,480
B001,HAV-53-S03-3,S03,2026-06-11,2026-06-11T09:00:00+10:00,2026-06-11T17:00:00+10:00,480,0,480
B001,HAV-53-S03-4,S03,2026-06-12,2026-06-12T09:00:00+10:00,2026-06-12T15:00:00+10:00,360,0,360
B001,HAV-54-S01-0,S01,2026-06-15,2026-06-15T09:00:00+10:00,2026-06-15T17:00:00+10:00,480,0,480
B001,HAV-54-S01-1,S01,2026-06-16,2026-06-16T09:00:00+10:00,2026-06-16T17:00:00+10:00,480,0,480
B001,HAV-54-S01-2,S01,2026-06-17,2026-06-17T09:00:00+10:00,2026-06-17T17:00:00+10:00,480,0,480
B001,HAV-54-S01-3,S01,2026-06-18,2026-06-18T09:00:00+10:00,2026-06-18T17:00:00+10:00,480,0,480
B001,HAV-54-S01-4,S01,2026-06-19,2026-06-19T09:00:00+10:00,2026-06-19T15:00:00+10:00,360,0,360
B001,HAV-54-S02-0,S02,2026-06-15,2026-06-15T09:00:00+10:00,2026-06-15T17:00:00+10:00,480,0,480
B001,HAV-54-S02-1,S02,2026-06-16,2026-06-16T09:00:00+10:00,2026-06-16T17:00:00+10:00,480,0,480
B001,HAV-54-S02-2,S02,2026-06-17,2026-06-17T09:00:00+10:00,2026-06-17T17:00:00+10:00,480,0,480
B001,HAV-54-S02-3,S02,2026-06-18,2026-06-18T09:00:00+10:00,2026-06-18T17:00:00+10:00,480,0,480
B001,HAV-54-S02-4,S02,2026-06-19,2026-06-19T09:00:00+10:00,2026-06-19T15:00:00+10:00,360,0,360
B001,HAV-54-S03-0,S03,2026-06-15,2026-06-15T09:00:00+10:00,2026-06-15T17:00:00+10:00,480,0,480
B001,HAV-54-S03-1,S03,2026-06-16,2026-06-16T09:00:00+10:00,2026-06-16T17:00:00+10:00,480,0,480
B001,HAV-54-S03-2,S03,2026-06-17,2026-06-17T09:00:00+10:00,2026-06-17T17:00:00+10:00,480,0,480
B001,HAV-54-S03-3,S03,2026-06-18,2026-06-18T09:00:00+10:00,2026-06-18T17:00:00+10:00,480,0,480
B001,HAV-54-S03-4,S03,2026-06-19,2026-06-19T09:00:00+10:00,2026-06-19T15:00:00+10:00,360,0,360
B001,PKAV0,S01,2026-07-11,2026-07-11T09:00:00+10:00,2026-07-11T12:00:00+10:00,180,0,180
B001,PKAV1,S02,2026-07-11,2026-07-11T09:00:00+10:00,2026-07-11T12:00:00+10:00,180,0,180
B001,PKAV2,S03,2026-07-11,2026-07-11T09:00:00+10:00,2026-07-11T12:00:00+10:00,180,0,180
B001,PKAV3,S01,2026-07-18,2026-07-18T09:00:00+10:00,2026-07-18T12:00:00+10:00,180,0,180
B001,PKAV4,S02,2026-07-18,2026-07-18T09:00:00+10:00,2026-07-18T12:00:00+10:00,180,0,180
B001,PKAV5,S03,2026-07-18,2026-07-18T09:00:00+10:00,2026-07-18T12:00:00+10:00,180,0,180
B001,PKAV6,S01,2026-07-25,2026-07-25T09:00:00+10:00,2026-07-25T12:00:00+10:00,180,0,180
B001,PKAV7,S02,2026-07-25,2026-07-25T09:00:00+10:00,2026-07-25T12:00:00+10:00,180,0,180
B001,PKAV8,S03,2026-07-25,2026-07-25T09:00:00+10:00,2026-07-25T12:00:00+10:00,180,0,180
B001,PKAV9,S01,2026-08-01,2026-08-01T09:00:00+10:00,2026-08-01T12:00:00+10:00,180,0,180
B001,PKAV10,S02,2026-08-01,2026-08-01T09:00:00+10:00,2026-08-01T12:00:00+10:00,180,0,180
B001,PKAV11,S03,2026-08-01,2026-08-01T09:00:00+10:00,2026-08-01T12:00:00+10:00,180,0,180
B001,PKAV12,S01,2026-08-08,2026-08-08T09:00:00+10:00,2026-08-08T12:00:00+10:00,180,0,180
B001,PKAV13,S02,2026-08-08,2026-08-08T09:00:00+10:00,2026-08-08T12:00:00+10:00,180,0,180
B001,PKAV14,S03,2026-08-08,2026-08-08T09:00:00+10:00,2026-08-08T12:00:00+10:00,180,0,180
B001,PKAV15,S01,2026-08-15,2026-08-15T09:00:00+10:00,2026-08-15T12:00:00+10:00,180,0,180
B001,PKAV16,S02,2026-08-15,2026-08-15T09:00:00+10:00,2026-08-15T12:00:00+10:00,180,0,180
B001,PKAV17,S03,2026-08-15,2026-08-15T09:00:00+10:00,2026-08-15T12:00:00+10:00,180,0,180
B001,PKAV18,S01,2026-08-22,2026-08-22T09:00:00+10:00,2026-08-22T12:00:00+10:00,180,0,180
B001,PKAV19,S02,2026-08-22,2026-08-22T09:00:00+10:00,2026-08-22T12:00:00+10:00,180,0,180
B001,PKAV20,S03,2026-08-22,2026-08-22T09:00:00+10:00,2026-08-22T12:00:00+10:00,180,0,180
B001,PKAV21,S01,2026-08-29,2026-08-29T09:00:00+10:00,2026-08-29T12:00:00+10:00,180,0,180
B001,PKAV22,S02,2026-08-29,2026-08-29T09:00:00+10:00,2026-08-29T12:00:00+10:00,180,0,180
B001,PKAV23,S03,2026-08-29,2026-08-29T09:00:00+10:00,2026-08-29T12:00:00+10:00,180,0,180
B001,FALLAV,S03,2026-07-04,2026-07-04T09:00:00+10:00,2026-07-04T09:30:00+10:00,30,0,30
