business_id,transaction_id,booking_id,customer_id,posted_at,status,transaction_type
B001,T00001,B00001,C0001,2026-06-22T11:00:00+10:00,Posted,Sale
B001,T00002,B00002,C0002,2026-06-22T13:00:00+10:00,Posted,Sale
B001,T00003,B00003,C0003,2026-06-22T15:00:00+10:00,Posted,Sale
B001,T00004,B00004,C0004,2026-06-22T17:00:00+10:00,Posted,Sale
B001,T00005,B00005,C0005,2026-06-23T11:00:00+10:00,Posted,Sale
B001,T00006,B00006,C0006,2026-06-23T13:00:00+10:00,Posted,Sale
B001,T00007,B00007,C0007,2026-06-23T15:00:00+10:00,Posted,Sale
B001,T00008,B00008,C0008,2026-06-23T17:00:00+10:00,Posted,Sale
B001,T00009,B00009,C0009,2026-06-24T11:00:00+10:00,Posted,Sale
B001,T00010,B00010,C0010,2026-06-24T13:00:00+10:00,Posted,Sale
B001,T00011,B00011,C0011,2026-06-24T14:00:00+10:00,Posted,Sale
B001,T00012,B00012,C0012,2026-06-24T15:00:00+10:00,Posted,Sale
B001,T00013,B00013,C0013,2026-06-24T16:00:00+10:00,Posted,Sale
B001,T00014,B00014,C0014,2026-06-24T17:00:00+10:00,Posted,Sale
B001,T00015,B00015,C0015,2026-06-25T10:00:00+10:00,Posted,Sale
B001,T00016,B00016,C0016,2026-06-25T11:00:00+10:00,Posted,Sale
B001,T00017,B00017,C0017,2026-06-25T12:00:00+10:00,Posted,Sale
B001,T00018,B00018,C0018,2026-06-25T13:00:00+10:00,Posted,Sale
B001,T00019,B00019,C0019,2026-06-25T14:00:00+10:00,Posted,Sale
B001,T00020,B00020,C0020,2026-06-25T15:00:00+10:00,Posted,Sale
B001,T00021,B00021,C0021,2026-06-22T11:00:00+10:00,Posted,Sale
B001,T00022,B00022,C0022,2026-06-22T13:00:00+10:00,Posted,Sale
B001,T00023,B00023,C0023,2026-06-22T15:00:00+10:00,Posted,Sale
B001,T00024,B00024,C0024,2026-06-22T17:00:00+10:00,Posted,Sale
B001,T00025,B00025,C0025,2026-06-23T11:00:00+10:00,Posted,Sale
B001,T00026,B00026,C0026,2026-06-23T13:00:00+10:00,Posted,Sale
B001,T00027,B00027,C0027,2026-06-23T15:00:00+10:00,Posted,Sale
B001,T00028,B00028,C0028,2026-06-23T17:00:00+10:00,Posted,Sale
B001,T00029,B00029,C0029,2026-06-24T11:00:00+10:00,Posted,Sale
B001,T00030,B00030,C0030,2026-06-24T13:00:00+10:00,Posted,Sale
B001,T00031,B00031,C0031,2026-06-24T14:00:00+10:00,Posted,Sale
B001,T00032,B00032,C0032,2026-06-24T15:00:00+10:00,Posted,Sale
B001,T00033,B00033,C0033,2026-06-24T16:00:00+10:00,Posted,Sale
B001,T00034,B00034,C0034,2026-06-24T17:00:00+10:00,Posted,Sale
B001,T00035,B00035,C0035,2026-06-25T10:00:00+10:00,Posted,Sale
B001,T00036,B00036,C0036,2026-06-25T11:00:00+10:00,Posted,Sale
B001,T00037,B00037,C0037,2026-06-25T12:00:00+10:00,Posted,Sale
B001,T00038,B00038,C0038,2026-06-25T13:00:00+10:00,Posted,Sale
B001,T00039,B00039,C0039,2026-06-25T14:00:00+10:00,Posted,Sale
B001,T00040,B00040,C0040,2026-06-25T15:00:00+10:00,Posted,Sale
B001,T00041,B00041,C0041,2026-06-22T11:00:00+10:00,Posted,Sale
B001,T00042,B00042,C0042,2026-06-22T13:00:00+10:00,Posted,Sale
B001,T00043,B00043,C0043,2026-06-22T15:00:00+10:00,Posted,Sale
B001,T00044,B00044,C0044,2026-06-22T17:00:00+10:00,Posted,Sale
B001,T00045,B00045,C0045,2026-06-23T11:00:00+10:00,Posted,Sale
B001,T00046,B00046,C0046,2026-06-23T13:00:00+10:00,Posted,Sale
B001,T00047,B00047,C0047,2026-06-23T15:00:00+10:00,Posted,Sale
B001,T00048,B00048,C0048,2026-06-23T17:00:00+10:00,Posted,Sale
B001,T00049,B00049,C0049,2026-06-24T11:00:00+10:00,Posted,Sale
B001,T00050,B00050,C0050,2026-06-24T13:00:00+10:00,Posted,Sale
B001,T00051,B00051,C0051,2026-06-24T15:00:00+10:00,Posted,Sale
B001,T00052,B00052,C0052,2026-06-24T17:00:00+10:00,Posted,Sale
B001,T00053,B00053,C0053,2026-06-25T10:00:00+10:00,Posted,Sale
B001,T00054,B00054,C0054,2026-06-25T11:00:00+10:00,Posted,Sale
B001,T00055,B00055,C0055,2026-06-25T12:00:00+10:00,Posted,Sale
B001,T00056,B00056,C0056,2026-06-25T13:00:00+10:00,Posted,Sale
B001,T00057,B00057,C0057,2026-06-25T14:00:00+10:00,Posted,Sale
B001,T00058,B00058,C0058,2026-06-25T15:00:00+10:00,Posted,Sale
B001,T00059,B00059,C0059,2026-06-29T11:00:00+10:00,Posted,Sale
B001,T00060,B00060,C0060,2026-06-29T13:00:00+10:00,Posted,Sale
B001,T00061,B00061,C0061,2026-06-29T15:00:00+10:00,Posted,Sale
B001,T00062,B00062,C0062,2026-06-29T17:00:00+10:00,Posted,Sale
B001,T00063,B00063,C0063,2026-06-30T11:00:00+10:00,Posted,Sale
B001,T00064,B00064,C0064,2026-06-30T13:00:00+10:00,Posted,Sale
B001,T00065,B00065,C0065,2026-06-30T15:00:00+10:00,Posted,Sale
B001,T00066,B00066,C0066,2026-06-30T17:00:00+10:00,Posted,Sale
B001,T00067,B00067,C0067,2026-07-01T11:00:00+10:00,Posted,Sale
B001,T00068,B00068,C0068,2026-07-01T13:00:00+10:00,Posted,Sale
B001,T00069,B00069,C0069,2026-07-01T14:00:00+10:00,Posted,Sale
B001,T00070,B00070,C0070,2026-07-01T15:00:00+10:00,Posted,Sale
B001,T00071,B00071,C0071,2026-07-01T16:00:00+10:00,Posted,Sale
B001,T00072,B00072,C0072,2026-07-01T17:00:00+10:00,Posted,Sale
B001,T00073,B00073,C0073,2026-07-02T10:00:00+10:00,Posted,Sale
B001,T00074,B00074,C0074,2026-07-02T11:00:00+10:00,Posted,Sale
B001,T00075,B00075,C0075,2026-07-02T12:00:00+10:00,Posted,Sale
B001,T00076,B00076,C0076,2026-07-02T13:00:00+10:00,Posted,Sale
B001,T00077,B00077,C0077,2026-07-02T14:00:00+10:00,Posted,Sale
B001,T00078,B00078,C0078,2026-07-02T15:00:00+10:00,Posted,Sale
B001,T00079,B00079,C0079,2026-06-29T11:00:00+10:00,Posted,Sale
B001,T00080,B00080,C0080,2026-06-29T13:00:00+10:00,Posted,Sale
B001,T00081,B00081,C0081,2026-06-29T15:00:00+10:00,Posted,Sale
B001,T00082,B00082,C0082,2026-06-29T17:00:00+10:00,Posted,Sale
B001,T00083,B00083,C0083,2026-06-30T11:00:00+10:00,Posted,Sale
B001,T00084,B00084,C0084,2026-06-30T13:00:00+10:00,Posted,Sale
B001,T00085,B00085,C0085,2026-06-30T15:00:00+10:00,Posted,Sale
B001,T00086,B00086,C0086,2026-06-30T17:00:00+10:00,Posted,Sale
B001,T00087,B00087,C0087,2026-07-01T11:00:00+10:00,Posted,Sale
B001,T00088,B00088,C0088,2026-07-01T13:00:00+10:00,Posted,Sale
B001,T00089,B00089,C0089,2026-07-01T14:00:00+10:00,Posted,Sale
B001,T00090,B00090,C0090,2026-07-01T15:00:00+10:00,Posted,Sale
B001,T00091,B00091,C0091,2026-07-01T16:00:00+10:00,Posted,Sale
B001,T00092,B00092,C0092,2026-07-01T17:00:00+10:00,Posted,Sale
B001,T00093,B00093,C0093,2026-07-02T10:00:00+10:00,Posted,Sale
B001,T00094,B00094,C0094,2026-07-02T11:00:00+10:00,Posted,Sale
B001,T00095,B00095,C0095,2026-07-02T12:00:00+10:00,Posted,Sale
B001,T00096,B00096,C0096,2026-07-02T13:00:00+10:00,Posted,Sale
B001,T00097,B00097,C0097,2026-07-02T14:00:00+10:00,Posted,Sale
B001,T00098,B00098,C0098,2026-07-02T15:00:00+10:00,Posted,Sale
B001,T00099,B00099,C0099,2026-06-29T11:00:00+10:00,Posted,Sale
B001,T00100,B00100,C0100,2026-06-29T13:00:00+10:00,Posted,Sale
B001,T00101,B00101,C0101,2026-06-29T15:00:00+10:00,Posted,Sale
B001,T00102,B00102,C0102,2026-06-29T17:00:00+10:00,Posted,Sale
B001,T00103,B00103,C0103,2026-06-30T11:00:00+10:00,Posted,Sale
B001,T00104,B00104,C0104,2026-06-30T13:00:00+10:00,Posted,Sale
B001,T00105,B00105,C0105,2026-06-30T15:00:00+10:00,Posted,Sale
B001,T00106,B00106,C0106,2026-06-30T17:00:00+10:00,Posted,Sale
B001,T00107,B00107,C0107,2026-07-01T11:00:00+10:00,Posted,Sale
B001,T00108,B00108,C0108,2026-07-01T13:00:00+10:00,Posted,Sale
B001,T00109,B00109,C0109,2026-07-01T15:00:00+10:00,Posted,Sale
B001,T00110,B00110,C0110,2026-07-01T17:00:00+10:00,Posted,Sale
B001,T00111,B00111,C0111,2026-07-02T10:00:00+10:00,Posted,Sale
B001,T00112,B00112,C0112,2026-07-02T11:00:00+10:00,Posted,Sale
B001,T00113,B00113,C0113,2026-07-02T12:00:00+10:00,Posted,Sale
B001,T00114,B00114,C0114,2026-07-02T13:00:00+10:00,Posted,Sale
B001,T00115,B00115,C0115,2026-07-02T14:00:00+10:00,Posted,Sale
B001,T00116,B00116,C0116,2026-07-02T15:00:00+10:00,Posted,Sale
B001,T00117,B00117,C0117,2026-07-06T11:00:00+10:00,Posted,Sale
B001,T00118,B00118,C0118,2026-07-06T13:00:00+10:00,Posted,Sale
B001,T00119,B00119,C0119,2026-07-06T15:00:00+10:00,Posted,Sale
B001,T00120,B00120,C0120,2026-07-06T17:00:00+10:00,Posted,Sale
B001,T00121,B00121,C0121,2026-07-07T11:00:00+10:00,Posted,Sale
B001,T00122,B00122,C0122,2026-07-07T13:00:00+10:00,Posted,Sale
B001,T00123,B00123,C0123,2026-07-07T15:00:00+10:00,Posted,Sale
B001,T00124,B00124,C0124,2026-07-07T17:00:00+10:00,Posted,Sale
B001,T00125,B00125,C0125,2026-07-08T11:00:00+10:00,Posted,Sale
B001,T00126,B00126,C0126,2026-07-08T13:00:00+10:00,Posted,Sale
B001,T00127,B00127,C0127,2026-07-08T14:00:00+10:00,Posted,Sale
B001,T00128,B00128,C0128,2026-07-08T15:00:00+10:00,Posted,Sale
B001,T00129,B00129,C0129,2026-07-08T16:00:00+10:00,Posted,Sale
B001,T00130,B00130,C0130,2026-07-08T17:00:00+10:00,Posted,Sale
B001,T00131,B00131,C0131,2026-07-09T10:00:00+10:00,Posted,Sale
B001,T00132,B00132,C0132,2026-07-09T11:00:00+10:00,Posted,Sale
B001,T00133,B00133,C0133,2026-07-09T12:00:00+10:00,Posted,Sale
B001,T00134,B00134,C0134,2026-07-09T13:00:00+10:00,Posted,Sale
B001,T00135,B00135,C0135,2026-07-09T14:00:00+10:00,Posted,Sale
B001,T00136,B00136,C0136,2026-07-09T15:00:00+10:00,Posted,Sale
B001,T00137,B00137,C0137,2026-07-06T11:00:00+10:00,Posted,Sale
B001,T00138,B00138,C0138,2026-07-06T13:00:00+10:00,Posted,Sale
B001,T00139,B00139,C0139,2026-07-06T15:00:00+10:00,Posted,Sale
B001,T00140,B00140,C0140,2026-07-06T17:00:00+10:00,Posted,Sale
B001,T00141,B00141,C0141,2026-07-07T11:00:00+10:00,Posted,Sale
B001,T00142,B00142,C0142,2026-07-07T13:00:00+10:00,Posted,Sale
B001,T00143,B00143,C0143,2026-07-07T15:00:00+10:00,Posted,Sale
B001,T00144,B00144,C0144,2026-07-07T17:00:00+10:00,Posted,Sale
B001,T00145,B00145,C0145,2026-07-08T11:00:00+10:00,Posted,Sale
B001,T00146,B00146,C0146,2026-07-08T13:00:00+10:00,Posted,Sale
B001,T00147,B00147,C0147,2026-07-08T14:00:00+10:00,Posted,Sale
B001,T00148,B00148,C0148,2026-07-08T15:00:00+10:00,Posted,Sale
B001,T00149,B00149,C0149,2026-07-08T16:00:00+10:00,Posted,Sale
B001,T00150,B00150,C0150,2026-07-08T17:00:00+10:00,Posted,Sale
B001,T00151,B00151,C0151,2026-07-09T10:00:00+10:00,Posted,Sale
B001,T00152,B00152,C0152,2026-07-09T11:00:00+10:00,Posted,Sale
B001,T00153,B00153,C0153,2026-07-09T12:00:00+10:00,Posted,Sale
B001,T00154,B00154,C0154,2026-07-09T13:00:00+10:00,Posted,Sale
B001,T00155,B00155,C0155,2026-07-09T14:00:00+10:00,Posted,Sale
B001,T00156,B00156,C0156,2026-07-09T15:00:00+10:00,Posted,Sale
B001,T00157,B00157,C0157,2026-07-06T11:00:00+10:00,Posted,Sale
B001,T00158,B00158,C0158,2026-07-06T13:00:00+10:00,Posted,Sale
B001,T00159,B00159,C0159,2026-07-06T15:00:00+10:00,Posted,Sale
B001,T00160,B00160,C0160,2026-07-06T17:00:00+10:00,Posted,Sale
B001,T00161,B00161,C0161,2026-07-07T11:00:00+10:00,Posted,Sale
B001,T00162,B00162,C0162,2026-07-07T13:00:00+10:00,Posted,Sale
B001,T00163,B00163,C0163,2026-07-07T15:00:00+10:00,Posted,Sale
B001,T00164,B00164,C0164,2026-07-07T17:00:00+10:00,Posted,Sale
B001,T00165,B00165,C0165,2026-07-08T11:00:00+10:00,Posted,Sale
B001,T00166,B00166,C0001,2026-07-08T13:00:00+10:00,Posted,Sale
B001,T00167,B00167,C0002,2026-07-08T15:00:00+10:00,Posted,Sale
B001,T00168,B00168,C0003,2026-07-08T17:00:00+10:00,Posted,Sale
B001,T00169,B00169,C0004,2026-07-09T10:00:00+10:00,Posted,Sale
B001,T00170,B00170,C0005,2026-07-09T11:00:00+10:00,Posted,Sale
B001,T00171,B00171,C0006,2026-07-09T12:00:00+10:00,Posted,Sale
B001,T00172,B00172,C0007,2026-07-09T13:00:00+10:00,Posted,Sale
B001,T00173,B00173,C0008,2026-07-09T14:00:00+10:00,Posted,Sale
B001,T00174,B00174,C0009,2026-07-09T15:00:00+10:00,Posted,Sale
B001,T00175,B00175,C0010,2026-07-13T11:00:00+10:00,Posted,Sale
B001,T00176,B00176,C0011,2026-07-13T13:00:00+10:00,Posted,Sale
B001,T00177,B00177,C0012,2026-07-13T15:00:00+10:00,Posted,Sale
B001,T00178,B00178,C0013,2026-07-13T17:00:00+10:00,Posted,Sale
B001,T00179,B00179,C0014,2026-07-14T11:00:00+10:00,Posted,Sale
B001,T00180,B00180,C0015,2026-07-14T13:00:00+10:00,Posted,Sale
B001,T00181,B00181,C0016,2026-07-14T15:00:00+10:00,Posted,Sale
B001,T00182,B00182,C0017,2026-07-14T17:00:00+10:00,Posted,Sale
B001,T00183,B00183,C0018,2026-07-15T11:00:00+10:00,Posted,Sale
B001,T00184,B00184,C0019,2026-07-15T13:00:00+10:00,Posted,Sale
B001,T00185,B00185,C0020,2026-07-15T14:00:00+10:00,Posted,Sale
B001,T00186,B00186,C0021,2026-07-15T15:00:00+10:00,Posted,Sale
B001,T00187,B00187,C0022,2026-07-15T16:00:00+10:00,Posted,Sale
B001,T00188,B00188,C0023,2026-07-15T17:00:00+10:00,Posted,Sale
B001,T00189,B00189,C0024,2026-07-16T10:00:00+10:00,Posted,Sale
B001,T00190,B00190,C0025,2026-07-16T11:00:00+10:00,Posted,Sale
B001,T00191,B00191,C0026,2026-07-16T12:00:00+10:00,Posted,Sale
B001,T00192,B00192,C0027,2026-07-16T13:00:00+10:00,Posted,Sale
B001,T00193,B00193,C0028,2026-07-16T14:00:00+10:00,Posted,Sale
B001,T00194,B00194,C0029,2026-07-16T15:00:00+10:00,Posted,Sale
B001,T00195,B00195,C0030,2026-07-13T11:00:00+10:00,Posted,Sale
B001,T00196,B00196,C0031,2026-07-13T13:00:00+10:00,Posted,Sale
B001,T00197,B00197,C0032,2026-07-13T15:00:00+10:00,Posted,Sale
B001,T00198,B00198,C0033,2026-07-13T17:00:00+10:00,Posted,Sale
B001,T00199,B00199,C0034,2026-07-14T11:00:00+10:00,Posted,Sale
B001,T00200,B00200,C0035,2026-07-14T13:00:00+10:00,Posted,Sale
B001,T00201,B00201,C0036,2026-07-14T15:00:00+10:00,Posted,Sale
B001,T00202,B00202,C0037,2026-07-14T17:00:00+10:00,Posted,Sale
B001,T00203,B00203,C0038,2026-07-15T11:00:00+10:00,Posted,Sale
B001,T00204,B00204,C0039,2026-07-15T13:00:00+10:00,Posted,Sale
B001,T00205,B00205,C0040,2026-07-15T14:00:00+10:00,Posted,Sale
B001,T00206,B00206,C0041,2026-07-15T15:00:00+10:00,Posted,Sale
B001,T00207,B00207,C0042,2026-07-15T16:00:00+10:00,Posted,Sale
B001,T00208,B00208,C0043,2026-07-15T17:00:00+10:00,Posted,Sale
B001,T00209,B00209,C0044,2026-07-16T10:00:00+10:00,Posted,Sale
B001,T00210,B00210,C0045,2026-07-16T11:00:00+10:00,Posted,Sale
B001,T00211,B00211,C0046,2026-07-16T12:00:00+10:00,Posted,Sale
B001,T00212,B00212,C0047,2026-07-16T13:00:00+10:00,Posted,Sale
B001,T00213,B00213,C0048,2026-07-16T14:00:00+10:00,Posted,Sale
B001,T00214,B00214,C0049,2026-07-16T15:00:00+10:00,Posted,Sale
B001,T00215,B00215,C0050,2026-07-13T11:00:00+10:00,Posted,Sale
B001,T00216,B00216,C0051,2026-07-13T13:00:00+10:00,Posted,Sale
B001,T00217,B00217,C0052,2026-07-13T15:00:00+10:00,Posted,Sale
B001,T00218,B00218,C0053,2026-07-13T17:00:00+10:00,Posted,Sale
B001,T00219,B00219,C0054,2026-07-14T11:00:00+10:00,Posted,Sale
B001,T00220,B00220,C0055,2026-07-14T13:00:00+10:00,Posted,Sale
B001,T00221,B00221,C0056,2026-07-14T15:00:00+10:00,Posted,Sale
B001,T00222,B00222,C0057,2026-07-14T17:00:00+10:00,Posted,Sale
B001,T00223,B00223,C0058,2026-07-15T11:00:00+10:00,Posted,Sale
B001,T00224,B00224,C0059,2026-07-15T13:00:00+10:00,Posted,Sale
B001,T00225,B00225,C0060,2026-07-15T15:00:00+10:00,Posted,Sale
B001,T00226,B00226,C0061,2026-07-15T17:00:00+10:00,Posted,Sale
B001,T00227,B00227,C0062,2026-07-16T10:00:00+10:00,Posted,Sale
B001,T00228,B00228,C0063,2026-07-16T11:00:00+10:00,Posted,Sale
B001,T00229,B00229,C0064,2026-07-16T12:00:00+10:00,Posted,Sale
B001,T00230,B00230,C0065,2026-07-16T13:00:00+10:00,Posted,Sale
B001,T00231,B00231,C0066,2026-07-16T14:00:00+10:00,Posted,Sale
B001,T00232,B00232,C0067,2026-07-16T15:00:00+10:00,Posted,Sale
B001,T00233,B00233,C0068,2026-07-20T11:00:00+10:00,Posted,Sale
B001,T00234,B00234,C0069,2026-07-20T13:00:00+10:00,Posted,Sale
B001,T00235,B00235,C0070,2026-07-20T15:00:00+10:00,Posted,Sale
B001,T00236,B00236,C0071,2026-07-20T17:00:00+10:00,Posted,Sale
B001,T00237,B00237,C0072,2026-07-21T11:00:00+10:00,Posted,Sale
B001,T00238,B00238,C0073,2026-07-21T13:00:00+10:00,Posted,Sale
B001,T00239,B00239,C0074,2026-07-21T15:00:00+10:00,Posted,Sale
B001,T00240,B00240,C0075,2026-07-21T17:00:00+10:00,Posted,Sale
B001,T00241,B00241,C0076,2026-07-22T11:00:00+10:00,Posted,Sale
B001,T00242,B00242,C0077,2026-07-22T13:00:00+10:00,Posted,Sale
B001,T00243,B00243,C0078,2026-07-22T14:00:00+10:00,Posted,Sale
B001,T00244,B00244,C0079,2026-07-22T15:00:00+10:00,Posted,Sale
B001,T00245,B00245,C0080,2026-07-22T16:00:00+10:00,Posted,Sale
B001,T00246,B00246,C0081,2026-07-22T17:00:00+10:00,Posted,Sale
B001,T00247,B00247,C0082,2026-07-23T10:00:00+10:00,Posted,Sale
B001,T00248,B00248,C0083,2026-07-23T11:00:00+10:00,Posted,Sale
B001,T00249,B00249,C0084,2026-07-23T12:00:00+10:00,Posted,Sale
B001,T00250,B00250,C0085,2026-07-23T13:00:00+10:00,Posted,Sale
B001,T00251,B00251,C0086,2026-07-23T14:00:00+10:00,Posted,Sale
B001,T00252,B00252,C0087,2026-07-23T15:00:00+10:00,Posted,Sale
B001,T00253,B00253,C0088,2026-07-20T11:00:00+10:00,Posted,Sale
B001,T00254,B00254,C0089,2026-07-20T13:00:00+10:00,Posted,Sale
B001,T00255,B00255,C0090,2026-07-20T15:00:00+10:00,Posted,Sale
B001,T00256,B00256,C0091,2026-07-20T17:00:00+10:00,Posted,Sale
B001,T00257,B00257,C0092,2026-07-21T11:00:00+10:00,Posted,Sale
B001,T00258,B00258,C0093,2026-07-21T13:00:00+10:00,Posted,Sale
B001,T00259,B00259,C0094,2026-07-21T15:00:00+10:00,Posted,Sale
B001,T00260,B00260,C0095,2026-07-21T17:00:00+10:00,Posted,Sale
B001,T00261,B00261,C0096,2026-07-22T11:00:00+10:00,Posted,Sale
B001,T00262,B00262,C0097,2026-07-22T13:00:00+10:00,Posted,Sale
B001,T00263,B00263,C0098,2026-07-22T14:00:00+10:00,Posted,Sale
B001,T00264,B00264,C0099,2026-07-22T15:00:00+10:00,Posted,Sale
B001,T00265,B00265,C0100,2026-07-22T16:00:00+10:00,Posted,Sale
B001,T00266,B00266,C0101,2026-07-22T17:00:00+10:00,Posted,Sale
B001,T00267,B00267,C0102,2026-07-23T10:00:00+10:00,Posted,Sale
B001,T00268,B00268,C0103,2026-07-23T11:00:00+10:00,Posted,Sale
B001,T00269,B00269,C0104,2026-07-23T12:00:00+10:00,Posted,Sale
B001,T00270,B00270,C0105,2026-07-23T13:00:00+10:00,Posted,Sale
B001,T00271,B00271,C0106,2026-07-23T14:00:00+10:00,Posted,Sale
B001,T00272,B00272,C0107,2026-07-23T15:00:00+10:00,Posted,Sale
B001,T00273,B00273,C0108,2026-07-20T11:00:00+10:00,Posted,Sale
B001,T00274,B00274,C0109,2026-07-20T13:00:00+10:00,Posted,Sale
B001,T00275,B00275,C0110,2026-07-20T15:00:00+10:00,Posted,Sale
B001,T00276,B00276,C0111,2026-07-20T17:00:00+10:00,Posted,Sale
B001,T00277,B00277,C0112,2026-07-21T11:00:00+10:00,Posted,Sale
B001,T00278,B00278,C0113,2026-07-21T13:00:00+10:00,Posted,Sale
B001,T00279,B00279,C0114,2026-07-21T15:00:00+10:00,Posted,Sale
B001,T00280,B00280,C0115,2026-07-21T17:00:00+10:00,Posted,Sale
B001,T00281,B00281,C0116,2026-07-22T11:00:00+10:00,Posted,Sale
B001,T00282,B00282,C0117,2026-07-22T13:00:00+10:00,Posted,Sale
B001,T00283,B00283,C0118,2026-07-22T15:00:00+10:00,Posted,Sale
B001,T00284,B00284,C0119,2026-07-22T17:00:00+10:00,Posted,Sale
B001,T00285,B00285,C0120,2026-07-23T10:00:00+10:00,Posted,Sale
B001,T00286,B00286,C0121,2026-07-23T11:00:00+10:00,Posted,Sale
B001,T00287,B00287,C0122,2026-07-23T12:00:00+10:00,Posted,Sale
B001,T00288,B00288,C0123,2026-07-23T13:00:00+10:00,Posted,Sale
B001,T00289,B00289,C0124,2026-07-23T14:00:00+10:00,Posted,Sale
B001,T00290,B00290,C0125,2026-07-23T15:00:00+10:00,Posted,Sale
B001,T00291,B00291,C0126,2026-07-27T11:00:00+10:00,Posted,Sale
B001,T00292,B00292,C0127,2026-07-27T13:00:00+10:00,Posted,Sale
B001,T00293,B00293,C0128,2026-07-27T15:00:00+10:00,Posted,Sale
B001,T00294,B00294,C0129,2026-07-27T17:00:00+10:00,Posted,Sale
B001,T00295,B00295,C0130,2026-07-28T11:00:00+10:00,Posted,Sale
B001,T00296,B00296,C0131,2026-07-28T13:00:00+10:00,Posted,Sale
B001,T00297,B00297,C0132,2026-07-28T15:00:00+10:00,Posted,Sale
B001,T00298,B00298,C0133,2026-07-28T17:00:00+10:00,Posted,Sale
B001,T00299,B00299,C0134,2026-07-29T11:00:00+10:00,Posted,Sale
B001,T00300,B00300,C0135,2026-07-29T13:00:00+10:00,Posted,Sale
B001,T00301,B00301,C0136,2026-07-29T14:00:00+10:00,Posted,Sale
B001,T00302,B00302,C0137,2026-07-29T15:00:00+10:00,Posted,Sale
B001,T00303,B00303,C0138,2026-07-29T16:00:00+10:00,Posted,Sale
B001,T00304,B00304,C0139,2026-07-29T17:00:00+10:00,Posted,Sale
B001,T00305,B00305,C0140,2026-07-30T10:00:00+10:00,Posted,Sale
B001,T00306,B00306,C0141,2026-07-30T11:00:00+10:00,Posted,Sale
B001,T00307,B00307,C0142,2026-07-30T12:00:00+10:00,Posted,Sale
B001,T00308,B00308,C0143,2026-07-30T13:00:00+10:00,Posted,Sale
B001,T00309,B00309,C0144,2026-07-30T14:00:00+10:00,Posted,Sale
B001,T00310,B00310,C0145,2026-07-30T15:00:00+10:00,Posted,Sale
B001,T00311,B00311,C0146,2026-07-27T11:00:00+10:00,Posted,Sale
B001,T00312,B00312,C0147,2026-07-27T13:00:00+10:00,Posted,Sale
B001,T00313,B00313,C0148,2026-07-27T15:00:00+10:00,Posted,Sale
B001,T00314,B00314,C0149,2026-07-27T17:00:00+10:00,Posted,Sale
B001,T00315,B00315,C0150,2026-07-28T11:00:00+10:00,Posted,Sale
B001,T00316,B00316,C0151,2026-07-28T13:00:00+10:00,Posted,Sale
B001,T00317,B00317,C0152,2026-07-28T15:00:00+10:00,Posted,Sale
B001,T00318,B00318,C0153,2026-07-28T17:00:00+10:00,Posted,Sale
B001,T00319,B00319,C0154,2026-07-29T11:00:00+10:00,Posted,Sale
B001,T00320,B00320,C0155,2026-07-29T13:00:00+10:00,Posted,Sale
B001,T00321,B00321,C0156,2026-07-29T14:00:00+10:00,Posted,Sale
B001,T00322,B00322,C0157,2026-07-29T15:00:00+10:00,Posted,Sale
B001,T00323,B00323,C0158,2026-07-29T16:00:00+10:00,Posted,Sale
B001,T00324,B00324,C0159,2026-07-29T17:00:00+10:00,Posted,Sale
B001,T00325,B00325,C0160,2026-07-30T10:00:00+10:00,Posted,Sale
B001,T00326,B00326,C0161,2026-07-30T11:00:00+10:00,Posted,Sale
B001,T00327,B00327,C0162,2026-07-30T12:00:00+10:00,Posted,Sale
B001,T00328,B00328,C0163,2026-07-30T13:00:00+10:00,Posted,Sale
B001,T00329,B00329,C0164,2026-07-30T14:00:00+10:00,Posted,Sale
B001,T00330,B00330,C0165,2026-07-30T15:00:00+10:00,Posted,Sale
B001,T00331,B00331,C0001,2026-07-27T11:00:00+10:00,Posted,Sale
B001,T00332,B00332,C0002,2026-07-27T13:00:00+10:00,Posted,Sale
B001,T00333,B00333,C0003,2026-07-27T15:00:00+10:00,Posted,Sale
B001,T00334,B00334,C0004,2026-07-27T17:00:00+10:00,Posted,Sale
B001,T00335,B00335,C0005,2026-07-28T11:00:00+10:00,Posted,Sale
B001,T00336,B00336,C0006,2026-07-28T13:00:00+10:00,Posted,Sale
B001,T00337,B00337,C0007,2026-07-28T15:00:00+10:00,Posted,Sale
B001,T00338,B00338,C0008,2026-07-28T17:00:00+10:00,Posted,Sale
B001,T00339,B00339,C0009,2026-07-29T11:00:00+10:00,Posted,Sale
B001,T00340,B00340,C0010,2026-07-29T13:00:00+10:00,Posted,Sale
B001,T00341,B00341,C0011,2026-07-29T15:00:00+10:00,Posted,Sale
B001,T00342,B00342,C0012,2026-07-29T17:00:00+10:00,Posted,Sale
B001,T00343,B00343,C0013,2026-07-30T10:00:00+10:00,Posted,Sale
B001,T00344,B00344,C0014,2026-07-30T11:00:00+10:00,Posted,Sale
B001,T00345,B00345,C0015,2026-07-30T12:00:00+10:00,Posted,Sale
B001,T00346,B00346,C0016,2026-07-30T13:00:00+10:00,Posted,Sale
B001,T00347,B00347,C0017,2026-07-30T14:00:00+10:00,Posted,Sale
B001,T00348,B00348,C0018,2026-07-30T15:00:00+10:00,Posted,Sale
B001,T00349,B00349,C0019,2026-08-03T11:00:00+10:00,Posted,Sale
B001,T00350,B00350,C0020,2026-08-03T13:00:00+10:00,Posted,Sale
B001,T00351,B00351,C0021,2026-08-03T15:00:00+10:00,Posted,Sale
B001,T00352,B00352,C0022,2026-08-03T17:00:00+10:00,Posted,Sale
B001,T00353,B00353,C0023,2026-08-04T11:00:00+10:00,Posted,Sale
B001,T00354,B00354,C0024,2026-08-04T13:00:00+10:00,Posted,Sale
B001,T00355,B00355,C0025,2026-08-04T15:00:00+10:00,Posted,Sale
B001,T00356,B00356,C0026,2026-08-04T17:00:00+10:00,Posted,Sale
B001,T00357,B00357,C0027,2026-08-05T11:00:00+10:00,Posted,Sale
B001,T00358,B00358,C0028,2026-08-05T13:00:00+10:00,Posted,Sale
B001,T00359,B00359,C0029,2026-08-05T14:00:00+10:00,Posted,Sale
B001,T00360,B00360,C0030,2026-08-05T15:00:00+10:00,Posted,Sale
B001,T00361,B00361,C0031,2026-08-05T16:00:00+10:00,Posted,Sale
B001,T00362,B00362,C0032,2026-08-05T17:00:00+10:00,Posted,Sale
B001,T00363,B00363,C0033,2026-08-06T10:00:00+10:00,Posted,Sale
B001,T00364,B00364,C0034,2026-08-06T11:00:00+10:00,Posted,Sale
B001,T00365,B00365,C0035,2026-08-06T12:00:00+10:00,Posted,Sale
B001,T00366,B00366,C0036,2026-08-06T13:00:00+10:00,Posted,Sale
B001,T00367,B00367,C0037,2026-08-06T14:00:00+10:00,Posted,Sale
B001,T00368,B00368,C0038,2026-08-06T15:00:00+10:00,Posted,Sale
B001,T00369,B00369,C0039,2026-08-03T11:00:00+10:00,Posted,Sale
B001,T00370,B00370,C0040,2026-08-03T13:00:00+10:00,Posted,Sale
B001,T00371,B00371,C0041,2026-08-03T15:00:00+10:00,Posted,Sale
B001,T00372,B00372,C0042,2026-08-03T17:00:00+10:00,Posted,Sale
B001,T00373,B00373,C0043,2026-08-04T11:00:00+10:00,Posted,Sale
B001,T00374,B00374,C0044,2026-08-04T13:00:00+10:00,Posted,Sale
B001,T00375,B00375,C0045,2026-08-04T15:00:00+10:00,Posted,Sale
B001,T00376,B00376,C0046,2026-08-04T17:00:00+10:00,Posted,Sale
B001,T00377,B00377,C0047,2026-08-05T11:00:00+10:00,Posted,Sale
B001,T00378,B00378,C0048,2026-08-05T13:00:00+10:00,Posted,Sale
B001,T00379,B00379,C0049,2026-08-05T14:00:00+10:00,Posted,Sale
B001,T00380,B00380,C0050,2026-08-05T15:00:00+10:00,Posted,Sale
B001,T00381,B00381,C0051,2026-08-05T16:00:00+10:00,Posted,Sale
B001,T00382,B00382,C0052,2026-08-05T17:00:00+10:00,Posted,Sale
B001,T00383,B00383,C0053,2026-08-06T10:00:00+10:00,Posted,Sale
B001,T00384,B00384,C0054,2026-08-06T11:00:00+10:00,Posted,Sale
B001,T00385,B00385,C0055,2026-08-06T12:00:00+10:00,Posted,Sale
B001,T00386,B00386,C0056,2026-08-06T13:00:00+10:00,Posted,Sale
B001,T00387,B00387,C0057,2026-08-06T14:00:00+10:00,Posted,Sale
B001,T00388,B00388,C0058,2026-08-06T15:00:00+10:00,Posted,Sale
B001,T00389,B00389,C0059,2026-08-03T11:00:00+10:00,Posted,Sale
B001,T00390,B00390,C0060,2026-08-03T13:00:00+10:00,Posted,Sale
B001,T00391,B00391,C0061,2026-08-03T15:00:00+10:00,Posted,Sale
B001,T00392,B00392,C0062,2026-08-03T17:00:00+10:00,Posted,Sale
B001,T00393,B00393,C0063,2026-08-04T11:00:00+10:00,Posted,Sale
B001,T00394,B00394,C0064,2026-08-04T13:00:00+10:00,Posted,Sale
B001,T00395,B00395,C0065,2026-08-04T15:00:00+10:00,Posted,Sale
B001,T00396,B00396,C0066,2026-08-04T17:00:00+10:00,Posted,Sale
B001,T00397,B00397,C0067,2026-08-05T11:00:00+10:00,Posted,Sale
B001,T00398,B00398,C0068,2026-08-05T13:00:00+10:00,Posted,Sale
B001,T00399,B00399,C0069,2026-08-05T15:00:00+10:00,Posted,Sale
B001,T00400,B00400,C0070,2026-08-05T17:00:00+10:00,Posted,Sale
B001,T00401,B00401,C0071,2026-08-06T10:00:00+10:00,Posted,Sale
B001,T00402,B00402,C0072,2026-08-06T11:00:00+10:00,Posted,Sale
B001,T00403,B00403,C0073,2026-08-06T12:00:00+10:00,Posted,Sale
B001,T00404,B00404,C0074,2026-08-06T13:00:00+10:00,Posted,Sale
B001,T00405,B00405,C0075,2026-08-06T14:00:00+10:00,Posted,Sale
B001,T00406,B00406,C0076,2026-08-06T15:00:00+10:00,Posted,Sale
B001,T00407,B00407,C0077,2026-08-10T11:00:00+10:00,Posted,Sale
B001,T00408,B00408,C0078,2026-08-10T13:00:00+10:00,Posted,Sale
B001,T00409,B00409,C0079,2026-08-10T15:00:00+10:00,Posted,Sale
B001,T00410,B00410,C0080,2026-08-10T17:00:00+10:00,Posted,Sale
B001,T00411,B00411,C0081,2026-08-11T11:00:00+10:00,Posted,Sale
B001,T00412,B00412,C0082,2026-08-11T13:00:00+10:00,Posted,Sale
B001,T00413,B00413,C0083,2026-08-11T15:00:00+10:00,Posted,Sale
B001,T00414,B00414,C0084,2026-08-11T17:00:00+10:00,Posted,Sale
B001,T00415,B00415,C0085,2026-08-12T11:00:00+10:00,Posted,Sale
B001,T00416,B00416,C0086,2026-08-12T13:00:00+10:00,Posted,Sale
B001,T00417,B00417,C0087,2026-08-12T14:00:00+10:00,Posted,Sale
B001,T00418,B00418,C0088,2026-08-12T15:00:00+10:00,Posted,Sale
B001,T00419,B00419,C0089,2026-08-12T16:00:00+10:00,Posted,Sale
B001,T00420,B00420,C0090,2026-08-12T17:00:00+10:00,Posted,Sale
B001,T00421,B00421,C0091,2026-08-13T10:00:00+10:00,Posted,Sale
B001,T00422,B00422,C0092,2026-08-13T11:00:00+10:00,Posted,Sale
B001,T00423,B00423,C0093,2026-08-13T12:00:00+10:00,Posted,Sale
B001,T00424,B00424,C0094,2026-08-13T13:00:00+10:00,Posted,Sale
B001,T00425,B00425,C0095,2026-08-13T14:00:00+10:00,Posted,Sale
B001,T00426,B00426,C0096,2026-08-13T15:00:00+10:00,Posted,Sale
B001,T00427,B00427,C0097,2026-08-10T11:00:00+10:00,Posted,Sale
B001,T00428,B00428,C0098,2026-08-10T13:00:00+10:00,Posted,Sale
B001,T00429,B00429,C0099,2026-08-10T15:00:00+10:00,Posted,Sale
B001,T00430,B00430,C0100,2026-08-10T17:00:00+10:00,Posted,Sale
B001,T00431,B00431,C0101,2026-08-11T11:00:00+10:00,Posted,Sale
B001,T00432,B00432,C0102,2026-08-11T13:00:00+10:00,Posted,Sale
B001,T00433,B00433,C0103,2026-08-11T15:00:00+10:00,Posted,Sale
B001,T00434,B00434,C0104,2026-08-11T17:00:00+10:00,Posted,Sale
B001,T00435,B00435,C0105,2026-08-12T11:00:00+10:00,Posted,Sale
B001,T00436,B00436,C0106,2026-08-12T13:00:00+10:00,Posted,Sale
B001,T00437,B00437,C0107,2026-08-12T14:00:00+10:00,Posted,Sale
B001,T00438,B00438,C0108,2026-08-12T15:00:00+10:00,Posted,Sale
B001,T00439,B00439,C0109,2026-08-12T16:00:00+10:00,Posted,Sale
B001,T00440,B00440,C0110,2026-08-12T17:00:00+10:00,Posted,Sale
B001,T00441,B00441,C0111,2026-08-13T10:00:00+10:00,Posted,Sale
B001,T00442,B00442,C0112,2026-08-13T11:00:00+10:00,Posted,Sale
B001,T00443,B00443,C0113,2026-08-13T12:00:00+10:00,Posted,Sale
B001,T00444,B00444,C0114,2026-08-13T13:00:00+10:00,Posted,Sale
B001,T00445,B00445,C0115,2026-08-13T14:00:00+10:00,Posted,Sale
B001,T00446,B00446,C0116,2026-08-13T15:00:00+10:00,Posted,Sale
B001,T00447,B00447,C0117,2026-08-10T11:00:00+10:00,Posted,Sale
B001,T00448,B00448,C0118,2026-08-10T13:00:00+10:00,Posted,Sale
B001,T00449,B00449,C0119,2026-08-10T15:00:00+10:00,Posted,Sale
B001,T00450,B00450,C0120,2026-08-10T17:00:00+10:00,Posted,Sale
B001,T00451,B00451,C0121,2026-08-11T11:00:00+10:00,Posted,Sale
B001,T00452,B00452,C0122,2026-08-11T13:00:00+10:00,Posted,Sale
B001,T00453,B00453,C0123,2026-08-11T15:00:00+10:00,Posted,Sale
B001,T00454,B00454,C0124,2026-08-11T17:00:00+10:00,Posted,Sale
B001,T00455,B00455,C0125,2026-08-12T11:00:00+10:00,Posted,Sale
B001,T00456,B00456,C0126,2026-08-12T13:00:00+10:00,Posted,Sale
B001,T00457,B00457,C0127,2026-08-12T15:00:00+10:00,Posted,Sale
B001,T00458,B00458,C0128,2026-08-12T17:00:00+10:00,Posted,Sale
B001,T00459,B00459,C0129,2026-08-13T10:00:00+10:00,Posted,Sale
B001,T00460,B00460,C0130,2026-08-13T11:00:00+10:00,Posted,Sale
B001,T00461,B00461,C0131,2026-08-13T12:00:00+10:00,Posted,Sale
B001,T00462,B00462,C0132,2026-08-13T13:00:00+10:00,Posted,Sale
B001,T00463,B00463,C0133,2026-08-13T14:00:00+10:00,Posted,Sale
B001,T00464,B00464,C0134,2026-08-13T15:00:00+10:00,Posted,Sale
B001,T00465,B00465,C0135,2026-08-17T11:00:00+10:00,Posted,Sale
B001,T00466,B00466,C0136,2026-08-17T13:00:00+10:00,Posted,Sale
B001,T00467,B00467,C0137,2026-08-17T15:00:00+10:00,Posted,Sale
B001,T00468,B00468,C0138,2026-08-17T17:00:00+10:00,Posted,Sale
B001,T00469,B00469,C0139,2026-08-18T11:00:00+10:00,Posted,Sale
B001,T00470,B00470,C0140,2026-08-18T13:00:00+10:00,Posted,Sale
B001,T00471,B00471,C0141,2026-08-18T15:00:00+10:00,Posted,Sale
B001,T00472,B00472,C0142,2026-08-18T17:00:00+10:00,Posted,Sale
B001,T00473,B00473,C0143,2026-08-19T11:00:00+10:00,Posted,Sale
B001,T00474,B00474,C0144,2026-08-19T13:00:00+10:00,Posted,Sale
B001,T00475,B00475,C0145,2026-08-19T14:00:00+10:00,Posted,Sale
B001,T00476,B00476,C0146,2026-08-19T15:00:00+10:00,Posted,Sale
B001,T00477,B00477,C0147,2026-08-19T16:00:00+10:00,Posted,Sale
B001,T00478,B00478,C0148,2026-08-19T17:00:00+10:00,Posted,Sale
B001,T00479,B00479,C0149,2026-08-20T10:00:00+10:00,Posted,Sale
B001,T00480,B00480,C0150,2026-08-20T11:00:00+10:00,Posted,Sale
B001,T00481,B00481,C0151,2026-08-20T12:00:00+10:00,Posted,Sale
B001,T00482,B00482,C0152,2026-08-20T13:00:00+10:00,Posted,Sale
B001,T00483,B00483,C0153,2026-08-20T14:00:00+10:00,Posted,Sale
B001,T00484,B00484,C0154,2026-08-20T15:00:00+10:00,Posted,Sale
B001,T00485,B00485,C0155,2026-08-17T11:00:00+10:00,Posted,Sale
B001,T00486,B00486,C0156,2026-08-17T13:00:00+10:00,Posted,Sale
B001,T00487,B00487,C0157,2026-08-17T15:00:00+10:00,Posted,Sale
B001,T00488,B00488,C0158,2026-08-17T17:00:00+10:00,Posted,Sale
B001,T00489,B00489,C0159,2026-08-18T11:00:00+10:00,Posted,Sale
B001,T00490,B00490,C0160,2026-08-18T13:00:00+10:00,Posted,Sale
B001,T00491,B00491,C0161,2026-08-18T15:00:00+10:00,Posted,Sale
B001,T00492,B00492,C0162,2026-08-18T17:00:00+10:00,Posted,Sale
B001,T00493,B00493,C0163,2026-08-19T11:00:00+10:00,Posted,Sale
B001,T00494,B00494,C0164,2026-08-19T13:00:00+10:00,Posted,Sale
B001,T00495,B00495,C0165,2026-08-19T14:00:00+10:00,Posted,Sale
B001,T00496,B00496,C0001,2026-08-19T15:00:00+10:00,Posted,Sale
B001,T00497,B00497,C0002,2026-08-19T16:00:00+10:00,Posted,Sale
B001,T00498,B00498,C0003,2026-08-19T17:00:00+10:00,Posted,Sale
B001,T00499,B00499,C0004,2026-08-20T10:00:00+10:00,Posted,Sale
B001,T00500,B00500,C0005,2026-08-20T11:00:00+10:00,Posted,Sale
B001,T00501,B00501,C0006,2026-08-20T12:00:00+10:00,Posted,Sale
B001,T00502,B00502,C0007,2026-08-20T13:00:00+10:00,Posted,Sale
B001,T00503,B00503,C0008,2026-08-20T14:00:00+10:00,Posted,Sale
B001,T00504,B00504,C0009,2026-08-20T15:00:00+10:00,Posted,Sale
B001,T00505,B00505,C0010,2026-08-17T11:00:00+10:00,Posted,Sale
B001,T00506,B00506,C0011,2026-08-17T13:00:00+10:00,Posted,Sale
B001,T00507,B00507,C0012,2026-08-17T15:00:00+10:00,Posted,Sale
B001,T00508,B00508,C0013,2026-08-17T17:00:00+10:00,Posted,Sale
B001,T00509,B00509,C0014,2026-08-18T11:00:00+10:00,Posted,Sale
B001,T00510,B00510,C0015,2026-08-18T13:00:00+10:00,Posted,Sale
B001,T00511,B00511,C0016,2026-08-18T15:00:00+10:00,Posted,Sale
B001,T00512,B00512,C0017,2026-08-18T17:00:00+10:00,Posted,Sale
B001,T00513,B00513,C0018,2026-08-19T11:00:00+10:00,Posted,Sale
B001,T00514,B00514,C0019,2026-08-19T13:00:00+10:00,Posted,Sale
B001,T00515,B00515,C0020,2026-08-19T15:00:00+10:00,Posted,Sale
B001,T00516,B00516,C0021,2026-08-19T17:00:00+10:00,Posted,Sale
B001,T00517,B00517,C0022,2026-08-20T10:00:00+10:00,Posted,Sale
B001,T00518,B00518,C0023,2026-08-20T11:00:00+10:00,Posted,Sale
B001,T00519,B00519,C0024,2026-08-20T12:00:00+10:00,Posted,Sale
B001,T00520,B00520,C0025,2026-08-20T13:00:00+10:00,Posted,Sale
B001,T00521,B00521,C0026,2026-08-20T14:00:00+10:00,Posted,Sale
B001,T00522,B00522,C0027,2026-08-20T15:00:00+10:00,Posted,Sale
B001,T00523,B00523,C0028,2026-08-24T11:00:00+10:00,Posted,Sale
B001,T00524,B00524,C0029,2026-08-24T13:00:00+10:00,Posted,Sale
B001,T00525,B00525,C0030,2026-08-24T15:00:00+10:00,Posted,Sale
B001,T00526,B00526,C0031,2026-08-24T17:00:00+10:00,Posted,Sale
B001,T00527,B00527,C0032,2026-08-25T11:00:00+10:00,Posted,Sale
B001,T00528,B00528,C0033,2026-08-25T13:00:00+10:00,Posted,Sale
B001,T00529,B00529,C0034,2026-08-25T15:00:00+10:00,Posted,Sale
B001,T00530,B00530,C0035,2026-08-25T17:00:00+10:00,Posted,Sale
B001,T00531,B00531,C0036,2026-08-26T11:00:00+10:00,Posted,Sale
B001,T00532,B00532,C0037,2026-08-26T13:00:00+10:00,Posted,Sale
B001,T00533,B00533,C0038,2026-08-26T14:00:00+10:00,Posted,Sale
B001,T00534,B00534,C0039,2026-08-26T15:00:00+10:00,Posted,Sale
B001,T00535,B00535,C0040,2026-08-26T16:00:00+10:00,Posted,Sale
B001,T00536,B00536,C0041,2026-08-26T17:00:00+10:00,Posted,Sale
B001,T00537,B00537,C0042,2026-08-27T10:00:00+10:00,Posted,Sale
B001,T00538,B00538,C0043,2026-08-27T11:00:00+10:00,Posted,Sale
B001,T00539,B00539,C0044,2026-08-27T12:00:00+10:00,Posted,Sale
B001,T00540,B00540,C0045,2026-08-27T13:00:00+10:00,Posted,Sale
B001,T00541,B00541,C0046,2026-08-27T14:00:00+10:00,Posted,Sale
B001,T00542,B00542,C0047,2026-08-27T15:00:00+10:00,Posted,Sale
B001,T00543,B00543,C0048,2026-08-24T11:00:00+10:00,Posted,Sale
B001,T00544,B00544,C0049,2026-08-24T13:00:00+10:00,Posted,Sale
B001,T00545,B00545,C0050,2026-08-24T15:00:00+10:00,Posted,Sale
B001,T00546,B00546,C0051,2026-08-24T17:00:00+10:00,Posted,Sale
B001,T00547,B00547,C0052,2026-08-25T11:00:00+10:00,Posted,Sale
B001,T00548,B00548,C0053,2026-08-25T13:00:00+10:00,Posted,Sale
B001,T00549,B00549,C0054,2026-08-25T15:00:00+10:00,Posted,Sale
B001,T00550,B00550,C0055,2026-08-25T17:00:00+10:00,Posted,Sale
B001,T00551,B00551,C0056,2026-08-26T11:00:00+10:00,Posted,Sale
B001,T00552,B00552,C0057,2026-08-26T13:00:00+10:00,Posted,Sale
B001,T00553,B00553,C0058,2026-08-26T14:00:00+10:00,Posted,Sale
B001,T00554,B00554,C0059,2026-08-26T15:00:00+10:00,Posted,Sale
B001,T00555,B00555,C0060,2026-08-26T16:00:00+10:00,Posted,Sale
B001,T00556,B00556,C0061,2026-08-26T17:00:00+10:00,Posted,Sale
B001,T00557,B00557,C0062,2026-08-27T10:00:00+10:00,Posted,Sale
B001,T00558,B00558,C0063,2026-08-27T11:00:00+10:00,Posted,Sale
B001,T00559,B00559,C0064,2026-08-27T12:00:00+10:00,Posted,Sale
B001,T00560,B00560,C0065,2026-08-27T13:00:00+10:00,Posted,Sale
B001,T00561,B00561,C0066,2026-08-27T14:00:00+10:00,Posted,Sale
B001,T00562,B00562,C0067,2026-08-27T15:00:00+10:00,Posted,Sale
B001,T00563,B00563,C0068,2026-08-24T11:00:00+10:00,Posted,Sale
B001,T00564,B00564,C0069,2026-08-24T13:00:00+10:00,Posted,Sale
B001,T00565,B00565,C0070,2026-08-24T15:00:00+10:00,Posted,Sale
B001,T00566,B00566,C0071,2026-08-24T17:00:00+10:00,Posted,Sale
B001,T00567,B00567,C0072,2026-08-25T11:00:00+10:00,Posted,Sale
B001,T00568,B00568,C0073,2026-08-25T13:00:00+10:00,Posted,Sale
B001,T00569,B00569,C0074,2026-08-25T15:00:00+10:00,Posted,Sale
B001,T00570,B00570,C0075,2026-08-25T17:00:00+10:00,Posted,Sale
B001,T00571,B00571,C0076,2026-08-26T11:00:00+10:00,Posted,Sale
B001,T00572,B00572,C0077,2026-08-26T13:00:00+10:00,Posted,Sale
B001,T00573,B00573,C0078,2026-08-26T15:00:00+10:00,Posted,Sale
B001,T00574,B00574,C0079,2026-08-26T17:00:00+10:00,Posted,Sale
B001,T00575,B00575,C0080,2026-08-27T10:00:00+10:00,Posted,Sale
B001,T00576,B00576,C0081,2026-08-27T11:00:00+10:00,Posted,Sale
B001,T00577,B00577,C0082,2026-08-27T12:00:00+10:00,Posted,Sale
B001,T00578,B00578,C0083,2026-08-27T13:00:00+10:00,Posted,Sale
B001,T00579,B00579,C0084,2026-08-27T14:00:00+10:00,Posted,Sale
B001,T00580,B00580,C0085,2026-08-27T15:00:00+10:00,Posted,Sale
B001,T00581,B00581,C0086,2026-08-31T11:00:00+10:00,Posted,Sale
B001,T00582,B00582,C0087,2026-08-31T13:00:00+10:00,Posted,Sale
B001,T00583,B00583,C0088,2026-08-31T15:00:00+10:00,Posted,Sale
B001,T00584,B00584,C0089,2026-08-31T17:00:00+10:00,Posted,Sale
B001,T00585,B00585,C0090,2026-09-01T11:00:00+10:00,Posted,Sale
B001,T00586,B00586,C0091,2026-09-01T13:00:00+10:00,Posted,Sale
B001,T00587,B00587,C0092,2026-09-01T15:00:00+10:00,Posted,Sale
B001,T00588,B00588,C0093,2026-09-01T17:00:00+10:00,Posted,Sale
B001,T00589,B00589,C0094,2026-09-02T11:00:00+10:00,Posted,Sale
B001,T00590,B00590,C0095,2026-09-02T13:00:00+10:00,Posted,Sale
B001,T00591,B00591,C0096,2026-09-02T14:00:00+10:00,Posted,Sale
B001,T00592,B00592,C0097,2026-09-02T15:00:00+10:00,Posted,Sale
B001,T00593,B00593,C0098,2026-09-02T16:00:00+10:00,Posted,Sale
B001,T00594,B00594,C0099,2026-09-02T17:00:00+10:00,Posted,Sale
B001,T00595,B00595,C0100,2026-09-03T10:00:00+10:00,Posted,Sale
B001,T00596,B00596,C0101,2026-09-03T11:00:00+10:00,Posted,Sale
B001,T00597,B00597,C0102,2026-09-03T12:00:00+10:00,Posted,Sale
B001,T00598,B00598,C0103,2026-09-03T13:00:00+10:00,Posted,Sale
B001,T00599,B00599,C0104,2026-09-03T14:00:00+10:00,Posted,Sale
B001,T00600,B00600,C0105,2026-09-03T15:00:00+10:00,Posted,Sale
B001,T00601,B00601,C0106,2026-08-31T11:00:00+10:00,Posted,Sale
B001,T00602,B00602,C0107,2026-08-31T13:00:00+10:00,Posted,Sale
B001,T00603,B00603,C0108,2026-08-31T15:00:00+10:00,Posted,Sale
B001,T00604,B00604,C0109,2026-08-31T17:00:00+10:00,Posted,Sale
B001,T00605,B00605,C0110,2026-09-01T11:00:00+10:00,Posted,Sale
B001,T00606,B00606,C0111,2026-09-01T13:00:00+10:00,Posted,Sale
B001,T00607,B00607,C0112,2026-09-01T15:00:00+10:00,Posted,Sale
B001,T00608,B00608,C0113,2026-09-01T17:00:00+10:00,Posted,Sale
B001,T00609,B00609,C0114,2026-09-02T11:00:00+10:00,Posted,Sale
B001,T00610,B00610,C0115,2026-09-02T13:00:00+10:00,Posted,Sale
B001,T00611,B00611,C0116,2026-09-02T14:00:00+10:00,Posted,Sale
B001,T00612,B00612,C0117,2026-09-02T15:00:00+10:00,Posted,Sale
B001,T00613,B00613,C0118,2026-09-02T16:00:00+10:00,Posted,Sale
B001,T00614,B00614,C0119,2026-09-02T17:00:00+10:00,Posted,Sale
B001,T00615,B00615,C0120,2026-09-03T10:00:00+10:00,Posted,Sale
B001,T00616,B00616,C0121,2026-09-03T11:00:00+10:00,Posted,Sale
B001,T00617,B00617,C0122,2026-09-03T12:00:00+10:00,Posted,Sale
B001,T00618,B00618,C0123,2026-09-03T13:00:00+10:00,Posted,Sale
B001,T00619,B00619,C0124,2026-09-03T14:00:00+10:00,Posted,Sale
B001,T00620,B00620,C0125,2026-09-03T15:00:00+10:00,Posted,Sale
B001,T00621,B00621,C0126,2026-08-31T11:00:00+10:00,Posted,Sale
B001,T00622,B00622,C0127,2026-08-31T13:00:00+10:00,Posted,Sale
B001,T00623,B00623,C0128,2026-08-31T15:00:00+10:00,Posted,Sale
B001,T00624,B00624,C0129,2026-08-31T17:00:00+10:00,Posted,Sale
B001,T00625,B00625,C0130,2026-09-01T11:00:00+10:00,Posted,Sale
B001,T00626,B00626,C0131,2026-09-01T13:00:00+10:00,Posted,Sale
B001,T00627,B00627,C0132,2026-09-01T15:00:00+10:00,Posted,Sale
B001,T00628,B00628,C0133,2026-09-01T17:00:00+10:00,Posted,Sale
B001,T00629,B00629,C0134,2026-09-02T11:00:00+10:00,Posted,Sale
B001,T00630,B00630,C0135,2026-09-02T13:00:00+10:00,Posted,Sale
B001,T00631,B00631,C0136,2026-09-02T15:00:00+10:00,Posted,Sale
B001,T00632,B00632,C0137,2026-09-02T17:00:00+10:00,Posted,Sale
B001,T00633,B00633,C0138,2026-09-03T10:00:00+10:00,Posted,Sale
B001,T00634,B00634,C0139,2026-09-03T11:00:00+10:00,Posted,Sale
B001,T00635,B00635,C0140,2026-09-03T12:00:00+10:00,Posted,Sale
B001,T00636,B00636,C0141,2026-09-03T13:00:00+10:00,Posted,Sale
B001,T00637,B00637,C0142,2026-09-03T14:00:00+10:00,Posted,Sale
B001,T00638,B00638,C0143,2026-09-03T15:00:00+10:00,Posted,Sale
B001,T00639,B00639,C0144,2026-09-07T11:00:00+10:00,Posted,Sale
B001,T00640,B00640,C0145,2026-09-07T13:00:00+10:00,Posted,Sale
B001,T00641,B00641,C0146,2026-09-07T15:00:00+10:00,Posted,Sale
B001,T00642,B00642,C0147,2026-09-07T16:00:00+10:00,Posted,Sale
B001,T00643,B00643,C0148,2026-09-07T17:00:00+10:00,Posted,Sale
B001,T00644,B00644,C0149,2026-09-10T10:00:00+10:00,Posted,Sale
B001,T00645,B00645,C0150,2026-09-10T11:00:00+10:00,Posted,Sale
B001,T00646,B00646,C0151,2026-09-10T12:00:00+10:00,Posted,Sale
B001,T00647,B00647,C0152,2026-09-10T13:00:00+10:00,Posted,Sale
B001,T00648,B00648,C0153,2026-09-10T14:00:00+10:00,Posted,Sale
B001,T00649,B00649,C0154,2026-09-10T15:00:00+10:00,Posted,Sale
B001,T00650,B00650,C0155,2026-09-10T16:00:00+10:00,Posted,Sale
B001,T00651,B00651,C0156,2026-09-10T17:00:00+10:00,Posted,Sale
B001,T00652,B00652,C0157,2026-09-11T10:00:00+10:00,Posted,Sale
B001,T00653,B00653,C0158,2026-09-11T11:00:00+10:00,Posted,Sale
B001,T00654,B00654,C0159,2026-09-07T11:00:00+10:00,Posted,Sale
B001,T00655,B00655,C0160,2026-09-07T13:00:00+10:00,Posted,Sale
B001,T00656,B00656,C0161,2026-09-07T15:00:00+10:00,Posted,Sale
B001,T00657,B00657,C0162,2026-09-07T17:00:00+10:00,Posted,Sale
B001,T00658,B00658,C0163,2026-09-08T11:00:00+10:00,Posted,Sale
B001,T00659,B00659,C0164,2026-09-08T13:00:00+10:00,Posted,Sale
B001,T00660,B00660,C0165,2026-09-08T15:00:00+10:00,Posted,Sale
B001,T00661,B00661,C0001,2026-09-08T17:00:00+10:00,Posted,Sale
B001,T00662,B00662,C0002,2026-09-09T11:00:00+10:00,Posted,Sale
B001,T00663,B00663,C0003,2026-09-09T13:00:00+10:00,Posted,Sale
B001,T00664,B00664,C0004,2026-09-09T14:00:00+10:00,Posted,Sale
B001,T00665,B00665,C0005,2026-09-09T15:00:00+10:00,Posted,Sale
B001,T00666,B00666,C0006,2026-09-09T16:00:00+10:00,Posted,Sale
B001,T00667,B00667,C0007,2026-09-09T17:00:00+10:00,Posted,Sale
B001,T00668,B00668,C0008,2026-09-10T10:00:00+10:00,Posted,Sale
B001,T00669,B00669,C0009,2026-09-10T11:00:00+10:00,Posted,Sale
B001,T00670,B00670,C0010,2026-09-10T12:00:00+10:00,Posted,Sale
B001,T00671,B00671,C0011,2026-09-10T13:00:00+10:00,Posted,Sale
B001,T00672,B00672,C0012,2026-09-10T14:00:00+10:00,Posted,Sale
B001,T00673,B00673,C0013,2026-09-10T15:00:00+10:00,Posted,Sale
B001,T00674,B00674,C0014,2026-09-07T11:00:00+10:00,Posted,Sale
B001,T00675,B00675,C0015,2026-09-07T13:00:00+10:00,Posted,Sale
B001,T00676,B00676,C0016,2026-09-07T15:00:00+10:00,Posted,Sale
B001,T00677,B00677,C0017,2026-09-07T17:00:00+10:00,Posted,Sale
B001,T00678,B00678,C0018,2026-09-08T11:00:00+10:00,Posted,Sale
B001,T00679,B00679,C0019,2026-09-08T13:00:00+10:00,Posted,Sale
B001,T00680,B00680,C0020,2026-09-08T15:00:00+10:00,Posted,Sale
B001,T00681,B00681,C0021,2026-09-08T17:00:00+10:00,Posted,Sale
B001,T00682,B00682,C0022,2026-09-09T11:00:00+10:00,Posted,Sale
B001,T00683,B00683,C0023,2026-09-09T13:00:00+10:00,Posted,Sale
B001,T00684,B00684,C0024,2026-09-09T15:00:00+10:00,Posted,Sale
B001,T00685,B00685,C0025,2026-09-09T17:00:00+10:00,Posted,Sale
B001,T00686,B00686,C0026,2026-09-10T10:00:00+10:00,Posted,Sale
B001,T00687,B00687,C0027,2026-09-10T11:00:00+10:00,Posted,Sale
B001,T00688,B00688,C0028,2026-09-10T12:00:00+10:00,Posted,Sale
B001,T00689,B00689,C0029,2026-09-10T13:00:00+10:00,Posted,Sale
B001,T00690,B00690,C0030,2026-09-10T14:00:00+10:00,Posted,Sale
B001,T00691,B00691,C0031,2026-09-10T15:00:00+10:00,Posted,Sale
B001,T00692,B00692,C0032,2026-09-14T11:00:00+10:00,Posted,Sale
B001,T00693,B00693,C0033,2026-09-14T13:00:00+10:00,Posted,Sale
B001,T00694,B00694,C0034,2026-09-14T15:00:00+10:00,Posted,Sale
B001,T00695,B00695,C0035,2026-09-14T17:00:00+10:00,Posted,Sale
B001,T00696,B00696,C0036,2026-09-15T11:00:00+10:00,Posted,Sale
B001,T00697,B00697,C0037,2026-09-15T13:00:00+10:00,Posted,Sale
B001,T00698,B00698,C0038,2026-09-15T15:00:00+10:00,Posted,Sale
B001,T00699,B00699,C0039,2026-09-15T17:00:00+10:00,Posted,Sale
B001,T00700,B00700,C0040,2026-09-16T11:00:00+10:00,Posted,Sale
B001,T00701,B00701,C0041,2026-09-16T13:00:00+10:00,Posted,Sale
B001,T00702,B00702,C0042,2026-09-16T14:00:00+10:00,Posted,Sale
B001,T00703,B00703,C0043,2026-09-16T15:00:00+10:00,Posted,Sale
B001,T00704,B00704,C0044,2026-09-16T16:00:00+10:00,Posted,Sale
B001,T00705,B00705,C0045,2026-09-16T17:00:00+10:00,Posted,Sale
B001,T00706,B00706,C0046,2026-09-17T10:00:00+10:00,Posted,Sale
B001,T00707,B00707,C0047,2026-09-17T11:00:00+10:00,Posted,Sale
B001,T00708,B00708,C0048,2026-09-17T12:00:00+10:00,Posted,Sale
B001,T00709,B00709,C0049,2026-09-17T13:00:00+10:00,Posted,Sale
B001,T00710,B00710,C0050,2026-09-17T14:00:00+10:00,Posted,Sale
B001,T00711,B00711,C0051,2026-09-17T15:00:00+10:00,Posted,Sale
B001,T00712,B00712,C0052,2026-09-14T11:00:00+10:00,Posted,Sale
B001,T00713,B00713,C0053,2026-09-14T13:00:00+10:00,Posted,Sale
B001,T00714,B00714,C0054,2026-09-14T15:00:00+10:00,Posted,Sale
B001,T00715,B00715,C0055,2026-09-14T17:00:00+10:00,Posted,Sale
B001,T00716,B00716,C0056,2026-09-15T11:00:00+10:00,Posted,Sale
B001,T00717,B00717,C0057,2026-09-15T13:00:00+10:00,Posted,Sale
B001,T00718,B00718,C0058,2026-09-15T15:00:00+10:00,Posted,Sale
B001,T00719,B00719,C0059,2026-09-15T17:00:00+10:00,Posted,Sale
B001,T00720,B00720,C0060,2026-09-16T11:00:00+10:00,Posted,Sale
B001,T00721,B00721,C0061,2026-09-16T13:00:00+10:00,Posted,Sale
B001,T00722,B00722,C0062,2026-09-16T14:00:00+10:00,Posted,Sale
B001,T00723,B00723,C0063,2026-09-16T15:00:00+10:00,Posted,Sale
B001,T00724,B00724,C0064,2026-09-16T16:00:00+10:00,Posted,Sale
B001,T00725,B00725,C0065,2026-09-16T17:00:00+10:00,Posted,Sale
B001,T00726,B00726,C0066,2026-09-17T10:00:00+10:00,Posted,Sale
B001,T00727,B00727,C0067,2026-09-17T11:00:00+10:00,Posted,Sale
B001,T00728,B00728,C0068,2026-09-17T12:00:00+10:00,Posted,Sale
B001,T00729,B00729,C0069,2026-09-17T13:00:00+10:00,Posted,Sale
B001,T00730,B00730,C0070,2026-09-17T14:00:00+10:00,Posted,Sale
B001,T00731,B00731,C0071,2026-09-17T15:00:00+10:00,Posted,Sale
B001,T00732,B00732,C0072,2026-09-14T11:00:00+10:00,Posted,Sale
B001,T00733,B00733,C0073,2026-09-14T13:00:00+10:00,Posted,Sale
B001,T00734,B00734,C0074,2026-09-14T15:00:00+10:00,Posted,Sale
B001,T00735,B00735,C0075,2026-09-14T17:00:00+10:00,Posted,Sale
B001,T00736,B00736,C0076,2026-09-15T11:00:00+10:00,Posted,Sale
B001,T00737,B00737,C0077,2026-09-15T13:00:00+10:00,Posted,Sale
B001,T00738,B00738,C0078,2026-09-15T15:00:00+10:00,Posted,Sale
B001,T00739,B00739,C0079,2026-09-15T17:00:00+10:00,Posted,Sale
B001,T00740,B00740,C0080,2026-09-16T11:00:00+10:00,Posted,Sale
B001,T00741,B00741,C0081,2026-09-16T13:00:00+10:00,Posted,Sale
B001,T00742,B00742,C0082,2026-09-16T15:00:00+10:00,Posted,Sale
B001,T00743,B00743,C0083,2026-09-16T17:00:00+10:00,Posted,Sale
B001,T00744,B00744,C0084,2026-09-17T10:00:00+10:00,Posted,Sale
B001,T00745,B00745,C0085,2026-09-17T11:00:00+10:00,Posted,Sale
B001,T00746,B00746,C0086,2026-09-17T12:00:00+10:00,Posted,Sale
B001,T00747,B00747,C0087,2026-09-17T13:00:00+10:00,Posted,Sale
B001,T00748,B00748,C0088,2026-09-17T14:00:00+10:00,Posted,Sale
B001,T00749,B00749,C0089,2026-09-17T15:00:00+10:00,Posted,Sale
B001,T00750,B00823,C0172,2026-08-07T14:00:00+10:00,Posted,Sale
B001,T00751,,C0174,2026-09-10T12:00:00+10:00,Posted,Sale
B001,T00752,,C0174,2026-09-11T12:00:00+10:00,Posted,Refund
B001,T00753,,C0175,2026-09-08T12:00:00+10:00,Posted,Sale
B001,T00754,,C0175,2026-09-09T12:00:00+10:00,Posted,Refund
B001,T00755,B00827,C0176,2026-08-14T14:00:00+10:00,Posted,Sale
B001,T00756,B00828,C0177,2026-07-03T11:00:00+10:00,Posted,Sale
B001,T00757,B00829,C0178,2026-07-03T12:00:00+10:00,Posted,Sale
B001,T00758,B00830,C0179,2026-07-03T13:00:00+10:00,Posted,Sale
B001,T00759,B00831,C0180,2026-07-03T14:00:00+10:00,Posted,Sale
B001,HT00001,HB00001,C0001,2025-06-02T10:00:00+10:00,Posted,Sale
B001,HT00002,HB00002,C0005,2025-06-02T13:00:00+10:00,Posted,Sale
B001,HT00003,HB00003,C0001,2025-06-03T10:00:00+10:00,Posted,Sale
B001,HT00004,HB00004,C0007,2025-06-03T14:00:00+10:00,Posted,Sale
B001,HT00005,HB00005,C0001,2025-06-04T11:00:00+10:00,Posted,Sale
B001,HT00006,HB00006,C0009,2025-06-04T13:00:00+10:00,Posted,Sale
B001,HT00007,HB00007,C0001,2025-06-05T10:00:00+10:00,Posted,Sale
B001,HT00008,HB00008,C0011,2025-06-05T13:00:00+10:00,Posted,Sale
B001,HT00009,HB00009,C0001,2025-06-06T10:00:00+10:00,Posted,Sale
B001,HT00010,HB00010,C0013,2025-06-06T14:00:00+10:00,Posted,Sale
B001,HT00011,HB00011,C0001,2025-06-02T10:00:00+10:00,Posted,Sale
B001,HT00012,HB00012,C0015,2025-06-02T14:00:00+10:00,Posted,Sale
B001,HT00013,HB00013,C0001,2025-06-03T11:00:00+10:00,Posted,Sale
B001,HT00014,HB00014,C0017,2025-06-03T13:00:00+10:00,Posted,Sale
B001,HT00015,HB00015,C0001,2025-06-04T10:00:00+10:00,Posted,Sale
B001,HT00016,HB00016,C0019,2025-06-04T13:00:00+10:00,Posted,Sale
B001,HT00017,HB00017,C0001,2025-06-05T10:00:00+10:00,Posted,Sale
B001,HT00018,HB00018,C0021,2025-06-05T14:00:00+10:00,Posted,Sale
B001,HT00019,HB00019,C0001,2025-06-06T11:00:00+10:00,Posted,Sale
B001,HT00020,HB00020,C0023,2025-06-06T13:00:00+10:00,Posted,Sale
B001,HT00021,HB00021,C0001,2025-06-02T11:00:00+10:00,Posted,Sale
B001,HT00022,HB00022,C0025,2025-06-02T13:00:00+10:00,Posted,Sale
B001,HT00023,HB00023,C0001,2025-06-03T10:00:00+10:00,Posted,Sale
B001,HT00024,HB00024,C0027,2025-06-03T13:00:00+10:00,Posted,Sale
B001,HT00025,HB00025,C0001,2025-06-04T10:00:00+10:00,Posted,Sale
B001,HT00026,HB00026,C0029,2025-06-04T14:00:00+10:00,Posted,Sale
B001,HT00027,HB00027,C0001,2025-06-05T11:00:00+10:00,Posted,Sale
B001,HT00028,HB00028,C0031,2025-06-05T13:00:00+10:00,Posted,Sale
B001,HT00029,HB00029,C0001,2025-06-06T10:00:00+10:00,Posted,Sale
B001,HT00030,HB00030,C0033,2025-06-06T13:00:00+10:00,Posted,Sale
B001,HT00031,HB00031,C0001,2025-06-09T10:00:00+10:00,Posted,Sale
B001,HT00032,HB00032,C0035,2025-06-09T14:00:00+10:00,Posted,Sale
B001,HT00033,HB00033,C0001,2025-06-10T11:00:00+10:00,Posted,Sale
B001,HT00034,HB00034,C0037,2025-06-10T13:00:00+10:00,Posted,Sale
B001,HT00035,HB00035,C0001,2025-06-11T10:00:00+10:00,Posted,Sale
B001,HT00036,HB00036,C0039,2025-06-11T13:00:00+10:00,Posted,Sale
B001,HT00037,HB00037,C0001,2025-06-12T10:00:00+10:00,Posted,Sale
B001,HT00038,HB00038,C0041,2025-06-12T14:00:00+10:00,Posted,Sale
B001,HT00039,HB00039,C0001,2025-06-13T11:00:00+10:00,Posted,Sale
B001,HT00040,HB00040,C0043,2025-06-13T13:00:00+10:00,Posted,Sale
B001,HT00041,HB00041,C0001,2025-06-09T11:00:00+10:00,Posted,Sale
B001,HT00042,HB00042,C0045,2025-06-09T13:00:00+10:00,Posted,Sale
B001,HT00043,HB00043,C0001,2025-06-10T10:00:00+10:00,Posted,Sale
B001,HT00044,HB00044,C0047,2025-06-10T13:00:00+10:00,Posted,Sale
B001,HT00045,HB00045,C0001,2025-06-11T10:00:00+10:00,Posted,Sale
B001,HT00046,HB00046,C0049,2025-06-11T14:00:00+10:00,Posted,Sale
B001,HT00047,HB00047,C0001,2025-06-12T11:00:00+10:00,Posted,Sale
B001,HT00048,HB00048,C0051,2025-06-12T13:00:00+10:00,Posted,Sale
B001,HT00049,HB00049,C0001,2025-06-13T10:00:00+10:00,Posted,Sale
B001,HT00050,HB00050,C0053,2025-06-13T13:00:00+10:00,Posted,Sale
B001,HT00051,HB00051,C0001,2025-06-09T10:00:00+10:00,Posted,Sale
B001,HT00052,HB00052,C0055,2025-06-09T13:00:00+10:00,Posted,Sale
B001,HT00053,HB00053,C0001,2025-06-10T10:00:00+10:00,Posted,Sale
B001,HT00054,HB00054,C0057,2025-06-10T14:00:00+10:00,Posted,Sale
B001,HT00055,HB00055,C0001,2025-06-11T11:00:00+10:00,Posted,Sale
B001,HT00056,HB00056,C0059,2025-06-11T13:00:00+10:00,Posted,Sale
B001,HT00057,HB00057,C0001,2025-06-12T10:00:00+10:00,Posted,Sale
B001,HT00058,HB00058,C0061,2025-06-12T13:00:00+10:00,Posted,Sale
B001,HT00059,HB00059,C0001,2025-06-13T10:00:00+10:00,Posted,Sale
B001,HT00060,HB00060,C0063,2025-06-13T14:00:00+10:00,Posted,Sale
B001,HT00061,HB00061,C0001,2025-06-16T11:00:00+10:00,Posted,Sale
B001,HT00062,HB00062,C0065,2025-06-16T13:00:00+10:00,Posted,Sale
B001,HT00063,HB00063,C0001,2025-06-17T10:00:00+10:00,Posted,Sale
B001,HT00064,HB00064,C0067,2025-06-17T13:00:00+10:00,Posted,Sale
B001,HT00065,HB00065,C0001,2025-06-18T10:00:00+10:00,Posted,Sale
B001,HT00066,HB00066,C0069,2025-06-18T14:00:00+10:00,Posted,Sale
B001,HT00067,HB00067,C0001,2025-06-19T11:00:00+10:00,Posted,Sale
B001,HT00068,HB00068,C0071,2025-06-19T13:00:00+10:00,Posted,Sale
B001,HT00069,HB00069,C0001,2025-06-20T10:00:00+10:00,Posted,Sale
B001,HT00070,HB00070,C0073,2025-06-20T13:00:00+10:00,Posted,Sale
B001,HT00071,HB00071,C0001,2025-06-16T10:00:00+10:00,Posted,Sale
B001,HT00072,HB00072,C0075,2025-06-16T13:00:00+10:00,Posted,Sale
B001,HT00073,HB00073,C0001,2025-06-17T10:00:00+10:00,Posted,Sale
B001,HT00074,HB00074,C0077,2025-06-17T14:00:00+10:00,Posted,Sale
B001,HT00075,HB00075,C0001,2025-06-18T11:00:00+10:00,Posted,Sale
B001,HT00076,HB00076,C0079,2025-06-18T13:00:00+10:00,Posted,Sale
B001,HT00077,HB00077,C0001,2025-06-19T10:00:00+10:00,Posted,Sale
B001,HT00078,HB00078,C0081,2025-06-19T13:00:00+10:00,Posted,Sale
B001,HT00079,HB00079,C0001,2025-06-20T10:00:00+10:00,Posted,Sale
B001,HT00080,HB00080,C0083,2025-06-20T14:00:00+10:00,Posted,Sale
B001,HT00081,HB00081,C0001,2025-06-16T10:00:00+10:00,Posted,Sale
B001,HT00082,HB00082,C0085,2025-06-16T14:00:00+10:00,Posted,Sale
B001,HT00083,HB00083,C0001,2025-06-17T11:00:00+10:00,Posted,Sale
B001,HT00084,HB00084,C0087,2025-06-17T13:00:00+10:00,Posted,Sale
B001,HT00085,HB00085,C0001,2025-06-18T10:00:00+10:00,Posted,Sale
B001,HT00086,HB00086,C0089,2025-06-18T13:00:00+10:00,Posted,Sale
B001,HT00087,HB00087,C0001,2025-06-19T10:00:00+10:00,Posted,Sale
B001,HT00088,HB00088,C0091,2025-06-19T14:00:00+10:00,Posted,Sale
B001,HT00089,HB00089,C0001,2025-06-20T11:00:00+10:00,Posted,Sale
B001,HT00090,HB00090,C0093,2025-06-20T13:00:00+10:00,Posted,Sale
B001,HT00091,HB00091,C0001,2025-06-23T10:00:00+10:00,Posted,Sale
B001,HT00092,HB00092,C0095,2025-06-23T13:00:00+10:00,Posted,Sale
B001,HT00093,HB00093,C0001,2025-06-24T10:00:00+10:00,Posted,Sale
B001,HT00094,HB00094,C0097,2025-06-24T14:00:00+10:00,Posted,Sale
B001,HT00095,HB00095,C0001,2025-06-25T11:00:00+10:00,Posted,Sale
B001,HT00096,HB00096,C0099,2025-06-25T13:00:00+10:00,Posted,Sale
B001,HT00097,HB00097,C0001,2025-06-26T10:00:00+10:00,Posted,Sale
B001,HT00098,HB00098,C0101,2025-06-26T13:00:00+10:00,Posted,Sale
B001,HT00099,HB00099,C0001,2025-06-27T10:00:00+10:00,Posted,Sale
B001,HT00100,HB00100,C0103,2025-06-27T14:00:00+10:00,Posted,Sale
B001,HT00101,HB00101,C0001,2025-06-23T10:00:00+10:00,Posted,Sale
B001,HT00102,HB00102,C0105,2025-06-23T14:00:00+10:00,Posted,Sale
B001,HT00103,HB00103,C0001,2025-06-24T11:00:00+10:00,Posted,Sale
B001,HT00104,HB00104,C0107,2025-06-24T13:00:00+10:00,Posted,Sale
B001,HT00105,HB00105,C0001,2025-06-25T10:00:00+10:00,Posted,Sale
B001,HT00106,HB00106,C0109,2025-06-25T13:00:00+10:00,Posted,Sale
B001,HT00107,HB00107,C0001,2025-06-26T10:00:00+10:00,Posted,Sale
B001,HT00108,HB00108,C0111,2025-06-26T14:00:00+10:00,Posted,Sale
B001,HT00109,HB00109,C0001,2025-06-27T11:00:00+10:00,Posted,Sale
B001,HT00110,HB00110,C0113,2025-06-27T13:00:00+10:00,Posted,Sale
B001,HT00111,HB00111,C0001,2025-06-23T11:00:00+10:00,Posted,Sale
B001,HT00112,HB00112,C0115,2025-06-23T13:00:00+10:00,Posted,Sale
B001,HT00113,HB00113,C0001,2025-06-24T10:00:00+10:00,Posted,Sale
B001,HT00114,HB00114,C0117,2025-06-24T13:00:00+10:00,Posted,Sale
B001,HT00115,HB00115,C0001,2025-06-25T10:00:00+10:00,Posted,Sale
B001,HT00116,HB00116,C0119,2025-06-25T14:00:00+10:00,Posted,Sale
B001,HT00117,HB00117,C0001,2025-06-26T11:00:00+10:00,Posted,Sale
B001,HT00118,HB00118,C0121,2025-06-26T13:00:00+10:00,Posted,Sale
B001,HT00119,HB00119,C0001,2025-06-27T10:00:00+10:00,Posted,Sale
B001,HT00120,HB00120,C0123,2025-06-27T13:00:00+10:00,Posted,Sale
B001,HT00121,HB00121,C0001,2025-06-30T10:00:00+10:00,Posted,Sale
B001,HT00122,HB00122,C0125,2025-06-30T14:00:00+10:00,Posted,Sale
B001,HT00123,HB00123,C0001,2025-07-01T11:00:00+10:00,Posted,Sale
B001,HT00124,HB00124,C0127,2025-07-01T13:00:00+10:00,Posted,Sale
B001,HT00125,HB00125,C0001,2025-07-02T10:00:00+10:00,Posted,Sale
B001,HT00126,HB00126,C0129,2025-07-02T13:00:00+10:00,Posted,Sale
B001,HT00127,HB00127,C0001,2025-07-03T10:00:00+10:00,Posted,Sale
B001,HT00128,HB00128,C0131,2025-07-03T14:00:00+10:00,Posted,Sale
B001,HT00129,HB00129,C0001,2025-07-04T11:00:00+10:00,Posted,Sale
B001,HT00130,HB00130,C0133,2025-07-04T13:00:00+10:00,Posted,Sale
B001,HT00131,HB00131,C0001,2025-06-30T11:00:00+10:00,Posted,Sale
B001,HT00132,HB00132,C0135,2025-06-30T13:00:00+10:00,Posted,Sale
B001,HT00133,HB00133,C0001,2025-07-01T10:00:00+10:00,Posted,Sale
B001,HT00134,HB00134,C0137,2025-07-01T13:00:00+10:00,Posted,Sale
B001,HT00135,HB00135,C0001,2025-07-02T10:00:00+10:00,Posted,Sale
B001,HT00136,HB00136,C0139,2025-07-02T14:00:00+10:00,Posted,Sale
B001,HT00137,HB00137,C0001,2025-07-03T11:00:00+10:00,Posted,Sale
B001,HT00138,HB00138,C0141,2025-07-03T13:00:00+10:00,Posted,Sale
B001,HT00139,HB00139,C0001,2025-07-04T10:00:00+10:00,Posted,Sale
B001,HT00140,HB00140,C0143,2025-07-04T13:00:00+10:00,Posted,Sale
B001,HT00141,HB00141,C0001,2025-06-30T10:00:00+10:00,Posted,Sale
B001,HT00142,HB00142,C0145,2025-06-30T13:00:00+10:00,Posted,Sale
B001,HT00143,HB00143,C0001,2025-07-01T10:00:00+10:00,Posted,Sale
B001,HT00144,HB00144,C0147,2025-07-01T14:00:00+10:00,Posted,Sale
B001,HT00145,HB00145,C0001,2025-07-02T11:00:00+10:00,Posted,Sale
B001,HT00146,HB00146,C0149,2025-07-02T13:00:00+10:00,Posted,Sale
B001,HT00147,HB00147,C0001,2025-07-03T10:00:00+10:00,Posted,Sale
B001,HT00148,HB00148,C0151,2025-07-03T13:00:00+10:00,Posted,Sale
B001,HT00149,HB00149,C0001,2025-07-04T10:00:00+10:00,Posted,Sale
B001,HT00150,HB00150,C0153,2025-07-04T14:00:00+10:00,Posted,Sale
B001,HT00151,HB00151,C0001,2025-07-07T11:00:00+10:00,Posted,Sale
B001,HT00152,HB00152,C0155,2025-07-07T13:00:00+10:00,Posted,Sale
B001,HT00153,HB00153,C0001,2025-07-08T10:00:00+10:00,Posted,Sale
B001,HT00154,HB00154,C0157,2025-07-08T13:00:00+10:00,Posted,Sale
B001,HT00155,HB00155,C0001,2025-07-09T10:00:00+10:00,Posted,Sale
B001,HT00156,HB00156,C0159,2025-07-09T14:00:00+10:00,Posted,Sale
B001,HT00157,HB00157,C0001,2025-07-10T11:00:00+10:00,Posted,Sale
B001,HT00158,HB00158,C0161,2025-07-10T13:00:00+10:00,Posted,Sale
B001,HT00159,HB00159,C0001,2025-07-11T10:00:00+10:00,Posted,Sale
B001,HT00160,HB00160,C0003,2025-07-11T13:00:00+10:00,Posted,Sale
B001,HT00161,HB00161,C0001,2025-07-07T10:00:00+10:00,Posted,Sale
B001,HT00162,HB00162,C0005,2025-07-07T13:00:00+10:00,Posted,Sale
B001,HT00163,HB00163,C0001,2025-07-08T10:00:00+10:00,Posted,Sale
B001,HT00164,HB00164,C0007,2025-07-08T14:00:00+10:00,Posted,Sale
B001,HT00165,HB00165,C0001,2025-07-09T11:00:00+10:00,Posted,Sale
B001,HT00166,HB00166,C0009,2025-07-09T13:00:00+10:00,Posted,Sale
B001,HT00167,HB00167,C0001,2025-07-10T10:00:00+10:00,Posted,Sale
B001,HT00168,HB00168,C0011,2025-07-10T13:00:00+10:00,Posted,Sale
B001,HT00169,HB00169,C0001,2025-07-11T10:00:00+10:00,Posted,Sale
B001,HT00170,HB00170,C0013,2025-07-11T14:00:00+10:00,Posted,Sale
B001,HT00171,HB00171,C0001,2025-07-07T10:00:00+10:00,Posted,Sale
B001,HT00172,HB00172,C0015,2025-07-07T14:00:00+10:00,Posted,Sale
B001,HT00173,HB00173,C0001,2025-07-08T11:00:00+10:00,Posted,Sale
B001,HT00174,HB00174,C0017,2025-07-08T13:00:00+10:00,Posted,Sale
B001,HT00175,HB00175,C0001,2025-07-09T10:00:00+10:00,Posted,Sale
B001,HT00176,HB00176,C0019,2025-07-09T13:00:00+10:00,Posted,Sale
B001,HT00177,HB00177,C0001,2025-07-10T10:00:00+10:00,Posted,Sale
B001,HT00178,HB00178,C0021,2025-07-10T14:00:00+10:00,Posted,Sale
B001,HT00179,HB00179,C0001,2025-07-11T11:00:00+10:00,Posted,Sale
B001,HT00180,HB00180,C0023,2025-07-11T13:00:00+10:00,Posted,Sale
B001,HT00181,HB00181,C0001,2025-07-14T10:00:00+10:00,Posted,Sale
B001,HT00182,HB00182,C0025,2025-07-14T13:00:00+10:00,Posted,Sale
B001,HT00183,HB00183,C0001,2025-07-15T10:00:00+10:00,Posted,Sale
B001,HT00184,HB00184,C0027,2025-07-15T14:00:00+10:00,Posted,Sale
B001,HT00185,HB00185,C0001,2025-07-16T11:00:00+10:00,Posted,Sale
B001,HT00186,HB00186,C0029,2025-07-16T13:00:00+10:00,Posted,Sale
B001,HT00187,HB00187,C0001,2025-07-17T10:00:00+10:00,Posted,Sale
B001,HT00188,HB00188,C0031,2025-07-17T13:00:00+10:00,Posted,Sale
B001,HT00189,HB00189,C0001,2025-07-18T10:00:00+10:00,Posted,Sale
B001,HT00190,HB00190,C0033,2025-07-18T14:00:00+10:00,Posted,Sale
B001,HT00191,HB00191,C0001,2025-07-14T10:00:00+10:00,Posted,Sale
B001,HT00192,HB00192,C0035,2025-07-14T14:00:00+10:00,Posted,Sale
B001,HT00193,HB00193,C0001,2025-07-15T11:00:00+10:00,Posted,Sale
B001,HT00194,HB00194,C0037,2025-07-15T13:00:00+10:00,Posted,Sale
B001,HT00195,HB00195,C0001,2025-07-16T10:00:00+10:00,Posted,Sale
B001,HT00196,HB00196,C0039,2025-07-16T13:00:00+10:00,Posted,Sale
B001,HT00197,HB00197,C0001,2025-07-17T10:00:00+10:00,Posted,Sale
B001,HT00198,HB00198,C0041,2025-07-17T14:00:00+10:00,Posted,Sale
B001,HT00199,HB00199,C0001,2025-07-18T11:00:00+10:00,Posted,Sale
B001,HT00200,HB00200,C0043,2025-07-18T13:00:00+10:00,Posted,Sale
B001,HT00201,HB00201,C0001,2025-07-14T11:00:00+10:00,Posted,Sale
B001,HT00202,HB00202,C0045,2025-07-14T13:00:00+10:00,Posted,Sale
B001,HT00203,HB00203,C0001,2025-07-15T10:00:00+10:00,Posted,Sale
B001,HT00204,HB00204,C0047,2025-07-15T13:00:00+10:00,Posted,Sale
B001,HT00205,HB00205,C0001,2025-07-16T10:00:00+10:00,Posted,Sale
B001,HT00206,HB00206,C0049,2025-07-16T14:00:00+10:00,Posted,Sale
B001,HT00207,HB00207,C0001,2025-07-17T11:00:00+10:00,Posted,Sale
B001,HT00208,HB00208,C0051,2025-07-17T13:00:00+10:00,Posted,Sale
B001,HT00209,HB00209,C0001,2025-07-18T10:00:00+10:00,Posted,Sale
B001,HT00210,HB00210,C0053,2025-07-18T13:00:00+10:00,Posted,Sale
B001,HT00211,HB00211,C0001,2025-07-21T10:00:00+10:00,Posted,Sale
B001,HT00212,HB00212,C0055,2025-07-21T14:00:00+10:00,Posted,Sale
B001,HT00213,HB00213,C0001,2025-07-22T11:00:00+10:00,Posted,Sale
B001,HT00214,HB00214,C0057,2025-07-22T13:00:00+10:00,Posted,Sale
B001,HT00215,HB00215,C0001,2025-07-23T10:00:00+10:00,Posted,Sale
B001,HT00216,HB00216,C0059,2025-07-23T13:00:00+10:00,Posted,Sale
B001,HT00217,HB00217,C0001,2025-07-24T10:00:00+10:00,Posted,Sale
B001,HT00218,HB00218,C0061,2025-07-24T14:00:00+10:00,Posted,Sale
B001,HT00219,HB00219,C0001,2025-07-25T11:00:00+10:00,Posted,Sale
B001,HT00220,HB00220,C0063,2025-07-25T13:00:00+10:00,Posted,Sale
B001,HT00221,HB00221,C0001,2025-07-21T11:00:00+10:00,Posted,Sale
B001,HT00222,HB00222,C0065,2025-07-21T13:00:00+10:00,Posted,Sale
B001,HT00223,HB00223,C0001,2025-07-22T10:00:00+10:00,Posted,Sale
B001,HT00224,HB00224,C0067,2025-07-22T13:00:00+10:00,Posted,Sale
B001,HT00225,HB00225,C0001,2025-07-23T10:00:00+10:00,Posted,Sale
B001,HT00226,HB00226,C0069,2025-07-23T14:00:00+10:00,Posted,Sale
B001,HT00227,HB00227,C0001,2025-07-24T11:00:00+10:00,Posted,Sale
B001,HT00228,HB00228,C0071,2025-07-24T13:00:00+10:00,Posted,Sale
B001,HT00229,HB00229,C0001,2025-07-25T10:00:00+10:00,Posted,Sale
B001,HT00230,HB00230,C0073,2025-07-25T13:00:00+10:00,Posted,Sale
B001,HT00231,HB00231,C0001,2025-07-21T10:00:00+10:00,Posted,Sale
B001,HT00232,HB00232,C0075,2025-07-21T13:00:00+10:00,Posted,Sale
B001,HT00233,HB00233,C0001,2025-07-22T10:00:00+10:00,Posted,Sale
B001,HT00234,HB00234,C0077,2025-07-22T14:00:00+10:00,Posted,Sale
B001,HT00235,HB00235,C0001,2025-07-23T11:00:00+10:00,Posted,Sale
B001,HT00236,HB00236,C0079,2025-07-23T13:00:00+10:00,Posted,Sale
B001,HT00237,HB00237,C0001,2025-07-24T10:00:00+10:00,Posted,Sale
B001,HT00238,HB00238,C0081,2025-07-24T13:00:00+10:00,Posted,Sale
B001,HT00239,HB00239,C0001,2025-07-25T10:00:00+10:00,Posted,Sale
B001,HT00240,HB00240,C0083,2025-07-25T14:00:00+10:00,Posted,Sale
B001,HT00241,HB00241,C0001,2025-07-28T11:00:00+10:00,Posted,Sale
B001,HT00242,HB00242,C0085,2025-07-28T13:00:00+10:00,Posted,Sale
B001,HT00243,HB00243,C0001,2025-07-29T10:00:00+10:00,Posted,Sale
B001,HT00244,HB00244,C0087,2025-07-29T13:00:00+10:00,Posted,Sale
B001,HT00245,HB00245,C0001,2025-07-30T10:00:00+10:00,Posted,Sale
B001,HT00246,HB00246,C0089,2025-07-30T14:00:00+10:00,Posted,Sale
B001,HT00247,HB00247,C0001,2025-07-31T11:00:00+10:00,Posted,Sale
B001,HT00248,HB00248,C0091,2025-07-31T13:00:00+10:00,Posted,Sale
B001,HT00249,HB00249,C0001,2025-08-01T10:00:00+10:00,Posted,Sale
B001,HT00250,HB00250,C0093,2025-08-01T13:00:00+10:00,Posted,Sale
B001,HT00251,HB00251,C0001,2025-07-28T10:00:00+10:00,Posted,Sale
B001,HT00252,HB00252,C0095,2025-07-28T13:00:00+10:00,Posted,Sale
B001,HT00253,HB00253,C0001,2025-07-29T10:00:00+10:00,Posted,Sale
B001,HT00254,HB00254,C0097,2025-07-29T14:00:00+10:00,Posted,Sale
B001,HT00255,HB00255,C0001,2025-07-30T11:00:00+10:00,Posted,Sale
B001,HT00256,HB00256,C0099,2025-07-30T13:00:00+10:00,Posted,Sale
B001,HT00257,HB00257,C0001,2025-07-31T10:00:00+10:00,Posted,Sale
B001,HT00258,HB00258,C0101,2025-07-31T13:00:00+10:00,Posted,Sale
B001,HT00259,HB00259,C0001,2025-08-01T10:00:00+10:00,Posted,Sale
B001,HT00260,HB00260,C0103,2025-08-01T14:00:00+10:00,Posted,Sale
B001,HT00261,HB00261,C0001,2025-07-28T10:00:00+10:00,Posted,Sale
B001,HT00262,HB00262,C0105,2025-07-28T14:00:00+10:00,Posted,Sale
B001,HT00263,HB00263,C0001,2025-07-29T11:00:00+10:00,Posted,Sale
B001,HT00264,HB00264,C0107,2025-07-29T13:00:00+10:00,Posted,Sale
B001,HT00265,HB00265,C0001,2025-07-30T10:00:00+10:00,Posted,Sale
B001,HT00266,HB00266,C0109,2025-07-30T13:00:00+10:00,Posted,Sale
B001,HT00267,HB00267,C0001,2025-07-31T10:00:00+10:00,Posted,Sale
B001,HT00268,HB00268,C0111,2025-07-31T14:00:00+10:00,Posted,Sale
B001,HT00269,HB00269,C0001,2025-08-01T11:00:00+10:00,Posted,Sale
B001,HT00270,HB00270,C0113,2025-08-01T13:00:00+10:00,Posted,Sale
B001,HT00271,HB00271,C0001,2025-08-04T10:00:00+10:00,Posted,Sale
B001,HT00272,HB00272,C0115,2025-08-04T13:00:00+10:00,Posted,Sale
B001,HT00273,HB00273,C0001,2025-08-05T10:00:00+10:00,Posted,Sale
B001,HT00274,HB00274,C0117,2025-08-05T14:00:00+10:00,Posted,Sale
B001,HT00275,HB00275,C0001,2025-08-06T11:00:00+10:00,Posted,Sale
B001,HT00276,HB00276,C0119,2025-08-06T13:00:00+10:00,Posted,Sale
B001,HT00277,HB00277,C0001,2025-08-07T10:00:00+10:00,Posted,Sale
B001,HT00278,HB00278,C0121,2025-08-07T13:00:00+10:00,Posted,Sale
B001,HT00279,HB00279,C0001,2025-08-08T10:00:00+10:00,Posted,Sale
B001,HT00280,HB00280,C0123,2025-08-08T14:00:00+10:00,Posted,Sale
B001,HT00281,HB00281,C0001,2025-08-04T10:00:00+10:00,Posted,Sale
B001,HT00282,HB00282,C0125,2025-08-04T14:00:00+10:00,Posted,Sale
B001,HT00283,HB00283,C0001,2025-08-05T11:00:00+10:00,Posted,Sale
B001,HT00284,HB00284,C0127,2025-08-05T13:00:00+10:00,Posted,Sale
B001,HT00285,HB00285,C0001,2025-08-06T10:00:00+10:00,Posted,Sale
B001,HT00286,HB00286,C0129,2025-08-06T13:00:00+10:00,Posted,Sale
B001,HT00287,HB00287,C0001,2025-08-07T10:00:00+10:00,Posted,Sale
B001,HT00288,HB00288,C0131,2025-08-07T14:00:00+10:00,Posted,Sale
B001,HT00289,HB00289,C0001,2025-08-08T11:00:00+10:00,Posted,Sale
B001,HT00290,HB00290,C0133,2025-08-08T13:00:00+10:00,Posted,Sale
B001,HT00291,HB00291,C0001,2025-08-04T11:00:00+10:00,Posted,Sale
B001,HT00292,HB00292,C0135,2025-08-04T13:00:00+10:00,Posted,Sale
B001,HT00293,HB00293,C0001,2025-08-05T10:00:00+10:00,Posted,Sale
B001,HT00294,HB00294,C0137,2025-08-05T13:00:00+10:00,Posted,Sale
B001,HT00295,HB00295,C0001,2025-08-06T10:00:00+10:00,Posted,Sale
B001,HT00296,HB00296,C0139,2025-08-06T14:00:00+10:00,Posted,Sale
B001,HT00297,HB00297,C0001,2025-08-07T11:00:00+10:00,Posted,Sale
B001,HT00298,HB00298,C0141,2025-08-07T13:00:00+10:00,Posted,Sale
B001,HT00299,HB00299,C0001,2025-08-08T10:00:00+10:00,Posted,Sale
B001,HT00300,HB00300,C0143,2025-08-08T13:00:00+10:00,Posted,Sale
B001,HT00301,HB00301,C0001,2025-08-11T10:00:00+10:00,Posted,Sale
B001,HT00302,HB00302,C0145,2025-08-11T14:00:00+10:00,Posted,Sale
B001,HT00303,HB00303,C0001,2025-08-12T11:00:00+10:00,Posted,Sale
B001,HT00304,HB00304,C0147,2025-08-12T13:00:00+10:00,Posted,Sale
B001,HT00305,HB00305,C0001,2025-08-13T10:00:00+10:00,Posted,Sale
B001,HT00306,HB00306,C0149,2025-08-13T13:00:00+10:00,Posted,Sale
B001,HT00307,HB00307,C0001,2025-08-14T10:00:00+10:00,Posted,Sale
B001,HT00308,HB00308,C0151,2025-08-14T14:00:00+10:00,Posted,Sale
B001,HT00309,HB00309,C0001,2025-08-15T11:00:00+10:00,Posted,Sale
B001,HT00310,HB00310,C0153,2025-08-15T13:00:00+10:00,Posted,Sale
B001,HT00311,HB00311,C0001,2025-08-11T11:00:00+10:00,Posted,Sale
B001,HT00312,HB00312,C0155,2025-08-11T13:00:00+10:00,Posted,Sale
B001,HT00313,HB00313,C0001,2025-08-12T10:00:00+10:00,Posted,Sale
B001,HT00314,HB00314,C0157,2025-08-12T13:00:00+10:00,Posted,Sale
B001,HT00315,HB00315,C0001,2025-08-13T10:00:00+10:00,Posted,Sale
B001,HT00316,HB00316,C0159,2025-08-13T14:00:00+10:00,Posted,Sale
B001,HT00317,HB00317,C0001,2025-08-14T11:00:00+10:00,Posted,Sale
B001,HT00318,HB00318,C0161,2025-08-14T13:00:00+10:00,Posted,Sale
B001,HT00319,HB00319,C0001,2025-08-15T10:00:00+10:00,Posted,Sale
B001,HT00320,HB00320,C0003,2025-08-15T13:00:00+10:00,Posted,Sale
B001,HT00321,HB00321,C0001,2025-08-11T10:00:00+10:00,Posted,Sale
B001,HT00322,HB00322,C0005,2025-08-11T13:00:00+10:00,Posted,Sale
B001,HT00323,HB00323,C0001,2025-08-12T10:00:00+10:00,Posted,Sale
B001,HT00324,HB00324,C0007,2025-08-12T14:00:00+10:00,Posted,Sale
B001,HT00325,HB00325,C0001,2025-08-13T11:00:00+10:00,Posted,Sale
B001,HT00326,HB00326,C0009,2025-08-13T13:00:00+10:00,Posted,Sale
B001,HT00327,HB00327,C0001,2025-08-14T10:00:00+10:00,Posted,Sale
B001,HT00328,HB00328,C0011,2025-08-14T13:00:00+10:00,Posted,Sale
B001,HT00329,HB00329,C0001,2025-08-15T10:00:00+10:00,Posted,Sale
B001,HT00330,HB00330,C0013,2025-08-15T14:00:00+10:00,Posted,Sale
B001,HT00331,HB00331,C0001,2025-08-18T11:00:00+10:00,Posted,Sale
B001,HT00332,HB00332,C0015,2025-08-18T13:00:00+10:00,Posted,Sale
B001,HT00333,HB00333,C0001,2025-08-19T10:00:00+10:00,Posted,Sale
B001,HT00334,HB00334,C0017,2025-08-19T13:00:00+10:00,Posted,Sale
B001,HT00335,HB00335,C0001,2025-08-20T10:00:00+10:00,Posted,Sale
B001,HT00336,HB00336,C0019,2025-08-20T14:00:00+10:00,Posted,Sale
B001,HT00337,HB00337,C0001,2025-08-21T11:00:00+10:00,Posted,Sale
B001,HT00338,HB00338,C0021,2025-08-21T13:00:00+10:00,Posted,Sale
B001,HT00339,HB00339,C0001,2025-08-22T10:00:00+10:00,Posted,Sale
B001,HT00340,HB00340,C0023,2025-08-22T13:00:00+10:00,Posted,Sale
B001,HT00341,HB00341,C0001,2025-08-18T10:00:00+10:00,Posted,Sale
B001,HT00342,HB00342,C0025,2025-08-18T13:00:00+10:00,Posted,Sale
B001,HT00343,HB00343,C0001,2025-08-19T10:00:00+10:00,Posted,Sale
B001,HT00344,HB00344,C0027,2025-08-19T14:00:00+10:00,Posted,Sale
B001,HT00345,HB00345,C0001,2025-08-20T11:00:00+10:00,Posted,Sale
B001,HT00346,HB00346,C0029,2025-08-20T13:00:00+10:00,Posted,Sale
B001,HT00347,HB00347,C0001,2025-08-21T10:00:00+10:00,Posted,Sale
B001,HT00348,HB00348,C0031,2025-08-21T13:00:00+10:00,Posted,Sale
B001,HT00349,HB00349,C0001,2025-08-22T10:00:00+10:00,Posted,Sale
B001,HT00350,HB00350,C0033,2025-08-22T14:00:00+10:00,Posted,Sale
B001,HT00351,HB00351,C0001,2025-08-18T10:00:00+10:00,Posted,Sale
B001,HT00352,HB00352,C0035,2025-08-18T14:00:00+10:00,Posted,Sale
B001,HT00353,HB00353,C0001,2025-08-19T11:00:00+10:00,Posted,Sale
B001,HT00354,HB00354,C0037,2025-08-19T13:00:00+10:00,Posted,Sale
B001,HT00355,HB00355,C0001,2025-08-20T10:00:00+10:00,Posted,Sale
B001,HT00356,HB00356,C0039,2025-08-20T13:00:00+10:00,Posted,Sale
B001,HT00357,HB00357,C0001,2025-08-21T10:00:00+10:00,Posted,Sale
B001,HT00358,HB00358,C0041,2025-08-21T14:00:00+10:00,Posted,Sale
B001,HT00359,HB00359,C0001,2025-08-22T11:00:00+10:00,Posted,Sale
B001,HT00360,HB00360,C0043,2025-08-22T13:00:00+10:00,Posted,Sale
B001,HT00361,HB00361,C0001,2025-08-25T10:00:00+10:00,Posted,Sale
B001,HT00362,HB00362,C0045,2025-08-25T13:00:00+10:00,Posted,Sale
B001,HT00363,HB00363,C0001,2025-08-26T10:00:00+10:00,Posted,Sale
B001,HT00364,HB00364,C0047,2025-08-26T14:00:00+10:00,Posted,Sale
B001,HT00365,HB00365,C0001,2025-08-27T11:00:00+10:00,Posted,Sale
B001,HT00366,HB00366,C0049,2025-08-27T13:00:00+10:00,Posted,Sale
B001,HT00367,HB00367,C0001,2025-08-28T10:00:00+10:00,Posted,Sale
B001,HT00368,HB00368,C0051,2025-08-28T13:00:00+10:00,Posted,Sale
B001,HT00369,HB00369,C0001,2025-08-29T10:00:00+10:00,Posted,Sale
B001,HT00370,HB00370,C0053,2025-08-29T14:00:00+10:00,Posted,Sale
B001,HT00371,HB00371,C0001,2025-08-25T10:00:00+10:00,Posted,Sale
B001,HT00372,HB00372,C0055,2025-08-25T14:00:00+10:00,Posted,Sale
B001,HT00373,HB00373,C0001,2025-08-26T11:00:00+10:00,Posted,Sale
B001,HT00374,HB00374,C0057,2025-08-26T13:00:00+10:00,Posted,Sale
B001,HT00375,HB00375,C0001,2025-08-27T10:00:00+10:00,Posted,Sale
B001,HT00376,HB00376,C0059,2025-08-27T13:00:00+10:00,Posted,Sale
B001,HT00377,HB00377,C0001,2025-08-28T10:00:00+10:00,Posted,Sale
B001,HT00378,HB00378,C0061,2025-08-28T14:00:00+10:00,Posted,Sale
B001,HT00379,HB00379,C0001,2025-08-29T11:00:00+10:00,Posted,Sale
B001,HT00380,HB00380,C0063,2025-08-29T13:00:00+10:00,Posted,Sale
B001,HT00381,HB00381,C0001,2025-08-25T11:00:00+10:00,Posted,Sale
B001,HT00382,HB00382,C0065,2025-08-25T13:00:00+10:00,Posted,Sale
B001,HT00383,HB00383,C0001,2025-08-26T10:00:00+10:00,Posted,Sale
B001,HT00384,HB00384,C0067,2025-08-26T13:00:00+10:00,Posted,Sale
B001,HT00385,HB00385,C0001,2025-08-27T10:00:00+10:00,Posted,Sale
B001,HT00386,HB00386,C0069,2025-08-27T14:00:00+10:00,Posted,Sale
B001,HT00387,HB00387,C0001,2025-08-28T11:00:00+10:00,Posted,Sale
B001,HT00388,HB00388,C0071,2025-08-28T13:00:00+10:00,Posted,Sale
B001,HT00389,HB00389,C0001,2025-08-29T10:00:00+10:00,Posted,Sale
B001,HT00390,HB00390,C0073,2025-08-29T13:00:00+10:00,Posted,Sale
B001,HT00391,HB00391,C0001,2025-09-01T10:00:00+10:00,Posted,Sale
B001,HT00392,HB00392,C0075,2025-09-01T14:00:00+10:00,Posted,Sale
B001,HT00393,HB00393,C0001,2025-09-02T11:00:00+10:00,Posted,Sale
B001,HT00394,HB00394,C0077,2025-09-02T13:00:00+10:00,Posted,Sale
B001,HT00395,HB00395,C0001,2025-09-03T10:00:00+10:00,Posted,Sale
B001,HT00396,HB00396,C0079,2025-09-03T13:00:00+10:00,Posted,Sale
B001,HT00397,HB00397,C0001,2025-09-04T10:00:00+10:00,Posted,Sale
B001,HT00398,HB00398,C0081,2025-09-04T14:00:00+10:00,Posted,Sale
B001,HT00399,HB00399,C0001,2025-09-05T11:00:00+10:00,Posted,Sale
B001,HT00400,HB00400,C0083,2025-09-05T13:00:00+10:00,Posted,Sale
B001,HT00401,HB00401,C0001,2025-09-01T11:00:00+10:00,Posted,Sale
B001,HT00402,HB00402,C0085,2025-09-01T13:00:00+10:00,Posted,Sale
B001,HT00403,HB00403,C0001,2025-09-02T10:00:00+10:00,Posted,Sale
B001,HT00404,HB00404,C0087,2025-09-02T13:00:00+10:00,Posted,Sale
B001,HT00405,HB00405,C0001,2025-09-03T10:00:00+10:00,Posted,Sale
B001,HT00406,HB00406,C0089,2025-09-03T14:00:00+10:00,Posted,Sale
B001,HT00407,HB00407,C0001,2025-09-04T11:00:00+10:00,Posted,Sale
B001,HT00408,HB00408,C0091,2025-09-04T13:00:00+10:00,Posted,Sale
B001,HT00409,HB00409,C0001,2025-09-05T10:00:00+10:00,Posted,Sale
B001,HT00410,HB00410,C0093,2025-09-05T13:00:00+10:00,Posted,Sale
B001,HT00411,HB00411,C0001,2025-09-01T10:00:00+10:00,Posted,Sale
B001,HT00412,HB00412,C0095,2025-09-01T13:00:00+10:00,Posted,Sale
B001,HT00413,HB00413,C0001,2025-09-02T10:00:00+10:00,Posted,Sale
B001,HT00414,HB00414,C0097,2025-09-02T14:00:00+10:00,Posted,Sale
B001,HT00415,HB00415,C0001,2025-09-03T11:00:00+10:00,Posted,Sale
B001,HT00416,HB00416,C0099,2025-09-03T13:00:00+10:00,Posted,Sale
B001,HT00417,HB00417,C0001,2025-09-04T10:00:00+10:00,Posted,Sale
B001,HT00418,HB00418,C0101,2025-09-04T13:00:00+10:00,Posted,Sale
B001,HT00419,HB00419,C0001,2025-09-05T10:00:00+10:00,Posted,Sale
B001,HT00420,HB00420,C0103,2025-09-05T14:00:00+10:00,Posted,Sale
B001,HT00421,HB00421,C0001,2025-09-08T11:00:00+10:00,Posted,Sale
B001,HT00422,HB00422,C0105,2025-09-08T13:00:00+10:00,Posted,Sale
B001,HT00423,HB00423,C0001,2025-09-09T10:00:00+10:00,Posted,Sale
B001,HT00424,HB00424,C0107,2025-09-09T13:00:00+10:00,Posted,Sale
B001,HT00425,HB00425,C0001,2025-09-10T10:00:00+10:00,Posted,Sale
B001,HT00426,HB00426,C0109,2025-09-10T14:00:00+10:00,Posted,Sale
B001,HT00427,HB00427,C0001,2025-09-11T11:00:00+10:00,Posted,Sale
B001,HT00428,HB00428,C0111,2025-09-11T13:00:00+10:00,Posted,Sale
B001,HT00429,HB00429,C0001,2025-09-12T10:00:00+10:00,Posted,Sale
B001,HT00430,HB00430,C0113,2025-09-12T13:00:00+10:00,Posted,Sale
B001,HT00431,HB00431,C0001,2025-09-08T10:00:00+10:00,Posted,Sale
B001,HT00432,HB00432,C0115,2025-09-08T13:00:00+10:00,Posted,Sale
B001,HT00433,HB00433,C0001,2025-09-09T10:00:00+10:00,Posted,Sale
B001,HT00434,HB00434,C0117,2025-09-09T14:00:00+10:00,Posted,Sale
B001,HT00435,HB00435,C0001,2025-09-10T11:00:00+10:00,Posted,Sale
B001,HT00436,HB00436,C0119,2025-09-10T13:00:00+10:00,Posted,Sale
B001,HT00437,HB00437,C0001,2025-09-11T10:00:00+10:00,Posted,Sale
B001,HT00438,HB00438,C0121,2025-09-11T13:00:00+10:00,Posted,Sale
B001,HT00439,HB00439,C0001,2025-09-12T10:00:00+10:00,Posted,Sale
B001,HT00440,HB00440,C0123,2025-09-12T14:00:00+10:00,Posted,Sale
B001,HT00441,HB00441,C0001,2025-09-08T10:00:00+10:00,Posted,Sale
B001,HT00442,HB00442,C0125,2025-09-08T14:00:00+10:00,Posted,Sale
B001,HT00443,HB00443,C0001,2025-09-09T11:00:00+10:00,Posted,Sale
B001,HT00444,HB00444,C0127,2025-09-09T13:00:00+10:00,Posted,Sale
B001,HT00445,HB00445,C0001,2025-09-10T10:00:00+10:00,Posted,Sale
B001,HT00446,HB00446,C0129,2025-09-10T13:00:00+10:00,Posted,Sale
B001,HT00447,HB00447,C0001,2025-09-11T10:00:00+10:00,Posted,Sale
B001,HT00448,HB00448,C0131,2025-09-11T14:00:00+10:00,Posted,Sale
B001,HT00449,HB00449,C0001,2025-09-12T11:00:00+10:00,Posted,Sale
B001,HT00450,HB00450,C0133,2025-09-12T13:00:00+10:00,Posted,Sale
B001,HT00451,HB00451,C0001,2025-09-15T10:00:00+10:00,Posted,Sale
B001,HT00452,HB00452,C0135,2025-09-15T13:00:00+10:00,Posted,Sale
B001,HT00453,HB00453,C0001,2025-09-16T10:00:00+10:00,Posted,Sale
B001,HT00454,HB00454,C0137,2025-09-16T14:00:00+10:00,Posted,Sale
B001,HT00455,HB00455,C0001,2025-09-17T11:00:00+10:00,Posted,Sale
B001,HT00456,HB00456,C0139,2025-09-17T13:00:00+10:00,Posted,Sale
B001,HT00457,HB00457,C0001,2025-09-18T10:00:00+10:00,Posted,Sale
B001,HT00458,HB00458,C0141,2025-09-18T13:00:00+10:00,Posted,Sale
B001,HT00459,HB00459,C0001,2025-09-19T10:00:00+10:00,Posted,Sale
B001,HT00460,HB00460,C0143,2025-09-19T14:00:00+10:00,Posted,Sale
B001,HT00461,HB00461,C0001,2025-09-15T10:00:00+10:00,Posted,Sale
B001,HT00462,HB00462,C0145,2025-09-15T14:00:00+10:00,Posted,Sale
B001,HT00463,HB00463,C0001,2025-09-16T11:00:00+10:00,Posted,Sale
B001,HT00464,HB00464,C0147,2025-09-16T13:00:00+10:00,Posted,Sale
B001,HT00465,HB00465,C0001,2025-09-17T10:00:00+10:00,Posted,Sale
B001,HT00466,HB00466,C0149,2025-09-17T13:00:00+10:00,Posted,Sale
B001,HT00467,HB00467,C0001,2025-09-18T10:00:00+10:00,Posted,Sale
B001,HT00468,HB00468,C0151,2025-09-18T14:00:00+10:00,Posted,Sale
B001,HT00469,HB00469,C0001,2025-09-19T11:00:00+10:00,Posted,Sale
B001,HT00470,HB00470,C0153,2025-09-19T13:00:00+10:00,Posted,Sale
B001,HT00471,HB00471,C0001,2025-09-15T11:00:00+10:00,Posted,Sale
B001,HT00472,HB00472,C0155,2025-09-15T13:00:00+10:00,Posted,Sale
B001,HT00473,HB00473,C0001,2025-09-16T10:00:00+10:00,Posted,Sale
B001,HT00474,HB00474,C0157,2025-09-16T13:00:00+10:00,Posted,Sale
B001,HT00475,HB00475,C0001,2025-09-17T10:00:00+10:00,Posted,Sale
B001,HT00476,HB00476,C0159,2025-09-17T14:00:00+10:00,Posted,Sale
B001,HT00477,HB00477,C0001,2025-09-18T11:00:00+10:00,Posted,Sale
B001,HT00478,HB00478,C0161,2025-09-18T13:00:00+10:00,Posted,Sale
B001,HT00479,HB00479,C0001,2025-09-19T10:00:00+10:00,Posted,Sale
B001,HT00480,HB00480,C0003,2025-09-19T13:00:00+10:00,Posted,Sale
B001,HT00481,HB00481,C0001,2025-09-22T10:00:00+10:00,Posted,Sale
B001,HT00482,HB00482,C0005,2025-09-22T14:00:00+10:00,Posted,Sale
B001,HT00483,HB00483,C0001,2025-09-23T11:00:00+10:00,Posted,Sale
B001,HT00484,HB00484,C0007,2025-09-23T13:00:00+10:00,Posted,Sale
B001,HT00485,HB00485,C0001,2025-09-24T10:00:00+10:00,Posted,Sale
B001,HT00486,HB00486,C0009,2025-09-24T13:00:00+10:00,Posted,Sale
B001,HT00487,HB00487,C0001,2025-09-25T10:00:00+10:00,Posted,Sale
B001,HT00488,HB00488,C0011,2025-09-25T14:00:00+10:00,Posted,Sale
B001,HT00489,HB00489,C0001,2025-09-26T11:00:00+10:00,Posted,Sale
B001,HT00490,HB00490,C0013,2025-09-26T13:00:00+10:00,Posted,Sale
B001,HT00491,HB00491,C0001,2025-09-22T11:00:00+10:00,Posted,Sale
B001,HT00492,HB00492,C0015,2025-09-22T13:00:00+10:00,Posted,Sale
B001,HT00493,HB00493,C0001,2025-09-23T10:00:00+10:00,Posted,Sale
B001,HT00494,HB00494,C0017,2025-09-23T13:00:00+10:00,Posted,Sale
B001,HT00495,HB00495,C0001,2025-09-24T10:00:00+10:00,Posted,Sale
B001,HT00496,HB00496,C0019,2025-09-24T14:00:00+10:00,Posted,Sale
B001,HT00497,HB00497,C0001,2025-09-25T11:00:00+10:00,Posted,Sale
B001,HT00498,HB00498,C0021,2025-09-25T13:00:00+10:00,Posted,Sale
B001,HT00499,HB00499,C0001,2025-09-26T10:00:00+10:00,Posted,Sale
B001,HT00500,HB00500,C0023,2025-09-26T13:00:00+10:00,Posted,Sale
B001,HT00501,HB00501,C0001,2025-09-22T10:00:00+10:00,Posted,Sale
B001,HT00502,HB00502,C0025,2025-09-22T13:00:00+10:00,Posted,Sale
B001,HT00503,HB00503,C0001,2025-09-23T10:00:00+10:00,Posted,Sale
B001,HT00504,HB00504,C0027,2025-09-23T14:00:00+10:00,Posted,Sale
B001,HT00505,HB00505,C0001,2025-09-24T11:00:00+10:00,Posted,Sale
B001,HT00506,HB00506,C0029,2025-09-24T13:00:00+10:00,Posted,Sale
B001,HT00507,HB00507,C0001,2025-09-25T10:00:00+10:00,Posted,Sale
B001,HT00508,HB00508,C0031,2025-09-25T13:00:00+10:00,Posted,Sale
B001,HT00509,HB00509,C0001,2025-09-26T10:00:00+10:00,Posted,Sale
B001,HT00510,HB00510,C0033,2025-09-26T14:00:00+10:00,Posted,Sale
B001,HT00511,HB00511,C0001,2025-09-29T11:00:00+10:00,Posted,Sale
B001,HT00512,HB00512,C0035,2025-09-29T13:00:00+10:00,Posted,Sale
B001,HT00513,HB00513,C0001,2025-09-30T10:00:00+10:00,Posted,Sale
B001,HT00514,HB00514,C0037,2025-09-30T13:00:00+10:00,Posted,Sale
B001,HT00515,HB00515,C0001,2025-10-01T10:00:00+10:00,Posted,Sale
B001,HT00516,HB00516,C0039,2025-10-01T14:00:00+10:00,Posted,Sale
B001,HT00517,HB00517,C0001,2025-10-02T11:00:00+10:00,Posted,Sale
B001,HT00518,HB00518,C0041,2025-10-02T13:00:00+10:00,Posted,Sale
B001,HT00519,HB00519,C0001,2025-10-03T10:00:00+10:00,Posted,Sale
B001,HT00520,HB00520,C0043,2025-10-03T13:00:00+10:00,Posted,Sale
B001,HT00521,HB00521,C0001,2025-09-29T10:00:00+10:00,Posted,Sale
B001,HT00522,HB00522,C0045,2025-09-29T13:00:00+10:00,Posted,Sale
B001,HT00523,HB00523,C0001,2025-09-30T10:00:00+10:00,Posted,Sale
B001,HT00524,HB00524,C0047,2025-09-30T14:00:00+10:00,Posted,Sale
B001,HT00525,HB00525,C0001,2025-10-01T11:00:00+10:00,Posted,Sale
B001,HT00526,HB00526,C0049,2025-10-01T13:00:00+10:00,Posted,Sale
B001,HT00527,HB00527,C0001,2025-10-02T10:00:00+10:00,Posted,Sale
B001,HT00528,HB00528,C0051,2025-10-02T13:00:00+10:00,Posted,Sale
B001,HT00529,HB00529,C0001,2025-10-03T10:00:00+10:00,Posted,Sale
B001,HT00530,HB00530,C0053,2025-10-03T14:00:00+10:00,Posted,Sale
B001,HT00531,HB00531,C0001,2025-09-29T10:00:00+10:00,Posted,Sale
B001,HT00532,HB00532,C0055,2025-09-29T14:00:00+10:00,Posted,Sale
B001,HT00533,HB00533,C0001,2025-09-30T11:00:00+10:00,Posted,Sale
B001,HT00534,HB00534,C0057,2025-09-30T13:00:00+10:00,Posted,Sale
B001,HT00535,HB00535,C0001,2025-10-01T10:00:00+10:00,Posted,Sale
B001,HT00536,HB00536,C0059,2025-10-01T13:00:00+10:00,Posted,Sale
B001,HT00537,HB00537,C0001,2025-10-02T10:00:00+10:00,Posted,Sale
B001,HT00538,HB00538,C0061,2025-10-02T14:00:00+10:00,Posted,Sale
B001,HT00539,HB00539,C0001,2025-10-03T11:00:00+10:00,Posted,Sale
B001,HT00540,HB00540,C0063,2025-10-03T13:00:00+10:00,Posted,Sale
B001,HT00541,HB00541,C0001,2025-10-06T10:00:00+11:00,Posted,Sale
B001,HT00542,HB00542,C0065,2025-10-06T13:00:00+11:00,Posted,Sale
B001,HT00543,HB00543,C0001,2025-10-07T10:00:00+11:00,Posted,Sale
B001,HT00544,HB00544,C0067,2025-10-07T14:00:00+11:00,Posted,Sale
B001,HT00545,HB00545,C0001,2025-10-08T11:00:00+11:00,Posted,Sale
B001,HT00546,HB00546,C0069,2025-10-08T13:00:00+11:00,Posted,Sale
B001,HT00547,HB00547,C0001,2025-10-09T10:00:00+11:00,Posted,Sale
B001,HT00548,HB00548,C0071,2025-10-09T13:00:00+11:00,Posted,Sale
B001,HT00549,HB00549,C0001,2025-10-10T10:00:00+11:00,Posted,Sale
B001,HT00550,HB00550,C0073,2025-10-10T14:00:00+11:00,Posted,Sale
B001,HT00551,HB00551,C0001,2025-10-06T10:00:00+11:00,Posted,Sale
B001,HT00552,HB00552,C0075,2025-10-06T14:00:00+11:00,Posted,Sale
B001,HT00553,HB00553,C0001,2025-10-07T11:00:00+11:00,Posted,Sale
B001,HT00554,HB00554,C0077,2025-10-07T13:00:00+11:00,Posted,Sale
B001,HT00555,HB00555,C0001,2025-10-08T10:00:00+11:00,Posted,Sale
B001,HT00556,HB00556,C0079,2025-10-08T13:00:00+11:00,Posted,Sale
B001,HT00557,HB00557,C0001,2025-10-09T10:00:00+11:00,Posted,Sale
B001,HT00558,HB00558,C0081,2025-10-09T14:00:00+11:00,Posted,Sale
B001,HT00559,HB00559,C0001,2025-10-10T11:00:00+11:00,Posted,Sale
B001,HT00560,HB00560,C0083,2025-10-10T13:00:00+11:00,Posted,Sale
B001,HT00561,HB00561,C0001,2025-10-06T11:00:00+11:00,Posted,Sale
B001,HT00562,HB00562,C0085,2025-10-06T13:00:00+11:00,Posted,Sale
B001,HT00563,HB00563,C0001,2025-10-07T10:00:00+11:00,Posted,Sale
B001,HT00564,HB00564,C0087,2025-10-07T13:00:00+11:00,Posted,Sale
B001,HT00565,HB00565,C0001,2025-10-08T10:00:00+11:00,Posted,Sale
B001,HT00566,HB00566,C0089,2025-10-08T14:00:00+11:00,Posted,Sale
B001,HT00567,HB00567,C0001,2025-10-09T11:00:00+11:00,Posted,Sale
B001,HT00568,HB00568,C0091,2025-10-09T13:00:00+11:00,Posted,Sale
B001,HT00569,HB00569,C0001,2025-10-10T10:00:00+11:00,Posted,Sale
B001,HT00570,HB00570,C0093,2025-10-10T13:00:00+11:00,Posted,Sale
B001,HT00571,HB00571,C0001,2025-10-13T10:00:00+11:00,Posted,Sale
B001,HT00572,HB00572,C0095,2025-10-13T14:00:00+11:00,Posted,Sale
B001,HT00573,HB00573,C0001,2025-10-14T11:00:00+11:00,Posted,Sale
B001,HT00574,HB00574,C0097,2025-10-14T13:00:00+11:00,Posted,Sale
B001,HT00575,HB00575,C0001,2025-10-15T10:00:00+11:00,Posted,Sale
B001,HT00576,HB00576,C0099,2025-10-15T13:00:00+11:00,Posted,Sale
B001,HT00577,HB00577,C0001,2025-10-16T10:00:00+11:00,Posted,Sale
B001,HT00578,HB00578,C0101,2025-10-16T14:00:00+11:00,Posted,Sale
B001,HT00579,HB00579,C0001,2025-10-17T11:00:00+11:00,Posted,Sale
B001,HT00580,HB00580,C0103,2025-10-17T13:00:00+11:00,Posted,Sale
B001,HT00581,HB00581,C0001,2025-10-13T11:00:00+11:00,Posted,Sale
B001,HT00582,HB00582,C0105,2025-10-13T13:00:00+11:00,Posted,Sale
B001,HT00583,HB00583,C0001,2025-10-14T10:00:00+11:00,Posted,Sale
B001,HT00584,HB00584,C0107,2025-10-14T13:00:00+11:00,Posted,Sale
B001,HT00585,HB00585,C0001,2025-10-15T10:00:00+11:00,Posted,Sale
B001,HT00586,HB00586,C0109,2025-10-15T14:00:00+11:00,Posted,Sale
B001,HT00587,HB00587,C0001,2025-10-16T11:00:00+11:00,Posted,Sale
B001,HT00588,HB00588,C0111,2025-10-16T13:00:00+11:00,Posted,Sale
B001,HT00589,HB00589,C0001,2025-10-17T10:00:00+11:00,Posted,Sale
B001,HT00590,HB00590,C0113,2025-10-17T13:00:00+11:00,Posted,Sale
B001,HT00591,HB00591,C0001,2025-10-13T10:00:00+11:00,Posted,Sale
B001,HT00592,HB00592,C0115,2025-10-13T13:00:00+11:00,Posted,Sale
B001,HT00593,HB00593,C0001,2025-10-14T10:00:00+11:00,Posted,Sale
B001,HT00594,HB00594,C0117,2025-10-14T14:00:00+11:00,Posted,Sale
B001,HT00595,HB00595,C0001,2025-10-15T11:00:00+11:00,Posted,Sale
B001,HT00596,HB00596,C0119,2025-10-15T13:00:00+11:00,Posted,Sale
B001,HT00597,HB00597,C0001,2025-10-16T10:00:00+11:00,Posted,Sale
B001,HT00598,HB00598,C0121,2025-10-16T13:00:00+11:00,Posted,Sale
B001,HT00599,HB00599,C0001,2025-10-17T10:00:00+11:00,Posted,Sale
B001,HT00600,HB00600,C0123,2025-10-17T14:00:00+11:00,Posted,Sale
B001,HT00601,HB00601,C0001,2025-10-20T11:00:00+11:00,Posted,Sale
B001,HT00602,HB00602,C0125,2025-10-20T13:00:00+11:00,Posted,Sale
B001,HT00603,HB00603,C0001,2025-10-21T10:00:00+11:00,Posted,Sale
B001,HT00604,HB00604,C0127,2025-10-21T13:00:00+11:00,Posted,Sale
B001,HT00605,HB00605,C0001,2025-10-22T10:00:00+11:00,Posted,Sale
B001,HT00606,HB00606,C0129,2025-10-22T14:00:00+11:00,Posted,Sale
B001,HT00607,HB00607,C0001,2025-10-23T11:00:00+11:00,Posted,Sale
B001,HT00608,HB00608,C0131,2025-10-23T13:00:00+11:00,Posted,Sale
B001,HT00609,HB00609,C0001,2025-10-24T10:00:00+11:00,Posted,Sale
B001,HT00610,HB00610,C0133,2025-10-24T13:00:00+11:00,Posted,Sale
B001,HT00611,HB00611,C0001,2025-10-20T10:00:00+11:00,Posted,Sale
B001,HT00612,HB00612,C0135,2025-10-20T13:00:00+11:00,Posted,Sale
B001,HT00613,HB00613,C0001,2025-10-21T10:00:00+11:00,Posted,Sale
B001,HT00614,HB00614,C0137,2025-10-21T14:00:00+11:00,Posted,Sale
B001,HT00615,HB00615,C0001,2025-10-22T11:00:00+11:00,Posted,Sale
B001,HT00616,HB00616,C0139,2025-10-22T13:00:00+11:00,Posted,Sale
B001,HT00617,HB00617,C0001,2025-10-23T10:00:00+11:00,Posted,Sale
B001,HT00618,HB00618,C0141,2025-10-23T13:00:00+11:00,Posted,Sale
B001,HT00619,HB00619,C0001,2025-10-24T10:00:00+11:00,Posted,Sale
B001,HT00620,HB00620,C0143,2025-10-24T14:00:00+11:00,Posted,Sale
B001,HT00621,HB00621,C0001,2025-10-20T10:00:00+11:00,Posted,Sale
B001,HT00622,HB00622,C0145,2025-10-20T14:00:00+11:00,Posted,Sale
B001,HT00623,HB00623,C0001,2025-10-21T11:00:00+11:00,Posted,Sale
B001,HT00624,HB00624,C0147,2025-10-21T13:00:00+11:00,Posted,Sale
B001,HT00625,HB00625,C0001,2025-10-22T10:00:00+11:00,Posted,Sale
B001,HT00626,HB00626,C0149,2025-10-22T13:00:00+11:00,Posted,Sale
B001,HT00627,HB00627,C0001,2025-10-23T10:00:00+11:00,Posted,Sale
B001,HT00628,HB00628,C0151,2025-10-23T14:00:00+11:00,Posted,Sale
B001,HT00629,HB00629,C0001,2025-10-24T11:00:00+11:00,Posted,Sale
B001,HT00630,HB00630,C0153,2025-10-24T13:00:00+11:00,Posted,Sale
B001,HT00631,HB00631,C0001,2025-10-27T10:00:00+11:00,Posted,Sale
B001,HT00632,HB00632,C0155,2025-10-27T13:00:00+11:00,Posted,Sale
B001,HT00633,HB00633,C0001,2025-10-28T10:00:00+11:00,Posted,Sale
B001,HT00634,HB00634,C0157,2025-10-28T14:00:00+11:00,Posted,Sale
B001,HT00635,HB00635,C0001,2025-10-29T11:00:00+11:00,Posted,Sale
B001,HT00636,HB00636,C0159,2025-10-29T13:00:00+11:00,Posted,Sale
B001,HT00637,HB00637,C0001,2025-10-30T10:00:00+11:00,Posted,Sale
B001,HT00638,HB00638,C0161,2025-10-30T13:00:00+11:00,Posted,Sale
B001,HT00639,HB00639,C0001,2025-10-31T10:00:00+11:00,Posted,Sale
B001,HT00640,HB00640,C0003,2025-10-31T14:00:00+11:00,Posted,Sale
B001,HT00641,HB00641,C0001,2025-10-27T10:00:00+11:00,Posted,Sale
B001,HT00642,HB00642,C0005,2025-10-27T14:00:00+11:00,Posted,Sale
B001,HT00643,HB00643,C0001,2025-10-28T11:00:00+11:00,Posted,Sale
B001,HT00644,HB00644,C0007,2025-10-28T13:00:00+11:00,Posted,Sale
B001,HT00645,HB00645,C0001,2025-10-29T10:00:00+11:00,Posted,Sale
B001,HT00646,HB00646,C0009,2025-10-29T13:00:00+11:00,Posted,Sale
B001,HT00647,HB00647,C0001,2025-10-30T10:00:00+11:00,Posted,Sale
B001,HT00648,HB00648,C0011,2025-10-30T14:00:00+11:00,Posted,Sale
B001,HT00649,HB00649,C0001,2025-10-31T11:00:00+11:00,Posted,Sale
B001,HT00650,HB00650,C0013,2025-10-31T13:00:00+11:00,Posted,Sale
B001,HT00651,HB00651,C0001,2025-10-27T11:00:00+11:00,Posted,Sale
B001,HT00652,HB00652,C0015,2025-10-27T13:00:00+11:00,Posted,Sale
B001,HT00653,HB00653,C0001,2025-10-28T10:00:00+11:00,Posted,Sale
B001,HT00654,HB00654,C0017,2025-10-28T13:00:00+11:00,Posted,Sale
B001,HT00655,HB00655,C0001,2025-10-29T10:00:00+11:00,Posted,Sale
B001,HT00656,HB00656,C0019,2025-10-29T14:00:00+11:00,Posted,Sale
B001,HT00657,HB00657,C0001,2025-10-30T11:00:00+11:00,Posted,Sale
B001,HT00658,HB00658,C0021,2025-10-30T13:00:00+11:00,Posted,Sale
B001,HT00659,HB00659,C0001,2025-10-31T10:00:00+11:00,Posted,Sale
B001,HT00660,HB00660,C0023,2025-10-31T13:00:00+11:00,Posted,Sale
B001,HT00661,HB00661,C0001,2025-11-03T10:00:00+11:00,Posted,Sale
B001,HT00662,HB00662,C0025,2025-11-03T14:00:00+11:00,Posted,Sale
B001,HT00663,HB00663,C0001,2025-11-04T11:00:00+11:00,Posted,Sale
B001,HT00664,HB00664,C0027,2025-11-04T13:00:00+11:00,Posted,Sale
B001,HT00665,HB00665,C0001,2025-11-05T10:00:00+11:00,Posted,Sale
B001,HT00666,HB00666,C0029,2025-11-05T13:00:00+11:00,Posted,Sale
B001,HT00667,HB00667,C0001,2025-11-06T10:00:00+11:00,Posted,Sale
B001,HT00668,HB00668,C0031,2025-11-06T14:00:00+11:00,Posted,Sale
B001,HT00669,HB00669,C0001,2025-11-07T11:00:00+11:00,Posted,Sale
B001,HT00670,HB00670,C0033,2025-11-07T13:00:00+11:00,Posted,Sale
B001,HT00671,HB00671,C0001,2025-11-03T11:00:00+11:00,Posted,Sale
B001,HT00672,HB00672,C0035,2025-11-03T13:00:00+11:00,Posted,Sale
B001,HT00673,HB00673,C0001,2025-11-04T10:00:00+11:00,Posted,Sale
B001,HT00674,HB00674,C0037,2025-11-04T13:00:00+11:00,Posted,Sale
B001,HT00675,HB00675,C0001,2025-11-05T10:00:00+11:00,Posted,Sale
B001,HT00676,HB00676,C0039,2025-11-05T14:00:00+11:00,Posted,Sale
B001,HT00677,HB00677,C0001,2025-11-06T11:00:00+11:00,Posted,Sale
B001,HT00678,HB00678,C0041,2025-11-06T13:00:00+11:00,Posted,Sale
B001,HT00679,HB00679,C0001,2025-11-07T10:00:00+11:00,Posted,Sale
B001,HT00680,HB00680,C0043,2025-11-07T13:00:00+11:00,Posted,Sale
B001,HT00681,HB00681,C0001,2025-11-03T10:00:00+11:00,Posted,Sale
B001,HT00682,HB00682,C0045,2025-11-03T13:00:00+11:00,Posted,Sale
B001,HT00683,HB00683,C0001,2025-11-04T10:00:00+11:00,Posted,Sale
B001,HT00684,HB00684,C0047,2025-11-04T14:00:00+11:00,Posted,Sale
B001,HT00685,HB00685,C0001,2025-11-05T11:00:00+11:00,Posted,Sale
B001,HT00686,HB00686,C0049,2025-11-05T13:00:00+11:00,Posted,Sale
B001,HT00687,HB00687,C0001,2025-11-06T10:00:00+11:00,Posted,Sale
B001,HT00688,HB00688,C0051,2025-11-06T13:00:00+11:00,Posted,Sale
B001,HT00689,HB00689,C0001,2025-11-07T10:00:00+11:00,Posted,Sale
B001,HT00690,HB00690,C0053,2025-11-07T14:00:00+11:00,Posted,Sale
B001,HT00691,HB00691,C0001,2025-11-10T11:00:00+11:00,Posted,Sale
B001,HT00692,HB00692,C0055,2025-11-10T13:00:00+11:00,Posted,Sale
B001,HT00693,HB00693,C0001,2025-11-11T10:00:00+11:00,Posted,Sale
B001,HT00694,HB00694,C0057,2025-11-11T13:00:00+11:00,Posted,Sale
B001,HT00695,HB00695,C0001,2025-11-12T10:00:00+11:00,Posted,Sale
B001,HT00696,HB00696,C0059,2025-11-12T14:00:00+11:00,Posted,Sale
B001,HT00697,HB00697,C0001,2025-11-13T11:00:00+11:00,Posted,Sale
B001,HT00698,HB00698,C0061,2025-11-13T13:00:00+11:00,Posted,Sale
B001,HT00699,HB00699,C0001,2025-11-14T10:00:00+11:00,Posted,Sale
B001,HT00700,HB00700,C0063,2025-11-14T13:00:00+11:00,Posted,Sale
B001,HT00701,HB00701,C0001,2025-11-10T10:00:00+11:00,Posted,Sale
B001,HT00702,HB00702,C0065,2025-11-10T13:00:00+11:00,Posted,Sale
B001,HT00703,HB00703,C0001,2025-11-11T10:00:00+11:00,Posted,Sale
B001,HT00704,HB00704,C0067,2025-11-11T14:00:00+11:00,Posted,Sale
B001,HT00705,HB00705,C0001,2025-11-12T11:00:00+11:00,Posted,Sale
B001,HT00706,HB00706,C0069,2025-11-12T13:00:00+11:00,Posted,Sale
B001,HT00707,HB00707,C0001,2025-11-13T10:00:00+11:00,Posted,Sale
B001,HT00708,HB00708,C0071,2025-11-13T13:00:00+11:00,Posted,Sale
B001,HT00709,HB00709,C0001,2025-11-14T10:00:00+11:00,Posted,Sale
B001,HT00710,HB00710,C0073,2025-11-14T14:00:00+11:00,Posted,Sale
B001,HT00711,HB00711,C0001,2025-11-10T10:00:00+11:00,Posted,Sale
B001,HT00712,HB00712,C0075,2025-11-10T14:00:00+11:00,Posted,Sale
B001,HT00713,HB00713,C0001,2025-11-11T11:00:00+11:00,Posted,Sale
B001,HT00714,HB00714,C0077,2025-11-11T13:00:00+11:00,Posted,Sale
B001,HT00715,HB00715,C0001,2025-11-12T10:00:00+11:00,Posted,Sale
B001,HT00716,HB00716,C0079,2025-11-12T13:00:00+11:00,Posted,Sale
B001,HT00717,HB00717,C0001,2025-11-13T10:00:00+11:00,Posted,Sale
B001,HT00718,HB00718,C0081,2025-11-13T14:00:00+11:00,Posted,Sale
B001,HT00719,HB00719,C0001,2025-11-14T11:00:00+11:00,Posted,Sale
B001,HT00720,HB00720,C0083,2025-11-14T13:00:00+11:00,Posted,Sale
B001,HT00721,HB00721,C0001,2025-11-17T10:00:00+11:00,Posted,Sale
B001,HT00722,HB00722,C0085,2025-11-17T13:00:00+11:00,Posted,Sale
B001,HT00723,HB00723,C0001,2025-11-18T10:00:00+11:00,Posted,Sale
B001,HT00724,HB00724,C0087,2025-11-18T14:00:00+11:00,Posted,Sale
B001,HT00725,HB00725,C0001,2025-11-19T11:00:00+11:00,Posted,Sale
B001,HT00726,HB00726,C0089,2025-11-19T13:00:00+11:00,Posted,Sale
B001,HT00727,HB00727,C0001,2025-11-20T10:00:00+11:00,Posted,Sale
B001,HT00728,HB00728,C0091,2025-11-20T13:00:00+11:00,Posted,Sale
B001,HT00729,HB00729,C0001,2025-11-21T10:00:00+11:00,Posted,Sale
B001,HT00730,HB00730,C0093,2025-11-21T14:00:00+11:00,Posted,Sale
B001,HT00731,HB00731,C0001,2025-11-17T10:00:00+11:00,Posted,Sale
B001,HT00732,HB00732,C0095,2025-11-17T14:00:00+11:00,Posted,Sale
B001,HT00733,HB00733,C0001,2025-11-18T11:00:00+11:00,Posted,Sale
B001,HT00734,HB00734,C0097,2025-11-18T13:00:00+11:00,Posted,Sale
B001,HT00735,HB00735,C0001,2025-11-19T10:00:00+11:00,Posted,Sale
B001,HT00736,HB00736,C0099,2025-11-19T13:00:00+11:00,Posted,Sale
B001,HT00737,HB00737,C0001,2025-11-20T10:00:00+11:00,Posted,Sale
B001,HT00738,HB00738,C0101,2025-11-20T14:00:00+11:00,Posted,Sale
B001,HT00739,HB00739,C0001,2025-11-21T11:00:00+11:00,Posted,Sale
B001,HT00740,HB00740,C0103,2025-11-21T13:00:00+11:00,Posted,Sale
B001,HT00741,HB00741,C0001,2025-11-17T11:00:00+11:00,Posted,Sale
B001,HT00742,HB00742,C0105,2025-11-17T13:00:00+11:00,Posted,Sale
B001,HT00743,HB00743,C0001,2025-11-18T10:00:00+11:00,Posted,Sale
B001,HT00744,HB00744,C0107,2025-11-18T13:00:00+11:00,Posted,Sale
B001,HT00745,HB00745,C0001,2025-11-19T10:00:00+11:00,Posted,Sale
B001,HT00746,HB00746,C0109,2025-11-19T14:00:00+11:00,Posted,Sale
B001,HT00747,HB00747,C0001,2025-11-20T11:00:00+11:00,Posted,Sale
B001,HT00748,HB00748,C0111,2025-11-20T13:00:00+11:00,Posted,Sale
B001,HT00749,HB00749,C0001,2025-11-21T10:00:00+11:00,Posted,Sale
B001,HT00750,HB00750,C0113,2025-11-21T13:00:00+11:00,Posted,Sale
B001,HT00751,HB00751,C0114,2025-11-24T10:00:00+11:00,Posted,Sale
B001,HT00752,HB00752,C0115,2025-11-24T14:00:00+11:00,Posted,Sale
B001,HT00753,HB00753,C0116,2025-11-25T11:00:00+11:00,Posted,Sale
B001,HT00754,HB00754,C0117,2025-11-25T13:00:00+11:00,Posted,Sale
B001,HT00755,HB00755,C0118,2025-11-26T10:00:00+11:00,Posted,Sale
B001,HT00756,HB00756,C0119,2025-11-26T13:00:00+11:00,Posted,Sale
B001,HT00757,HB00757,C0120,2025-11-27T10:00:00+11:00,Posted,Sale
B001,HT00758,HB00758,C0121,2025-11-27T14:00:00+11:00,Posted,Sale
B001,HT00759,HB00759,C0122,2025-11-28T11:00:00+11:00,Posted,Sale
B001,HT00760,HB00760,C0123,2025-11-28T13:00:00+11:00,Posted,Sale
B001,HT00761,HB00761,C0124,2025-11-24T11:00:00+11:00,Posted,Sale
B001,HT00762,HB00762,C0125,2025-11-24T13:00:00+11:00,Posted,Sale
B001,HT00763,HB00763,C0126,2025-11-25T10:00:00+11:00,Posted,Sale
B001,HT00764,HB00764,C0127,2025-11-25T13:00:00+11:00,Posted,Sale
B001,HT00765,HB00765,C0128,2025-11-26T10:00:00+11:00,Posted,Sale
B001,HT00766,HB00766,C0129,2025-11-26T14:00:00+11:00,Posted,Sale
B001,HT00767,HB00767,C0130,2025-11-27T11:00:00+11:00,Posted,Sale
B001,HT00768,HB00768,C0131,2025-11-27T13:00:00+11:00,Posted,Sale
B001,HT00769,HB00769,C0132,2025-11-28T10:00:00+11:00,Posted,Sale
B001,HT00770,HB00770,C0133,2025-11-28T13:00:00+11:00,Posted,Sale
B001,HT00771,HB00771,C0134,2025-11-24T10:00:00+11:00,Posted,Sale
B001,HT00772,HB00772,C0135,2025-11-24T13:00:00+11:00,Posted,Sale
B001,HT00773,HB00773,C0136,2025-11-25T10:00:00+11:00,Posted,Sale
B001,HT00774,HB00774,C0137,2025-11-25T14:00:00+11:00,Posted,Sale
B001,HT00775,HB00775,C0138,2025-11-26T11:00:00+11:00,Posted,Sale
B001,HT00776,HB00776,C0139,2025-11-26T13:00:00+11:00,Posted,Sale
B001,HT00777,HB00777,C0140,2025-11-27T10:00:00+11:00,Posted,Sale
B001,HT00778,HB00778,C0141,2025-11-27T13:00:00+11:00,Posted,Sale
B001,HT00779,HB00779,C0142,2025-11-28T10:00:00+11:00,Posted,Sale
B001,HT00780,HB00780,C0143,2025-11-28T14:00:00+11:00,Posted,Sale
B001,HT00781,HB00781,C0144,2025-12-01T11:00:00+11:00,Posted,Sale
B001,HT00782,HB00782,C0145,2025-12-01T13:00:00+11:00,Posted,Sale
B001,HT00783,HB00783,C0146,2025-12-02T10:00:00+11:00,Posted,Sale
B001,HT00784,HB00784,C0147,2025-12-02T13:00:00+11:00,Posted,Sale
B001,HT00785,HB00785,C0148,2025-12-03T10:00:00+11:00,Posted,Sale
B001,HT00786,HB00786,C0149,2025-12-03T14:00:00+11:00,Posted,Sale
B001,HT00787,HB00787,C0150,2025-12-04T11:00:00+11:00,Posted,Sale
B001,HT00788,HB00788,C0151,2025-12-04T13:00:00+11:00,Posted,Sale
B001,HT00789,HB00789,C0152,2025-12-05T10:00:00+11:00,Posted,Sale
B001,HT00790,HB00790,C0153,2025-12-05T13:00:00+11:00,Posted,Sale
B001,HT00791,HB00791,C0154,2025-12-01T10:00:00+11:00,Posted,Sale
B001,HT00792,HB00792,C0155,2025-12-01T13:00:00+11:00,Posted,Sale
B001,HT00793,HB00793,C0156,2025-12-02T10:00:00+11:00,Posted,Sale
B001,HT00794,HB00794,C0157,2025-12-02T14:00:00+11:00,Posted,Sale
B001,HT00795,HB00795,C0158,2025-12-03T11:00:00+11:00,Posted,Sale
B001,HT00796,HB00796,C0159,2025-12-03T13:00:00+11:00,Posted,Sale
B001,HT00797,HB00797,C0160,2025-12-04T10:00:00+11:00,Posted,Sale
B001,HT00798,HB00798,C0161,2025-12-04T13:00:00+11:00,Posted,Sale
B001,HT00799,HB00799,C0162,2025-12-05T10:00:00+11:00,Posted,Sale
B001,HT00800,HB00800,C0003,2025-12-05T14:00:00+11:00,Posted,Sale
B001,HT00801,HB00801,C0004,2025-12-01T10:00:00+11:00,Posted,Sale
B001,HT00802,HB00802,C0005,2025-12-01T14:00:00+11:00,Posted,Sale
B001,HT00803,HB00803,C0006,2025-12-02T11:00:00+11:00,Posted,Sale
B001,HT00804,HB00804,C0007,2025-12-02T13:00:00+11:00,Posted,Sale
B001,HT00805,HB00805,C0008,2025-12-03T10:00:00+11:00,Posted,Sale
B001,HT00806,HB00806,C0009,2025-12-03T13:00:00+11:00,Posted,Sale
B001,HT00807,HB00807,C0010,2025-12-04T10:00:00+11:00,Posted,Sale
B001,HT00808,HB00808,C0011,2025-12-04T14:00:00+11:00,Posted,Sale
B001,HT00809,HB00809,C0012,2025-12-05T11:00:00+11:00,Posted,Sale
B001,HT00810,HB00810,C0013,2025-12-05T13:00:00+11:00,Posted,Sale
B001,HT00811,HB00811,C0014,2025-12-08T10:00:00+11:00,Posted,Sale
B001,HT00812,HB00812,C0015,2025-12-08T13:00:00+11:00,Posted,Sale
B001,HT00813,HB00813,C0016,2025-12-09T10:00:00+11:00,Posted,Sale
B001,HT00814,HB00814,C0017,2025-12-09T14:00:00+11:00,Posted,Sale
B001,HT00815,HB00815,C0018,2025-12-10T11:00:00+11:00,Posted,Sale
B001,HT00816,HB00816,C0019,2025-12-10T13:00:00+11:00,Posted,Sale
B001,HT00817,HB00817,C0020,2025-12-11T10:00:00+11:00,Posted,Sale
B001,HT00818,HB00818,C0021,2025-12-11T13:00:00+11:00,Posted,Sale
B001,HT00819,HB00819,C0022,2025-12-12T10:00:00+11:00,Posted,Sale
B001,HT00820,HB00820,C0023,2025-12-12T14:00:00+11:00,Posted,Sale
B001,HT00821,HB00821,C0024,2025-12-08T10:00:00+11:00,Posted,Sale
B001,HT00822,HB00822,C0025,2025-12-08T14:00:00+11:00,Posted,Sale
B001,HT00823,HB00823,C0026,2025-12-09T11:00:00+11:00,Posted,Sale
B001,HT00824,HB00824,C0027,2025-12-09T13:00:00+11:00,Posted,Sale
B001,HT00825,HB00825,C0028,2025-12-10T10:00:00+11:00,Posted,Sale
B001,HT00826,HB00826,C0029,2025-12-10T13:00:00+11:00,Posted,Sale
B001,HT00827,HB00827,C0030,2025-12-11T10:00:00+11:00,Posted,Sale
B001,HT00828,HB00828,C0031,2025-12-11T14:00:00+11:00,Posted,Sale
B001,HT00829,HB00829,C0032,2025-12-12T11:00:00+11:00,Posted,Sale
B001,HT00830,HB00830,C0033,2025-12-12T13:00:00+11:00,Posted,Sale
B001,HT00831,HB00831,C0034,2025-12-08T11:00:00+11:00,Posted,Sale
B001,HT00832,HB00832,C0035,2025-12-08T13:00:00+11:00,Posted,Sale
B001,HT00833,HB00833,C0036,2025-12-09T10:00:00+11:00,Posted,Sale
B001,HT00834,HB00834,C0037,2025-12-09T13:00:00+11:00,Posted,Sale
B001,HT00835,HB00835,C0038,2025-12-10T10:00:00+11:00,Posted,Sale
B001,HT00836,HB00836,C0039,2025-12-10T14:00:00+11:00,Posted,Sale
B001,HT00837,HB00837,C0040,2025-12-11T11:00:00+11:00,Posted,Sale
B001,HT00838,HB00838,C0041,2025-12-11T13:00:00+11:00,Posted,Sale
B001,HT00839,HB00839,C0042,2025-12-12T10:00:00+11:00,Posted,Sale
B001,HT00840,HB00840,C0043,2025-12-12T13:00:00+11:00,Posted,Sale
B001,HT00841,HB00841,C0044,2025-12-15T10:00:00+11:00,Posted,Sale
B001,HT00842,HB00842,C0045,2025-12-15T14:00:00+11:00,Posted,Sale
B001,HT00843,HB00843,C0046,2025-12-16T11:00:00+11:00,Posted,Sale
B001,HT00844,HB00844,C0047,2025-12-16T13:00:00+11:00,Posted,Sale
B001,HT00845,HB00845,C0048,2025-12-17T10:00:00+11:00,Posted,Sale
B001,HT00846,HB00846,C0049,2025-12-17T13:00:00+11:00,Posted,Sale
B001,HT00847,HB00847,C0050,2025-12-18T10:00:00+11:00,Posted,Sale
B001,HT00848,HB00848,C0051,2025-12-18T14:00:00+11:00,Posted,Sale
B001,HT00849,HB00849,C0052,2025-12-19T11:00:00+11:00,Posted,Sale
B001,HT00850,HB00850,C0053,2025-12-19T13:00:00+11:00,Posted,Sale
B001,HT00851,HB00851,C0054,2025-12-15T11:00:00+11:00,Posted,Sale
B001,HT00852,HB00852,C0055,2025-12-15T13:00:00+11:00,Posted,Sale
B001,HT00853,HB00853,C0056,2025-12-16T10:00:00+11:00,Posted,Sale
B001,HT00854,HB00854,C0057,2025-12-16T13:00:00+11:00,Posted,Sale
B001,HT00855,HB00855,C0058,2025-12-17T10:00:00+11:00,Posted,Sale
B001,HT00856,HB00856,C0059,2025-12-17T14:00:00+11:00,Posted,Sale
B001,HT00857,HB00857,C0060,2025-12-18T11:00:00+11:00,Posted,Sale
B001,HT00858,HB00858,C0061,2025-12-18T13:00:00+11:00,Posted,Sale
B001,HT00859,HB00859,C0062,2025-12-19T10:00:00+11:00,Posted,Sale
B001,HT00860,HB00860,C0063,2025-12-19T13:00:00+11:00,Posted,Sale
B001,HT00861,HB00861,C0064,2025-12-15T10:00:00+11:00,Posted,Sale
B001,HT00862,HB00862,C0065,2025-12-15T13:00:00+11:00,Posted,Sale
B001,HT00863,HB00863,C0066,2025-12-16T10:00:00+11:00,Posted,Sale
B001,HT00864,HB00864,C0067,2025-12-16T14:00:00+11:00,Posted,Sale
B001,HT00865,HB00865,C0068,2025-12-17T11:00:00+11:00,Posted,Sale
B001,HT00866,HB00866,C0069,2025-12-17T13:00:00+11:00,Posted,Sale
B001,HT00867,HB00867,C0070,2025-12-18T10:00:00+11:00,Posted,Sale
B001,HT00868,HB00868,C0071,2025-12-18T13:00:00+11:00,Posted,Sale
B001,HT00869,HB00869,C0072,2025-12-19T10:00:00+11:00,Posted,Sale
B001,HT00870,HB00870,C0073,2025-12-19T14:00:00+11:00,Posted,Sale
B001,HT00871,HB00871,C0074,2025-12-22T11:00:00+11:00,Posted,Sale
B001,HT00872,HB00872,C0075,2025-12-22T13:00:00+11:00,Posted,Sale
B001,HT00873,HB00873,C0076,2025-12-23T10:00:00+11:00,Posted,Sale
B001,HT00874,HB00874,C0077,2025-12-23T13:00:00+11:00,Posted,Sale
B001,HT00875,HB00875,C0078,2025-12-24T10:00:00+11:00,Posted,Sale
B001,HT00876,HB00876,C0079,2025-12-24T14:00:00+11:00,Posted,Sale
B001,HT00877,HB00877,C0080,2025-12-25T11:00:00+11:00,Posted,Sale
B001,HT00878,HB00878,C0081,2025-12-25T13:00:00+11:00,Posted,Sale
B001,HT00879,HB00879,C0082,2025-12-26T10:00:00+11:00,Posted,Sale
B001,HT00880,HB00880,C0083,2025-12-26T13:00:00+11:00,Posted,Sale
B001,HT00881,HB00881,C0084,2025-12-22T10:00:00+11:00,Posted,Sale
B001,HT00882,HB00882,C0085,2025-12-22T13:00:00+11:00,Posted,Sale
B001,HT00883,HB00883,C0086,2025-12-23T10:00:00+11:00,Posted,Sale
B001,HT00884,HB00884,C0087,2025-12-23T14:00:00+11:00,Posted,Sale
B001,HT00885,HB00885,C0088,2025-12-24T11:00:00+11:00,Posted,Sale
B001,HT00886,HB00886,C0089,2025-12-24T13:00:00+11:00,Posted,Sale
B001,HT00887,HB00887,C0090,2025-12-25T10:00:00+11:00,Posted,Sale
B001,HT00888,HB00888,C0091,2025-12-25T13:00:00+11:00,Posted,Sale
B001,HT00889,HB00889,C0092,2025-12-26T10:00:00+11:00,Posted,Sale
B001,HT00890,HB00890,C0093,2025-12-26T14:00:00+11:00,Posted,Sale
B001,HT00891,HB00891,C0094,2025-12-22T10:00:00+11:00,Posted,Sale
B001,HT00892,HB00892,C0095,2025-12-22T14:00:00+11:00,Posted,Sale
B001,HT00893,HB00893,C0096,2025-12-23T11:00:00+11:00,Posted,Sale
B001,HT00894,HB00894,C0097,2025-12-23T13:00:00+11:00,Posted,Sale
B001,HT00895,HB00895,C0098,2025-12-24T10:00:00+11:00,Posted,Sale
B001,HT00896,HB00896,C0099,2025-12-24T13:00:00+11:00,Posted,Sale
B001,HT00897,HB00897,C0100,2025-12-25T10:00:00+11:00,Posted,Sale
B001,HT00898,HB00898,C0101,2025-12-25T14:00:00+11:00,Posted,Sale
B001,HT00899,HB00899,C0102,2025-12-26T11:00:00+11:00,Posted,Sale
B001,HT00900,HB00900,C0103,2025-12-26T13:00:00+11:00,Posted,Sale
B001,HT00901,HB00901,C0104,2025-12-29T10:00:00+11:00,Posted,Sale
B001,HT00902,HB00902,C0105,2025-12-29T13:00:00+11:00,Posted,Sale
B001,HT00903,HB00903,C0106,2025-12-30T10:00:00+11:00,Posted,Sale
B001,HT00904,HB00904,C0107,2025-12-30T14:00:00+11:00,Posted,Sale
B001,HT00905,HB00905,C0108,2025-12-31T11:00:00+11:00,Posted,Sale
B001,HT00906,HB00906,C0109,2025-12-31T13:00:00+11:00,Posted,Sale
B001,HT00907,HB00907,C0110,2026-01-01T10:00:00+11:00,Posted,Sale
B001,HT00908,HB00908,C0111,2026-01-01T13:00:00+11:00,Posted,Sale
B001,HT00909,HB00909,C0112,2026-01-02T10:00:00+11:00,Posted,Sale
B001,HT00910,HB00910,C0113,2026-01-02T14:00:00+11:00,Posted,Sale
B001,HT00911,HB00911,C0114,2025-12-29T10:00:00+11:00,Posted,Sale
B001,HT00912,HB00912,C0115,2025-12-29T14:00:00+11:00,Posted,Sale
B001,HT00913,HB00913,C0116,2025-12-30T11:00:00+11:00,Posted,Sale
B001,HT00914,HB00914,C0117,2025-12-30T13:00:00+11:00,Posted,Sale
B001,HT00915,HB00915,C0118,2025-12-31T10:00:00+11:00,Posted,Sale
B001,HT00916,HB00916,C0119,2025-12-31T13:00:00+11:00,Posted,Sale
B001,HT00917,HB00917,C0120,2026-01-01T10:00:00+11:00,Posted,Sale
B001,HT00918,HB00918,C0121,2026-01-01T14:00:00+11:00,Posted,Sale
B001,HT00919,HB00919,C0122,2026-01-02T11:00:00+11:00,Posted,Sale
B001,HT00920,HB00920,C0123,2026-01-02T13:00:00+11:00,Posted,Sale
B001,HT00921,HB00921,C0124,2025-12-29T11:00:00+11:00,Posted,Sale
B001,HT00922,HB00922,C0125,2025-12-29T13:00:00+11:00,Posted,Sale
B001,HT00923,HB00923,C0126,2025-12-30T10:00:00+11:00,Posted,Sale
B001,HT00924,HB00924,C0127,2025-12-30T13:00:00+11:00,Posted,Sale
B001,HT00925,HB00925,C0128,2025-12-31T10:00:00+11:00,Posted,Sale
B001,HT00926,HB00926,C0129,2025-12-31T14:00:00+11:00,Posted,Sale
B001,HT00927,HB00927,C0130,2026-01-01T11:00:00+11:00,Posted,Sale
B001,HT00928,HB00928,C0131,2026-01-01T13:00:00+11:00,Posted,Sale
B001,HT00929,HB00929,C0132,2026-01-02T10:00:00+11:00,Posted,Sale
B001,HT00930,HB00930,C0133,2026-01-02T13:00:00+11:00,Posted,Sale
B001,HT00931,HB00931,C0134,2026-01-05T10:00:00+11:00,Posted,Sale
B001,HT00932,HB00932,C0135,2026-01-05T14:00:00+11:00,Posted,Sale
B001,HT00933,HB00933,C0136,2026-01-06T11:00:00+11:00,Posted,Sale
B001,HT00934,HB00934,C0137,2026-01-06T13:00:00+11:00,Posted,Sale
B001,HT00935,HB00935,C0138,2026-01-07T10:00:00+11:00,Posted,Sale
B001,HT00936,HB00936,C0139,2026-01-07T13:00:00+11:00,Posted,Sale
B001,HT00937,HB00937,C0140,2026-01-08T10:00:00+11:00,Posted,Sale
B001,HT00938,HB00938,C0141,2026-01-08T14:00:00+11:00,Posted,Sale
B001,HT00939,HB00939,C0142,2026-01-09T11:00:00+11:00,Posted,Sale
B001,HT00940,HB00940,C0143,2026-01-09T13:00:00+11:00,Posted,Sale
B001,HT00941,HB00941,C0144,2026-01-05T11:00:00+11:00,Posted,Sale
B001,HT00942,HB00942,C0145,2026-01-05T13:00:00+11:00,Posted,Sale
B001,HT00943,HB00943,C0146,2026-01-06T10:00:00+11:00,Posted,Sale
B001,HT00944,HB00944,C0147,2026-01-06T13:00:00+11:00,Posted,Sale
B001,HT00945,HB00945,C0148,2026-01-07T10:00:00+11:00,Posted,Sale
B001,HT00946,HB00946,C0149,2026-01-07T14:00:00+11:00,Posted,Sale
B001,HT00947,HB00947,C0150,2026-01-08T11:00:00+11:00,Posted,Sale
B001,HT00948,HB00948,C0151,2026-01-08T13:00:00+11:00,Posted,Sale
B001,HT00949,HB00949,C0152,2026-01-09T10:00:00+11:00,Posted,Sale
B001,HT00950,HB00950,C0153,2026-01-09T13:00:00+11:00,Posted,Sale
B001,HT00951,HB00951,C0154,2026-01-05T10:00:00+11:00,Posted,Sale
B001,HT00952,HB00952,C0155,2026-01-05T13:00:00+11:00,Posted,Sale
B001,HT00953,HB00953,C0156,2026-01-06T10:00:00+11:00,Posted,Sale
B001,HT00954,HB00954,C0157,2026-01-06T14:00:00+11:00,Posted,Sale
B001,HT00955,HB00955,C0158,2026-01-07T11:00:00+11:00,Posted,Sale
B001,HT00956,HB00956,C0159,2026-01-07T13:00:00+11:00,Posted,Sale
B001,HT00957,HB00957,C0160,2026-01-08T10:00:00+11:00,Posted,Sale
B001,HT00958,HB00958,C0161,2026-01-08T13:00:00+11:00,Posted,Sale
B001,HT00959,HB00959,C0162,2026-01-09T10:00:00+11:00,Posted,Sale
B001,HT00960,HB00960,C0003,2026-01-09T14:00:00+11:00,Posted,Sale
B001,HT00961,HB00961,C0004,2026-01-12T11:00:00+11:00,Posted,Sale
B001,HT00962,HB00962,C0005,2026-01-12T13:00:00+11:00,Posted,Sale
B001,HT00963,HB00963,C0006,2026-01-13T10:00:00+11:00,Posted,Sale
B001,HT00964,HB00964,C0007,2026-01-13T13:00:00+11:00,Posted,Sale
B001,HT00965,HB00965,C0008,2026-01-14T10:00:00+11:00,Posted,Sale
B001,HT00966,HB00966,C0009,2026-01-14T14:00:00+11:00,Posted,Sale
B001,HT00967,HB00967,C0010,2026-01-15T11:00:00+11:00,Posted,Sale
B001,HT00968,HB00968,C0011,2026-01-15T13:00:00+11:00,Posted,Sale
B001,HT00969,HB00969,C0012,2026-01-16T10:00:00+11:00,Posted,Sale
B001,HT00970,HB00970,C0013,2026-01-16T13:00:00+11:00,Posted,Sale
B001,HT00971,HB00971,C0014,2026-01-12T10:00:00+11:00,Posted,Sale
B001,HT00972,HB00972,C0015,2026-01-12T13:00:00+11:00,Posted,Sale
B001,HT00973,HB00973,C0016,2026-01-13T10:00:00+11:00,Posted,Sale
B001,HT00974,HB00974,C0017,2026-01-13T14:00:00+11:00,Posted,Sale
B001,HT00975,HB00975,C0018,2026-01-14T11:00:00+11:00,Posted,Sale
B001,HT00976,HB00976,C0019,2026-01-14T13:00:00+11:00,Posted,Sale
B001,HT00977,HB00977,C0020,2026-01-15T10:00:00+11:00,Posted,Sale
B001,HT00978,HB00978,C0021,2026-01-15T13:00:00+11:00,Posted,Sale
B001,HT00979,HB00979,C0022,2026-01-16T10:00:00+11:00,Posted,Sale
B001,HT00980,HB00980,C0023,2026-01-16T14:00:00+11:00,Posted,Sale
B001,HT00981,HB00981,C0024,2026-01-12T10:00:00+11:00,Posted,Sale
B001,HT00982,HB00982,C0025,2026-01-12T14:00:00+11:00,Posted,Sale
B001,HT00983,HB00983,C0026,2026-01-13T11:00:00+11:00,Posted,Sale
B001,HT00984,HB00984,C0027,2026-01-13T13:00:00+11:00,Posted,Sale
B001,HT00985,HB00985,C0028,2026-01-14T10:00:00+11:00,Posted,Sale
B001,HT00986,HB00986,C0029,2026-01-14T13:00:00+11:00,Posted,Sale
B001,HT00987,HB00987,C0030,2026-01-15T10:00:00+11:00,Posted,Sale
B001,HT00988,HB00988,C0031,2026-01-15T14:00:00+11:00,Posted,Sale
B001,HT00989,HB00989,C0032,2026-01-16T11:00:00+11:00,Posted,Sale
B001,HT00990,HB00990,C0033,2026-01-16T13:00:00+11:00,Posted,Sale
B001,HT00991,HB00991,C0034,2026-01-19T10:00:00+11:00,Posted,Sale
B001,HT00992,HB00992,C0035,2026-01-19T13:00:00+11:00,Posted,Sale
B001,HT00993,HB00993,C0036,2026-01-20T10:00:00+11:00,Posted,Sale
B001,HT00994,HB00994,C0037,2026-01-20T14:00:00+11:00,Posted,Sale
B001,HT00995,HB00995,C0038,2026-01-21T11:00:00+11:00,Posted,Sale
B001,HT00996,HB00996,C0039,2026-01-21T13:00:00+11:00,Posted,Sale
B001,HT00997,HB00997,C0040,2026-01-22T10:00:00+11:00,Posted,Sale
B001,HT00998,HB00998,C0041,2026-01-22T13:00:00+11:00,Posted,Sale
B001,HT00999,HB00999,C0042,2026-01-23T10:00:00+11:00,Posted,Sale
B001,HT01000,HB01000,C0043,2026-01-23T14:00:00+11:00,Posted,Sale
B001,HT01001,HB01001,C0044,2026-01-19T10:00:00+11:00,Posted,Sale
B001,HT01002,HB01002,C0045,2026-01-19T14:00:00+11:00,Posted,Sale
B001,HT01003,HB01003,C0046,2026-01-20T11:00:00+11:00,Posted,Sale
B001,HT01004,HB01004,C0047,2026-01-20T13:00:00+11:00,Posted,Sale
B001,HT01005,HB01005,C0048,2026-01-21T10:00:00+11:00,Posted,Sale
B001,HT01006,HB01006,C0049,2026-01-21T13:00:00+11:00,Posted,Sale
B001,HT01007,HB01007,C0050,2026-01-22T10:00:00+11:00,Posted,Sale
B001,HT01008,HB01008,C0051,2026-01-22T14:00:00+11:00,Posted,Sale
B001,HT01009,HB01009,C0052,2026-01-23T11:00:00+11:00,Posted,Sale
B001,HT01010,HB01010,C0053,2026-01-23T13:00:00+11:00,Posted,Sale
B001,HT01011,HB01011,C0054,2026-01-19T11:00:00+11:00,Posted,Sale
B001,HT01012,HB01012,C0055,2026-01-19T13:00:00+11:00,Posted,Sale
B001,HT01013,HB01013,C0056,2026-01-20T10:00:00+11:00,Posted,Sale
B001,HT01014,HB01014,C0057,2026-01-20T13:00:00+11:00,Posted,Sale
B001,HT01015,HB01015,C0058,2026-01-21T10:00:00+11:00,Posted,Sale
B001,HT01016,HB01016,C0059,2026-01-21T14:00:00+11:00,Posted,Sale
B001,HT01017,HB01017,C0060,2026-01-22T11:00:00+11:00,Posted,Sale
B001,HT01018,HB01018,C0061,2026-01-22T13:00:00+11:00,Posted,Sale
B001,HT01019,HB01019,C0062,2026-01-23T10:00:00+11:00,Posted,Sale
B001,HT01020,HB01020,C0063,2026-01-23T13:00:00+11:00,Posted,Sale
B001,HT01021,HB01021,C0064,2026-01-26T10:00:00+11:00,Posted,Sale
B001,HT01022,HB01022,C0065,2026-01-26T14:00:00+11:00,Posted,Sale
B001,HT01023,HB01023,C0066,2026-01-27T11:00:00+11:00,Posted,Sale
B001,HT01024,HB01024,C0067,2026-01-27T13:00:00+11:00,Posted,Sale
B001,HT01025,HB01025,C0068,2026-01-28T10:00:00+11:00,Posted,Sale
B001,HT01026,HB01026,C0069,2026-01-28T13:00:00+11:00,Posted,Sale
B001,HT01027,HB01027,C0070,2026-01-29T10:00:00+11:00,Posted,Sale
B001,HT01028,HB01028,C0071,2026-01-29T14:00:00+11:00,Posted,Sale
B001,HT01029,HB01029,C0072,2026-01-30T11:00:00+11:00,Posted,Sale
B001,HT01030,HB01030,C0073,2026-01-30T13:00:00+11:00,Posted,Sale
B001,HT01031,HB01031,C0074,2026-01-26T11:00:00+11:00,Posted,Sale
B001,HT01032,HB01032,C0075,2026-01-26T13:00:00+11:00,Posted,Sale
B001,HT01033,HB01033,C0076,2026-01-27T10:00:00+11:00,Posted,Sale
B001,HT01034,HB01034,C0077,2026-01-27T13:00:00+11:00,Posted,Sale
B001,HT01035,HB01035,C0078,2026-01-28T10:00:00+11:00,Posted,Sale
B001,HT01036,HB01036,C0079,2026-01-28T14:00:00+11:00,Posted,Sale
B001,HT01037,HB01037,C0080,2026-01-29T11:00:00+11:00,Posted,Sale
B001,HT01038,HB01038,C0081,2026-01-29T13:00:00+11:00,Posted,Sale
B001,HT01039,HB01039,C0082,2026-01-30T10:00:00+11:00,Posted,Sale
B001,HT01040,HB01040,C0083,2026-01-30T13:00:00+11:00,Posted,Sale
B001,HT01041,HB01041,C0084,2026-01-26T10:00:00+11:00,Posted,Sale
B001,HT01042,HB01042,C0085,2026-01-26T13:00:00+11:00,Posted,Sale
B001,HT01043,HB01043,C0086,2026-01-27T10:00:00+11:00,Posted,Sale
B001,HT01044,HB01044,C0087,2026-01-27T14:00:00+11:00,Posted,Sale
B001,HT01045,HB01045,C0088,2026-01-28T11:00:00+11:00,Posted,Sale
B001,HT01046,HB01046,C0089,2026-01-28T13:00:00+11:00,Posted,Sale
B001,HT01047,HB01047,C0090,2026-01-29T10:00:00+11:00,Posted,Sale
B001,HT01048,HB01048,C0091,2026-01-29T13:00:00+11:00,Posted,Sale
B001,HT01049,HB01049,C0092,2026-01-30T10:00:00+11:00,Posted,Sale
B001,HT01050,HB01050,C0093,2026-01-30T14:00:00+11:00,Posted,Sale
B001,HT01051,HB01051,C0002,2026-02-02T11:00:00+11:00,Posted,Sale
B001,HT01052,HB01052,C0095,2026-02-02T13:00:00+11:00,Posted,Sale
B001,HT01053,HB01053,C0002,2026-02-03T10:00:00+11:00,Posted,Sale
B001,HT01054,HB01054,C0097,2026-02-03T13:00:00+11:00,Posted,Sale
B001,HT01055,HB01055,C0002,2026-02-04T10:00:00+11:00,Posted,Sale
B001,HT01056,HB01056,C0099,2026-02-04T14:00:00+11:00,Posted,Sale
B001,HT01057,HB01057,C0002,2026-02-05T11:00:00+11:00,Posted,Sale
B001,HT01058,HB01058,C0101,2026-02-05T13:00:00+11:00,Posted,Sale
B001,HT01059,HB01059,C0002,2026-02-06T10:00:00+11:00,Posted,Sale
B001,HT01060,HB01060,C0103,2026-02-06T13:00:00+11:00,Posted,Sale
B001,HT01061,HB01061,C0002,2026-02-02T10:00:00+11:00,Posted,Sale
B001,HT01062,HB01062,C0105,2026-02-02T13:00:00+11:00,Posted,Sale
B001,HT01063,HB01063,C0002,2026-02-03T10:00:00+11:00,Posted,Sale
B001,HT01064,HB01064,C0107,2026-02-03T14:00:00+11:00,Posted,Sale
B001,HT01065,HB01065,C0002,2026-02-04T11:00:00+11:00,Posted,Sale
B001,HT01066,HB01066,C0109,2026-02-04T13:00:00+11:00,Posted,Sale
B001,HT01067,HB01067,C0002,2026-02-05T10:00:00+11:00,Posted,Sale
B001,HT01068,HB01068,C0111,2026-02-05T13:00:00+11:00,Posted,Sale
B001,HT01069,HB01069,C0002,2026-02-06T10:00:00+11:00,Posted,Sale
B001,HT01070,HB01070,C0113,2026-02-06T14:00:00+11:00,Posted,Sale
B001,HT01071,HB01071,C0002,2026-02-02T10:00:00+11:00,Posted,Sale
B001,HT01072,HB01072,C0115,2026-02-02T14:00:00+11:00,Posted,Sale
B001,HT01073,HB01073,C0002,2026-02-03T11:00:00+11:00,Posted,Sale
B001,HT01074,HB01074,C0117,2026-02-03T13:00:00+11:00,Posted,Sale
B001,HT01075,HB01075,C0002,2026-02-04T10:00:00+11:00,Posted,Sale
B001,HT01076,HB01076,C0119,2026-02-04T13:00:00+11:00,Posted,Sale
B001,HT01077,HB01077,C0002,2026-02-05T10:00:00+11:00,Posted,Sale
B001,HT01078,HB01078,C0121,2026-02-05T14:00:00+11:00,Posted,Sale
B001,HT01079,HB01079,C0002,2026-02-06T11:00:00+11:00,Posted,Sale
B001,HT01080,HB01080,C0123,2026-02-06T13:00:00+11:00,Posted,Sale
B001,HT01081,HB01081,C0002,2026-02-09T10:00:00+11:00,Posted,Sale
B001,HT01082,HB01082,C0125,2026-02-09T13:00:00+11:00,Posted,Sale
B001,HT01083,HB01083,C0002,2026-02-10T10:00:00+11:00,Posted,Sale
B001,HT01084,HB01084,C0127,2026-02-10T14:00:00+11:00,Posted,Sale
B001,HT01085,HB01085,C0002,2026-02-11T11:00:00+11:00,Posted,Sale
B001,HT01086,HB01086,C0129,2026-02-11T13:00:00+11:00,Posted,Sale
B001,HT01087,HB01087,C0002,2026-02-12T10:00:00+11:00,Posted,Sale
B001,HT01088,HB01088,C0131,2026-02-12T13:00:00+11:00,Posted,Sale
B001,HT01089,HB01089,C0002,2026-02-13T10:00:00+11:00,Posted,Sale
B001,HT01090,HB01090,C0133,2026-02-13T14:00:00+11:00,Posted,Sale
B001,HT01091,HB01091,C0002,2026-02-09T10:00:00+11:00,Posted,Sale
B001,HT01092,HB01092,C0135,2026-02-09T14:00:00+11:00,Posted,Sale
B001,HT01093,HB01093,C0002,2026-02-10T11:00:00+11:00,Posted,Sale
B001,HT01094,HB01094,C0137,2026-02-10T13:00:00+11:00,Posted,Sale
B001,HT01095,HB01095,C0002,2026-02-11T10:00:00+11:00,Posted,Sale
B001,HT01096,HB01096,C0139,2026-02-11T13:00:00+11:00,Posted,Sale
B001,HT01097,HB01097,C0002,2026-02-12T10:00:00+11:00,Posted,Sale
B001,HT01098,HB01098,C0141,2026-02-12T14:00:00+11:00,Posted,Sale
B001,HT01099,HB01099,C0002,2026-02-13T11:00:00+11:00,Posted,Sale
B001,HT01100,HB01100,C0143,2026-02-13T13:00:00+11:00,Posted,Sale
B001,HT01101,HB01101,C0002,2026-02-09T11:00:00+11:00,Posted,Sale
B001,HT01102,HB01102,C0145,2026-02-09T13:00:00+11:00,Posted,Sale
B001,HT01103,HB01103,C0002,2026-02-10T10:00:00+11:00,Posted,Sale
B001,HT01104,HB01104,C0147,2026-02-10T13:00:00+11:00,Posted,Sale
B001,HT01105,HB01105,C0002,2026-02-11T10:00:00+11:00,Posted,Sale
B001,HT01106,HB01106,C0149,2026-02-11T14:00:00+11:00,Posted,Sale
B001,HT01107,HB01107,C0002,2026-02-12T11:00:00+11:00,Posted,Sale
B001,HT01108,HB01108,C0151,2026-02-12T13:00:00+11:00,Posted,Sale
B001,HT01109,HB01109,C0002,2026-02-13T10:00:00+11:00,Posted,Sale
B001,HT01110,HB01110,C0153,2026-02-13T13:00:00+11:00,Posted,Sale
B001,HT01111,HB01111,C0002,2026-02-16T10:00:00+11:00,Posted,Sale
B001,HT01112,HB01112,C0155,2026-02-16T14:00:00+11:00,Posted,Sale
B001,HT01113,HB01113,C0002,2026-02-17T11:00:00+11:00,Posted,Sale
B001,HT01114,HB01114,C0157,2026-02-17T13:00:00+11:00,Posted,Sale
B001,HT01115,HB01115,C0002,2026-02-18T10:00:00+11:00,Posted,Sale
B001,HT01116,HB01116,C0159,2026-02-18T13:00:00+11:00,Posted,Sale
B001,HT01117,HB01117,C0002,2026-02-19T10:00:00+11:00,Posted,Sale
B001,HT01118,HB01118,C0161,2026-02-19T14:00:00+11:00,Posted,Sale
B001,HT01119,HB01119,C0002,2026-02-20T11:00:00+11:00,Posted,Sale
B001,HT01120,HB01120,C0003,2026-02-20T13:00:00+11:00,Posted,Sale
B001,HT01121,HB01121,C0002,2026-02-16T11:00:00+11:00,Posted,Sale
B001,HT01122,HB01122,C0005,2026-02-16T13:00:00+11:00,Posted,Sale
B001,HT01123,HB01123,C0002,2026-02-17T10:00:00+11:00,Posted,Sale
B001,HT01124,HB01124,C0007,2026-02-17T13:00:00+11:00,Posted,Sale
B001,HT01125,HB01125,C0002,2026-02-18T10:00:00+11:00,Posted,Sale
B001,HT01126,HB01126,C0009,2026-02-18T14:00:00+11:00,Posted,Sale
B001,HT01127,HB01127,C0002,2026-02-19T11:00:00+11:00,Posted,Sale
B001,HT01128,HB01128,C0011,2026-02-19T13:00:00+11:00,Posted,Sale
B001,HT01129,HB01129,C0002,2026-02-20T10:00:00+11:00,Posted,Sale
B001,HT01130,HB01130,C0013,2026-02-20T13:00:00+11:00,Posted,Sale
B001,HT01131,HB01131,C0002,2026-02-16T10:00:00+11:00,Posted,Sale
B001,HT01132,HB01132,C0015,2026-02-16T13:00:00+11:00,Posted,Sale
B001,HT01133,HB01133,C0002,2026-02-17T10:00:00+11:00,Posted,Sale
B001,HT01134,HB01134,C0017,2026-02-17T14:00:00+11:00,Posted,Sale
B001,HT01135,HB01135,C0002,2026-02-18T11:00:00+11:00,Posted,Sale
B001,HT01136,HB01136,C0019,2026-02-18T13:00:00+11:00,Posted,Sale
B001,HT01137,HB01137,C0002,2026-02-19T10:00:00+11:00,Posted,Sale
B001,HT01138,HB01138,C0021,2026-02-19T13:00:00+11:00,Posted,Sale
B001,HT01139,HB01139,C0002,2026-02-20T10:00:00+11:00,Posted,Sale
B001,HT01140,HB01140,C0023,2026-02-20T14:00:00+11:00,Posted,Sale
B001,HT01141,HB01141,C0002,2026-02-23T11:00:00+11:00,Posted,Sale
B001,HT01142,HB01142,C0025,2026-02-23T13:00:00+11:00,Posted,Sale
B001,HT01143,HB01143,C0002,2026-02-24T10:00:00+11:00,Posted,Sale
B001,HT01144,HB01144,C0027,2026-02-24T13:00:00+11:00,Posted,Sale
B001,HT01145,HB01145,C0002,2026-02-25T10:00:00+11:00,Posted,Sale
B001,HT01146,HB01146,C0029,2026-02-25T14:00:00+11:00,Posted,Sale
B001,HT01147,HB01147,C0002,2026-02-26T11:00:00+11:00,Posted,Sale
B001,HT01148,HB01148,C0031,2026-02-26T13:00:00+11:00,Posted,Sale
B001,HT01149,HB01149,C0002,2026-02-27T10:00:00+11:00,Posted,Sale
B001,HT01150,HB01150,C0033,2026-02-27T13:00:00+11:00,Posted,Sale
B001,HT01151,HB01151,C0002,2026-02-23T10:00:00+11:00,Posted,Sale
B001,HT01152,HB01152,C0035,2026-02-23T13:00:00+11:00,Posted,Sale
B001,HT01153,HB01153,C0002,2026-02-24T10:00:00+11:00,Posted,Sale
B001,HT01154,HB01154,C0037,2026-02-24T14:00:00+11:00,Posted,Sale
B001,HT01155,HB01155,C0002,2026-02-25T11:00:00+11:00,Posted,Sale
B001,HT01156,HB01156,C0039,2026-02-25T13:00:00+11:00,Posted,Sale
B001,HT01157,HB01157,C0002,2026-02-26T10:00:00+11:00,Posted,Sale
B001,HT01158,HB01158,C0041,2026-02-26T13:00:00+11:00,Posted,Sale
B001,HT01159,HB01159,C0002,2026-02-27T10:00:00+11:00,Posted,Sale
B001,HT01160,HB01160,C0043,2026-02-27T14:00:00+11:00,Posted,Sale
B001,HT01161,HB01161,C0002,2026-02-23T10:00:00+11:00,Posted,Sale
B001,HT01162,HB01162,C0045,2026-02-23T14:00:00+11:00,Posted,Sale
B001,HT01163,HB01163,C0002,2026-02-24T11:00:00+11:00,Posted,Sale
B001,HT01164,HB01164,C0047,2026-02-24T13:00:00+11:00,Posted,Sale
B001,HT01165,HB01165,C0002,2026-02-25T10:00:00+11:00,Posted,Sale
B001,HT01166,HB01166,C0049,2026-02-25T13:00:00+11:00,Posted,Sale
B001,HT01167,HB01167,C0002,2026-02-26T10:00:00+11:00,Posted,Sale
B001,HT01168,HB01168,C0051,2026-02-26T14:00:00+11:00,Posted,Sale
B001,HT01169,HB01169,C0002,2026-02-27T11:00:00+11:00,Posted,Sale
B001,HT01170,HB01170,C0053,2026-02-27T13:00:00+11:00,Posted,Sale
B001,HT01171,HB01171,C0002,2026-03-02T10:00:00+11:00,Posted,Sale
B001,HT01172,HB01172,C0055,2026-03-02T13:00:00+11:00,Posted,Sale
B001,HT01173,HB01173,C0002,2026-03-03T10:00:00+11:00,Posted,Sale
B001,HT01174,HB01174,C0057,2026-03-03T14:00:00+11:00,Posted,Sale
B001,HT01175,HB01175,C0002,2026-03-04T11:00:00+11:00,Posted,Sale
B001,HT01176,HB01176,C0059,2026-03-04T13:00:00+11:00,Posted,Sale
B001,HT01177,HB01177,C0002,2026-03-05T10:00:00+11:00,Posted,Sale
B001,HT01178,HB01178,C0061,2026-03-05T13:00:00+11:00,Posted,Sale
B001,HT01179,HB01179,C0002,2026-03-06T10:00:00+11:00,Posted,Sale
B001,HT01180,HB01180,C0063,2026-03-06T14:00:00+11:00,Posted,Sale
B001,HT01181,HB01181,C0002,2026-03-02T10:00:00+11:00,Posted,Sale
B001,HT01182,HB01182,C0065,2026-03-02T14:00:00+11:00,Posted,Sale
B001,HT01183,HB01183,C0002,2026-03-03T11:00:00+11:00,Posted,Sale
B001,HT01184,HB01184,C0067,2026-03-03T13:00:00+11:00,Posted,Sale
B001,HT01185,HB01185,C0002,2026-03-04T10:00:00+11:00,Posted,Sale
B001,HT01186,HB01186,C0069,2026-03-04T13:00:00+11:00,Posted,Sale
B001,HT01187,HB01187,C0002,2026-03-05T10:00:00+11:00,Posted,Sale
B001,HT01188,HB01188,C0071,2026-03-05T14:00:00+11:00,Posted,Sale
B001,HT01189,HB01189,C0002,2026-03-06T11:00:00+11:00,Posted,Sale
B001,HT01190,HB01190,C0073,2026-03-06T13:00:00+11:00,Posted,Sale
B001,HT01191,HB01191,C0002,2026-03-02T11:00:00+11:00,Posted,Sale
B001,HT01192,HB01192,C0075,2026-03-02T13:00:00+11:00,Posted,Sale
B001,HT01193,HB01193,C0002,2026-03-03T10:00:00+11:00,Posted,Sale
B001,HT01194,HB01194,C0077,2026-03-03T13:00:00+11:00,Posted,Sale
B001,HT01195,HB01195,C0002,2026-03-04T10:00:00+11:00,Posted,Sale
B001,HT01196,HB01196,C0079,2026-03-04T14:00:00+11:00,Posted,Sale
B001,HT01197,HB01197,C0002,2026-03-05T11:00:00+11:00,Posted,Sale
B001,HT01198,HB01198,C0081,2026-03-05T13:00:00+11:00,Posted,Sale
B001,HT01199,HB01199,C0002,2026-03-06T10:00:00+11:00,Posted,Sale
B001,HT01200,HB01200,C0083,2026-03-06T13:00:00+11:00,Posted,Sale
B001,HT01201,HB01201,C0002,2026-03-09T10:00:00+11:00,Posted,Sale
B001,HT01202,HB01202,C0085,2026-03-09T14:00:00+11:00,Posted,Sale
B001,HT01203,HB01203,C0002,2026-03-10T11:00:00+11:00,Posted,Sale
B001,HT01204,HB01204,C0087,2026-03-10T13:00:00+11:00,Posted,Sale
B001,HT01205,HB01205,C0002,2026-03-11T10:00:00+11:00,Posted,Sale
B001,HT01206,HB01206,C0089,2026-03-11T13:00:00+11:00,Posted,Sale
B001,HT01207,HB01207,C0002,2026-03-12T10:00:00+11:00,Posted,Sale
B001,HT01208,HB01208,C0091,2026-03-12T14:00:00+11:00,Posted,Sale
B001,HT01209,HB01209,C0002,2026-03-13T11:00:00+11:00,Posted,Sale
B001,HT01210,HB01210,C0093,2026-03-13T13:00:00+11:00,Posted,Sale
B001,HT01211,HB01211,C0002,2026-03-09T11:00:00+11:00,Posted,Sale
B001,HT01212,HB01212,C0095,2026-03-09T13:00:00+11:00,Posted,Sale
B001,HT01213,HB01213,C0002,2026-03-10T10:00:00+11:00,Posted,Sale
B001,HT01214,HB01214,C0097,2026-03-10T13:00:00+11:00,Posted,Sale
B001,HT01215,HB01215,C0002,2026-03-11T10:00:00+11:00,Posted,Sale
B001,HT01216,HB01216,C0099,2026-03-11T14:00:00+11:00,Posted,Sale
B001,HT01217,HB01217,C0002,2026-03-12T11:00:00+11:00,Posted,Sale
B001,HT01218,HB01218,C0101,2026-03-12T13:00:00+11:00,Posted,Sale
B001,HT01219,HB01219,C0002,2026-03-13T10:00:00+11:00,Posted,Sale
B001,HT01220,HB01220,C0103,2026-03-13T13:00:00+11:00,Posted,Sale
B001,HT01221,HB01221,C0002,2026-03-09T10:00:00+11:00,Posted,Sale
B001,HT01222,HB01222,C0105,2026-03-09T13:00:00+11:00,Posted,Sale
B001,HT01223,HB01223,C0002,2026-03-10T10:00:00+11:00,Posted,Sale
B001,HT01224,HB01224,C0107,2026-03-10T14:00:00+11:00,Posted,Sale
B001,HT01225,HB01225,C0002,2026-03-11T11:00:00+11:00,Posted,Sale
B001,HT01226,HB01226,C0109,2026-03-11T13:00:00+11:00,Posted,Sale
B001,HT01227,HB01227,C0002,2026-03-12T10:00:00+11:00,Posted,Sale
B001,HT01228,HB01228,C0111,2026-03-12T13:00:00+11:00,Posted,Sale
B001,HT01229,HB01229,C0002,2026-03-13T10:00:00+11:00,Posted,Sale
B001,HT01230,HB01230,C0113,2026-03-13T14:00:00+11:00,Posted,Sale
B001,HT01231,HB01231,C0002,2026-03-16T11:00:00+11:00,Posted,Sale
B001,HT01232,HB01232,C0115,2026-03-16T13:00:00+11:00,Posted,Sale
B001,HT01233,HB01233,C0002,2026-03-17T10:00:00+11:00,Posted,Sale
B001,HT01234,HB01234,C0117,2026-03-17T13:00:00+11:00,Posted,Sale
B001,HT01235,HB01235,C0002,2026-03-18T10:00:00+11:00,Posted,Sale
B001,HT01236,HB01236,C0119,2026-03-18T14:00:00+11:00,Posted,Sale
B001,HT01237,HB01237,C0002,2026-03-19T11:00:00+11:00,Posted,Sale
B001,HT01238,HB01238,C0121,2026-03-19T13:00:00+11:00,Posted,Sale
B001,HT01239,HB01239,C0002,2026-03-20T10:00:00+11:00,Posted,Sale
B001,HT01240,HB01240,C0123,2026-03-20T13:00:00+11:00,Posted,Sale
B001,HT01241,HB01241,C0002,2026-03-16T10:00:00+11:00,Posted,Sale
B001,HT01242,HB01242,C0125,2026-03-16T13:00:00+11:00,Posted,Sale
B001,HT01243,HB01243,C0002,2026-03-17T10:00:00+11:00,Posted,Sale
B001,HT01244,HB01244,C0127,2026-03-17T14:00:00+11:00,Posted,Sale
B001,HT01245,HB01245,C0002,2026-03-18T11:00:00+11:00,Posted,Sale
B001,HT01246,HB01246,C0129,2026-03-18T13:00:00+11:00,Posted,Sale
B001,HT01247,HB01247,C0002,2026-03-19T10:00:00+11:00,Posted,Sale
B001,HT01248,HB01248,C0131,2026-03-19T13:00:00+11:00,Posted,Sale
B001,HT01249,HB01249,C0002,2026-03-20T10:00:00+11:00,Posted,Sale
B001,HT01250,HB01250,C0133,2026-03-20T14:00:00+11:00,Posted,Sale
B001,HT01251,HB01251,C0002,2026-03-16T10:00:00+11:00,Posted,Sale
B001,HT01252,HB01252,C0135,2026-03-16T14:00:00+11:00,Posted,Sale
B001,HT01253,HB01253,C0002,2026-03-17T11:00:00+11:00,Posted,Sale
B001,HT01254,HB01254,C0137,2026-03-17T13:00:00+11:00,Posted,Sale
B001,HT01255,HB01255,C0002,2026-03-18T10:00:00+11:00,Posted,Sale
B001,HT01256,HB01256,C0139,2026-03-18T13:00:00+11:00,Posted,Sale
B001,HT01257,HB01257,C0002,2026-03-19T10:00:00+11:00,Posted,Sale
B001,HT01258,HB01258,C0141,2026-03-19T14:00:00+11:00,Posted,Sale
B001,HT01259,HB01259,C0002,2026-03-20T11:00:00+11:00,Posted,Sale
B001,HT01260,HB01260,C0143,2026-03-20T13:00:00+11:00,Posted,Sale
B001,HT01261,HB01261,C0002,2026-03-23T10:00:00+11:00,Posted,Sale
B001,HT01262,HB01262,C0145,2026-03-23T13:00:00+11:00,Posted,Sale
B001,HT01263,HB01263,C0002,2026-03-24T10:00:00+11:00,Posted,Sale
B001,HT01264,HB01264,C0147,2026-03-24T14:00:00+11:00,Posted,Sale
B001,HT01265,HB01265,C0002,2026-03-25T11:00:00+11:00,Posted,Sale
B001,HT01266,HB01266,C0149,2026-03-25T13:00:00+11:00,Posted,Sale
B001,HT01267,HB01267,C0002,2026-03-26T10:00:00+11:00,Posted,Sale
B001,HT01268,HB01268,C0151,2026-03-26T13:00:00+11:00,Posted,Sale
B001,HT01269,HB01269,C0002,2026-03-27T10:00:00+11:00,Posted,Sale
B001,HT01270,HB01270,C0153,2026-03-27T14:00:00+11:00,Posted,Sale
B001,HT01271,HB01271,C0002,2026-03-23T10:00:00+11:00,Posted,Sale
B001,HT01272,HB01272,C0155,2026-03-23T14:00:00+11:00,Posted,Sale
B001,HT01273,HB01273,C0002,2026-03-24T11:00:00+11:00,Posted,Sale
B001,HT01274,HB01274,C0157,2026-03-24T13:00:00+11:00,Posted,Sale
B001,HT01275,HB01275,C0002,2026-03-25T10:00:00+11:00,Posted,Sale
B001,HT01276,HB01276,C0159,2026-03-25T13:00:00+11:00,Posted,Sale
B001,HT01277,HB01277,C0002,2026-03-26T10:00:00+11:00,Posted,Sale
B001,HT01278,HB01278,C0161,2026-03-26T14:00:00+11:00,Posted,Sale
B001,HT01279,HB01279,C0002,2026-03-27T11:00:00+11:00,Posted,Sale
B001,HT01280,HB01280,C0003,2026-03-27T13:00:00+11:00,Posted,Sale
B001,HT01281,HB01281,C0002,2026-03-23T11:00:00+11:00,Posted,Sale
B001,HT01282,HB01282,C0005,2026-03-23T13:00:00+11:00,Posted,Sale
B001,HT01283,HB01283,C0002,2026-03-24T10:00:00+11:00,Posted,Sale
B001,HT01284,HB01284,C0007,2026-03-24T13:00:00+11:00,Posted,Sale
B001,HT01285,HB01285,C0002,2026-03-25T10:00:00+11:00,Posted,Sale
B001,HT01286,HB01286,C0009,2026-03-25T14:00:00+11:00,Posted,Sale
B001,HT01287,HB01287,C0002,2026-03-26T11:00:00+11:00,Posted,Sale
B001,HT01288,HB01288,C0011,2026-03-26T13:00:00+11:00,Posted,Sale
B001,HT01289,HB01289,C0002,2026-03-27T10:00:00+11:00,Posted,Sale
B001,HT01290,HB01290,C0013,2026-03-27T13:00:00+11:00,Posted,Sale
B001,HT01291,HB01291,C0002,2026-03-30T10:00:00+11:00,Posted,Sale
B001,HT01292,HB01292,C0015,2026-03-30T14:00:00+11:00,Posted,Sale
B001,HT01293,HB01293,C0002,2026-03-31T11:00:00+11:00,Posted,Sale
B001,HT01294,HB01294,C0017,2026-03-31T13:00:00+11:00,Posted,Sale
B001,HT01295,HB01295,C0002,2026-04-01T10:00:00+11:00,Posted,Sale
B001,HT01296,HB01296,C0019,2026-04-01T13:00:00+11:00,Posted,Sale
B001,HT01297,HB01297,C0002,2026-04-02T10:00:00+11:00,Posted,Sale
B001,HT01298,HB01298,C0021,2026-04-02T14:00:00+11:00,Posted,Sale
B001,HT01299,HB01299,C0002,2026-04-03T11:00:00+11:00,Posted,Sale
B001,HT01300,HB01300,C0023,2026-04-03T13:00:00+11:00,Posted,Sale
B001,HT01301,HB01301,C0002,2026-03-30T11:00:00+11:00,Posted,Sale
B001,HT01302,HB01302,C0025,2026-03-30T13:00:00+11:00,Posted,Sale
B001,HT01303,HB01303,C0002,2026-03-31T10:00:00+11:00,Posted,Sale
B001,HT01304,HB01304,C0027,2026-03-31T13:00:00+11:00,Posted,Sale
B001,HT01305,HB01305,C0002,2026-04-01T10:00:00+11:00,Posted,Sale
B001,HT01306,HB01306,C0029,2026-04-01T14:00:00+11:00,Posted,Sale
B001,HT01307,HB01307,C0002,2026-04-02T11:00:00+11:00,Posted,Sale
B001,HT01308,HB01308,C0031,2026-04-02T13:00:00+11:00,Posted,Sale
B001,HT01309,HB01309,C0002,2026-04-03T10:00:00+11:00,Posted,Sale
B001,HT01310,HB01310,C0033,2026-04-03T13:00:00+11:00,Posted,Sale
B001,HT01311,HB01311,C0002,2026-03-30T10:00:00+11:00,Posted,Sale
B001,HT01312,HB01312,C0035,2026-03-30T13:00:00+11:00,Posted,Sale
B001,HT01313,HB01313,C0002,2026-03-31T10:00:00+11:00,Posted,Sale
B001,HT01314,HB01314,C0037,2026-03-31T14:00:00+11:00,Posted,Sale
B001,HT01315,HB01315,C0002,2026-04-01T11:00:00+11:00,Posted,Sale
B001,HT01316,HB01316,C0039,2026-04-01T13:00:00+11:00,Posted,Sale
B001,HT01317,HB01317,C0002,2026-04-02T10:00:00+11:00,Posted,Sale
B001,HT01318,HB01318,C0041,2026-04-02T13:00:00+11:00,Posted,Sale
B001,HT01319,HB01319,C0002,2026-04-03T10:00:00+11:00,Posted,Sale
B001,HT01320,HB01320,C0043,2026-04-03T14:00:00+11:00,Posted,Sale
B001,HT01321,HB01321,C0002,2026-04-06T11:00:00+10:00,Posted,Sale
B001,HT01322,HB01322,C0045,2026-04-06T13:00:00+10:00,Posted,Sale
B001,HT01323,HB01323,C0002,2026-04-07T10:00:00+10:00,Posted,Sale
B001,HT01324,HB01324,C0047,2026-04-07T13:00:00+10:00,Posted,Sale
B001,HT01325,HB01325,C0002,2026-04-08T10:00:00+10:00,Posted,Sale
B001,HT01326,HB01326,C0049,2026-04-08T14:00:00+10:00,Posted,Sale
B001,HT01327,HB01327,C0002,2026-04-09T11:00:00+10:00,Posted,Sale
B001,HT01328,HB01328,C0051,2026-04-09T13:00:00+10:00,Posted,Sale
B001,HT01329,HB01329,C0002,2026-04-10T10:00:00+10:00,Posted,Sale
B001,HT01330,HB01330,C0053,2026-04-10T13:00:00+10:00,Posted,Sale
B001,HT01331,HB01331,C0002,2026-04-06T10:00:00+10:00,Posted,Sale
B001,HT01332,HB01332,C0055,2026-04-06T13:00:00+10:00,Posted,Sale
B001,HT01333,HB01333,C0002,2026-04-07T10:00:00+10:00,Posted,Sale
B001,HT01334,HB01334,C0057,2026-04-07T14:00:00+10:00,Posted,Sale
B001,HT01335,HB01335,C0002,2026-04-08T11:00:00+10:00,Posted,Sale
B001,HT01336,HB01336,C0059,2026-04-08T13:00:00+10:00,Posted,Sale
B001,HT01337,HB01337,C0002,2026-04-09T10:00:00+10:00,Posted,Sale
B001,HT01338,HB01338,C0061,2026-04-09T13:00:00+10:00,Posted,Sale
B001,HT01339,HB01339,C0002,2026-04-10T10:00:00+10:00,Posted,Sale
B001,HT01340,HB01340,C0063,2026-04-10T14:00:00+10:00,Posted,Sale
B001,HT01341,HB01341,C0002,2026-04-06T10:00:00+10:00,Posted,Sale
B001,HT01342,HB01342,C0065,2026-04-06T14:00:00+10:00,Posted,Sale
B001,HT01343,HB01343,C0002,2026-04-07T11:00:00+10:00,Posted,Sale
B001,HT01344,HB01344,C0067,2026-04-07T13:00:00+10:00,Posted,Sale
B001,HT01345,HB01345,C0002,2026-04-08T10:00:00+10:00,Posted,Sale
B001,HT01346,HB01346,C0069,2026-04-08T13:00:00+10:00,Posted,Sale
B001,HT01347,HB01347,C0002,2026-04-09T10:00:00+10:00,Posted,Sale
B001,HT01348,HB01348,C0071,2026-04-09T14:00:00+10:00,Posted,Sale
B001,HT01349,HB01349,C0002,2026-04-10T11:00:00+10:00,Posted,Sale
B001,HT01350,HB01350,C0073,2026-04-10T13:00:00+10:00,Posted,Sale
B001,HT01351,HB01351,C0002,2026-04-13T10:00:00+10:00,Posted,Sale
B001,HT01352,HB01352,C0075,2026-04-13T13:00:00+10:00,Posted,Sale
B001,HT01353,HB01353,C0002,2026-04-14T10:00:00+10:00,Posted,Sale
B001,HT01354,HB01354,C0077,2026-04-14T14:00:00+10:00,Posted,Sale
B001,HT01355,HB01355,C0002,2026-04-15T11:00:00+10:00,Posted,Sale
B001,HT01356,HB01356,C0079,2026-04-15T13:00:00+10:00,Posted,Sale
B001,HT01357,HB01357,C0002,2026-04-16T10:00:00+10:00,Posted,Sale
B001,HT01358,HB01358,C0081,2026-04-16T13:00:00+10:00,Posted,Sale
B001,HT01359,HB01359,C0002,2026-04-17T10:00:00+10:00,Posted,Sale
B001,HT01360,HB01360,C0083,2026-04-17T14:00:00+10:00,Posted,Sale
B001,HT01361,HB01361,C0002,2026-04-13T10:00:00+10:00,Posted,Sale
B001,HT01362,HB01362,C0085,2026-04-13T14:00:00+10:00,Posted,Sale
B001,HT01363,HB01363,C0002,2026-04-14T11:00:00+10:00,Posted,Sale
B001,HT01364,HB01364,C0087,2026-04-14T13:00:00+10:00,Posted,Sale
B001,HT01365,HB01365,C0002,2026-04-15T10:00:00+10:00,Posted,Sale
B001,HT01366,HB01366,C0089,2026-04-15T13:00:00+10:00,Posted,Sale
B001,HT01367,HB01367,C0002,2026-04-16T10:00:00+10:00,Posted,Sale
B001,HT01368,HB01368,C0091,2026-04-16T14:00:00+10:00,Posted,Sale
B001,HT01369,HB01369,C0002,2026-04-17T11:00:00+10:00,Posted,Sale
B001,HT01370,HB01370,C0093,2026-04-17T13:00:00+10:00,Posted,Sale
B001,HT01371,HB01371,C0002,2026-04-13T11:00:00+10:00,Posted,Sale
B001,HT01372,HB01372,C0095,2026-04-13T13:00:00+10:00,Posted,Sale
B001,HT01373,HB01373,C0002,2026-04-14T10:00:00+10:00,Posted,Sale
B001,HT01374,HB01374,C0097,2026-04-14T13:00:00+10:00,Posted,Sale
B001,HT01375,HB01375,C0002,2026-04-15T10:00:00+10:00,Posted,Sale
B001,HT01376,HB01376,C0099,2026-04-15T14:00:00+10:00,Posted,Sale
B001,HT01377,HB01377,C0002,2026-04-16T11:00:00+10:00,Posted,Sale
B001,HT01378,HB01378,C0101,2026-04-16T13:00:00+10:00,Posted,Sale
B001,HT01379,HB01379,C0002,2026-04-17T10:00:00+10:00,Posted,Sale
B001,HT01380,HB01380,C0103,2026-04-17T13:00:00+10:00,Posted,Sale
B001,HT01381,HB01381,C0002,2026-04-20T10:00:00+10:00,Posted,Sale
B001,HT01382,HB01382,C0105,2026-04-20T14:00:00+10:00,Posted,Sale
B001,HT01383,HB01383,C0002,2026-04-21T11:00:00+10:00,Posted,Sale
B001,HT01384,HB01384,C0107,2026-04-21T13:00:00+10:00,Posted,Sale
B001,HT01385,HB01385,C0002,2026-04-22T10:00:00+10:00,Posted,Sale
B001,HT01386,HB01386,C0109,2026-04-22T13:00:00+10:00,Posted,Sale
B001,HT01387,HB01387,C0002,2026-04-23T10:00:00+10:00,Posted,Sale
B001,HT01388,HB01388,C0111,2026-04-23T14:00:00+10:00,Posted,Sale
B001,HT01389,HB01389,C0002,2026-04-24T11:00:00+10:00,Posted,Sale
B001,HT01390,HB01390,C0113,2026-04-24T13:00:00+10:00,Posted,Sale
B001,HT01391,HB01391,C0002,2026-04-20T11:00:00+10:00,Posted,Sale
B001,HT01392,HB01392,C0115,2026-04-20T13:00:00+10:00,Posted,Sale
B001,HT01393,HB01393,C0002,2026-04-21T10:00:00+10:00,Posted,Sale
B001,HT01394,HB01394,C0117,2026-04-21T13:00:00+10:00,Posted,Sale
B001,HT01395,HB01395,C0002,2026-04-22T10:00:00+10:00,Posted,Sale
B001,HT01396,HB01396,C0119,2026-04-22T14:00:00+10:00,Posted,Sale
B001,HT01397,HB01397,C0002,2026-04-23T11:00:00+10:00,Posted,Sale
B001,HT01398,HB01398,C0121,2026-04-23T13:00:00+10:00,Posted,Sale
B001,HT01399,HB01399,C0002,2026-04-24T10:00:00+10:00,Posted,Sale
B001,HT01400,HB01400,C0123,2026-04-24T13:00:00+10:00,Posted,Sale
B001,HT01401,HB01401,C0002,2026-04-20T10:00:00+10:00,Posted,Sale
B001,HT01402,HB01402,C0125,2026-04-20T13:00:00+10:00,Posted,Sale
B001,HT01403,HB01403,C0002,2026-04-21T10:00:00+10:00,Posted,Sale
B001,HT01404,HB01404,C0127,2026-04-21T14:00:00+10:00,Posted,Sale
B001,HT01405,HB01405,C0002,2026-04-22T11:00:00+10:00,Posted,Sale
B001,HT01406,HB01406,C0129,2026-04-22T13:00:00+10:00,Posted,Sale
B001,HT01407,HB01407,C0002,2026-04-23T10:00:00+10:00,Posted,Sale
B001,HT01408,HB01408,C0131,2026-04-23T13:00:00+10:00,Posted,Sale
B001,HT01409,HB01409,C0002,2026-04-24T10:00:00+10:00,Posted,Sale
B001,HT01410,HB01410,C0133,2026-04-24T14:00:00+10:00,Posted,Sale
B001,HT01411,HB01411,C0002,2026-04-27T11:00:00+10:00,Posted,Sale
B001,HT01412,HB01412,C0135,2026-04-27T13:00:00+10:00,Posted,Sale
B001,HT01413,HB01413,C0002,2026-04-28T10:00:00+10:00,Posted,Sale
B001,HT01414,HB01414,C0137,2026-04-28T13:00:00+10:00,Posted,Sale
B001,HT01415,HB01415,C0002,2026-04-29T10:00:00+10:00,Posted,Sale
B001,HT01416,HB01416,C0139,2026-04-29T14:00:00+10:00,Posted,Sale
B001,HT01417,HB01417,C0002,2026-04-30T11:00:00+10:00,Posted,Sale
B001,HT01418,HB01418,C0141,2026-04-30T13:00:00+10:00,Posted,Sale
B001,HT01419,HB01419,C0002,2026-05-01T10:00:00+10:00,Posted,Sale
B001,HT01420,HB01420,C0143,2026-05-01T13:00:00+10:00,Posted,Sale
B001,HT01421,HB01421,C0002,2026-04-27T10:00:00+10:00,Posted,Sale
B001,HT01422,HB01422,C0145,2026-04-27T13:00:00+10:00,Posted,Sale
B001,HT01423,HB01423,C0002,2026-04-28T10:00:00+10:00,Posted,Sale
B001,HT01424,HB01424,C0147,2026-04-28T14:00:00+10:00,Posted,Sale
B001,HT01425,HB01425,C0002,2026-04-29T11:00:00+10:00,Posted,Sale
B001,HT01426,HB01426,C0149,2026-04-29T13:00:00+10:00,Posted,Sale
B001,HT01427,HB01427,C0002,2026-04-30T10:00:00+10:00,Posted,Sale
B001,HT01428,HB01428,C0151,2026-04-30T13:00:00+10:00,Posted,Sale
B001,HT01429,HB01429,C0002,2026-05-01T10:00:00+10:00,Posted,Sale
B001,HT01430,HB01430,C0153,2026-05-01T14:00:00+10:00,Posted,Sale
B001,HT01431,HB01431,C0002,2026-04-27T10:00:00+10:00,Posted,Sale
B001,HT01432,HB01432,C0155,2026-04-27T14:00:00+10:00,Posted,Sale
B001,HT01433,HB01433,C0002,2026-04-28T11:00:00+10:00,Posted,Sale
B001,HT01434,HB01434,C0157,2026-04-28T13:00:00+10:00,Posted,Sale
B001,HT01435,HB01435,C0002,2026-04-29T10:00:00+10:00,Posted,Sale
B001,HT01436,HB01436,C0159,2026-04-29T13:00:00+10:00,Posted,Sale
B001,HT01437,HB01437,C0002,2026-04-30T10:00:00+10:00,Posted,Sale
B001,HT01438,HB01438,C0161,2026-04-30T14:00:00+10:00,Posted,Sale
B001,HT01439,HB01439,C0002,2026-05-01T11:00:00+10:00,Posted,Sale
B001,HT01440,HB01440,C0003,2026-05-01T13:00:00+10:00,Posted,Sale
B001,HT01441,HB01441,C0002,2026-05-04T10:00:00+10:00,Posted,Sale
B001,HT01442,HB01442,C0005,2026-05-04T13:00:00+10:00,Posted,Sale
B001,HT01443,HB01443,C0002,2026-05-05T10:00:00+10:00,Posted,Sale
B001,HT01444,HB01444,C0007,2026-05-05T14:00:00+10:00,Posted,Sale
B001,HT01445,HB01445,C0002,2026-05-06T11:00:00+10:00,Posted,Sale
B001,HT01446,HB01446,C0009,2026-05-06T13:00:00+10:00,Posted,Sale
B001,HT01447,HB01447,C0002,2026-05-07T10:00:00+10:00,Posted,Sale
B001,HT01448,HB01448,C0011,2026-05-07T13:00:00+10:00,Posted,Sale
B001,HT01449,HB01449,C0002,2026-05-08T10:00:00+10:00,Posted,Sale
B001,HT01450,HB01450,C0013,2026-05-08T14:00:00+10:00,Posted,Sale
B001,HT01451,HB01451,C0002,2026-05-04T10:00:00+10:00,Posted,Sale
B001,HT01452,HB01452,C0015,2026-05-04T14:00:00+10:00,Posted,Sale
B001,HT01453,HB01453,C0002,2026-05-05T11:00:00+10:00,Posted,Sale
B001,HT01454,HB01454,C0017,2026-05-05T13:00:00+10:00,Posted,Sale
B001,HT01455,HB01455,C0002,2026-05-06T10:00:00+10:00,Posted,Sale
B001,HT01456,HB01456,C0019,2026-05-06T13:00:00+10:00,Posted,Sale
B001,HT01457,HB01457,C0002,2026-05-07T10:00:00+10:00,Posted,Sale
B001,HT01458,HB01458,C0021,2026-05-07T14:00:00+10:00,Posted,Sale
B001,HT01459,HB01459,C0002,2026-05-08T11:00:00+10:00,Posted,Sale
B001,HT01460,HB01460,C0023,2026-05-08T13:00:00+10:00,Posted,Sale
B001,HT01461,HB01461,C0002,2026-05-04T11:00:00+10:00,Posted,Sale
B001,HT01462,HB01462,C0025,2026-05-04T13:00:00+10:00,Posted,Sale
B001,HT01463,HB01463,C0002,2026-05-05T10:00:00+10:00,Posted,Sale
B001,HT01464,HB01464,C0027,2026-05-05T13:00:00+10:00,Posted,Sale
B001,HT01465,HB01465,C0002,2026-05-06T10:00:00+10:00,Posted,Sale
B001,HT01466,HB01466,C0029,2026-05-06T14:00:00+10:00,Posted,Sale
B001,HT01467,HB01467,C0002,2026-05-07T11:00:00+10:00,Posted,Sale
B001,HT01468,HB01468,C0031,2026-05-07T13:00:00+10:00,Posted,Sale
B001,HT01469,HB01469,C0002,2026-05-08T10:00:00+10:00,Posted,Sale
B001,HT01470,HB01470,C0033,2026-05-08T13:00:00+10:00,Posted,Sale
B001,HT01471,HB01471,C0002,2026-05-11T10:00:00+10:00,Posted,Sale
B001,HT01472,HB01472,C0035,2026-05-11T14:00:00+10:00,Posted,Sale
B001,HT01473,HB01473,C0002,2026-05-12T11:00:00+10:00,Posted,Sale
B001,HT01474,HB01474,C0037,2026-05-12T13:00:00+10:00,Posted,Sale
B001,HT01475,HB01475,C0002,2026-05-13T10:00:00+10:00,Posted,Sale
B001,HT01476,HB01476,C0039,2026-05-13T13:00:00+10:00,Posted,Sale
B001,HT01477,HB01477,C0002,2026-05-14T10:00:00+10:00,Posted,Sale
B001,HT01478,HB01478,C0041,2026-05-14T14:00:00+10:00,Posted,Sale
B001,HT01479,HB01479,C0002,2026-05-15T11:00:00+10:00,Posted,Sale
B001,HT01480,HB01480,C0043,2026-05-15T13:00:00+10:00,Posted,Sale
B001,HT01481,HB01481,C0002,2026-05-11T11:00:00+10:00,Posted,Sale
B001,HT01482,HB01482,C0045,2026-05-11T13:00:00+10:00,Posted,Sale
B001,HT01483,HB01483,C0002,2026-05-12T10:00:00+10:00,Posted,Sale
B001,HT01484,HB01484,C0047,2026-05-12T13:00:00+10:00,Posted,Sale
B001,HT01485,HB01485,C0002,2026-05-13T10:00:00+10:00,Posted,Sale
B001,HT01486,HB01486,C0049,2026-05-13T14:00:00+10:00,Posted,Sale
B001,HT01487,HB01487,C0002,2026-05-14T11:00:00+10:00,Posted,Sale
B001,HT01488,HB01488,C0051,2026-05-14T13:00:00+10:00,Posted,Sale
B001,HT01489,HB01489,C0002,2026-05-15T10:00:00+10:00,Posted,Sale
B001,HT01490,HB01490,C0053,2026-05-15T13:00:00+10:00,Posted,Sale
B001,HT01491,HB01491,C0002,2026-05-11T10:00:00+10:00,Posted,Sale
B001,HT01492,HB01492,C0055,2026-05-11T13:00:00+10:00,Posted,Sale
B001,HT01493,HB01493,C0002,2026-05-12T10:00:00+10:00,Posted,Sale
B001,HT01494,HB01494,C0057,2026-05-12T14:00:00+10:00,Posted,Sale
B001,HT01495,HB01495,C0002,2026-05-13T11:00:00+10:00,Posted,Sale
B001,HT01496,HB01496,C0059,2026-05-13T13:00:00+10:00,Posted,Sale
B001,HT01497,HB01497,C0002,2026-05-14T10:00:00+10:00,Posted,Sale
B001,HT01498,HB01498,C0061,2026-05-14T13:00:00+10:00,Posted,Sale
B001,HT01499,HB01499,C0002,2026-05-15T10:00:00+10:00,Posted,Sale
B001,HT01500,HB01500,C0063,2026-05-15T14:00:00+10:00,Posted,Sale
B001,HT01501,HB01501,C0002,2026-05-18T11:00:00+10:00,Posted,Sale
B001,HT01502,HB01502,C0065,2026-05-18T13:00:00+10:00,Posted,Sale
B001,HT01503,HB01503,C0002,2026-05-19T10:00:00+10:00,Posted,Sale
B001,HT01504,HB01504,C0067,2026-05-19T13:00:00+10:00,Posted,Sale
B001,HT01505,HB01505,C0002,2026-05-20T10:00:00+10:00,Posted,Sale
B001,HT01506,HB01506,C0069,2026-05-20T14:00:00+10:00,Posted,Sale
B001,HT01507,HB01507,C0002,2026-05-21T11:00:00+10:00,Posted,Sale
B001,HT01508,HB01508,C0071,2026-05-21T13:00:00+10:00,Posted,Sale
B001,HT01509,HB01509,C0002,2026-05-22T10:00:00+10:00,Posted,Sale
B001,HT01510,HB01510,C0073,2026-05-22T13:00:00+10:00,Posted,Sale
B001,HT01511,HB01511,C0002,2026-05-18T10:00:00+10:00,Posted,Sale
B001,HT01512,HB01512,C0075,2026-05-18T13:00:00+10:00,Posted,Sale
B001,HT01513,HB01513,C0002,2026-05-19T10:00:00+10:00,Posted,Sale
B001,HT01514,HB01514,C0077,2026-05-19T14:00:00+10:00,Posted,Sale
B001,HT01515,HB01515,C0002,2026-05-20T11:00:00+10:00,Posted,Sale
B001,HT01516,HB01516,C0079,2026-05-20T13:00:00+10:00,Posted,Sale
B001,HT01517,HB01517,C0002,2026-05-21T10:00:00+10:00,Posted,Sale
B001,HT01518,HB01518,C0081,2026-05-21T13:00:00+10:00,Posted,Sale
B001,HT01519,HB01519,C0002,2026-05-22T10:00:00+10:00,Posted,Sale
B001,HT01520,HB01520,C0083,2026-05-22T14:00:00+10:00,Posted,Sale
B001,HT01521,HB01521,C0002,2026-05-18T10:00:00+10:00,Posted,Sale
B001,HT01522,HB01522,C0085,2026-05-18T14:00:00+10:00,Posted,Sale
B001,HT01523,HB01523,C0002,2026-05-19T11:00:00+10:00,Posted,Sale
B001,HT01524,HB01524,C0087,2026-05-19T13:00:00+10:00,Posted,Sale
B001,HT01525,HB01525,C0002,2026-05-20T10:00:00+10:00,Posted,Sale
B001,HT01526,HB01526,C0089,2026-05-20T13:00:00+10:00,Posted,Sale
B001,HT01527,HB01527,C0002,2026-05-21T10:00:00+10:00,Posted,Sale
B001,HT01528,HB01528,C0091,2026-05-21T14:00:00+10:00,Posted,Sale
B001,HT01529,HB01529,C0002,2026-05-22T11:00:00+10:00,Posted,Sale
B001,HT01530,HB01530,C0093,2026-05-22T13:00:00+10:00,Posted,Sale
B001,HT01531,HB01531,C0002,2026-05-25T10:00:00+10:00,Posted,Sale
B001,HT01532,HB01532,C0095,2026-05-25T13:00:00+10:00,Posted,Sale
B001,HT01533,HB01533,C0002,2026-05-26T10:00:00+10:00,Posted,Sale
B001,HT01534,HB01534,C0097,2026-05-26T14:00:00+10:00,Posted,Sale
B001,HT01535,HB01535,C0002,2026-05-27T11:00:00+10:00,Posted,Sale
B001,HT01536,HB01536,C0099,2026-05-27T13:00:00+10:00,Posted,Sale
B001,HT01537,HB01537,C0002,2026-05-28T10:00:00+10:00,Posted,Sale
B001,HT01538,HB01538,C0101,2026-05-28T13:00:00+10:00,Posted,Sale
B001,HT01539,HB01539,C0002,2026-05-29T10:00:00+10:00,Posted,Sale
B001,HT01540,HB01540,C0103,2026-05-29T14:00:00+10:00,Posted,Sale
B001,HT01541,HB01541,C0002,2026-05-25T10:00:00+10:00,Posted,Sale
B001,HT01542,HB01542,C0105,2026-05-25T14:00:00+10:00,Posted,Sale
B001,HT01543,HB01543,C0002,2026-05-26T11:00:00+10:00,Posted,Sale
B001,HT01544,HB01544,C0107,2026-05-26T13:00:00+10:00,Posted,Sale
B001,HT01545,HB01545,C0002,2026-05-27T10:00:00+10:00,Posted,Sale
B001,HT01546,HB01546,C0109,2026-05-27T13:00:00+10:00,Posted,Sale
B001,HT01547,HB01547,C0002,2026-05-28T10:00:00+10:00,Posted,Sale
B001,HT01548,HB01548,C0111,2026-05-28T14:00:00+10:00,Posted,Sale
B001,HT01549,HB01549,C0002,2026-05-29T11:00:00+10:00,Posted,Sale
B001,HT01550,HB01550,C0113,2026-05-29T13:00:00+10:00,Posted,Sale
B001,HT01551,HB01551,C0002,2026-05-25T11:00:00+10:00,Posted,Sale
B001,HT01552,HB01552,C0115,2026-05-25T13:00:00+10:00,Posted,Sale
B001,HT01553,HB01553,C0002,2026-05-26T10:00:00+10:00,Posted,Sale
B001,HT01554,HB01554,C0117,2026-05-26T13:00:00+10:00,Posted,Sale
B001,HT01555,HB01555,C0002,2026-05-27T10:00:00+10:00,Posted,Sale
B001,HT01556,HB01556,C0119,2026-05-27T14:00:00+10:00,Posted,Sale
B001,HT01557,HB01557,C0002,2026-05-28T11:00:00+10:00,Posted,Sale
B001,HT01558,HB01558,C0121,2026-05-28T13:00:00+10:00,Posted,Sale
B001,HT01559,HB01559,C0002,2026-05-29T10:00:00+10:00,Posted,Sale
B001,HT01560,HB01560,C0123,2026-05-29T13:00:00+10:00,Posted,Sale
B001,HT01561,HB01561,C0002,2026-06-01T10:00:00+10:00,Posted,Sale
B001,HT01562,HB01562,C0125,2026-06-01T14:00:00+10:00,Posted,Sale
B001,HT01563,HB01563,C0002,2026-06-02T11:00:00+10:00,Posted,Sale
B001,HT01564,HB01564,C0127,2026-06-02T13:00:00+10:00,Posted,Sale
B001,HT01565,HB01565,C0002,2026-06-03T10:00:00+10:00,Posted,Sale
B001,HT01566,HB01566,C0129,2026-06-03T13:00:00+10:00,Posted,Sale
B001,HT01567,HB01567,C0002,2026-06-04T10:00:00+10:00,Posted,Sale
B001,HT01568,HB01568,C0131,2026-06-04T14:00:00+10:00,Posted,Sale
B001,HT01569,HB01569,C0002,2026-06-05T11:00:00+10:00,Posted,Sale
B001,HT01570,HB01570,C0133,2026-06-05T13:00:00+10:00,Posted,Sale
B001,HT01571,HB01571,C0002,2026-06-01T11:00:00+10:00,Posted,Sale
B001,HT01572,HB01572,C0135,2026-06-01T13:00:00+10:00,Posted,Sale
B001,HT01573,HB01573,C0002,2026-06-02T10:00:00+10:00,Posted,Sale
B001,HT01574,HB01574,C0137,2026-06-02T13:00:00+10:00,Posted,Sale
B001,HT01575,HB01575,C0002,2026-06-03T10:00:00+10:00,Posted,Sale
B001,HT01576,HB01576,C0139,2026-06-03T14:00:00+10:00,Posted,Sale
B001,HT01577,HB01577,C0002,2026-06-04T11:00:00+10:00,Posted,Sale
B001,HT01578,HB01578,C0141,2026-06-04T13:00:00+10:00,Posted,Sale
B001,HT01579,HB01579,C0002,2026-06-05T10:00:00+10:00,Posted,Sale
B001,HT01580,HB01580,C0143,2026-06-05T13:00:00+10:00,Posted,Sale
B001,HT01581,HB01581,C0002,2026-06-01T10:00:00+10:00,Posted,Sale
B001,HT01582,HB01582,C0145,2026-06-01T13:00:00+10:00,Posted,Sale
B001,HT01583,HB01583,C0002,2026-06-02T10:00:00+10:00,Posted,Sale
B001,HT01584,HB01584,C0147,2026-06-02T14:00:00+10:00,Posted,Sale
B001,HT01585,HB01585,C0002,2026-06-03T11:00:00+10:00,Posted,Sale
B001,HT01586,HB01586,C0149,2026-06-03T13:00:00+10:00,Posted,Sale
B001,HT01587,HB01587,C0002,2026-06-04T10:00:00+10:00,Posted,Sale
B001,HT01588,HB01588,C0151,2026-06-04T13:00:00+10:00,Posted,Sale
B001,HT01589,HB01589,C0002,2026-06-05T10:00:00+10:00,Posted,Sale
B001,HT01590,HB01590,C0153,2026-06-05T14:00:00+10:00,Posted,Sale
B001,HT01591,HB01591,C0002,2026-06-08T11:00:00+10:00,Posted,Sale
B001,HT01592,HB01592,C0155,2026-06-08T13:00:00+10:00,Posted,Sale
B001,HT01593,HB01593,C0002,2026-06-09T10:00:00+10:00,Posted,Sale
B001,HT01594,HB01594,C0157,2026-06-09T13:00:00+10:00,Posted,Sale
B001,HT01595,HB01595,C0002,2026-06-10T10:00:00+10:00,Posted,Sale
B001,HT01596,HB01596,C0159,2026-06-10T14:00:00+10:00,Posted,Sale
B001,HT01597,HB01597,C0002,2026-06-11T11:00:00+10:00,Posted,Sale
B001,HT01598,HB01598,C0161,2026-06-11T13:00:00+10:00,Posted,Sale
B001,HT01599,HB01599,C0002,2026-06-12T10:00:00+10:00,Posted,Sale
B001,HT01600,HB01600,C0003,2026-06-12T13:00:00+10:00,Posted,Sale
B001,HT01601,HB01601,C0002,2026-06-08T10:00:00+10:00,Posted,Sale
B001,HT01602,HB01602,C0005,2026-06-08T13:00:00+10:00,Posted,Sale
B001,HT01603,HB01603,C0002,2026-06-09T10:00:00+10:00,Posted,Sale
B001,HT01604,HB01604,C0007,2026-06-09T14:00:00+10:00,Posted,Sale
B001,HT01605,HB01605,C0002,2026-06-10T11:00:00+10:00,Posted,Sale
B001,HT01606,HB01606,C0009,2026-06-10T13:00:00+10:00,Posted,Sale
B001,HT01607,HB01607,C0002,2026-06-11T10:00:00+10:00,Posted,Sale
B001,HT01608,HB01608,C0011,2026-06-11T13:00:00+10:00,Posted,Sale
B001,HT01609,HB01609,C0002,2026-06-12T10:00:00+10:00,Posted,Sale
B001,HT01610,HB01610,C0013,2026-06-12T14:00:00+10:00,Posted,Sale
B001,HT01611,HB01611,C0002,2026-06-08T10:00:00+10:00,Posted,Sale
B001,HT01612,HB01612,C0015,2026-06-08T14:00:00+10:00,Posted,Sale
B001,HT01613,HB01613,C0002,2026-06-09T11:00:00+10:00,Posted,Sale
B001,HT01614,HB01614,C0017,2026-06-09T13:00:00+10:00,Posted,Sale
B001,HT01615,HB01615,C0002,2026-06-10T10:00:00+10:00,Posted,Sale
B001,HT01616,HB01616,C0019,2026-06-10T13:00:00+10:00,Posted,Sale
B001,HT01617,HB01617,C0002,2026-06-11T10:00:00+10:00,Posted,Sale
B001,HT01618,HB01618,C0021,2026-06-11T14:00:00+10:00,Posted,Sale
B001,HT01619,HB01619,C0002,2026-06-12T11:00:00+10:00,Posted,Sale
B001,HT01620,HB01620,C0023,2026-06-12T13:00:00+10:00,Posted,Sale
B001,HT01621,HB01621,C0002,2026-06-15T10:00:00+10:00,Posted,Sale
B001,HT01622,HB01622,C0025,2026-06-15T13:00:00+10:00,Posted,Sale
B001,HT01623,HB01623,C0002,2026-06-16T10:00:00+10:00,Posted,Sale
B001,HT01624,HB01624,C0027,2026-06-16T14:00:00+10:00,Posted,Sale
B001,HT01625,HB01625,C0002,2026-06-17T11:00:00+10:00,Posted,Sale
B001,HT01626,HB01626,C0029,2026-06-17T13:00:00+10:00,Posted,Sale
B001,HT01627,HB01627,C0002,2026-06-18T10:00:00+10:00,Posted,Sale
B001,HT01628,HB01628,C0031,2026-06-18T13:00:00+10:00,Posted,Sale
B001,HT01629,HB01629,C0002,2026-06-19T10:00:00+10:00,Posted,Sale
B001,HT01630,HB01630,C0033,2026-06-19T14:00:00+10:00,Posted,Sale
B001,HT01631,HB01631,C0002,2026-06-15T10:00:00+10:00,Posted,Sale
B001,HT01632,HB01632,C0035,2026-06-15T14:00:00+10:00,Posted,Sale
B001,HT01633,HB01633,C0002,2026-06-16T11:00:00+10:00,Posted,Sale
B001,HT01634,HB01634,C0037,2026-06-16T13:00:00+10:00,Posted,Sale
B001,HT01635,HB01635,C0002,2026-06-17T10:00:00+10:00,Posted,Sale
B001,HT01636,HB01636,C0039,2026-06-17T13:00:00+10:00,Posted,Sale
B001,HT01637,HB01637,C0002,2026-06-18T10:00:00+10:00,Posted,Sale
B001,HT01638,HB01638,C0041,2026-06-18T14:00:00+10:00,Posted,Sale
B001,HT01639,HB01639,C0002,2026-06-19T11:00:00+10:00,Posted,Sale
B001,HT01640,HB01640,C0043,2026-06-19T13:00:00+10:00,Posted,Sale
B001,HT01641,HB01641,C0002,2026-06-15T11:00:00+10:00,Posted,Sale
B001,HT01642,HB01642,C0045,2026-06-15T13:00:00+10:00,Posted,Sale
B001,HT01643,HB01643,C0002,2026-06-16T10:00:00+10:00,Posted,Sale
B001,HT01644,HB01644,C0047,2026-06-16T13:00:00+10:00,Posted,Sale
B001,HT01645,HB01645,C0002,2026-06-17T10:00:00+10:00,Posted,Sale
B001,HT01646,HB01646,C0049,2026-06-17T14:00:00+10:00,Posted,Sale
B001,HT01647,HB01647,C0002,2026-06-18T11:00:00+10:00,Posted,Sale
B001,HT01648,HB01648,C0051,2026-06-18T13:00:00+10:00,Posted,Sale
B001,HT01649,HB01649,C0002,2026-06-19T10:00:00+10:00,Posted,Sale
B001,HT01650,HB01650,C0053,2026-06-19T13:00:00+10:00,Posted,Sale
B001,PKT000,PKB000,C0100,2026-07-11T10:30:00+10:00,Posted,Sale
B001,PKT001,PKB001,C0101,2026-07-11T12:00:00+10:00,Posted,Sale
B001,PKT002,PKB002,C0102,2026-07-11T12:00:00+10:00,Posted,Sale
B001,PKT003,PKB003,C0103,2026-07-18T12:00:00+10:00,Posted,Sale
B001,PKT004,PKB004,C0104,2026-07-18T10:30:00+10:00,Posted,Sale
B001,PKT005,PKB005,C0105,2026-07-18T12:00:00+10:00,Posted,Sale
B001,PKT006,PKB006,C0106,2026-07-25T12:00:00+10:00,Posted,Sale
B001,PKT007,PKB007,C0107,2026-07-25T12:00:00+10:00,Posted,Sale
B001,PKT008,PKB008,C0108,2026-07-25T10:30:00+10:00,Posted,Sale
B001,PKT009,PKB009,C0109,2026-08-01T12:00:00+10:00,Posted,Sale
B001,PKT010,PKB010,C0110,2026-08-01T12:00:00+10:00,Posted,Sale
B001,PKT011,PKB011,C0111,2026-08-01T12:00:00+10:00,Posted,Sale
B001,PKT012,PKB012,C0112,2026-08-08T10:30:00+10:00,Posted,Sale
B001,PKT013,PKB013,C0113,2026-08-08T12:00:00+10:00,Posted,Sale
B001,PKT014,PKB014,C0114,2026-08-08T12:00:00+10:00,Posted,Sale
B001,PKT015,PKB015,C0115,2026-08-15T12:00:00+10:00,Posted,Sale
B001,PKT016,PKB016,C0116,2026-08-15T10:30:00+10:00,Posted,Sale
B001,PKT017,PKB017,C0117,2026-08-15T12:00:00+10:00,Posted,Sale
B001,PKT018,PKB018,C0118,2026-08-22T12:00:00+10:00,Posted,Sale
B001,PKT019,PKB019,C0119,2026-08-22T12:00:00+10:00,Posted,Sale
B001,PKT020,PKB020,C0120,2026-08-22T10:30:00+10:00,Posted,Sale
B001,PKT021,PKB021,C0121,2026-08-29T12:00:00+10:00,Posted,Sale
B001,PKT022,PKB022,C0122,2026-08-29T12:00:00+10:00,Posted,Sale
B001,PKT023,PKB023,C0123,2026-08-29T12:00:00+10:00,Posted,Sale
B001,BATCHT0,,C0170,2026-06-20T09:00:00+10:00,Posted,Sale
B001,BATCHT1,,C0170,2026-07-20T09:00:00+10:00,Posted,Sale
B001,BATCHT2,,C0170,2026-08-20T09:00:00+10:00,Posted,Sale
B001,BATCHT3,,C0170,2026-09-11T09:00:00+10:00,Posted,Sale
B001,RET1,,C0170,2026-08-22T09:00:00+10:00,Posted,Refund
B001,FALLBACKT,,C0170,2026-08-28T09:00:00+10:00,Posted,Sale
B001,FALLT,FALLB,C0183,2026-07-04T09:30:00+10:00,Posted,Sale
