business_id,transaction_item_id,transaction_id,item_id,staff_id,quantity,gross_amount_ex_gst,discount_ex_gst,refund_ex_gst,net_amount_ex_gst,direct_cost,original_transaction_item_id,batch_id
B001,L00001,T00001,SV02,S01,1,180,0,0,AUD 180,30,,
B001,L00002,T00002,SV02,S01,1,180,0,0,180,30,,
B001,L00003,T00003,SV02,S01,1,180,0,0,180,30,,
B001,L00004,T00004,SV02,S01,1,180,0,0,180,30,,
B001,L00005,T00005,SV02,S01,1,180,0,0,180,30,,
B001,L00006,T00006,SV02,S01,1,180,0,0,180,30,,
B001,L00007,T00007,SV02,S01,1,180,0,0,180,30,,
B001,L00008,T00008,SV02,S01,1,180,0,0,180,30,,
B001,L00009,T00009,SV02,S01,1,180,0,0,180,30,,
B001,L00010,T00010,SV02,S01,1,180,0,0,180,30,,
B001,L00011,T00011,SV01,S01,1,70,0,0,70,5,,
B001,L00012,T00012,SV01,S01,1,70,0,0,70,5,,
B001,L00013,T00013,SV01,S01,1,70,0,0,70,5,,
B001,L00014,T00014,SV01,S01,1,70,0,0,70,5,,
B001,L00015,T00015,SV01,S01,1,70,0,0,70,5,,
B001,L00016,T00016,SV01,S01,1,70,0,0,70,5,,
B001,L00017,T00017,SV01,S01,1,70,0,0,70,5,,
B001,L00018,T00018,SV01,S01,1,70,0,0,70,5,,
B001,L00019,T00019,SV01,S01,1,70,0,0,70,5,,
B001,L00020,T00020,SV01,S01,1,70,0,0,70,5,,
B001,L00021,T00001,P01,S01,1,30,0,0,30,12,,
B001,L00022,T00002,P01,S01,1,30,0,0,30,12,,
B001,L00023,T00003,P01,S01,1,30,0,0,30,12,,
B001,L00024,T00004,P01,S01,1,30,0,0,30,12,,
B001,L00025,T00005,P01,S01,1,30,0,0,30,12,,
B001,L00026,T00021,SV02,S02,1,180,0,0,180,30,,
B001,L00027,T00022,SV02,S02,1,180,0,0,180,30,,
B001,L00028,T00023,SV02,S02,1,180,0,0,180,30,,
B001,L00029,T00024,SV02,S02,1,180,0,0,180,30,,
B001,L00030,T00025,SV02,S02,1,180,0,0,180,30,,
B001,L00031,T00026,SV02,S02,1,180,0,0,180,30,,
B001,L00032,T00027,SV02,S02,1,180,0,0,180,30,,
B001,L00033,T00028,SV02,S02,1,180,0,0,180,30,,
B001,L00034,T00029,SV02,S02,1,180,0,0,180,30,,
B001,L00035,T00030,SV02,S02,1,180,0,0,180,30,,
B001,L00036,T00031,SV01,S02,1,70,0,0,70,5,,
B001,L00037,T00032,SV01,S02,1,70,0,0,70,5,,
B001,L00038,T00033,SV01,S02,1,70,0,0,70,5,,
B001,L00039,T00034,SV01,S02,1,70,0,0,70,5,,
B001,L00040,T00035,SV01,S02,1,70,0,0,70,5,,
B001,L00041,T00036,SV01,S02,1,70,0,0,70,5,,
B001,L00042,T00037,SV01,S02,1,70,0,0,70,5,,
B001,L00043,T00038,SV01,S02,1,70,0,0,70,5,,
B001,L00044,T00039,SV01,S02,1,70,0,0,70,5,,
B001,L00045,T00040,SV01,S02,1,70,0,0,70,5,,
B001,L00046,T00021,P01,S02,1,30,0,0,30,12,,
B001,L00047,T00022,P01,S02,1,30,0,0,30,12,,
B001,L00048,T00023,P01,S02,1,30,0,0,30,12,,
B001,L00049,T00041,SV02,S03,1,180,0,0,180,30,,
B001,L00050,T00042,SV02,S03,1,180,0,0,180,30,,
B001,L00051,T00043,SV02,S03,1,180,0,0,180,30,,
B001,L00052,T00044,SV02,S03,1,180,0,0,180,30,,
B001,L00053,T00045,SV02,S03,1,180,0,0,180,30,,
B001,L00054,T00046,SV02,S03,1,180,0,0,180,30,,
B001,L00055,T00047,SV02,S03,1,180,0,0,180,30,,
B001,L00056,T00048,SV02,S03,1,180,0,0,180,30,,
B001,L00057,T00049,SV02,S03,1,180,0,0,180,30,,
B001,L00058,T00050,SV02,S03,1,180,0,0,180,30,,
B001,L00059,T00051,SV02,S03,1,180,0,0,180,30,,
B001,L00060,T00052,SV02,S03,1,180,0,0,180,30,,
B001,L00061,T00053,SV01,S03,1,70,0,0,70,5,,
B001,L00062,T00054,SV01,S03,1,70,0,0,70,5,,
B001,L00063,T00055,SV01,S03,1,70,0,0,70,5,,
B001,L00064,T00056,SV01,S03,1,70,0,0,70,5,,
B001,L00065,T00057,SV01,S03,1,70,0,0,70,5,,
B001,L00066,T00058,SV01,S03,1,70,0,0,70,5,,
B001,L00067,T00041,P01,S03,1,30,0,0,30,12,,
B001,L00068,T00042,P01,S03,1,30,0,0,30,12,,
B001,L00069,T00043,P01,S03,1,30,0,0,30,12,,
B001,L00070,T00059,SV02,S01,1,180,0,0,180,30,,
B001,L00071,T00060,SV02,S01,1,180,0,0,180,30,,
B001,L00072,T00061,SV02,S01,1,180,0,0,180,30,,
B001,L00073,T00062,SV02,S01,1,180,0,0,180,30,,
B001,L00074,T00063,SV02,S01,1,180,0,0,180,30,,
B001,L00075,T00064,SV02,S01,1,180,0,0,180,30,,
B001,L00076,T00065,SV02,S01,1,180,0,0,180,30,,
B001,L00077,T00066,SV02,S01,1,180,0,0,180,30,,
B001,L00078,T00067,SV02,S01,1,180,0,0,180,30,,
B001,L00079,T00068,SV02,S01,1,180,0,0,180,30,,
B001,L00080,T00069,SV01,S01,1,70,0,0,70,5,,
B001,L00081,T00070,SV01,S01,1,70,0,0,70,5,,
B001,L00082,T00071,SV01,S01,1,70,0,0,70,5,,
B001,L00083,T00072,SV01,S01,1,70,0,0,70,5,,
B001,L00084,T00073,SV01,S01,1,70,0,0,70,5,,
B001,L00085,T00074,SV01,S01,1,70,0,0,70,5,,
B001,L00086,T00075,SV01,S01,1,70,0,0,70,5,,
B001,L00087,T00076,SV01,S01,1,70,0,0,70,5,,
B001,L00088,T00077,SV01,S01,1,70,0,0,70,5,,
B001,L00089,T00078,SV01,S01,1,70,0,0,70,5,,
B001,L00090,T00059,P01,S01,1,30,0,0,30,12,,
B001,L00091,T00060,P01,S01,1,30,0,0,30,12,,
B001,L00092,T00061,P01,S01,1,30,0,0,30,12,,
B001,L00093,T00062,P01,S01,1,30,0,0,30,12,,
B001,L00094,T00063,P01,S01,1,30,0,0,30,12,,
B001,L00095,T00079,SV02,S02,1,180,0,0,180,30,,
B001,L00096,T00080,SV02,S02,1,180,0,0,180,30,,
B001,L00097,T00081,SV02,S02,1,180,0,0,180,30,,
B001,L00098,T00082,SV02,S02,1,180,0,0,180,30,,
B001,L00099,T00083,SV02,S02,1,180,0,0,180,30,,
B001,L00100,T00084,SV02,S02,1,180,0,0,180,30,,
B001,L00101,T00085,SV02,S02,1,180,0,0,180,30,,
B001,L00102,T00086,SV02,S02,1,180,0,0,180,30,,
B001,L00103,T00087,SV02,S02,1,180,0,0,180,30,,
B001,L00104,T00088,SV02,S02,1,180,0,0,180,30,,
B001,L00105,T00089,SV01,S02,1,70,0,0,70,5,,
B001,L00106,T00090,SV01,S02,1,70,0,0,70,5,,
B001,L00107,T00091,SV01,S02,1,70,0,0,70,5,,
B001,L00108,T00092,SV01,S02,1,70,0,0,70,5,,
B001,L00109,T00093,SV01,S02,1,70,0,0,70,5,,
B001,L00110,T00094,SV01,S02,1,70,0,0,70,5,,
B001,L00111,T00095,SV01,S02,1,70,0,0,70,5,,
B001,L00112,T00096,SV01,S02,1,70,0,0,70,5,,
B001,L00113,T00097,SV01,S02,1,70,0,0,70,5,,
B001,L00114,T00098,SV01,S02,1,70,0,0,70,5,,
B001,L00115,T00079,P01,S02,1,30,0,0,30,12,,
B001,L00116,T00080,P01,S02,1,30,0,0,30,12,,
B001,L00117,T00081,P01,S02,1,30,0,0,30,12,,
B001,L00118,T00099,SV02,S03,1,180,0,0,180,30,,
B001,L00119,T00100,SV02,S03,1,180,0,0,180,30,,
B001,L00120,T00101,SV02,S03,1,180,0,0,180,30,,
B001,L00121,T00102,SV02,S03,1,180,0,0,180,30,,
B001,L00122,T00103,SV02,S03,1,180,0,0,180,30,,
B001,L00123,T00104,SV02,S03,1,180,0,0,180,30,,
B001,L00124,T00105,SV02,S03,1,180,0,0,180,30,,
B001,L00125,T00106,SV02,S03,1,180,0,0,180,30,,
B001,L00126,T00107,SV02,S03,1,180,0,0,180,30,,
B001,L00127,T00108,SV02,S03,1,180,0,0,180,30,,
B001,L00128,T00109,SV02,S03,1,180,0,0,180,30,,
B001,L00129,T00110,SV02,S03,1,180,0,0,180,30,,
B001,L00130,T00111,SV01,S03,1,70,0,0,70,5,,
B001,L00131,T00112,SV01,S03,1,70,0,0,70,5,,
B001,L00132,T00113,SV01,S03,1,70,0,0,70,5,,
B001,L00133,T00114,SV01,S03,1,70,0,0,70,5,,
B001,L00134,T00115,SV01,S03,1,70,0,0,70,5,,
B001,L00135,T00116,SV01,S03,1,70,0,0,70,5,,
B001,L00136,T00099,P01,S03,1,30,0,0,30,12,,
B001,L00137,T00100,P01,S03,1,30,0,0,30,12,,
B001,L00138,T00101,P01,S03,1,30,0,0,30,12,,
B001,L00139,T00117,SV02,S01,1,180,0,0,180,30,,
B001,L00140,T00118,SV02,S01,1,180,0,0,180,30,,
B001,L00141,T00119,SV02,S01,1,180,0,0,180,30,,
B001,L00142,T00120,SV02,S01,1,180,0,0,180,30,,
B001,L00143,T00121,SV02,S01,1,180,0,0,180,30,,
B001,L00144,T00122,SV02,S01,1,180,0,0,180,30,,
B001,L00145,T00123,SV02,S01,1,180,0,0,180,30,,
B001,L00146,T00124,SV02,S01,1,180,0,0,180,30,,
B001,L00147,T00125,SV02,S01,1,180,0,0,180,30,,
B001,L00148,T00126,SV02,S01,1,180,0,0,180,30,,
B001,L00149,T00127,SV01,S01,1,70,0,0,70,5,,
B001,L00150,T00128,SV01,S01,1,70,0,0,70,5,,
B001,L00151,T00129,SV01,S01,1,70,0,0,70,5,,
B001,L00152,T00130,SV01,S01,1,70,0,0,70,5,,
B001,L00153,T00131,SV01,S01,1,70,0,0,70,5,,
B001,L00154,T00132,SV01,S01,1,70,0,0,70,5,,
B001,L00155,T00133,SV01,S01,1,70,0,0,70,5,,
B001,L00156,T00134,SV01,S01,1,70,0,0,70,5,,
B001,L00157,T00135,SV01,S01,1,70,0,0,70,5,,
B001,L00158,T00136,SV01,S01,1,70,0,0,70,5,,
B001,L00159,T00117,P01,S01,1,30,0,0,30,12,,
B001,L00160,T00118,P01,S01,1,30,0,0,30,12,,
B001,L00161,T00119,P01,S01,1,30,0,0,30,12,,
B001,L00162,T00120,P01,S01,1,30,0,0,30,12,,
B001,L00163,T00121,P01,S01,1,30,0,0,30,12,,
B001,L00164,T00137,SV02,S02,1,180,0,0,180,30,,
B001,L00165,T00138,SV02,S02,1,180,0,0,180,30,,
B001,L00166,T00139,SV02,S02,1,180,0,0,180,30,,
B001,L00167,T00140,SV02,S02,1,180,0,0,180,30,,
B001,L00168,T00141,SV02,S02,1,180,0,0,180,30,,
B001,L00169,T00142,SV02,S02,1,180,0,0,180,30,,
B001,L00170,T00143,SV02,S02,1,180,0,0,180,30,,
B001,L00171,T00144,SV02,S02,1,180,0,0,180,30,,
B001,L00172,T00145,SV02,S02,1,180,0,0,180,30,,
B001,L00173,T00146,SV02,S02,1,180,0,0,180,30,,
B001,L00174,T00147,SV01,S02,1,70,0,0,70,5,,
B001,L00175,T00148,SV01,S02,1,70,0,0,70,5,,
B001,L00176,T00149,SV01,S02,1,70,0,0,70,5,,
B001,L00177,T00150,SV01,S02,1,70,0,0,70,5,,
B001,L00178,T00151,SV01,S02,1,70,0,0,70,5,,
B001,L00179,T00152,SV01,S02,1,70,0,0,70,5,,
B001,L00180,T00153,SV01,S02,1,70,0,0,70,5,,
B001,L00181,T00154,SV01,S02,1,70,0,0,70,5,,
B001,L00182,T00155,SV01,S02,1,70,0,0,70,5,,
B001,L00183,T00156,SV01,S02,1,70,0,0,70,5,,
B001,L00184,T00137,P01,S02,1,30,0,0,30,12,,
B001,L00185,T00138,P01,S02,1,30,0,0,30,12,,
B001,L00186,T00139,P01,S02,1,30,0,0,30,12,,
B001,L00187,T00157,SV02,S03,1,180,0,0,180,30,,
B001,L00188,T00158,SV02,S03,1,180,0,0,180,30,,
B001,L00189,T00159,SV02,S03,1,180,0,0,180,30,,
B001,L00190,T00160,SV02,S03,1,180,0,0,180,30,,
B001,L00191,T00161,SV02,S03,1,180,0,0,180,30,,
B001,L00192,T00162,SV02,S03,1,180,0,0,180,30,,
B001,L00193,T00163,SV02,S03,1,180,0,0,180,30,,
B001,L00194,T00164,SV02,S03,1,180,0,0,180,30,,
B001,L00195,T00165,SV02,S03,1,180,0,0,180,30,,
B001,L00196,T00166,SV02,S03,1,180,0,0,180,30,,
B001,L00197,T00167,SV02,S03,1,180,0,0,180,30,,
B001,L00198,T00168,SV02,S03,1,180,0,0,180,30,,
B001,L00199,T00169,SV01,S03,1,70,0,0,70,5,,
B001,L00200,T00170,SV01,S03,1,70,0,0,70,5,,
B001,L00201,T00171,SV01,S03,1,70,0,0,70,5,,
B001,L00202,T00172,SV01,S03,1,70,0,0,70,5,,
B001,L00203,T00173,SV01,S03,1,70,0,0,70,5,,
B001,L00204,T00174,SV01,S03,1,70,0,0,70,5,,
B001,L00205,T00157,P01,S03,1,30,0,0,30,12,,
B001,L00206,T00158,P01,S03,1,30,0,0,30,12,,
B001,L00207,T00159,P01,S03,1,30,0,0,30,12,,
B001,L00208,T00175,SV02,S01,1,180,0,0,180,30,,
B001,L00209,T00176,SV02,S01,1,180,0,0,180,30,,
B001,L00210,T00177,SV02,S01,1,180,0,0,180,30,,
B001,L00211,T00178,SV02,S01,1,180,0,0,180,30,,
B001,L00212,T00179,SV02,S01,1,180,0,0,180,30,,
B001,L00213,T00180,SV02,S01,1,180,0,0,180,30,,
B001,L00214,T00181,SV02,S01,1,180,0,0,180,30,,
B001,L00215,T00182,SV02,S01,1,180,0,0,180,30,,
B001,L00216,T00183,SV02,S01,1,180,0,0,180,30,,
B001,L00217,T00184,SV02,S01,1,180,0,0,180,30,,
B001,L00218,T00185,SV01,S01,1,70,0,0,70,5,,
B001,L00219,T00186,SV01,S01,1,70,0,0,70,5,,
B001,L00220,T00187,SV01,S01,1,70,0,0,70,5,,
B001,L00221,T00188,SV01,S01,1,70,0,0,70,5,,
B001,L00222,T00189,SV01,S01,1,70,0,0,70,5,,
B001,L00223,T00190,SV01,S01,1,70,0,0,70,5,,
B001,L00224,T00191,SV01,S01,1,70,0,0,70,5,,
B001,L00225,T00192,SV01,S01,1,70,0,0,70,5,,
B001,L00226,T00193,SV01,S01,1,70,0,0,70,5,,
B001,L00227,T00194,SV01,S01,1,70,0,0,70,5,,
B001,L00228,T00175,P01,S01,1,30,0,0,30,12,,
B001,L00229,T00176,P01,S01,1,30,0,0,30,12,,
B001,L00230,T00177,P01,S01,1,30,0,0,30,12,,
B001,L00231,T00178,P01,S01,1,30,0,0,30,12,,
B001,L00232,T00179,P01,S01,1,30,0,0,30,12,,
B001,L00233,T00195,SV02,S02,1,180,0,0,180,30,,
B001,L00234,T00196,SV02,S02,1,180,0,0,180,30,,
B001,L00235,T00197,SV02,S02,1,180,0,0,180,30,,
B001,L00236,T00198,SV02,S02,1,180,0,0,180,30,,
B001,L00237,T00199,SV02,S02,1,180,0,0,180,30,,
B001,L00238,T00200,SV02,S02,1,180,0,0,180,30,,
B001,L00239,T00201,SV02,S02,1,180,0,0,180,30,,
B001,L00240,T00202,SV02,S02,1,180,0,0,180,30,,
B001,L00241,T00203,SV02,S02,1,180,0,0,180,30,,
B001,L00242,T00204,SV02,S02,1,180,0,0,180,30,,
B001,L00243,T00205,SV01,S02,1,70,0,0,70,5,,
B001,L00244,T00206,SV01,S02,1,70,0,0,70,5,,
B001,L00245,T00207,SV01,S02,1,70,0,0,70,5,,
B001,L00246,T00208,SV01,S02,1,70,0,0,70,5,,
B001,L00247,T00209,SV01,S02,1,70,0,0,70,5,,
B001,L00248,T00210,SV01,S02,1,70,0,0,70,5,,
B001,L00249,T00211,SV01,S02,1,70,0,0,70,5,,
B001,L00250,T00212,SV01,S02,1,70,0,0,70,5,,
B001,L00251,T00213,SV01,S02,1,70,0,0,70,5,,
B001,L00252,T00214,SV01,S02,1,70,0,0,70,5,,
B001,L00253,T00195,P01,S02,1,30,0,0,30,12,,
B001,L00254,T00196,P01,S02,1,30,0,0,30,12,,
B001,L00255,T00197,P01,S02,1,30,0,0,30,12,,
B001,L00256,T00215,SV02,S03,1,180,0,0,180,30,,
B001,L00257,T00216,SV02,S03,1,180,0,0,180,30,,
B001,L00258,T00217,SV02,S03,1,180,0,0,180,30,,
B001,L00259,T00218,SV02,S03,1,180,0,0,180,30,,
B001,L00260,T00219,SV02,S03,1,180,0,0,180,30,,
B001,L00261,T00220,SV02,S03,1,180,0,0,180,30,,
B001,L00262,T00221,SV02,S03,1,180,0,0,180,30,,
B001,L00263,T00222,SV02,S03,1,180,0,0,180,30,,
B001,L00264,T00223,SV02,S03,1,180,0,0,180,30,,
B001,L00265,T00224,SV02,S03,1,180,0,0,180,30,,
B001,L00266,T00225,SV02,S03,1,180,0,0,180,30,,
B001,L00267,T00226,SV02,S03,1,180,0,0,180,30,,
B001,L00268,T00227,SV01,S03,1,70,0,0,70,5,,
B001,L00269,T00228,SV01,S03,1,70,0,0,70,5,,
B001,L00270,T00229,SV01,S03,1,70,0,0,70,5,,
B001,L00271,T00230,SV01,S03,1,70,0,0,70,5,,
B001,L00272,T00231,SV01,S03,1,70,0,0,70,5,,
B001,L00273,T00232,SV01,S03,1,70,0,0,70,5,,
B001,L00274,T00215,P01,S03,1,30,0,0,30,12,,
B001,L00275,T00216,P01,S03,1,30,0,0,30,12,,
B001,L00276,T00217,P01,S03,1,30,0,0,30,12,,
B001,L00277,T00233,SV02,S01,1,180,0,0,180,30,,
B001,L00278,T00234,SV02,S01,1,180,0,0,180,30,,
B001,L00279,T00235,SV02,S01,1,180,0,0,180,30,,
B001,L00280,T00236,SV02,S01,1,180,0,0,180,30,,
B001,L00281,T00237,SV02,S01,1,180,0,0,180,30,,
B001,L00282,T00238,SV02,S01,1,180,0,0,180,30,,
B001,L00283,T00239,SV02,S01,1,180,0,0,180,30,,
B001,L00284,T00240,SV02,S01,1,180,0,0,180,30,,
B001,L00285,T00241,SV02,S01,1,180,0,0,180,30,,
B001,L00286,T00242,SV02,S01,1,180,0,0,180,30,,
B001,L00287,T00243,SV01,S01,1,70,0,0,70,5,,
B001,L00288,T00244,SV01,S01,1,70,0,0,70,5,,
B001,L00289,T00245,SV01,S01,1,70,0,0,70,5,,
B001,L00290,T00246,SV01,S01,1,70,0,0,70,5,,
B001,L00291,T00247,SV01,S01,1,70,0,0,70,5,,
B001,L00292,T00248,SV01,S01,1,70,0,0,70,5,,
B001,L00293,T00249,SV01,S01,1,70,0,0,70,5,,
B001,L00294,T00250,SV01,S01,1,70,0,0,70,5,,
B001,L00295,T00251,SV01,S01,1,70,0,0,70,5,,
B001,L00296,T00252,SV01,S01,1,70,0,0,70,5,,
B001,L00297,T00233,P01,S01,1,30,0,0,30,12,,
B001,L00298,T00234,P01,S01,1,30,0,0,30,12,,
B001,L00299,T00235,P01,S01,1,30,0,0,30,12,,
B001,L00300,T00236,P01,S01,1,30,0,0,30,12,,
B001,L00301,T00237,P01,S01,1,30,0,0,30,12,,
B001,L00302,T00253,SV02,S02,1,180,0,0,180,30,,
B001,L00303,T00254,SV02,S02,1,180,0,0,180,30,,
B001,L00304,T00255,SV02,S02,1,180,0,0,180,30,,
B001,L00305,T00256,SV02,S02,1,180,0,0,180,30,,
B001,L00306,T00257,SV02,S02,1,180,0,0,180,30,,
B001,L00307,T00258,SV02,S02,1,180,0,0,180,30,,
B001,L00308,T00259,SV02,S02,1,180,0,0,180,30,,
B001,L00309,T00260,SV02,S02,1,180,0,0,180,30,,
B001,L00310,T00261,SV02,S02,1,180,0,0,180,30,,
B001,L00311,T00262,SV02,S02,1,180,0,0,180,30,,
B001,L00312,T00263,SV01,S02,1,70,0,0,70,5,,
B001,L00313,T00264,SV01,S02,1,70,0,0,70,5,,
B001,L00314,T00265,SV01,S02,1,70,0,0,70,5,,
B001,L00315,T00266,SV01,S02,1,70,0,0,70,5,,
B001,L00316,T00267,SV01,S02,1,70,0,0,70,5,,
B001,L00317,T00268,SV01,S02,1,70,0,0,70,5,,
B001,L00318,T00269,SV01,S02,1,70,0,0,70,5,,
B001,L00319,T00270,SV01,S02,1,70,0,0,70,5,,
B001,L00320,T00271,SV01,S02,1,70,0,0,70,5,,
B001,L00321,T00272,SV01,S02,1,70,0,0,70,5,,
B001,L00322,T00253,P01,S02,1,30,0,0,30,12,,
B001,L00323,T00254,P01,S02,1,30,0,0,30,12,,
B001,L00324,T00255,P01,S02,1,30,0,0,30,12,,
B001,L00325,T00273,SV02,S03,1,180,0,0,180,30,,
B001,L00326,T00274,SV02,S03,1,180,0,0,180,30,,
B001,L00327,T00275,SV02,S03,1,180,0,0,180,30,,
B001,L00328,T00276,SV02,S03,1,180,0,0,180,30,,
B001,L00329,T00277,SV02,S03,1,180,0,0,180,30,,
B001,L00330,T00278,SV02,S03,1,180,0,0,180,30,,
B001,L00331,T00279,SV02,S03,1,180,0,0,180,30,,
B001,L00332,T00280,SV02,S03,1,180,0,0,180,30,,
B001,L00333,T00281,SV02,S03,1,180,0,0,180,30,,
B001,L00334,T00282,SV02,S03,1,180,0,0,180,30,,
B001,L00335,T00283,SV02,S03,1,180,0,0,180,30,,
B001,L00336,T00284,SV02,S03,1,180,0,0,180,30,,
B001,L00337,T00285,SV01,S03,1,70,0,0,70,5,,
B001,L00338,T00286,SV01,S03,1,70,0,0,70,5,,
B001,L00339,T00287,SV01,S03,1,70,0,0,70,5,,
B001,L00340,T00288,SV01,S03,1,70,0,0,70,5,,
B001,L00341,T00289,SV01,S03,1,70,0,0,70,5,,
B001,L00342,T00290,SV01,S03,1,70,0,0,70,5,,
B001,L00343,T00273,P01,S03,1,30,0,0,30,12,,
B001,L00344,T00274,P01,S03,1,30,0,0,30,12,,
B001,L00345,T00275,P01,S03,1,30,0,0,30,12,,
B001,L00346,T00291,SV02,S01,1,180,0,0,180,30,,
B001,L00347,T00292,SV02,S01,1,180,0,0,180,30,,
B001,L00348,T00293,SV02,S01,1,180,0,0,180,30,,
B001,L00349,T00294,SV02,S01,1,180,0,0,180,30,,
B001,L00350,T00295,SV02,S01,1,180,0,0,180,30,,
B001,L00351,T00296,SV02,S01,1,180,0,0,180,30,,
B001,L00352,T00297,SV02,S01,1,180,0,0,180,30,,
B001,L00353,T00298,SV02,S01,1,180,0,0,180,30,,
B001,L00354,T00299,SV02,S01,1,180,0,0,180,30,,
B001,L00355,T00300,SV02,S01,1,180,0,0,180,30,,
B001,L00356,T00301,SV01,S01,1,70,0,0,70,5,,
B001,L00357,T00302,SV01,S01,1,70,0,0,70,5,,
B001,L00358,T00303,SV01,S01,1,70,0,0,70,5,,
B001,L00359,T00304,SV01,S01,1,70,0,0,70,5,,
B001,L00360,T00305,SV01,S01,1,70,0,0,70,5,,
B001,L00361,T00306,SV01,S01,1,70,0,0,70,5,,
B001,L00362,T00307,SV01,S01,1,70,0,0,70,5,,
B001,L00363,T00308,SV01,S01,1,70,0,0,70,5,,
B001,L00364,T00309,SV01,S01,1,70,0,0,70,5,,
B001,L00365,T00310,SV01,S01,1,70,0,0,70,5,,
B001,L00366,T00291,P01,S01,1,30,0,0,30,12,,
B001,L00367,T00292,P01,S01,1,30,0,0,30,12,,
B001,L00368,T00293,P01,S01,1,30,0,0,30,12,,
B001,L00369,T00294,P01,S01,1,30,0,0,30,12,,
B001,L00370,T00295,P01,S01,1,30,0,0,30,12,,
B001,L00371,T00311,SV02,S02,1,180,0,0,180,30,,
B001,L00372,T00312,SV02,S02,1,180,0,0,180,30,,
B001,L00373,T00313,SV02,S02,1,180,0,0,180,30,,
B001,L00374,T00314,SV02,S02,1,180,0,0,180,30,,
B001,L00375,T00315,SV02,S02,1,180,0,0,180,30,,
B001,L00376,T00316,SV02,S02,1,180,0,0,180,30,,
B001,L00377,T00317,SV02,S02,1,180,0,0,180,30,,
B001,L00378,T00318,SV02,S02,1,180,0,0,180,30,,
B001,L00379,T00319,SV02,S02,1,180,0,0,180,30,,
B001,L00380,T00320,SV02,S02,1,180,0,0,180,30,,
B001,L00381,T00321,SV01,S02,1,70,0,0,70,5,,
B001,L00382,T00322,SV01,S02,1,70,0,0,70,5,,
B001,L00383,T00323,SV01,S02,1,70,0,0,70,5,,
B001,L00384,T00324,SV01,S02,1,70,0,0,70,5,,
B001,L00385,T00325,SV01,S02,1,70,0,0,70,5,,
B001,L00386,T00326,SV01,S02,1,70,0,0,70,5,,
B001,L00387,T00327,SV01,S02,1,70,0,0,70,5,,
B001,L00388,T00328,SV01,S02,1,70,0,0,70,5,,
B001,L00389,T00329,SV01,S02,1,70,0,0,70,5,,
B001,L00390,T00330,SV01,S02,1,70,0,0,70,5,,
B001,L00391,T00311,P01,S02,1,30,0,0,30,12,,
B001,L00392,T00312,P01,S02,1,30,0,0,30,12,,
B001,L00393,T00313,P01,S02,1,30,0,0,30,12,,
B001,L00394,T00331,SV02,S03,1,180,0,0,180,30,,
B001,L00395,T00332,SV02,S03,1,180,0,0,180,30,,
B001,L00396,T00333,SV02,S03,1,180,0,0,180,30,,
B001,L00397,T00334,SV02,S03,1,180,0,0,180,30,,
B001,L00398,T00335,SV02,S03,1,180,0,0,180,30,,
B001,L00399,T00336,SV02,S03,1,180,0,0,180,30,,
B001,L00400,T00337,SV02,S03,1,180,0,0,180,30,,
B001,L00401,T00338,SV02,S03,1,180,0,0,180,30,,
B001,L00402,T00339,SV02,S03,1,180,0,0,180,30,,
B001,L00403,T00340,SV02,S03,1,180,0,0,180,30,,
B001,L00404,T00341,SV02,S03,1,180,0,0,180,30,,
B001,L00405,T00342,SV02,S03,1,180,0,0,180,30,,
B001,L00406,T00343,SV01,S03,1,70,0,0,70,5,,
B001,L00407,T00344,SV01,S03,1,70,0,0,70,5,,
B001,L00408,T00345,SV01,S03,1,70,0,0,70,5,,
B001,L00409,T00346,SV01,S03,1,70,0,0,70,5,,
B001,L00410,T00347,SV01,S03,1,70,0,0,70,5,,
B001,L00411,T00348,SV01,S03,1,70,0,0,70,5,,
B001,L00412,T00331,P01,S03,1,30,0,0,30,12,,
B001,L00413,T00332,P01,S03,1,30,0,0,30,12,,
B001,L00414,T00333,P01,S03,1,30,0,0,30,12,,
B001,L00415,T00349,SV02,S01,1,180,0,0,180,30,,
B001,L00416,T00350,SV02,S01,1,180,0,0,180,30,,
B001,L00417,T00351,SV02,S01,1,180,0,0,180,30,,
B001,L00418,T00352,SV02,S01,1,180,0,0,180,30,,
B001,L00419,T00353,SV02,S01,1,180,0,0,180,30,,
B001,L00420,T00354,SV02,S01,1,180,0,0,180,30,,
B001,L00421,T00355,SV02,S01,1,180,0,0,180,30,,
B001,L00422,T00356,SV02,S01,1,180,0,0,180,30,,
B001,L00423,T00357,SV02,S01,1,180,0,0,180,30,,
B001,L00424,T00358,SV02,S01,1,180,0,0,180,30,,
B001,L00425,T00359,SV01,S01,1,70,0,0,70,5,,
B001,L00426,T00360,SV01,S01,1,70,0,0,70,5,,
B001,L00427,T00361,SV01,S01,1,70,0,0,70,5,,
B001,L00428,T00362,SV01,S01,1,70,0,0,70,5,,
B001,L00429,T00363,SV01,S01,1,70,0,0,70,5,,
B001,L00430,T00364,SV01,S01,1,70,0,0,70,5,,
B001,L00431,T00365,SV01,S01,1,70,0,0,70,5,,
B001,L00432,T00366,SV01,S01,1,70,0,0,70,5,,
B001,L00433,T00367,SV01,S01,1,70,0,0,70,5,,
B001,L00434,T00368,SV01,S01,1,70,0,0,70,5,,
B001,L00435,T00349,P01,S01,1,30,0,0,30,12,,
B001,L00436,T00350,P01,S01,1,30,0,0,30,12,,
B001,L00437,T00351,P01,S01,1,30,0,0,30,12,,
B001,L00438,T00352,P01,S01,1,30,0,0,30,12,,
B001,L00439,T00353,P01,S01,1,30,0,0,30,12,,
B001,L00440,T00369,SV02,S02,1,180,0,0,180,30,,
B001,L00441,T00370,SV02,S02,1,180,0,0,180,30,,
B001,L00442,T00371,SV02,S02,1,180,0,0,180,30,,
B001,L00443,T00372,SV02,S02,1,180,0,0,180,30,,
B001,L00444,T00373,SV02,S02,1,180,0,0,180,30,,
B001,L00445,T00374,SV02,S02,1,180,0,0,180,30,,
B001,L00446,T00375,SV02,S02,1,180,0,0,180,30,,
B001,L00447,T00376,SV02,S02,1,180,0,0,180,30,,
B001,L00448,T00377,SV02,S02,1,180,0,0,180,30,,
B001,L00449,T00378,SV02,S02,1,180,0,0,180,30,,
B001,L00450,T00379,SV01,S02,1,70,0,0,70,5,,
B001,L00451,T00380,SV01,S02,1,70,0,0,70,5,,
B001,L00452,T00381,SV01,S02,1,70,0,0,70,5,,
B001,L00453,T00382,SV01,S02,1,70,0,0,70,5,,
B001,L00454,T00383,SV01,S02,1,70,0,0,70,5,,
B001,L00455,T00384,SV01,S02,1,70,0,0,70,5,,
B001,L00456,T00385,SV01,S02,1,70,0,0,70,5,,
B001,L00457,T00386,SV01,S02,1,70,0,0,70,5,,
B001,L00458,T00387,SV01,S02,1,70,0,0,70,5,,
B001,L00459,T00388,SV01,S02,1,70,0,0,70,5,,
B001,L00460,T00369,P01,S02,1,30,0,0,30,12,,
B001,L00461,T00370,P01,S02,1,30,0,0,30,12,,
B001,L00462,T00371,P01,S02,1,30,0,0,30,12,,
B001,L00463,T00389,SV02,S03,1,180,0,0,180,30,,
B001,L00464,T00390,SV02,S03,1,180,0,0,180,30,,
B001,L00465,T00391,SV02,S03,1,180,0,0,180,30,,
B001,L00466,T00392,SV02,S03,1,180,0,0,180,30,,
B001,L00467,T00393,SV02,S03,1,180,0,0,180,30,,
B001,L00468,T00394,SV02,S03,1,180,0,0,180,30,,
B001,L00469,T00395,SV02,S03,1,180,0,0,180,30,,
B001,L00470,T00396,SV02,S03,1,180,0,0,180,30,,
B001,L00471,T00397,SV02,S03,1,180,0,0,180,30,,
B001,L00472,T00398,SV02,S03,1,180,0,0,180,30,,
B001,L00473,T00399,SV02,S03,1,180,0,0,180,30,,
B001,L00474,T00400,SV02,S03,1,180,0,0,180,30,,
B001,L00475,T00401,SV01,S03,1,70,0,0,70,5,,
B001,L00476,T00402,SV01,S03,1,70,0,0,70,5,,
B001,L00477,T00403,SV01,S03,1,70,0,0,70,5,,
B001,L00478,T00404,SV01,S03,1,70,0,0,70,5,,
B001,L00479,T00405,SV01,S03,1,70,0,0,70,5,,
B001,L00480,T00406,SV01,S03,1,70,0,0,70,5,,
B001,L00481,T00389,P01,S03,1,30,0,0,30,12,,
B001,L00482,T00390,P01,S03,1,30,0,0,30,12,,
B001,L00483,T00391,P01,S03,1,30,0,0,30,12,,
B001,L00484,T00407,SV02,S01,1,180,0,0,180,30,,
B001,L00485,T00408,SV02,S01,1,180,0,0,180,30,,
B001,L00486,T00409,SV02,S01,1,180,0,0,180,30,,
B001,L00487,T00410,SV02,S01,1,180,0,0,180,30,,
B001,L00488,T00411,SV02,S01,1,180,0,0,180,30,,
B001,L00489,T00412,SV02,S01,1,180,0,0,180,30,,
B001,L00490,T00413,SV02,S01,1,180,0,0,180,30,,
B001,L00491,T00414,SV02,S01,1,180,0,0,180,30,,
B001,L00492,T00415,SV02,S01,1,180,0,0,180,30,,
B001,L00493,T00416,SV02,S01,1,180,0,0,180,30,,
B001,L00494,T00417,SV01,S01,1,70,0,0,70,5,,
B001,L00495,T00418,SV01,S01,1,70,0,0,70,5,,
B001,L00496,T00419,SV01,S01,1,70,0,0,70,5,,
B001,L00497,T00420,SV01,S01,1,70,0,0,70,5,,
B001,L00498,T00421,SV01,S01,1,70,0,0,70,5,,
B001,L00499,T00422,SV01,S01,1,70,0,0,70,5,,
B001,L00500,T00423,SV01,S01,1,70,0,0,70,5,,
B001,L00501,T00424,SV01,S01,1,70,0,0,70,5,,
B001,L00502,T00425,SV01,S01,1,70,0,0,70,5,,
B001,L00503,T00426,SV01,S01,1,70,0,0,70,5,,
B001,L00504,T00407,P01,S01,1,30,0,0,30,12,,
B001,L00505,T00408,P01,S01,1,30,0,0,30,12,,
B001,L00506,T00409,P01,S01,1,30,0,0,30,12,,
B001,L00507,T00410,P01,S01,1,30,0,0,30,12,,
B001,L00508,T00411,P01,S01,1,30,0,0,30,12,,
B001,L00509,T00427,SV02,S02,1,180,0,0,180,30,,
B001,L00510,T00428,SV02,S02,1,180,0,0,180,30,,
B001,L00511,T00429,SV02,S02,1,180,0,0,180,30,,
B001,L00512,T00430,SV02,S02,1,180,0,0,180,30,,
B001,L00513,T00431,SV02,S02,1,180,0,0,180,30,,
B001,L00514,T00432,SV02,S02,1,180,0,0,180,30,,
B001,L00515,T00433,SV02,S02,1,180,0,0,180,30,,
B001,L00516,T00434,SV02,S02,1,180,0,0,180,30,,
B001,L00517,T00435,SV02,S02,1,180,0,0,180,30,,
B001,L00518,T00436,SV02,S02,1,180,0,0,180,30,,
B001,L00519,T00437,SV01,S02,1,70,0,0,70,5,,
B001,L00520,T00438,SV01,S02,1,70,0,0,70,5,,
B001,L00521,T00439,SV01,S02,1,70,0,0,70,5,,
B001,L00522,T00440,SV01,S02,1,70,0,0,70,5,,
B001,L00523,T00441,SV01,S02,1,70,0,0,70,5,,
B001,L00524,T00442,SV01,S02,1,70,0,0,70,5,,
B001,L00525,T00443,SV01,S02,1,70,0,0,70,5,,
B001,L00526,T00444,SV01,S02,1,70,0,0,70,5,,
B001,L00527,T00445,SV01,S02,1,70,0,0,70,5,,
B001,L00528,T00446,SV01,S02,1,70,0,0,70,5,,
B001,L00529,T00427,P01,S02,1,30,0,0,30,12,,
B001,L00530,T00428,P01,S02,1,30,0,0,30,12,,
B001,L00531,T00429,P01,S02,1,30,0,0,30,12,,
B001,L00532,T00447,SV02,S03,1,180,0,0,180,30,,
B001,L00533,T00448,SV02,S03,1,180,0,0,180,30,,
B001,L00534,T00449,SV02,S03,1,180,0,0,180,30,,
B001,L00535,T00450,SV02,S03,1,180,0,0,180,30,,
B001,L00536,T00451,SV02,S03,1,180,0,0,180,30,,
B001,L00537,T00452,SV02,S03,1,180,0,0,180,30,,
B001,L00538,T00453,SV02,S03,1,180,0,0,180,30,,
B001,L00539,T00454,SV02,S03,1,180,0,0,180,30,,
B001,L00540,T00455,SV02,S03,1,180,0,0,180,30,,
B001,L00541,T00456,SV02,S03,1,180,0,0,180,30,,
B001,L00542,T00457,SV02,S03,1,180,0,0,180,30,,
B001,L00543,T00458,SV02,S03,1,180,0,0,180,30,,
B001,L00544,T00459,SV01,S03,1,70,0,0,70,5,,
B001,L00545,T00460,SV01,S03,1,70,0,0,70,5,,
B001,L00546,T00461,SV01,S03,1,70,0,0,70,5,,
B001,L00547,T00462,SV01,S03,1,70,0,0,70,5,,
B001,L00548,T00463,SV01,S03,1,70,0,0,70,5,,
B001,L00549,T00464,SV01,S03,1,70,0,0,70,5,,
B001,L00550,T00447,P01,S03,1,30,0,0,30,12,,
B001,L00551,T00448,P01,S03,1,30,0,0,30,12,,
B001,L00552,T00449,P01,S03,1,30,0,0,30,12,,
B001,L00553,T00465,SV02,S01,1,180,0,0,180,30,,
B001,L00554,T00466,SV02,S01,1,180,0,0,180,30,,
B001,L00555,T00467,SV02,S01,1,180,0,0,180,30,,
B001,L00556,T00468,SV02,S01,1,180,0,0,180,30,,
B001,L00557,T00469,SV02,S01,1,180,0,0,180,30,,
B001,L00558,T00470,SV02,S01,1,180,0,0,180,30,,
B001,L00559,T00471,SV02,S01,1,180,0,0,180,30,,
B001,L00560,T00472,SV02,S01,1,180,0,0,180,30,,
B001,L00561,T00473,SV02,S01,1,180,0,0,180,30,,
B001,L00562,T00474,SV02,S01,1,180,0,0,180,30,,
B001,L00563,T00475,SV01,S01,1,70,0,0,70,5,,
B001,L00564,T00476,SV01,S01,1,70,0,0,70,5,,
B001,L00565,T00477,SV01,S01,1,70,0,0,70,5,,
B001,L00566,T00478,SV01,S01,1,70,0,0,70,5,,
B001,L00567,T00479,SV01,S01,1,70,0,0,70,5,,
B001,L00568,T00480,SV01,S01,1,70,0,0,70,5,,
B001,L00569,T00481,SV01,S01,1,70,0,0,70,5,,
B001,L00570,T00482,SV01,S01,1,70,0,0,70,5,,
B001,L00571,T00483,SV01,S01,1,70,0,0,70,5,,
B001,L00572,T00484,SV01,S01,1,70,0,0,70,5,,
B001,L00573,T00465,P01,S01,1,30,0,0,30,12,,
B001,L00574,T00466,P01,S01,1,30,0,0,30,12,,
B001,L00575,T00467,P01,S01,1,30,0,0,30,12,,
B001,L00576,T00468,P01,S01,1,30,0,0,30,12,,
B001,L00577,T00469,P01,S01,1,30,0,0,30,12,,
B001,L00578,T00485,SV02,S02,1,180,0,0,180,30,,
B001,L00579,T00486,SV02,S02,1,180,0,0,180,30,,
B001,L00580,T00487,SV02,S02,1,180,0,0,180,30,,
B001,L00581,T00488,SV02,S02,1,180,0,0,180,30,,
B001,L00582,T00489,SV02,S02,1,180,0,0,180,30,,
B001,L00583,T00490,SV02,S02,1,180,0,0,180,30,,
B001,L00584,T00491,SV02,S02,1,180,0,0,180,30,,
B001,L00585,T00492,SV02,S02,1,180,0,0,180,30,,
B001,L00586,T00493,SV02,S02,1,180,0,0,180,30,,
B001,L00587,T00494,SV02,S02,1,180,0,0,180,30,,
B001,L00588,T00495,SV01,S02,1,70,0,0,70,5,,
B001,L00589,T00496,SV01,S02,1,70,0,0,70,5,,
B001,L00590,T00497,SV01,S02,1,70,0,0,70,5,,
B001,L00591,T00498,SV01,S02,1,70,0,0,70,5,,
B001,L00592,T00499,SV01,S02,1,70,0,0,70,5,,
B001,L00593,T00500,SV01,S02,1,70,0,0,70,5,,
B001,L00594,T00501,SV01,S02,1,70,0,0,70,5,,
B001,L00595,T00502,SV01,S02,1,70,0,0,70,5,,
B001,L00596,T00503,SV01,S02,1,70,0,0,70,5,,
B001,L00597,T00504,SV01,S02,1,70,0,0,70,5,,
B001,L00598,T00485,P01,S02,1,30,0,0,30,12,,
B001,L00599,T00486,P01,S02,1,30,0,0,30,12,,
B001,L00600,T00487,P01,S02,1,30,0,0,30,12,,
B001,L00601,T00505,SV02,S03,1,180,0,0,180,30,,
B001,L00602,T00506,SV02,S03,1,180,0,0,180,30,,
B001,L00603,T00507,SV02,S03,1,180,0,0,180,30,,
B001,L00604,T00508,SV02,S03,1,180,0,0,180,30,,
B001,L00605,T00509,SV02,S03,1,180,0,0,180,30,,
B001,L00606,T00510,SV02,S03,1,180,0,0,180,30,,
B001,L00607,T00511,SV02,S03,1,180,0,0,180,30,,
B001,L00608,T00512,SV02,S03,1,180,0,0,180,30,,
B001,L00609,T00513,SV02,S03,1,180,0,0,180,30,,
B001,L00610,T00514,SV02,S03,1,180,0,0,180,30,,
B001,L00611,T00515,SV02,S03,1,180,0,0,180,30,,
B001,L00612,T00516,SV02,S03,1,180,0,0,180,30,,
B001,L00613,T00517,SV01,S03,1,70,0,0,70,5,,
B001,L00614,T00518,SV01,S03,1,70,0,0,70,5,,
B001,L00615,T00519,SV01,S03,1,70,0,0,70,5,,
B001,L00616,T00520,SV01,S03,1,70,0,0,70,5,,
B001,L00617,T00521,SV01,S03,1,70,0,0,70,5,,
B001,L00618,T00522,SV01,S03,1,70,0,0,70,5,,
B001,L00619,T00505,P01,S03,1,30,0,0,30,12,,
B001,L00620,T00506,P01,S03,1,30,0,0,30,12,,
B001,L00621,T00507,P01,S03,1,30,0,0,30,12,,
B001,L00622,T00523,SV02,S01,1,180,0,0,180,30,,
B001,L00623,T00524,SV02,S01,1,180,0,0,180,30,,
B001,L00624,T00525,SV02,S01,1,180,0,0,180,30,,
B001,L00625,T00526,SV02,S01,1,180,0,0,180,30,,
B001,L00626,T00527,SV02,S01,1,180,0,0,180,30,,
B001,L00627,T00528,SV02,S01,1,180,0,0,180,30,,
B001,L00628,T00529,SV02,S01,1,180,0,0,180,30,,
B001,L00629,T00530,SV02,S01,1,180,0,0,180,30,,
B001,L00630,T00531,SV02,S01,1,180,0,0,180,30,,
B001,L00631,T00532,SV02,S01,1,180,0,0,180,30,,
B001,L00632,T00533,SV01,S01,1,70,0,0,70,5,,
B001,L00633,T00534,SV01,S01,1,70,0,0,70,5,,
B001,L00634,T00535,SV01,S01,1,70,0,0,70,5,,
B001,L00635,T00536,SV01,S01,1,70,0,0,70,5,,
B001,L00636,T00537,SV01,S01,1,70,0,0,70,5,,
B001,L00637,T00538,SV01,S01,1,70,0,0,70,5,,
B001,L00638,T00539,SV01,S01,1,70,0,0,70,5,,
B001,L00639,T00540,SV01,S01,1,70,0,0,70,5,,
B001,L00640,T00541,SV01,S01,1,70,0,0,70,5,,
B001,L00641,T00542,SV01,S01,1,70,0,0,70,5,,
B001,L00642,T00523,P01,S01,1,30,0,0,30,12,,
B001,L00643,T00524,P01,S01,1,30,0,0,30,12,,
B001,L00644,T00525,P01,S01,1,30,0,0,30,12,,
B001,L00645,T00526,P01,S01,1,30,0,0,30,12,,
B001,L00646,T00527,P01,S01,1,30,0,0,30,12,,
B001,L00647,T00543,SV02,S02,1,180,0,0,180,30,,
B001,L00648,T00544,SV02,S02,1,180,0,0,180,30,,
B001,L00649,T00545,SV02,S02,1,180,0,0,180,30,,
B001,L00650,T00546,SV02,S02,1,180,0,0,180,30,,
B001,L00651,T00547,SV02,S02,1,180,0,0,180,30,,
B001,L00652,T00548,SV02,S02,1,180,0,0,180,30,,
B001,L00653,T00549,SV02,S02,1,180,0,0,180,30,,
B001,L00654,T00550,SV02,S02,1,180,0,0,180,30,,
B001,L00655,T00551,SV02,S02,1,180,0,0,180,30,,
B001,L00656,T00552,SV02,S02,1,180,0,0,180,30,,
B001,L00657,T00553,SV01,S02,1,70,0,0,70,5,,
B001,L00658,T00554,SV01,S02,1,70,0,0,70,5,,
B001,L00659,T00555,SV01,S02,1,70,0,0,70,5,,
B001,L00660,T00556,SV01,S02,1,70,0,0,70,5,,
B001,L00661,T00557,SV01,S02,1,70,0,0,70,5,,
B001,L00662,T00558,SV01,S02,1,70,0,0,70,5,,
B001,L00663,T00559,SV01,S02,1,70,0,0,70,5,,
B001,L00664,T00560,SV01,S02,1,70,0,0,70,5,,
B001,L00665,T00561,SV01,S02,1,70,0,0,70,5,,
B001,L00666,T00562,SV01,S02,1,70,0,0,70,5,,
B001,L00667,T00543,P01,S02,1,30,0,0,30,12,,
B001,L00668,T00544,P01,S02,1,30,0,0,30,12,,
B001,L00669,T00545,P01,S02,1,30,0,0,30,12,,
B001,L00670,T00563,SV02,S03,1,180,0,0,180,30,,
B001,L00671,T00564,SV02,S03,1,180,0,0,180,30,,
B001,L00672,T00565,SV02,S03,1,180,0,0,180,30,,
B001,L00673,T00566,SV02,S03,1,180,0,0,180,30,,
B001,L00674,T00567,SV02,S03,1,180,0,0,180,30,,
B001,L00675,T00568,SV02,S03,1,180,0,0,180,30,,
B001,L00676,T00569,SV02,S03,1,180,0,0,180,30,,
B001,L00677,T00570,SV02,S03,1,180,0,0,180,30,,
B001,L00678,T00571,SV02,S03,1,180,0,0,180,30,,
B001,L00679,T00572,SV02,S03,1,180,0,0,180,30,,
B001,L00680,T00573,SV02,S03,1,180,0,0,180,30,,
B001,L00681,T00574,SV02,S03,1,180,0,0,180,30,,
B001,L00682,T00575,SV01,S03,1,70,0,0,70,5,,
B001,L00683,T00576,SV01,S03,1,70,0,0,70,5,,
B001,L00684,T00577,SV01,S03,1,70,0,0,70,5,,
B001,L00685,T00578,SV01,S03,1,70,0,0,70,5,,
B001,L00686,T00579,SV01,S03,1,70,0,0,70,5,,
B001,L00687,T00580,SV01,S03,1,70,0,0,70,5,,
B001,L00688,T00563,P01,S03,1,30,0,0,30,12,,
B001,L00689,T00564,P01,S03,1,30,0,0,30,12,,
B001,L00690,T00565,P01,S03,1,30,0,0,30,12,,
B001,L00691,T00581,SV02,S01,1,180,0,0,180,30,,
B001,L00692,T00582,SV02,S01,1,180,0,0,180,30,,
B001,L00693,T00583,SV02,S01,1,180,0,0,180,30,,
B001,L00694,T00584,SV02,S01,1,180,0,0,180,30,,
B001,L00695,T00585,SV02,S01,1,180,0,0,180,30,,
B001,L00696,T00586,SV02,S01,1,180,0,0,180,30,,
B001,L00697,T00587,SV02,S01,1,180,0,0,180,30,,
B001,L00698,T00588,SV02,S01,1,180,0,0,180,30,,
B001,L00699,T00589,SV02,S01,1,180,0,0,180,30,,
B001,L00700,T00590,SV02,S01,1,180,0,0,180,30,,
B001,L00701,T00591,SV01,S01,1,70,0,0,70,5,,
B001,L00702,T00592,SV01,S01,1,70,0,0,70,5,,
B001,L00703,T00593,SV01,S01,1,70,0,0,70,5,,
B001,L00704,T00594,SV01,S01,1,70,0,0,70,5,,
B001,L00705,T00595,SV01,S01,1,70,0,0,70,5,,
B001,L00706,T00596,SV01,S01,1,70,0,0,70,5,,
B001,L00707,T00597,SV01,S01,1,70,0,0,70,5,,
B001,L00708,T00598,SV01,S01,1,70,0,0,70,5,,
B001,L00709,T00599,SV01,S01,1,70,0,0,70,5,,
B001,L00710,T00600,SV01,S01,1,70,0,0,70,5,,
B001,L00711,T00581,P01,S01,1,30,0,0,30,12,,
B001,L00712,T00582,P01,S01,1,30,0,0,30,12,,
B001,L00713,T00583,P01,S01,1,30,0,0,30,12,,
B001,L00714,T00584,P01,S01,1,30,0,0,30,12,,
B001,L00715,T00585,P01,S01,1,30,0,0,30,12,,
B001,L00716,T00601,SV02,S02,1,180,0,0,180,30,,
B001,L00717,T00602,SV02,S02,1,180,0,0,180,30,,
B001,L00718,T00603,SV02,S02,1,180,0,0,180,30,,
B001,L00719,T00604,SV02,S02,1,180,0,0,180,30,,
B001,L00720,T00605,SV02,S02,1,180,0,0,180,30,,
B001,L00721,T00606,SV02,S02,1,180,0,0,180,30,,
B001,L00722,T00607,SV02,S02,1,180,0,0,180,30,,
B001,L00723,T00608,SV02,S02,1,180,0,0,180,30,,
B001,L00724,T00609,SV02,S02,1,180,0,0,180,30,,
B001,L00725,T00610,SV02,S02,1,180,0,0,180,30,,
B001,L00726,T00611,SV01,S02,1,70,0,0,70,5,,
B001,L00727,T00612,SV01,S02,1,70,0,0,70,5,,
B001,L00728,T00613,SV01,S02,1,70,0,0,70,5,,
B001,L00729,T00614,SV01,S02,1,70,0,0,70,5,,
B001,L00730,T00615,SV01,S02,1,70,0,0,70,5,,
B001,L00731,T00616,SV01,S02,1,70,0,0,70,5,,
B001,L00732,T00617,SV01,S02,1,70,0,0,70,5,,
B001,L00733,T00618,SV01,S02,1,70,0,0,70,5,,
B001,L00734,T00619,SV01,S02,1,70,0,0,70,5,,
B001,L00735,T00620,SV01,S02,1,70,0,0,70,5,,
B001,L00736,T00601,P01,S02,1,30,0,0,30,12,,
B001,L00737,T00602,P01,S02,1,30,0,0,30,12,,
B001,L00738,T00603,P01,S02,1,30,0,0,30,12,,
B001,L00739,T00621,SV02,S03,1,180,0,0,180,30,,
B001,L00740,T00622,SV02,S03,1,180,0,0,180,30,,
B001,L00741,T00623,SV02,S03,1,180,0,0,180,30,,
B001,L00742,T00624,SV02,S03,1,180,0,0,180,30,,
B001,L00743,T00625,SV02,S03,1,180,0,0,180,30,,
B001,L00744,T00626,SV02,S03,1,180,0,0,180,30,,
B001,L00745,T00627,SV02,S03,1,180,0,0,180,30,,
B001,L00746,T00628,SV02,S03,1,180,0,0,180,30,,
B001,L00747,T00629,SV02,S03,1,180,0,0,180,30,,
B001,L00748,T00630,SV02,S03,1,180,0,0,180,30,,
B001,L00749,T00631,SV02,S03,1,180,0,0,180,30,,
B001,L00750,T00632,SV02,S03,1,180,0,0,180,30,,
B001,L00751,T00633,SV01,S03,1,70,0,0,70,5,,
B001,L00752,T00634,SV01,S03,1,70,0,0,70,5,,
B001,L00753,T00635,SV01,S03,1,70,0,0,70,5,,
B001,L00754,T00636,SV01,S03,1,70,0,0,70,5,,
B001,L00755,T00637,SV01,S03,1,70,0,0,70,5,,
B001,L00756,T00638,SV01,S03,1,70,0,0,70,5,,
B001,L00757,T00621,P01,S03,1,30,0,0,30,12,,
B001,L00758,T00622,P01,S03,1,30,0,0,30,12,,
B001,L00759,T00623,P01,S03,1,30,0,0,30,12,,
B001,L00760,T00639,SV02,S01,1,180,0,0,180,30,,
B001,L00761,T00640,SV02,S01,1,180,0,0,180,30,,
B001,L00762,T00641,SV02,S01,1,180,0,0,180,30,,
B001,L00763,T00642,SV01,S01,1,70,0,0,70,5,,
B001,L00764,T00643,SV01,S01,1,70,0,0,70,5,,
B001,L00765,T00644,SV01,S01,1,70,0,0,70,5,,
B001,L00766,T00645,SV01,S01,1,70,0,0,70,5,,
B001,L00767,T00646,SV01,S01,1,70,0,0,70,5,,
B001,L00768,T00647,SV01,S01,1,70,0,0,70,5,,
B001,L00769,T00648,SV01,S01,1,70,0,0,70,5,,
B001,L00770,T00649,SV01,S01,1,70,0,0,70,5,,
B001,L00771,T00650,SV01,S01,1,70,0,0,70,5,,
B001,L00772,T00651,SV01,S01,1,70,0,0,70,5,,
B001,L00773,T00652,SV01,S01,1,70,0,0,70,5,,
B001,L00774,T00653,SV01,S01,1,70,0,0,70,5,,
B001,L00775,T00639,P01,S01,1,30,0,0,30,12,,
B001,L00776,T00654,SV02,S02,1,180,0,0,180,30,,
B001,L00777,T00655,SV02,S02,1,180,0,0,180,30,,
B001,L00778,T00656,SV02,S02,1,180,0,0,180,30,,
B001,L00779,T00657,SV02,S02,1,180,0,0,180,30,,
B001,L00780,T00658,SV02,S02,1,180,0,0,180,30,,
B001,L00781,T00659,SV02,S02,1,180,0,0,180,30,,
B001,L00782,T00660,SV02,S02,1,180,0,0,180,30,,
B001,L00783,T00661,SV02,S02,1,180,0,0,180,30,,
B001,L00784,T00662,SV02,S02,1,180,0,0,180,30,,
B001,L00785,T00663,SV02,S02,1,180,0,0,180,30,,
B001,L00786,T00664,SV01,S02,1,70,0,0,70,5,,
B001,L00787,T00665,SV01,S02,1,70,0,0,70,5,,
B001,L00788,T00666,SV01,S02,1,70,0,0,70,5,,
B001,L00789,T00667,SV01,S02,1,70,0,0,70,5,,
B001,L00790,T00668,SV01,S02,1,70,0,0,70,5,,
B001,L00791,T00669,SV01,S02,1,70,0,0,70,5,,
B001,L00792,T00670,SV01,S02,1,70,0,0,70,5,,
B001,L00793,T00671,SV01,S02,1,70,0,0,70,5,,
B001,L00794,T00672,SV01,S02,1,70,0,0,70,5,,
B001,L00795,T00673,SV01,S02,1,70,0,0,70,5,,
B001,L00796,T00654,P01,S02,1,30,0,0,30,12,,
B001,L00797,T00655,P01,S02,1,30,0,0,30,12,,
B001,L00798,T00656,P01,S02,1,30,0,0,30,12,,
B001,L00799,T00674,SV02,S03,1,180,0,0,180,30,,
B001,L00800,T00675,SV02,S03,1,180,0,0,180,30,,
B001,L00801,T00676,SV02,S03,1,180,0,0,180,30,,
B001,L00802,T00677,SV02,S03,1,180,0,0,180,30,,
B001,L00803,T00678,SV02,S03,1,180,0,0,180,30,,
B001,L00804,T00679,SV02,S03,1,180,0,0,180,30,,
B001,L00805,T00680,SV02,S03,1,180,0,0,180,30,,
B001,L00806,T00681,SV02,S03,1,180,0,0,180,30,,
B001,L00807,T00682,SV02,S03,1,180,0,0,180,30,,
B001,L00808,T00683,SV02,S03,1,180,0,0,180,30,,
B001,L00809,T00684,SV02,S03,1,180,0,0,180,30,,
B001,L00810,T00685,SV02,S03,1,180,0,0,180,30,,
B001,L00811,T00686,SV01,S03,1,70,0,0,70,5,,
B001,L00812,T00687,SV01,S03,1,70,0,0,70,5,,
B001,L00813,T00688,SV01,S03,1,70,0,0,70,5,,
B001,L00814,T00689,SV01,S03,1,70,0,0,70,5,,
B001,L00815,T00690,SV01,S03,1,70,0,0,70,5,,
B001,L00816,T00691,SV01,S03,1,70,0,0,70,5,,
B001,L00817,T00674,P01,S03,1,30,0,0,30,12,,
B001,L00818,T00675,P01,S03,1,30,0,0,30,12,,
B001,L00819,T00676,P01,S03,1,30,0,0,30,12,,
B001,L00820,T00692,SV02,S01,1,180,0,0,180,30,,
B001,L00821,T00693,SV02,S01,1,180,0,0,180,30,,
B001,L00822,T00694,SV02,S01,1,180,0,0,180,30,,
B001,L00823,T00695,SV02,S01,1,180,0,0,180,30,,
B001,L00824,T00696,SV02,S01,1,180,0,0,180,30,,
B001,L00825,T00697,SV02,S01,1,180,0,0,180,30,,
B001,L00826,T00698,SV02,S01,1,180,0,0,180,30,,
B001,L00827,T00699,SV02,S01,1,180,0,0,180,30,,
B001,L00828,T00700,SV02,S01,1,180,0,0,180,30,,
B001,L00829,T00701,SV02,S01,1,180,0,0,180,30,,
B001,L00830,T00702,SV01,S01,1,70,0,0,70,5,,
B001,L00831,T00703,SV01,S01,1,70,0,0,70,5,,
B001,L00832,T00704,SV01,S01,1,70,0,0,70,5,,
B001,L00833,T00705,SV01,S01,1,70,0,0,70,5,,
B001,L00834,T00706,SV01,S01,1,70,0,0,70,5,,
B001,L00835,T00707,SV01,S01,1,70,0,0,70,5,,
B001,L00836,T00708,SV01,S01,1,70,0,0,70,5,,
B001,L00837,T00709,SV01,S01,1,70,0,0,70,5,,
B001,L00838,T00710,SV01,S01,1,70,0,0,70,5,,
B001,L00839,T00711,SV01,S01,1,70,0,0,70,5,,
B001,L00840,T00692,P01,S01,1,30,0,0,30,12,,
B001,L00841,T00693,P01,S01,1,30,0,0,30,12,,
B001,L00842,T00694,P01,S01,1,30,0,0,30,12,,
B001,L00843,T00695,P01,S01,1,30,0,0,30,12,,
B001,L00844,T00696,P01,S01,1,30,0,0,30,12,,
B001,L00845,T00712,SV02,S02,1,180,0,0,180,30,,
B001,L00846,T00713,SV02,S02,1,180,0,0,180,30,,
B001,L00847,T00714,SV02,S02,1,180,0,0,180,30,,
B001,L00848,T00715,SV02,S02,1,180,0,0,180,30,,
B001,L00849,T00716,SV02,S02,1,180,0,0,180,30,,
B001,L00850,T00717,SV02,S02,1,180,0,0,180,30,,
B001,L00851,T00718,SV02,S02,1,180,0,0,180,30,,
B001,L00852,T00719,SV02,S02,1,180,0,0,180,30,,
B001,L00853,T00720,SV02,S02,1,180,0,0,180,30,,
B001,L00854,T00721,SV02,S02,1,180,0,0,180,30,,
B001,L00855,T00722,SV01,S02,1,70,0,0,70,5,,
B001,L00856,T00723,SV01,S02,1,70,0,0,70,5,,
B001,L00857,T00724,SV01,S02,1,70,0,0,70,5,,
B001,L00858,T00725,SV01,S02,1,70,0,0,70,5,,
B001,L00859,T00726,SV01,S02,1,70,0,0,70,5,,
B001,L00860,T00727,SV01,S02,1,70,0,0,70,5,,
B001,L00861,T00728,SV01,S02,1,70,0,0,70,5,,
B001,L00862,T00729,SV01,S02,1,70,0,0,70,5,,
B001,L00863,T00730,SV01,S02,1,70,0,0,70,5,,
B001,L00864,T00731,SV01,S02,1,70,0,0,70,5,,
B001,L00865,T00712,P01,S02,1,30,0,0,30,12,,
B001,L00866,T00713,P01,S02,1,30,0,0,30,12,,
B001,L00867,T00714,P01,S02,1,30,0,0,30,12,,
B001,L00868,T00732,SV02,S03,1,180,0,0,180,30,,
B001,L00869,T00733,SV02,S03,1,180,0,0,180,30,,
B001,L00870,T00734,SV02,S03,1,180,0,0,180,30,,
B001,L00871,T00735,SV02,S03,1,180,0,0,180,30,,
B001,L00872,T00736,SV02,S03,1,180,0,0,180,30,,
B001,L00873,T00737,SV02,S03,1,180,0,0,180,30,,
B001,L00874,T00738,SV02,S03,1,180,0,0,180,30,,
B001,L00875,T00739,SV02,S03,1,180,0,0,180,30,,
B001,L00876,T00740,SV02,S03,1,180,0,0,180,30,,
B001,L00877,T00741,SV02,S03,1,180,0,0,180,30,,
B001,L00878,T00742,SV02,S03,1,180,0,0,180,30,,
B001,L00879,T00743,SV02,S03,1,180,0,0,180,30,,
B001,L00880,T00744,SV01,S03,1,70,0,0,70,5,,
B001,L00881,T00745,SV01,S03,1,70,0,0,70,5,,
B001,L00882,T00746,SV01,S03,1,70,0,0,70,5,,
B001,L00883,T00747,SV01,S03,1,70,0,0,70,5,,
B001,L00884,T00748,SV01,S03,1,70,0,0,70,5,,
B001,L00885,T00749,SV01,S03,1,70,0,0,70,5,,
B001,L00886,T00732,P01,S03,1,30,0,0,30,12,,
B001,L00887,T00733,P01,S03,1,30,0,0,30,12,,
B001,L00888,T00734,P01,S03,1,30,0,0,30,12,,
B001,L00889,T00750,SV01,S02,1,70,0,0,70,5,,
B001,L00890,T00751,P02,S02,1,25,5,0,20,10,,
B001,L00891,T00752,P02,S02,0,0,0,5,-5,0,L00890,
B001,L00892,T00753,P03,S02,1,40,0,0,40,16,,
B001,L00893,T00754,P03,S02,1,0,0,40,-40,-16,L00892,
B001,L00894,T00755,SV02,S02,1,180,0,0,180,30,,
B001,L00895,T00755,SV01,S02,1,70,0,0,70,5,,
B001,L00896,T00756,SV01,S01,1,70,0,0,70,5,,
B001,L00897,T00757,SV01,S01,1,70,0,0,70,5,,
B001,L00898,T00758,SV01,S01,1,70,0,0,70,5,,
B001,L00899,T00759,SV01,S01,1,70,0,0,70,5,,
B001,HL00001,HT00001,SV01,S01,1,70,0,0,70,5,,
B001,HL00002,HT00002,SV01,S01,1,70,0,0,70,5,,
B001,HL00003,HT00003,SV01,S01,1,70,0,0,70,5,,
B001,HL00004,HT00004,SV02,S01,1,180,0,0,180,30,,
B001,HL00005,HT00005,SV02,S01,1,180,0,0,180,30,,
B001,HL00006,HT00006,SV01,S01,1,70,0,0,70,5,,
B001,HL00007,HT00007,SV01,S01,1,70,0,0,70,5,,
B001,HL00008,HT00008,SV01,S01,1,70,0,0,70,5,,
B001,HL00009,HT00009,SV01,S01,1,70,0,0,70,5,,
B001,HL00010,HT00010,SV02,S01,1,180,0,0,180,30,,
B001,HL00011,HT00011,SV01,S02,1,70,0,0,70,5,,
B001,HL00012,HT00012,SV02,S02,1,180,0,0,180,30,,
B001,HL00013,HT00013,SV02,S02,1,180,0,0,180,30,,
B001,HL00014,HT00014,SV01,S02,1,70,0,0,70,5,,
B001,HL00015,HT00015,SV01,S02,1,70,0,0,70,5,,
B001,HL00016,HT00016,SV01,S02,1,70,0,0,70,5,,
B001,HL00017,HT00017,SV01,S02,1,70,0,0,70,5,,
B001,HL00018,HT00018,SV02,S02,1,180,0,0,180,30,,
B001,HL00019,HT00019,SV02,S02,1,180,0,0,180,30,,
B001,HL00020,HT00020,SV01,S02,1,70,0,0,70,5,,
B001,HL00021,HT00021,SV02,S03,1,180,0,0,180,30,,
B001,HL00022,HT00022,SV01,S03,1,70,0,0,70,5,,
B001,HL00023,HT00023,SV01,S03,1,70,0,0,70,5,,
B001,HL00024,HT00024,SV01,S03,1,70,0,0,70,5,,
B001,HL00025,HT00025,SV01,S03,1,70,0,0,70,5,,
B001,HL00026,HT00026,SV02,S03,1,180,0,0,180,30,,
B001,HL00027,HT00027,SV02,S03,1,180,0,0,180,30,,
B001,HL00028,HT00028,SV01,S03,1,70,0,0,70,5,,
B001,HL00029,HT00029,SV01,S03,1,70,0,0,70,5,,
B001,HL00030,HT00030,SV01,S03,1,70,0,0,70,5,,
B001,HL00031,HT00031,SV01,S01,1,70,0,0,70,5,,
B001,HL00032,HT00032,SV02,S01,1,180,0,0,180,30,,
B001,HL00033,HT00033,SV02,S01,1,180,0,0,180,30,,
B001,HL00034,HT00034,SV01,S01,1,70,0,0,70,5,,
B001,HL00035,HT00035,SV01,S01,1,70,0,0,70,5,,
B001,HL00036,HT00036,SV01,S01,1,70,0,0,70,5,,
B001,HL00037,HT00037,SV01,S01,1,70,0,0,70,5,,
B001,HL00038,HT00038,SV02,S01,1,180,0,0,180,30,,
B001,HL00039,HT00039,SV02,S01,1,180,0,0,180,30,,
B001,HL00040,HT00040,SV01,S01,1,70,0,0,70,5,,
B001,HL00041,HT00041,SV02,S02,1,180,0,0,180,30,,
B001,HL00042,HT00042,SV01,S02,1,70,0,0,70,5,,
B001,HL00043,HT00043,SV01,S02,1,70,0,0,70,5,,
B001,HL00044,HT00044,SV01,S02,1,70,0,0,70,5,,
B001,HL00045,HT00045,SV01,S02,1,70,0,0,70,5,,
B001,HL00046,HT00046,SV02,S02,1,180,0,0,180,30,,
B001,HL00047,HT00047,SV02,S02,1,180,0,0,180,30,,
B001,HL00048,HT00048,SV01,S02,1,70,0,0,70,5,,
B001,HL00049,HT00049,SV01,S02,1,70,0,0,70,5,,
B001,HL00050,HT00050,SV01,S02,1,70,0,0,70,5,,
B001,HL00051,HT00051,SV01,S03,1,70,0,0,70,5,,
B001,HL00052,HT00052,SV01,S03,1,70,0,0,70,5,,
B001,HL00053,HT00053,SV01,S03,1,70,0,0,70,5,,
B001,HL00054,HT00054,SV02,S03,1,180,0,0,180,30,,
B001,HL00055,HT00055,SV02,S03,1,180,0,0,180,30,,
B001,HL00056,HT00056,SV01,S03,1,70,0,0,70,5,,
B001,HL00057,HT00057,SV01,S03,1,70,0,0,70,5,,
B001,HL00058,HT00058,SV01,S03,1,70,0,0,70,5,,
B001,HL00059,HT00059,SV01,S03,1,70,0,0,70,5,,
B001,HL00060,HT00060,SV02,S03,1,180,0,0,180,30,,
B001,HL00061,HT00061,SV02,S01,1,180,0,0,180,30,,
B001,HL00062,HT00062,SV01,S01,1,70,0,0,70,5,,
B001,HL00063,HT00063,SV01,S01,1,70,0,0,70,5,,
B001,HL00064,HT00064,SV01,S01,1,70,0,0,70,5,,
B001,HL00065,HT00065,SV01,S01,1,70,0,0,70,5,,
B001,HL00066,HT00066,SV02,S01,1,180,0,0,180,30,,
B001,HL00067,HT00067,SV02,S01,1,180,0,0,180,30,,
B001,HL00068,HT00068,SV01,S01,1,70,0,0,70,5,,
B001,HL00069,HT00069,SV01,S01,1,70,0,0,70,5,,
B001,HL00070,HT00070,SV01,S01,1,70,0,0,70,5,,
B001,HL00071,HT00071,SV01,S02,1,70,0,0,70,5,,
B001,HL00072,HT00072,SV01,S02,1,70,0,0,70,5,,
B001,HL00073,HT00073,SV01,S02,1,70,0,0,70,5,,
B001,HL00074,HT00074,SV02,S02,1,180,0,0,180,30,,
B001,HL00075,HT00075,SV02,S02,1,180,0,0,180,30,,
B001,HL00076,HT00076,SV01,S02,1,70,0,0,70,5,,
B001,HL00077,HT00077,SV01,S02,1,70,0,0,70,5,,
B001,HL00078,HT00078,SV01,S02,1,70,0,0,70,5,,
B001,HL00079,HT00079,SV01,S02,1,70,0,0,70,5,,
B001,HL00080,HT00080,SV02,S02,1,180,0,0,180,30,,
B001,HL00081,HT00081,SV01,S03,1,70,0,0,70,5,,
B001,HL00082,HT00082,SV02,S03,1,180,0,0,180,30,,
B001,HL00083,HT00083,SV02,S03,1,180,0,0,180,30,,
B001,HL00084,HT00084,SV01,S03,1,70,0,0,70,5,,
B001,HL00085,HT00085,SV01,S03,1,70,0,0,70,5,,
B001,HL00086,HT00086,SV01,S03,1,70,0,0,70,5,,
B001,HL00087,HT00087,SV01,S03,1,70,0,0,70,5,,
B001,HL00088,HT00088,SV02,S03,1,180,0,0,180,30,,
B001,HL00089,HT00089,SV02,S03,1,180,0,0,180,30,,
B001,HL00090,HT00090,SV01,S03,1,70,0,0,70,5,,
B001,HL00091,HT00091,SV01,S01,1,70,0,0,70,5,,
B001,HL00092,HT00092,SV01,S01,1,70,0,0,70,5,,
B001,HL00093,HT00093,SV01,S01,1,70,0,0,70,5,,
B001,HL00094,HT00094,SV02,S01,1,180,0,0,180,30,,
B001,HL00095,HT00095,SV02,S01,1,180,0,0,180,30,,
B001,HL00096,HT00096,SV01,S01,1,70,0,0,70,5,,
B001,HL00097,HT00097,SV01,S01,1,70,0,0,70,5,,
B001,HL00098,HT00098,SV01,S01,1,70,0,0,70,5,,
B001,HL00099,HT00099,SV01,S01,1,70,0,0,70,5,,
B001,HL00100,HT00100,SV02,S01,1,180,0,0,180,30,,
B001,HL00101,HT00101,SV01,S02,1,70,0,0,70,5,,
B001,HL00102,HT00102,SV02,S02,1,180,0,0,180,30,,
B001,HL00103,HT00103,SV02,S02,1,180,0,0,180,30,,
B001,HL00104,HT00104,SV01,S02,1,70,0,0,70,5,,
B001,HL00105,HT00105,SV01,S02,1,70,0,0,70,5,,
B001,HL00106,HT00106,SV01,S02,1,70,0,0,70,5,,
B001,HL00107,HT00107,SV01,S02,1,70,0,0,70,5,,
B001,HL00108,HT00108,SV02,S02,1,180,0,0,180,30,,
B001,HL00109,HT00109,SV02,S02,1,180,0,0,180,30,,
B001,HL00110,HT00110,SV01,S02,1,70,0,0,70,5,,
B001,HL00111,HT00111,SV02,S03,1,180,0,0,180,30,,
B001,HL00112,HT00112,SV01,S03,1,70,0,0,70,5,,
B001,HL00113,HT00113,SV01,S03,1,70,0,0,70,5,,
B001,HL00114,HT00114,SV01,S03,1,70,0,0,70,5,,
B001,HL00115,HT00115,SV01,S03,1,70,0,0,70,5,,
B001,HL00116,HT00116,SV02,S03,1,180,0,0,180,30,,
B001,HL00117,HT00117,SV02,S03,1,180,0,0,180,30,,
B001,HL00118,HT00118,SV01,S03,1,70,0,0,70,5,,
B001,HL00119,HT00119,SV01,S03,1,70,0,0,70,5,,
B001,HL00120,HT00120,SV01,S03,1,70,0,0,70,5,,
B001,HL00121,HT00121,SV01,S01,1,70,0,0,70,5,,
B001,HL00122,HT00122,SV02,S01,1,180,0,0,180,30,,
B001,HL00123,HT00123,SV02,S01,1,180,0,0,180,30,,
B001,HL00124,HT00124,SV01,S01,1,70,0,0,70,5,,
B001,HL00125,HT00125,SV01,S01,1,70,0,0,70,5,,
B001,HL00126,HT00126,SV01,S01,1,70,0,0,70,5,,
B001,HL00127,HT00127,SV01,S01,1,70,0,0,70,5,,
B001,HL00128,HT00128,SV02,S01,1,180,0,0,180,30,,
B001,HL00129,HT00129,SV02,S01,1,180,0,0,180,30,,
B001,HL00130,HT00130,SV01,S01,1,70,0,0,70,5,,
B001,HL00131,HT00131,SV02,S02,1,180,0,0,180,30,,
B001,HL00132,HT00132,SV01,S02,1,70,0,0,70,5,,
B001,HL00133,HT00133,SV01,S02,1,70,0,0,70,5,,
B001,HL00134,HT00134,SV01,S02,1,70,0,0,70,5,,
B001,HL00135,HT00135,SV01,S02,1,70,0,0,70,5,,
B001,HL00136,HT00136,SV02,S02,1,180,0,0,180,30,,
B001,HL00137,HT00137,SV02,S02,1,180,0,0,180,30,,
B001,HL00138,HT00138,SV01,S02,1,70,0,0,70,5,,
B001,HL00139,HT00139,SV01,S02,1,70,0,0,70,5,,
B001,HL00140,HT00140,SV01,S02,1,70,0,0,70,5,,
B001,HL00141,HT00141,SV01,S03,1,70,0,0,70,5,,
B001,HL00142,HT00142,SV01,S03,1,70,0,0,70,5,,
B001,HL00143,HT00143,SV01,S03,1,70,0,0,70,5,,
B001,HL00144,HT00144,SV02,S03,1,180,0,0,180,30,,
B001,HL00145,HT00145,SV02,S03,1,180,0,0,180,30,,
B001,HL00146,HT00146,SV01,S03,1,70,0,0,70,5,,
B001,HL00147,HT00147,SV01,S03,1,70,0,0,70,5,,
B001,HL00148,HT00148,SV01,S03,1,70,0,0,70,5,,
B001,HL00149,HT00149,SV01,S03,1,70,0,0,70,5,,
B001,HL00150,HT00150,SV02,S03,1,180,0,0,180,30,,
B001,HL00151,HT00151,SV02,S01,1,180,0,0,180,30,,
B001,HL00152,HT00152,SV01,S01,1,70,0,0,70,5,,
B001,HL00153,HT00153,SV01,S01,1,70,0,0,70,5,,
B001,HL00154,HT00154,SV01,S01,1,70,0,0,70,5,,
B001,HL00155,HT00155,SV01,S01,1,70,0,0,70,5,,
B001,HL00156,HT00156,SV02,S01,1,180,0,0,180,30,,
B001,HL00157,HT00157,SV02,S01,1,180,0,0,180,30,,
B001,HL00158,HT00158,SV01,S01,1,70,0,0,70,5,,
B001,HL00159,HT00159,SV01,S01,1,70,0,0,70,5,,
B001,HL00160,HT00160,SV01,S01,1,70,0,0,70,5,,
B001,HL00161,HT00161,SV01,S02,1,70,0,0,70,5,,
B001,HL00162,HT00162,SV01,S02,1,70,0,0,70,5,,
B001,HL00163,HT00163,SV01,S02,1,70,0,0,70,5,,
B001,HL00164,HT00164,SV02,S02,1,180,0,0,180,30,,
B001,HL00165,HT00165,SV02,S02,1,180,0,0,180,30,,
B001,HL00166,HT00166,SV01,S02,1,70,0,0,70,5,,
B001,HL00167,HT00167,SV01,S02,1,70,0,0,70,5,,
B001,HL00168,HT00168,SV01,S02,1,70,0,0,70,5,,
B001,HL00169,HT00169,SV01,S02,1,70,0,0,70,5,,
B001,HL00170,HT00170,SV02,S02,1,180,0,0,180,30,,
B001,HL00171,HT00171,SV01,S03,1,70,0,0,70,5,,
B001,HL00172,HT00172,SV02,S03,1,180,0,0,180,30,,
B001,HL00173,HT00173,SV02,S03,1,180,0,0,180,30,,
B001,HL00174,HT00174,SV01,S03,1,70,0,0,70,5,,
B001,HL00175,HT00175,SV01,S03,1,70,0,0,70,5,,
B001,HL00176,HT00176,SV01,S03,1,70,0,0,70,5,,
B001,HL00177,HT00177,SV01,S03,1,70,0,0,70,5,,
B001,HL00178,HT00178,SV02,S03,1,180,0,0,180,30,,
B001,HL00179,HT00179,SV02,S03,1,180,0,0,180,30,,
B001,HL00180,HT00180,SV01,S03,1,70,0,0,70,5,,
B001,HL00181,HT00181,SV01,S01,1,70,0,0,70,5,,
B001,HL00182,HT00182,SV01,S01,1,70,0,0,70,5,,
B001,HL00183,HT00183,SV01,S01,1,70,0,0,70,5,,
B001,HL00184,HT00184,SV02,S01,1,180,0,0,180,30,,
B001,HL00185,HT00185,SV02,S01,1,180,0,0,180,30,,
B001,HL00186,HT00186,SV01,S01,1,70,0,0,70,5,,
B001,HL00187,HT00187,SV01,S01,1,70,0,0,70,5,,
B001,HL00188,HT00188,SV01,S01,1,70,0,0,70,5,,
B001,HL00189,HT00189,SV01,S01,1,70,0,0,70,5,,
B001,HL00190,HT00190,SV02,S01,1,180,0,0,180,30,,
B001,HL00191,HT00191,SV01,S02,1,70,0,0,70,5,,
B001,HL00192,HT00192,SV02,S02,1,180,0,0,180,30,,
B001,HL00193,HT00193,SV02,S02,1,180,0,0,180,30,,
B001,HL00194,HT00194,SV01,S02,1,70,0,0,70,5,,
B001,HL00195,HT00195,SV01,S02,1,70,0,0,70,5,,
B001,HL00196,HT00196,SV01,S02,1,70,0,0,70,5,,
B001,HL00197,HT00197,SV01,S02,1,70,0,0,70,5,,
B001,HL00198,HT00198,SV02,S02,1,180,0,0,180,30,,
B001,HL00199,HT00199,SV02,S02,1,180,0,0,180,30,,
B001,HL00200,HT00200,SV01,S02,1,70,0,0,70,5,,
B001,HL00201,HT00201,SV02,S03,1,180,0,0,180,30,,
B001,HL00202,HT00202,SV01,S03,1,70,0,0,70,5,,
B001,HL00203,HT00203,SV01,S03,1,70,0,0,70,5,,
B001,HL00204,HT00204,SV01,S03,1,70,0,0,70,5,,
B001,HL00205,HT00205,SV01,S03,1,70,0,0,70,5,,
B001,HL00206,HT00206,SV02,S03,1,180,0,0,180,30,,
B001,HL00207,HT00207,SV02,S03,1,180,0,0,180,30,,
B001,HL00208,HT00208,SV01,S03,1,70,0,0,70,5,,
B001,HL00209,HT00209,SV01,S03,1,70,0,0,70,5,,
B001,HL00210,HT00210,SV01,S03,1,70,0,0,70,5,,
B001,HL00211,HT00211,SV01,S01,1,70,0,0,70,5,,
B001,HL00212,HT00212,SV02,S01,1,180,0,0,180,30,,
B001,HL00213,HT00213,SV02,S01,1,180,0,0,180,30,,
B001,HL00214,HT00214,SV01,S01,1,70,0,0,70,5,,
B001,HL00215,HT00215,SV01,S01,1,70,0,0,70,5,,
B001,HL00216,HT00216,SV01,S01,1,70,0,0,70,5,,
B001,HL00217,HT00217,SV01,S01,1,70,0,0,70,5,,
B001,HL00218,HT00218,SV02,S01,1,180,0,0,180,30,,
B001,HL00219,HT00219,SV02,S01,1,180,0,0,180,30,,
B001,HL00220,HT00220,SV01,S01,1,70,0,0,70,5,,
B001,HL00221,HT00221,SV02,S02,1,180,0,0,180,30,,
B001,HL00222,HT00222,SV01,S02,1,70,0,0,70,5,,
B001,HL00223,HT00223,SV01,S02,1,70,0,0,70,5,,
B001,HL00224,HT00224,SV01,S02,1,70,0,0,70,5,,
B001,HL00225,HT00225,SV01,S02,1,70,0,0,70,5,,
B001,HL00226,HT00226,SV02,S02,1,180,0,0,180,30,,
B001,HL00227,HT00227,SV02,S02,1,180,0,0,180,30,,
B001,HL00228,HT00228,SV01,S02,1,70,0,0,70,5,,
B001,HL00229,HT00229,SV01,S02,1,70,0,0,70,5,,
B001,HL00230,HT00230,SV01,S02,1,70,0,0,70,5,,
B001,HL00231,HT00231,SV01,S03,1,70,0,0,70,5,,
B001,HL00232,HT00232,SV01,S03,1,70,0,0,70,5,,
B001,HL00233,HT00233,SV01,S03,1,70,0,0,70,5,,
B001,HL00234,HT00234,SV02,S03,1,180,0,0,180,30,,
B001,HL00235,HT00235,SV02,S03,1,180,0,0,180,30,,
B001,HL00236,HT00236,SV01,S03,1,70,0,0,70,5,,
B001,HL00237,HT00237,SV01,S03,1,70,0,0,70,5,,
B001,HL00238,HT00238,SV01,S03,1,70,0,0,70,5,,
B001,HL00239,HT00239,SV01,S03,1,70,0,0,70,5,,
B001,HL00240,HT00240,SV02,S03,1,180,0,0,180,30,,
B001,HL00241,HT00241,SV02,S01,1,180,0,0,180,30,,
B001,HL00242,HT00242,SV01,S01,1,70,0,0,70,5,,
B001,HL00243,HT00243,SV01,S01,1,70,0,0,70,5,,
B001,HL00244,HT00244,SV01,S01,1,70,0,0,70,5,,
B001,HL00245,HT00245,SV01,S01,1,70,0,0,70,5,,
B001,HL00246,HT00246,SV02,S01,1,180,0,0,180,30,,
B001,HL00247,HT00247,SV02,S01,1,180,0,0,180,30,,
B001,HL00248,HT00248,SV01,S01,1,70,0,0,70,5,,
B001,HL00249,HT00249,SV01,S01,1,70,0,0,70,5,,
B001,HL00250,HT00250,SV01,S01,1,70,0,0,70,5,,
B001,HL00251,HT00251,SV01,S02,1,70,0,0,70,5,,
B001,HL00252,HT00252,SV01,S02,1,70,0,0,70,5,,
B001,HL00253,HT00253,SV01,S02,1,70,0,0,70,5,,
B001,HL00254,HT00254,SV02,S02,1,180,0,0,180,30,,
B001,HL00255,HT00255,SV02,S02,1,180,0,0,180,30,,
B001,HL00256,HT00256,SV01,S02,1,70,0,0,70,5,,
B001,HL00257,HT00257,SV01,S02,1,70,0,0,70,5,,
B001,HL00258,HT00258,SV01,S02,1,70,0,0,70,5,,
B001,HL00259,HT00259,SV01,S02,1,70,0,0,70,5,,
B001,HL00260,HT00260,SV02,S02,1,180,0,0,180,30,,
B001,HL00261,HT00261,SV01,S03,1,70,0,0,70,5,,
B001,HL00262,HT00262,SV02,S03,1,180,0,0,180,30,,
B001,HL00263,HT00263,SV02,S03,1,180,0,0,180,30,,
B001,HL00264,HT00264,SV01,S03,1,70,0,0,70,5,,
B001,HL00265,HT00265,SV01,S03,1,70,0,0,70,5,,
B001,HL00266,HT00266,SV01,S03,1,70,0,0,70,5,,
B001,HL00267,HT00267,SV01,S03,1,70,0,0,70,5,,
B001,HL00268,HT00268,SV02,S03,1,180,0,0,180,30,,
B001,HL00269,HT00269,SV02,S03,1,180,0,0,180,30,,
B001,HL00270,HT00270,SV01,S03,1,70,0,0,70,5,,
B001,HL00271,HT00271,SV01,S01,1,70,0,0,70,5,,
B001,HL00272,HT00272,SV01,S01,1,70,0,0,70,5,,
B001,HL00273,HT00273,SV01,S01,1,70,0,0,70,5,,
B001,HL00274,HT00274,SV02,S01,1,180,0,0,180,30,,
B001,HL00275,HT00275,SV02,S01,1,180,0,0,180,30,,
B001,HL00276,HT00276,SV01,S01,1,70,0,0,70,5,,
B001,HL00277,HT00277,SV01,S01,1,70,0,0,70,5,,
B001,HL00278,HT00278,SV01,S01,1,70,0,0,70,5,,
B001,HL00279,HT00279,SV01,S01,1,70,0,0,70,5,,
B001,HL00280,HT00280,SV02,S01,1,180,0,0,180,30,,
B001,HL00281,HT00281,SV01,S02,1,70,0,0,70,5,,
B001,HL00282,HT00282,SV02,S02,1,180,0,0,180,30,,
B001,HL00283,HT00283,SV02,S02,1,180,0,0,180,30,,
B001,HL00284,HT00284,SV01,S02,1,70,0,0,70,5,,
B001,HL00285,HT00285,SV01,S02,1,70,0,0,70,5,,
B001,HL00286,HT00286,SV01,S02,1,70,0,0,70,5,,
B001,HL00287,HT00287,SV01,S02,1,70,0,0,70,5,,
B001,HL00288,HT00288,SV02,S02,1,180,0,0,180,30,,
B001,HL00289,HT00289,SV02,S02,1,180,0,0,180,30,,
B001,HL00290,HT00290,SV01,S02,1,70,0,0,70,5,,
B001,HL00291,HT00291,SV02,S03,1,180,0,0,180,30,,
B001,HL00292,HT00292,SV01,S03,1,70,0,0,70,5,,
B001,HL00293,HT00293,SV01,S03,1,70,0,0,70,5,,
B001,HL00294,HT00294,SV01,S03,1,70,0,0,70,5,,
B001,HL00295,HT00295,SV01,S03,1,70,0,0,70,5,,
B001,HL00296,HT00296,SV02,S03,1,180,0,0,180,30,,
B001,HL00297,HT00297,SV02,S03,1,180,0,0,180,30,,
B001,HL00298,HT00298,SV01,S03,1,70,0,0,70,5,,
B001,HL00299,HT00299,SV01,S03,1,70,0,0,70,5,,
B001,HL00300,HT00300,SV01,S03,1,70,0,0,70,5,,
B001,HL00301,HT00301,SV01,S01,1,70,0,0,70,5,,
B001,HL00302,HT00302,SV02,S01,1,180,0,0,180,30,,
B001,HL00303,HT00303,SV02,S01,1,180,0,0,180,30,,
B001,HL00304,HT00304,SV01,S01,1,70,0,0,70,5,,
B001,HL00305,HT00305,SV01,S01,1,70,0,0,70,5,,
B001,HL00306,HT00306,SV01,S01,1,70,0,0,70,5,,
B001,HL00307,HT00307,SV01,S01,1,70,0,0,70,5,,
B001,HL00308,HT00308,SV02,S01,1,180,0,0,180,30,,
B001,HL00309,HT00309,SV02,S01,1,180,0,0,180,30,,
B001,HL00310,HT00310,SV01,S01,1,70,0,0,70,5,,
B001,HL00311,HT00311,SV02,S02,1,180,0,0,180,30,,
B001,HL00312,HT00312,SV01,S02,1,70,0,0,70,5,,
B001,HL00313,HT00313,SV01,S02,1,70,0,0,70,5,,
B001,HL00314,HT00314,SV01,S02,1,70,0,0,70,5,,
B001,HL00315,HT00315,SV01,S02,1,70,0,0,70,5,,
B001,HL00316,HT00316,SV02,S02,1,180,0,0,180,30,,
B001,HL00317,HT00317,SV02,S02,1,180,0,0,180,30,,
B001,HL00318,HT00318,SV01,S02,1,70,0,0,70,5,,
B001,HL00319,HT00319,SV01,S02,1,70,0,0,70,5,,
B001,HL00320,HT00320,SV01,S02,1,70,0,0,70,5,,
B001,HL00321,HT00321,SV01,S03,1,70,0,0,70,5,,
B001,HL00322,HT00322,SV01,S03,1,70,0,0,70,5,,
B001,HL00323,HT00323,SV01,S03,1,70,0,0,70,5,,
B001,HL00324,HT00324,SV02,S03,1,180,0,0,180,30,,
B001,HL00325,HT00325,SV02,S03,1,180,0,0,180,30,,
B001,HL00326,HT00326,SV01,S03,1,70,0,0,70,5,,
B001,HL00327,HT00327,SV01,S03,1,70,0,0,70,5,,
B001,HL00328,HT00328,SV01,S03,1,70,0,0,70,5,,
B001,HL00329,HT00329,SV01,S03,1,70,0,0,70,5,,
B001,HL00330,HT00330,SV02,S03,1,180,0,0,180,30,,
B001,HL00331,HT00331,SV02,S01,1,180,0,0,180,30,,
B001,HL00332,HT00332,SV01,S01,1,70,0,0,70,5,,
B001,HL00333,HT00333,SV01,S01,1,70,0,0,70,5,,
B001,HL00334,HT00334,SV01,S01,1,70,0,0,70,5,,
B001,HL00335,HT00335,SV01,S01,1,70,0,0,70,5,,
B001,HL00336,HT00336,SV02,S01,1,180,0,0,180,30,,
B001,HL00337,HT00337,SV02,S01,1,180,0,0,180,30,,
B001,HL00338,HT00338,SV01,S01,1,70,0,0,70,5,,
B001,HL00339,HT00339,SV01,S01,1,70,0,0,70,5,,
B001,HL00340,HT00340,SV01,S01,1,70,0,0,70,5,,
B001,HL00341,HT00341,SV01,S02,1,70,0,0,70,5,,
B001,HL00342,HT00342,SV01,S02,1,70,0,0,70,5,,
B001,HL00343,HT00343,SV01,S02,1,70,0,0,70,5,,
B001,HL00344,HT00344,SV02,S02,1,180,0,0,180,30,,
B001,HL00345,HT00345,SV02,S02,1,180,0,0,180,30,,
B001,HL00346,HT00346,SV01,S02,1,70,0,0,70,5,,
B001,HL00347,HT00347,SV01,S02,1,70,0,0,70,5,,
B001,HL00348,HT00348,SV01,S02,1,70,0,0,70,5,,
B001,HL00349,HT00349,SV01,S02,1,70,0,0,70,5,,
B001,HL00350,HT00350,SV02,S02,1,180,0,0,180,30,,
B001,HL00351,HT00351,SV01,S03,1,70,0,0,70,5,,
B001,HL00352,HT00352,SV02,S03,1,180,0,0,180,30,,
B001,HL00353,HT00353,SV02,S03,1,180,0,0,180,30,,
B001,HL00354,HT00354,SV01,S03,1,70,0,0,70,5,,
B001,HL00355,HT00355,SV01,S03,1,70,0,0,70,5,,
B001,HL00356,HT00356,SV01,S03,1,70,0,0,70,5,,
B001,HL00357,HT00357,SV01,S03,1,70,0,0,70,5,,
B001,HL00358,HT00358,SV02,S03,1,180,0,0,180,30,,
B001,HL00359,HT00359,SV02,S03,1,180,0,0,180,30,,
B001,HL00360,HT00360,SV01,S03,1,70,0,0,70,5,,
B001,HL00361,HT00361,SV01,S01,1,70,0,0,70,5,,
B001,HL00362,HT00362,SV01,S01,1,70,0,0,70,5,,
B001,HL00363,HT00363,SV01,S01,1,70,0,0,70,5,,
B001,HL00364,HT00364,SV02,S01,1,180,0,0,180,30,,
B001,HL00365,HT00365,SV02,S01,1,180,0,0,180,30,,
B001,HL00366,HT00366,SV01,S01,1,70,0,0,70,5,,
B001,HL00367,HT00367,SV01,S01,1,70,0,0,70,5,,
B001,HL00368,HT00368,SV01,S01,1,70,0,0,70,5,,
B001,HL00369,HT00369,SV01,S01,1,70,0,0,70,5,,
B001,HL00370,HT00370,SV02,S01,1,180,0,0,180,30,,
B001,HL00371,HT00371,SV01,S02,1,70,0,0,70,5,,
B001,HL00372,HT00372,SV02,S02,1,180,0,0,180,30,,
B001,HL00373,HT00373,SV02,S02,1,180,0,0,180,30,,
B001,HL00374,HT00374,SV01,S02,1,70,0,0,70,5,,
B001,HL00375,HT00375,SV01,S02,1,70,0,0,70,5,,
B001,HL00376,HT00376,SV01,S02,1,70,0,0,70,5,,
B001,HL00377,HT00377,SV01,S02,1,70,0,0,70,5,,
B001,HL00378,HT00378,SV02,S02,1,180,0,0,180,30,,
B001,HL00379,HT00379,SV02,S02,1,180,0,0,180,30,,
B001,HL00380,HT00380,SV01,S02,1,70,0,0,70,5,,
B001,HL00381,HT00381,SV02,S03,1,180,0,0,180,30,,
B001,HL00382,HT00382,SV01,S03,1,70,0,0,70,5,,
B001,HL00383,HT00383,SV01,S03,1,70,0,0,70,5,,
B001,HL00384,HT00384,SV01,S03,1,70,0,0,70,5,,
B001,HL00385,HT00385,SV01,S03,1,70,0,0,70,5,,
B001,HL00386,HT00386,SV02,S03,1,180,0,0,180,30,,
B001,HL00387,HT00387,SV02,S03,1,180,0,0,180,30,,
B001,HL00388,HT00388,SV01,S03,1,70,0,0,70,5,,
B001,HL00389,HT00389,SV01,S03,1,70,0,0,70,5,,
B001,HL00390,HT00390,SV01,S03,1,70,0,0,70,5,,
B001,HL00391,HT00391,SV01,S01,1,70,0,0,70,5,,
B001,HL00392,HT00392,SV02,S01,1,180,0,0,180,30,,
B001,HL00393,HT00393,SV02,S01,1,180,0,0,180,30,,
B001,HL00394,HT00394,SV01,S01,1,70,0,0,70,5,,
B001,HL00395,HT00395,SV01,S01,1,70,0,0,70,5,,
B001,HL00396,HT00396,SV01,S01,1,70,0,0,70,5,,
B001,HL00397,HT00397,SV01,S01,1,70,0,0,70,5,,
B001,HL00398,HT00398,SV02,S01,1,180,0,0,180,30,,
B001,HL00399,HT00399,SV02,S01,1,180,0,0,180,30,,
B001,HL00400,HT00400,SV01,S01,1,70,0,0,70,5,,
B001,HL00401,HT00401,SV02,S02,1,180,0,0,180,30,,
B001,HL00402,HT00402,SV01,S02,1,70,0,0,70,5,,
B001,HL00403,HT00403,SV01,S02,1,70,0,0,70,5,,
B001,HL00404,HT00404,SV01,S02,1,70,0,0,70,5,,
B001,HL00405,HT00405,SV01,S02,1,70,0,0,70,5,,
B001,HL00406,HT00406,SV02,S02,1,180,0,0,180,30,,
B001,HL00407,HT00407,SV02,S02,1,180,0,0,180,30,,
B001,HL00408,HT00408,SV01,S02,1,70,0,0,70,5,,
B001,HL00409,HT00409,SV01,S02,1,70,0,0,70,5,,
B001,HL00410,HT00410,SV01,S02,1,70,0,0,70,5,,
B001,HL00411,HT00411,SV01,S03,1,70,0,0,70,5,,
B001,HL00412,HT00412,SV01,S03,1,70,0,0,70,5,,
B001,HL00413,HT00413,SV01,S03,1,70,0,0,70,5,,
B001,HL00414,HT00414,SV02,S03,1,180,0,0,180,30,,
B001,HL00415,HT00415,SV02,S03,1,180,0,0,180,30,,
B001,HL00416,HT00416,SV01,S03,1,70,0,0,70,5,,
B001,HL00417,HT00417,SV01,S03,1,70,0,0,70,5,,
B001,HL00418,HT00418,SV01,S03,1,70,0,0,70,5,,
B001,HL00419,HT00419,SV01,S03,1,70,0,0,70,5,,
B001,HL00420,HT00420,SV02,S03,1,180,0,0,180,30,,
B001,HL00421,HT00421,SV02,S01,1,180,0,0,180,30,,
B001,HL00422,HT00422,SV01,S01,1,70,0,0,70,5,,
B001,HL00423,HT00423,SV01,S01,1,70,0,0,70,5,,
B001,HL00424,HT00424,SV01,S01,1,70,0,0,70,5,,
B001,HL00425,HT00425,SV01,S01,1,70,0,0,70,5,,
B001,HL00426,HT00426,SV02,S01,1,180,0,0,180,30,,
B001,HL00427,HT00427,SV02,S01,1,180,0,0,180,30,,
B001,HL00428,HT00428,SV01,S01,1,70,0,0,70,5,,
B001,HL00429,HT00429,SV01,S01,1,70,0,0,70,5,,
B001,HL00430,HT00430,SV01,S01,1,70,0,0,70,5,,
B001,HL00431,HT00431,SV01,S02,1,70,0,0,70,5,,
B001,HL00432,HT00432,SV01,S02,1,70,0,0,70,5,,
B001,HL00433,HT00433,SV01,S02,1,70,0,0,70,5,,
B001,HL00434,HT00434,SV02,S02,1,180,0,0,180,30,,
B001,HL00435,HT00435,SV02,S02,1,180,0,0,180,30,,
B001,HL00436,HT00436,SV01,S02,1,70,0,0,70,5,,
B001,HL00437,HT00437,SV01,S02,1,70,0,0,70,5,,
B001,HL00438,HT00438,SV01,S02,1,70,0,0,70,5,,
B001,HL00439,HT00439,SV01,S02,1,70,0,0,70,5,,
B001,HL00440,HT00440,SV02,S02,1,180,0,0,180,30,,
B001,HL00441,HT00441,SV01,S03,1,70,0,0,70,5,,
B001,HL00442,HT00442,SV02,S03,1,180,0,0,180,30,,
B001,HL00443,HT00443,SV02,S03,1,180,0,0,180,30,,
B001,HL00444,HT00444,SV01,S03,1,70,0,0,70,5,,
B001,HL00445,HT00445,SV01,S03,1,70,0,0,70,5,,
B001,HL00446,HT00446,SV01,S03,1,70,0,0,70,5,,
B001,HL00447,HT00447,SV01,S03,1,70,0,0,70,5,,
B001,HL00448,HT00448,SV02,S03,1,180,0,0,180,30,,
B001,HL00449,HT00449,SV02,S03,1,180,0,0,180,30,,
B001,HL00450,HT00450,SV01,S03,1,70,0,0,70,5,,
B001,HL00451,HT00451,SV01,S01,1,70,0,0,70,5,,
B001,HL00452,HT00452,SV01,S01,1,70,0,0,70,5,,
B001,HL00453,HT00453,SV01,S01,1,70,0,0,70,5,,
B001,HL00454,HT00454,SV02,S01,1,180,0,0,180,30,,
B001,HL00455,HT00455,SV02,S01,1,180,0,0,180,30,,
B001,HL00456,HT00456,SV01,S01,1,70,0,0,70,5,,
B001,HL00457,HT00457,SV01,S01,1,70,0,0,70,5,,
B001,HL00458,HT00458,SV01,S01,1,70,0,0,70,5,,
B001,HL00459,HT00459,SV01,S01,1,70,0,0,70,5,,
B001,HL00460,HT00460,SV02,S01,1,180,0,0,180,30,,
B001,HL00461,HT00461,SV01,S02,1,70,0,0,70,5,,
B001,HL00462,HT00462,SV02,S02,1,180,0,0,180,30,,
B001,HL00463,HT00463,SV02,S02,1,180,0,0,180,30,,
B001,HL00464,HT00464,SV01,S02,1,70,0,0,70,5,,
B001,HL00465,HT00465,SV01,S02,1,70,0,0,70,5,,
B001,HL00466,HT00466,SV01,S02,1,70,0,0,70,5,,
B001,HL00467,HT00467,SV01,S02,1,70,0,0,70,5,,
B001,HL00468,HT00468,SV02,S02,1,180,0,0,180,30,,
B001,HL00469,HT00469,SV02,S02,1,180,0,0,180,30,,
B001,HL00470,HT00470,SV01,S02,1,70,0,0,70,5,,
B001,HL00471,HT00471,SV02,S03,1,180,0,0,180,30,,
B001,HL00472,HT00472,SV01,S03,1,70,0,0,70,5,,
B001,HL00473,HT00473,SV01,S03,1,70,0,0,70,5,,
B001,HL00474,HT00474,SV01,S03,1,70,0,0,70,5,,
B001,HL00475,HT00475,SV01,S03,1,70,0,0,70,5,,
B001,HL00476,HT00476,SV02,S03,1,180,0,0,180,30,,
B001,HL00477,HT00477,SV02,S03,1,180,0,0,180,30,,
B001,HL00478,HT00478,SV01,S03,1,70,0,0,70,5,,
B001,HL00479,HT00479,SV01,S03,1,70,0,0,70,5,,
B001,HL00480,HT00480,SV01,S03,1,70,0,0,70,5,,
B001,HL00481,HT00481,SV01,S01,1,70,0,0,70,5,,
B001,HL00482,HT00482,SV02,S01,1,180,0,0,180,30,,
B001,HL00483,HT00483,SV02,S01,1,180,0,0,180,30,,
B001,HL00484,HT00484,SV01,S01,1,70,0,0,70,5,,
B001,HL00485,HT00485,SV01,S01,1,70,0,0,70,5,,
B001,HL00486,HT00486,SV01,S01,1,70,0,0,70,5,,
B001,HL00487,HT00487,SV01,S01,1,70,0,0,70,5,,
B001,HL00488,HT00488,SV02,S01,1,180,0,0,180,30,,
B001,HL00489,HT00489,SV02,S01,1,180,0,0,180,30,,
B001,HL00490,HT00490,SV01,S01,1,70,0,0,70,5,,
B001,HL00491,HT00491,SV02,S02,1,180,0,0,180,30,,
B001,HL00492,HT00492,SV01,S02,1,70,0,0,70,5,,
B001,HL00493,HT00493,SV01,S02,1,70,0,0,70,5,,
B001,HL00494,HT00494,SV01,S02,1,70,0,0,70,5,,
B001,HL00495,HT00495,SV01,S02,1,70,0,0,70,5,,
B001,HL00496,HT00496,SV02,S02,1,180,0,0,180,30,,
B001,HL00497,HT00497,SV02,S02,1,180,0,0,180,30,,
B001,HL00498,HT00498,SV01,S02,1,70,0,0,70,5,,
B001,HL00499,HT00499,SV01,S02,1,70,0,0,70,5,,
B001,HL00500,HT00500,SV01,S02,1,70,0,0,70,5,,
B001,HL00501,HT00501,SV01,S03,1,70,0,0,70,5,,
B001,HL00502,HT00502,SV01,S03,1,70,0,0,70,5,,
B001,HL00503,HT00503,SV01,S03,1,70,0,0,70,5,,
B001,HL00504,HT00504,SV02,S03,1,180,0,0,180,30,,
B001,HL00505,HT00505,SV02,S03,1,180,0,0,180,30,,
B001,HL00506,HT00506,SV01,S03,1,70,0,0,70,5,,
B001,HL00507,HT00507,SV01,S03,1,70,0,0,70,5,,
B001,HL00508,HT00508,SV01,S03,1,70,0,0,70,5,,
B001,HL00509,HT00509,SV01,S03,1,70,0,0,70,5,,
B001,HL00510,HT00510,SV02,S03,1,180,0,0,180,30,,
B001,HL00511,HT00511,SV02,S01,1,180,0,0,180,30,,
B001,HL00512,HT00512,SV01,S01,1,70,0,0,70,5,,
B001,HL00513,HT00513,SV01,S01,1,70,0,0,70,5,,
B001,HL00514,HT00514,SV01,S01,1,70,0,0,70,5,,
B001,HL00515,HT00515,SV01,S01,1,70,0,0,70,5,,
B001,HL00516,HT00516,SV02,S01,1,180,0,0,180,30,,
B001,HL00517,HT00517,SV02,S01,1,180,0,0,180,30,,
B001,HL00518,HT00518,SV01,S01,1,70,0,0,70,5,,
B001,HL00519,HT00519,SV01,S01,1,70,0,0,70,5,,
B001,HL00520,HT00520,SV01,S01,1,70,0,0,70,5,,
B001,HL00521,HT00521,SV01,S02,1,70,0,0,70,5,,
B001,HL00522,HT00522,SV01,S02,1,70,0,0,70,5,,
B001,HL00523,HT00523,SV01,S02,1,70,0,0,70,5,,
B001,HL00524,HT00524,SV02,S02,1,180,0,0,180,30,,
B001,HL00525,HT00525,SV02,S02,1,180,0,0,180,30,,
B001,HL00526,HT00526,SV01,S02,1,70,0,0,70,5,,
B001,HL00527,HT00527,SV01,S02,1,70,0,0,70,5,,
B001,HL00528,HT00528,SV01,S02,1,70,0,0,70,5,,
B001,HL00529,HT00529,SV01,S02,1,70,0,0,70,5,,
B001,HL00530,HT00530,SV02,S02,1,180,0,0,180,30,,
B001,HL00531,HT00531,SV01,S03,1,70,0,0,70,5,,
B001,HL00532,HT00532,SV02,S03,1,180,0,0,180,30,,
B001,HL00533,HT00533,SV02,S03,1,180,0,0,180,30,,
B001,HL00534,HT00534,SV01,S03,1,70,0,0,70,5,,
B001,HL00535,HT00535,SV01,S03,1,70,0,0,70,5,,
B001,HL00536,HT00536,SV01,S03,1,70,0,0,70,5,,
B001,HL00537,HT00537,SV01,S03,1,70,0,0,70,5,,
B001,HL00538,HT00538,SV02,S03,1,180,0,0,180,30,,
B001,HL00539,HT00539,SV02,S03,1,180,0,0,180,30,,
B001,HL00540,HT00540,SV01,S03,1,70,0,0,70,5,,
B001,HL00541,HT00541,SV01,S01,1,70,0,0,70,5,,
B001,HL00542,HT00542,SV01,S01,1,70,0,0,70,5,,
B001,HL00543,HT00543,SV01,S01,1,70,0,0,70,5,,
B001,HL00544,HT00544,SV02,S01,1,180,0,0,180,30,,
B001,HL00545,HT00545,SV02,S01,1,180,0,0,180,30,,
B001,HL00546,HT00546,SV01,S01,1,70,0,0,70,5,,
B001,HL00547,HT00547,SV01,S01,1,70,0,0,70,5,,
B001,HL00548,HT00548,SV01,S01,1,70,0,0,70,5,,
B001,HL00549,HT00549,SV01,S01,1,70,0,0,70,5,,
B001,HL00550,HT00550,SV02,S01,1,180,0,0,180,30,,
B001,HL00551,HT00551,SV01,S02,1,70,0,0,70,5,,
B001,HL00552,HT00552,SV02,S02,1,180,0,0,180,30,,
B001,HL00553,HT00553,SV02,S02,1,180,0,0,180,30,,
B001,HL00554,HT00554,SV01,S02,1,70,0,0,70,5,,
B001,HL00555,HT00555,SV01,S02,1,70,0,0,70,5,,
B001,HL00556,HT00556,SV01,S02,1,70,0,0,70,5,,
B001,HL00557,HT00557,SV01,S02,1,70,0,0,70,5,,
B001,HL00558,HT00558,SV02,S02,1,180,0,0,180,30,,
B001,HL00559,HT00559,SV02,S02,1,180,0,0,180,30,,
B001,HL00560,HT00560,SV01,S02,1,70,0,0,70,5,,
B001,HL00561,HT00561,SV02,S03,1,180,0,0,180,30,,
B001,HL00562,HT00562,SV01,S03,1,70,0,0,70,5,,
B001,HL00563,HT00563,SV01,S03,1,70,0,0,70,5,,
B001,HL00564,HT00564,SV01,S03,1,70,0,0,70,5,,
B001,HL00565,HT00565,SV01,S03,1,70,0,0,70,5,,
B001,HL00566,HT00566,SV02,S03,1,180,0,0,180,30,,
B001,HL00567,HT00567,SV02,S03,1,180,0,0,180,30,,
B001,HL00568,HT00568,SV01,S03,1,70,0,0,70,5,,
B001,HL00569,HT00569,SV01,S03,1,70,0,0,70,5,,
B001,HL00570,HT00570,SV01,S03,1,70,0,0,70,5,,
B001,HL00571,HT00571,SV01,S01,1,70,0,0,70,5,,
B001,HL00572,HT00572,SV02,S01,1,180,0,0,180,30,,
B001,HL00573,HT00573,SV02,S01,1,180,0,0,180,30,,
B001,HL00574,HT00574,SV01,S01,1,70,0,0,70,5,,
B001,HL00575,HT00575,SV01,S01,1,70,0,0,70,5,,
B001,HL00576,HT00576,SV01,S01,1,70,0,0,70,5,,
B001,HL00577,HT00577,SV01,S01,1,70,0,0,70,5,,
B001,HL00578,HT00578,SV02,S01,1,180,0,0,180,30,,
B001,HL00579,HT00579,SV02,S01,1,180,0,0,180,30,,
B001,HL00580,HT00580,SV01,S01,1,70,0,0,70,5,,
B001,HL00581,HT00581,SV02,S02,1,180,0,0,180,30,,
B001,HL00582,HT00582,SV01,S02,1,70,0,0,70,5,,
B001,HL00583,HT00583,SV01,S02,1,70,0,0,70,5,,
B001,HL00584,HT00584,SV01,S02,1,70,0,0,70,5,,
B001,HL00585,HT00585,SV01,S02,1,70,0,0,70,5,,
B001,HL00586,HT00586,SV02,S02,1,180,0,0,180,30,,
B001,HL00587,HT00587,SV02,S02,1,180,0,0,180,30,,
B001,HL00588,HT00588,SV01,S02,1,70,0,0,70,5,,
B001,HL00589,HT00589,SV01,S02,1,70,0,0,70,5,,
B001,HL00590,HT00590,SV01,S02,1,70,0,0,70,5,,
B001,HL00591,HT00591,SV01,S03,1,70,0,0,70,5,,
B001,HL00592,HT00592,SV01,S03,1,70,0,0,70,5,,
B001,HL00593,HT00593,SV01,S03,1,70,0,0,70,5,,
B001,HL00594,HT00594,SV02,S03,1,180,0,0,180,30,,
B001,HL00595,HT00595,SV02,S03,1,180,0,0,180,30,,
B001,HL00596,HT00596,SV01,S03,1,70,0,0,70,5,,
B001,HL00597,HT00597,SV01,S03,1,70,0,0,70,5,,
B001,HL00598,HT00598,SV01,S03,1,70,0,0,70,5,,
B001,HL00599,HT00599,SV01,S03,1,70,0,0,70,5,,
B001,HL00600,HT00600,SV02,S03,1,180,0,0,180,30,,
B001,HL00601,HT00601,SV02,S01,1,180,0,0,180,30,,
B001,HL00602,HT00602,SV01,S01,1,70,0,0,70,5,,
B001,HL00603,HT00603,SV01,S01,1,70,0,0,70,5,,
B001,HL00604,HT00604,SV01,S01,1,70,0,0,70,5,,
B001,HL00605,HT00605,SV01,S01,1,70,0,0,70,5,,
B001,HL00606,HT00606,SV02,S01,1,180,0,0,180,30,,
B001,HL00607,HT00607,SV02,S01,1,180,0,0,180,30,,
B001,HL00608,HT00608,SV01,S01,1,70,0,0,70,5,,
B001,HL00609,HT00609,SV01,S01,1,70,0,0,70,5,,
B001,HL00610,HT00610,SV01,S01,1,70,0,0,70,5,,
B001,HL00611,HT00611,SV01,S02,1,70,0,0,70,5,,
B001,HL00612,HT00612,SV01,S02,1,70,0,0,70,5,,
B001,HL00613,HT00613,SV01,S02,1,70,0,0,70,5,,
B001,HL00614,HT00614,SV02,S02,1,180,0,0,180,30,,
B001,HL00615,HT00615,SV02,S02,1,180,0,0,180,30,,
B001,HL00616,HT00616,SV01,S02,1,70,0,0,70,5,,
B001,HL00617,HT00617,SV01,S02,1,70,0,0,70,5,,
B001,HL00618,HT00618,SV01,S02,1,70,0,0,70,5,,
B001,HL00619,HT00619,SV01,S02,1,70,0,0,70,5,,
B001,HL00620,HT00620,SV02,S02,1,180,0,0,180,30,,
B001,HL00621,HT00621,SV01,S03,1,70,0,0,70,5,,
B001,HL00622,HT00622,SV02,S03,1,180,0,0,180,30,,
B001,HL00623,HT00623,SV02,S03,1,180,0,0,180,30,,
B001,HL00624,HT00624,SV01,S03,1,70,0,0,70,5,,
B001,HL00625,HT00625,SV01,S03,1,70,0,0,70,5,,
B001,HL00626,HT00626,SV01,S03,1,70,0,0,70,5,,
B001,HL00627,HT00627,SV01,S03,1,70,0,0,70,5,,
B001,HL00628,HT00628,SV02,S03,1,180,0,0,180,30,,
B001,HL00629,HT00629,SV02,S03,1,180,0,0,180,30,,
B001,HL00630,HT00630,SV01,S03,1,70,0,0,70,5,,
B001,HL00631,HT00631,SV01,S01,1,70,0,0,70,5,,
B001,HL00632,HT00632,SV01,S01,1,70,0,0,70,5,,
B001,HL00633,HT00633,SV01,S01,1,70,0,0,70,5,,
B001,HL00634,HT00634,SV02,S01,1,180,0,0,180,30,,
B001,HL00635,HT00635,SV02,S01,1,180,0,0,180,30,,
B001,HL00636,HT00636,SV01,S01,1,70,0,0,70,5,,
B001,HL00637,HT00637,SV01,S01,1,70,0,0,70,5,,
B001,HL00638,HT00638,SV01,S01,1,70,0,0,70,5,,
B001,HL00639,HT00639,SV01,S01,1,70,0,0,70,5,,
B001,HL00640,HT00640,SV02,S01,1,180,0,0,180,30,,
B001,HL00641,HT00641,SV01,S02,1,70,0,0,70,5,,
B001,HL00642,HT00642,SV02,S02,1,180,0,0,180,30,,
B001,HL00643,HT00643,SV02,S02,1,180,0,0,180,30,,
B001,HL00644,HT00644,SV01,S02,1,70,0,0,70,5,,
B001,HL00645,HT00645,SV01,S02,1,70,0,0,70,5,,
B001,HL00646,HT00646,SV01,S02,1,70,0,0,70,5,,
B001,HL00647,HT00647,SV01,S02,1,70,0,0,70,5,,
B001,HL00648,HT00648,SV02,S02,1,180,0,0,180,30,,
B001,HL00649,HT00649,SV02,S02,1,180,0,0,180,30,,
B001,HL00650,HT00650,SV01,S02,1,70,0,0,70,5,,
B001,HL00651,HT00651,SV02,S03,1,180,0,0,180,30,,
B001,HL00652,HT00652,SV01,S03,1,70,0,0,70,5,,
B001,HL00653,HT00653,SV01,S03,1,70,0,0,70,5,,
B001,HL00654,HT00654,SV01,S03,1,70,0,0,70,5,,
B001,HL00655,HT00655,SV01,S03,1,70,0,0,70,5,,
B001,HL00656,HT00656,SV02,S03,1,180,0,0,180,30,,
B001,HL00657,HT00657,SV02,S03,1,180,0,0,180,30,,
B001,HL00658,HT00658,SV01,S03,1,70,0,0,70,5,,
B001,HL00659,HT00659,SV01,S03,1,70,0,0,70,5,,
B001,HL00660,HT00660,SV01,S03,1,70,0,0,70,5,,
B001,HL00661,HT00661,SV01,S01,1,70,0,0,70,5,,
B001,HL00662,HT00662,SV02,S01,1,180,0,0,180,30,,
B001,HL00663,HT00663,SV02,S01,1,180,0,0,180,30,,
B001,HL00664,HT00664,SV01,S01,1,70,0,0,70,5,,
B001,HL00665,HT00665,SV01,S01,1,70,0,0,70,5,,
B001,HL00666,HT00666,SV01,S01,1,70,0,0,70,5,,
B001,HL00667,HT00667,SV01,S01,1,70,0,0,70,5,,
B001,HL00668,HT00668,SV02,S01,1,180,0,0,180,30,,
B001,HL00669,HT00669,SV02,S01,1,180,0,0,180,30,,
B001,HL00670,HT00670,SV01,S01,1,70,0,0,70,5,,
B001,HL00671,HT00671,SV02,S02,1,180,0,0,180,30,,
B001,HL00672,HT00672,SV01,S02,1,70,0,0,70,5,,
B001,HL00673,HT00673,SV01,S02,1,70,0,0,70,5,,
B001,HL00674,HT00674,SV01,S02,1,70,0,0,70,5,,
B001,HL00675,HT00675,SV01,S02,1,70,0,0,70,5,,
B001,HL00676,HT00676,SV02,S02,1,180,0,0,180,30,,
B001,HL00677,HT00677,SV02,S02,1,180,0,0,180,30,,
B001,HL00678,HT00678,SV01,S02,1,70,0,0,70,5,,
B001,HL00679,HT00679,SV01,S02,1,70,0,0,70,5,,
B001,HL00680,HT00680,SV01,S02,1,70,0,0,70,5,,
B001,HL00681,HT00681,SV01,S03,1,70,0,0,70,5,,
B001,HL00682,HT00682,SV01,S03,1,70,0,0,70,5,,
B001,HL00683,HT00683,SV01,S03,1,70,0,0,70,5,,
B001,HL00684,HT00684,SV02,S03,1,180,0,0,180,30,,
B001,HL00685,HT00685,SV02,S03,1,180,0,0,180,30,,
B001,HL00686,HT00686,SV01,S03,1,70,0,0,70,5,,
B001,HL00687,HT00687,SV01,S03,1,70,0,0,70,5,,
B001,HL00688,HT00688,SV01,S03,1,70,0,0,70,5,,
B001,HL00689,HT00689,SV01,S03,1,70,0,0,70,5,,
B001,HL00690,HT00690,SV02,S03,1,180,0,0,180,30,,
B001,HL00691,HT00691,SV02,S01,1,180,0,0,180,30,,
B001,HL00692,HT00692,SV01,S01,1,70,0,0,70,5,,
B001,HL00693,HT00693,SV01,S01,1,70,0,0,70,5,,
B001,HL00694,HT00694,SV01,S01,1,70,0,0,70,5,,
B001,HL00695,HT00695,SV01,S01,1,70,0,0,70,5,,
B001,HL00696,HT00696,SV02,S01,1,180,0,0,180,30,,
B001,HL00697,HT00697,SV02,S01,1,180,0,0,180,30,,
B001,HL00698,HT00698,SV01,S01,1,70,0,0,70,5,,
B001,HL00699,HT00699,SV01,S01,1,70,0,0,70,5,,
B001,HL00700,HT00700,SV01,S01,1,70,0,0,70,5,,
B001,HL00701,HT00701,SV01,S02,1,70,0,0,70,5,,
B001,HL00702,HT00702,SV01,S02,1,70,0,0,70,5,,
B001,HL00703,HT00703,SV01,S02,1,70,0,0,70,5,,
B001,HL00704,HT00704,SV02,S02,1,180,0,0,180,30,,
B001,HL00705,HT00705,SV02,S02,1,180,0,0,180,30,,
B001,HL00706,HT00706,SV01,S02,1,70,0,0,70,5,,
B001,HL00707,HT00707,SV01,S02,1,70,0,0,70,5,,
B001,HL00708,HT00708,SV01,S02,1,70,0,0,70,5,,
B001,HL00709,HT00709,SV01,S02,1,70,0,0,70,5,,
B001,HL00710,HT00710,SV02,S02,1,180,0,0,180,30,,
B001,HL00711,HT00711,SV01,S03,1,70,0,0,70,5,,
B001,HL00712,HT00712,SV02,S03,1,180,0,0,180,30,,
B001,HL00713,HT00713,SV02,S03,1,180,0,0,180,30,,
B001,HL00714,HT00714,SV01,S03,1,70,0,0,70,5,,
B001,HL00715,HT00715,SV01,S03,1,70,0,0,70,5,,
B001,HL00716,HT00716,SV01,S03,1,70,0,0,70,5,,
B001,HL00717,HT00717,SV01,S03,1,70,0,0,70,5,,
B001,HL00718,HT00718,SV02,S03,1,180,0,0,180,30,,
B001,HL00719,HT00719,SV02,S03,1,180,0,0,180,30,,
B001,HL00720,HT00720,SV01,S03,1,70,0,0,70,5,,
B001,HL00721,HT00721,SV01,S01,1,70,0,0,70,5,,
B001,HL00722,HT00722,SV01,S01,1,70,0,0,70,5,,
B001,HL00723,HT00723,SV01,S01,1,70,0,0,70,5,,
B001,HL00724,HT00724,SV02,S01,1,180,0,0,180,30,,
B001,HL00725,HT00725,SV02,S01,1,180,0,0,180,30,,
B001,HL00726,HT00726,SV01,S01,1,70,0,0,70,5,,
B001,HL00727,HT00727,SV01,S01,1,70,0,0,70,5,,
B001,HL00728,HT00728,SV01,S01,1,70,0,0,70,5,,
B001,HL00729,HT00729,SV01,S01,1,70,0,0,70,5,,
B001,HL00730,HT00730,SV02,S01,1,180,0,0,180,30,,
B001,HL00731,HT00731,SV01,S02,1,70,0,0,70,5,,
B001,HL00732,HT00732,SV02,S02,1,180,0,0,180,30,,
B001,HL00733,HT00733,SV02,S02,1,180,0,0,180,30,,
B001,HL00734,HT00734,SV01,S02,1,70,0,0,70,5,,
B001,HL00735,HT00735,SV01,S02,1,70,0,0,70,5,,
B001,HL00736,HT00736,SV01,S02,1,70,0,0,70,5,,
B001,HL00737,HT00737,SV01,S02,1,70,0,0,70,5,,
B001,HL00738,HT00738,SV02,S02,1,180,0,0,180,30,,
B001,HL00739,HT00739,SV02,S02,1,180,0,0,180,30,,
B001,HL00740,HT00740,SV01,S02,1,70,0,0,70,5,,
B001,HL00741,HT00741,SV02,S03,1,180,0,0,180,30,,
B001,HL00742,HT00742,SV01,S03,1,70,0,0,70,5,,
B001,HL00743,HT00743,SV01,S03,1,70,0,0,70,5,,
B001,HL00744,HT00744,SV01,S03,1,70,0,0,70,5,,
B001,HL00745,HT00745,SV01,S03,1,70,0,0,70,5,,
B001,HL00746,HT00746,SV02,S03,1,180,0,0,180,30,,
B001,HL00747,HT00747,SV02,S03,1,180,0,0,180,30,,
B001,HL00748,HT00748,SV01,S03,1,70,0,0,70,5,,
B001,HL00749,HT00749,SV01,S03,1,70,0,0,70,5,,
B001,HL00750,HT00750,SV01,S03,1,70,0,0,70,5,,
B001,HL00751,HT00751,SV01,S01,1,70,0,0,70,5,,
B001,HL00752,HT00752,SV02,S01,1,180,0,0,180,30,,
B001,HL00753,HT00753,SV02,S01,1,180,0,0,180,30,,
B001,HL00754,HT00754,SV01,S01,1,70,0,0,70,5,,
B001,HL00755,HT00755,SV01,S01,1,70,0,0,70,5,,
B001,HL00756,HT00756,SV01,S01,1,70,0,0,70,5,,
B001,HL00757,HT00757,SV01,S01,1,70,0,0,70,5,,
B001,HL00758,HT00758,SV02,S01,1,180,0,0,180,30,,
B001,HL00759,HT00759,SV02,S01,1,180,0,0,180,30,,
B001,HL00760,HT00760,SV01,S01,1,70,0,0,70,5,,
B001,HL00761,HT00761,SV02,S02,1,180,0,0,180,30,,
B001,HL00762,HT00762,SV01,S02,1,70,0,0,70,5,,
B001,HL00763,HT00763,SV01,S02,1,70,0,0,70,5,,
B001,HL00764,HT00764,SV01,S02,1,70,0,0,70,5,,
B001,HL00765,HT00765,SV01,S02,1,70,0,0,70,5,,
B001,HL00766,HT00766,SV02,S02,1,180,0,0,180,30,,
B001,HL00767,HT00767,SV02,S02,1,180,0,0,180,30,,
B001,HL00768,HT00768,SV01,S02,1,70,0,0,70,5,,
B001,HL00769,HT00769,SV01,S02,1,70,0,0,70,5,,
B001,HL00770,HT00770,SV01,S02,1,70,0,0,70,5,,
B001,HL00771,HT00771,SV01,S03,1,70,0,0,70,5,,
B001,HL00772,HT00772,SV01,S03,1,70,0,0,70,5,,
B001,HL00773,HT00773,SV01,S03,1,70,0,0,70,5,,
B001,HL00774,HT00774,SV02,S03,1,180,0,0,180,30,,
B001,HL00775,HT00775,SV02,S03,1,180,0,0,180,30,,
B001,HL00776,HT00776,SV01,S03,1,70,0,0,70,5,,
B001,HL00777,HT00777,SV01,S03,1,70,0,0,70,5,,
B001,HL00778,HT00778,SV01,S03,1,70,0,0,70,5,,
B001,HL00779,HT00779,SV01,S03,1,70,0,0,70,5,,
B001,HL00780,HT00780,SV02,S03,1,180,0,0,180,30,,
B001,HL00781,HT00781,SV02,S01,1,180,0,0,180,30,,
B001,HL00782,HT00782,SV01,S01,1,70,0,0,70,5,,
B001,HL00783,HT00783,SV01,S01,1,70,0,0,70,5,,
B001,HL00784,HT00784,SV01,S01,1,70,0,0,70,5,,
B001,HL00785,HT00785,SV01,S01,1,70,0,0,70,5,,
B001,HL00786,HT00786,SV02,S01,1,180,0,0,180,30,,
B001,HL00787,HT00787,SV02,S01,1,180,0,0,180,30,,
B001,HL00788,HT00788,SV01,S01,1,70,0,0,70,5,,
B001,HL00789,HT00789,SV01,S01,1,70,0,0,70,5,,
B001,HL00790,HT00790,SV01,S01,1,70,0,0,70,5,,
B001,HL00791,HT00791,SV01,S02,1,70,0,0,70,5,,
B001,HL00792,HT00792,SV01,S02,1,70,0,0,70,5,,
B001,HL00793,HT00793,SV01,S02,1,70,0,0,70,5,,
B001,HL00794,HT00794,SV02,S02,1,180,0,0,180,30,,
B001,HL00795,HT00795,SV02,S02,1,180,0,0,180,30,,
B001,HL00796,HT00796,SV01,S02,1,70,0,0,70,5,,
B001,HL00797,HT00797,SV01,S02,1,70,0,0,70,5,,
B001,HL00798,HT00798,SV01,S02,1,70,0,0,70,5,,
B001,HL00799,HT00799,SV01,S02,1,70,0,0,70,5,,
B001,HL00800,HT00800,SV02,S02,1,180,0,0,180,30,,
B001,HL00801,HT00801,SV01,S03,1,70,0,0,70,5,,
B001,HL00802,HT00802,SV02,S03,1,180,0,0,180,30,,
B001,HL00803,HT00803,SV02,S03,1,180,0,0,180,30,,
B001,HL00804,HT00804,SV01,S03,1,70,0,0,70,5,,
B001,HL00805,HT00805,SV01,S03,1,70,0,0,70,5,,
B001,HL00806,HT00806,SV01,S03,1,70,0,0,70,5,,
B001,HL00807,HT00807,SV01,S03,1,70,0,0,70,5,,
B001,HL00808,HT00808,SV02,S03,1,180,0,0,180,30,,
B001,HL00809,HT00809,SV02,S03,1,180,0,0,180,30,,
B001,HL00810,HT00810,SV01,S03,1,70,0,0,70,5,,
B001,HL00811,HT00811,SV01,S01,1,70,0,0,70,5,,
B001,HL00812,HT00812,SV01,S01,1,70,0,0,70,5,,
B001,HL00813,HT00813,SV01,S01,1,70,0,0,70,5,,
B001,HL00814,HT00814,SV02,S01,1,180,0,0,180,30,,
B001,HL00815,HT00815,SV02,S01,1,180,0,0,180,30,,
B001,HL00816,HT00816,SV01,S01,1,70,0,0,70,5,,
B001,HL00817,HT00817,SV01,S01,1,70,0,0,70,5,,
B001,HL00818,HT00818,SV01,S01,1,70,0,0,70,5,,
B001,HL00819,HT00819,SV01,S01,1,70,0,0,70,5,,
B001,HL00820,HT00820,SV02,S01,1,180,0,0,180,30,,
B001,HL00821,HT00821,SV01,S02,1,70,0,0,70,5,,
B001,HL00822,HT00822,SV02,S02,1,180,0,0,180,30,,
B001,HL00823,HT00823,SV02,S02,1,180,0,0,180,30,,
B001,HL00824,HT00824,SV01,S02,1,70,0,0,70,5,,
B001,HL00825,HT00825,SV01,S02,1,70,0,0,70,5,,
B001,HL00826,HT00826,SV01,S02,1,70,0,0,70,5,,
B001,HL00827,HT00827,SV01,S02,1,70,0,0,70,5,,
B001,HL00828,HT00828,SV02,S02,1,180,0,0,180,30,,
B001,HL00829,HT00829,SV02,S02,1,180,0,0,180,30,,
B001,HL00830,HT00830,SV01,S02,1,70,0,0,70,5,,
B001,HL00831,HT00831,SV02,S03,1,180,0,0,180,30,,
B001,HL00832,HT00832,SV01,S03,1,70,0,0,70,5,,
B001,HL00833,HT00833,SV01,S03,1,70,0,0,70,5,,
B001,HL00834,HT00834,SV01,S03,1,70,0,0,70,5,,
B001,HL00835,HT00835,SV01,S03,1,70,0,0,70,5,,
B001,HL00836,HT00836,SV02,S03,1,180,0,0,180,30,,
B001,HL00837,HT00837,SV02,S03,1,180,0,0,180,30,,
B001,HL00838,HT00838,SV01,S03,1,70,0,0,70,5,,
B001,HL00839,HT00839,SV01,S03,1,70,0,0,70,5,,
B001,HL00840,HT00840,SV01,S03,1,70,0,0,70,5,,
B001,HL00841,HT00841,SV01,S01,1,70,0,0,70,5,,
B001,HL00842,HT00842,SV02,S01,1,180,0,0,180,30,,
B001,HL00843,HT00843,SV02,S01,1,180,0,0,180,30,,
B001,HL00844,HT00844,SV01,S01,1,70,0,0,70,5,,
B001,HL00845,HT00845,SV01,S01,1,70,0,0,70,5,,
B001,HL00846,HT00846,SV01,S01,1,70,0,0,70,5,,
B001,HL00847,HT00847,SV01,S01,1,70,0,0,70,5,,
B001,HL00848,HT00848,SV02,S01,1,180,0,0,180,30,,
B001,HL00849,HT00849,SV02,S01,1,180,0,0,180,30,,
B001,HL00850,HT00850,SV01,S01,1,70,0,0,70,5,,
B001,HL00851,HT00851,SV02,S02,1,180,0,0,180,30,,
B001,HL00852,HT00852,SV01,S02,1,70,0,0,70,5,,
B001,HL00853,HT00853,SV01,S02,1,70,0,0,70,5,,
B001,HL00854,HT00854,SV01,S02,1,70,0,0,70,5,,
B001,HL00855,HT00855,SV01,S02,1,70,0,0,70,5,,
B001,HL00856,HT00856,SV02,S02,1,180,0,0,180,30,,
B001,HL00857,HT00857,SV02,S02,1,180,0,0,180,30,,
B001,HL00858,HT00858,SV01,S02,1,70,0,0,70,5,,
B001,HL00859,HT00859,SV01,S02,1,70,0,0,70,5,,
B001,HL00860,HT00860,SV01,S02,1,70,0,0,70,5,,
B001,HL00861,HT00861,SV01,S03,1,70,0,0,70,5,,
B001,HL00862,HT00862,SV01,S03,1,70,0,0,70,5,,
B001,HL00863,HT00863,SV01,S03,1,70,0,0,70,5,,
B001,HL00864,HT00864,SV02,S03,1,180,0,0,180,30,,
B001,HL00865,HT00865,SV02,S03,1,180,0,0,180,30,,
B001,HL00866,HT00866,SV01,S03,1,70,0,0,70,5,,
B001,HL00867,HT00867,SV01,S03,1,70,0,0,70,5,,
B001,HL00868,HT00868,SV01,S03,1,70,0,0,70,5,,
B001,HL00869,HT00869,SV01,S03,1,70,0,0,70,5,,
B001,HL00870,HT00870,SV02,S03,1,180,0,0,180,30,,
B001,HL00871,HT00871,SV02,S01,1,180,0,0,180,30,,
B001,HL00872,HT00872,SV01,S01,1,70,0,0,70,5,,
B001,HL00873,HT00873,SV01,S01,1,70,0,0,70,5,,
B001,HL00874,HT00874,SV01,S01,1,70,0,0,70,5,,
B001,HL00875,HT00875,SV01,S01,1,70,0,0,70,5,,
B001,HL00876,HT00876,SV02,S01,1,180,0,0,180,30,,
B001,HL00877,HT00877,SV02,S01,1,180,0,0,180,30,,
B001,HL00878,HT00878,SV01,S01,1,70,0,0,70,5,,
B001,HL00879,HT00879,SV01,S01,1,70,0,0,70,5,,
B001,HL00880,HT00880,SV01,S01,1,70,0,0,70,5,,
B001,HL00881,HT00881,SV01,S02,1,70,0,0,70,5,,
B001,HL00882,HT00882,SV01,S02,1,70,0,0,70,5,,
B001,HL00883,HT00883,SV01,S02,1,70,0,0,70,5,,
B001,HL00884,HT00884,SV02,S02,1,180,0,0,180,30,,
B001,HL00885,HT00885,SV02,S02,1,180,0,0,180,30,,
B001,HL00886,HT00886,SV01,S02,1,70,0,0,70,5,,
B001,HL00887,HT00887,SV01,S02,1,70,0,0,70,5,,
B001,HL00888,HT00888,SV01,S02,1,70,0,0,70,5,,
B001,HL00889,HT00889,SV01,S02,1,70,0,0,70,5,,
B001,HL00890,HT00890,SV02,S02,1,180,0,0,180,30,,
B001,HL00891,HT00891,SV01,S03,1,70,0,0,70,5,,
B001,HL00892,HT00892,SV02,S03,1,180,0,0,180,30,,
B001,HL00893,HT00893,SV02,S03,1,180,0,0,180,30,,
B001,HL00894,HT00894,SV01,S03,1,70,0,0,70,5,,
B001,HL00895,HT00895,SV01,S03,1,70,0,0,70,5,,
B001,HL00896,HT00896,SV01,S03,1,70,0,0,70,5,,
B001,HL00897,HT00897,SV01,S03,1,70,0,0,70,5,,
B001,HL00898,HT00898,SV02,S03,1,180,0,0,180,30,,
B001,HL00899,HT00899,SV02,S03,1,180,0,0,180,30,,
B001,HL00900,HT00900,SV01,S03,1,70,0,0,70,5,,
B001,HL00901,HT00901,SV01,S01,1,70,0,0,70,5,,
B001,HL00902,HT00902,SV01,S01,1,70,0,0,70,5,,
B001,HL00903,HT00903,SV01,S01,1,70,0,0,70,5,,
B001,HL00904,HT00904,SV02,S01,1,180,0,0,180,30,,
B001,HL00905,HT00905,SV02,S01,1,180,0,0,180,30,,
B001,HL00906,HT00906,SV01,S01,1,70,0,0,70,5,,
B001,HL00907,HT00907,SV01,S01,1,70,0,0,70,5,,
B001,HL00908,HT00908,SV01,S01,1,70,0,0,70,5,,
B001,HL00909,HT00909,SV01,S01,1,70,0,0,70,5,,
B001,HL00910,HT00910,SV02,S01,1,180,0,0,180,30,,
B001,HL00911,HT00911,SV01,S02,1,70,0,0,70,5,,
B001,HL00912,HT00912,SV02,S02,1,180,0,0,180,30,,
B001,HL00913,HT00913,SV02,S02,1,180,0,0,180,30,,
B001,HL00914,HT00914,SV01,S02,1,70,0,0,70,5,,
B001,HL00915,HT00915,SV01,S02,1,70,0,0,70,5,,
B001,HL00916,HT00916,SV01,S02,1,70,0,0,70,5,,
B001,HL00917,HT00917,SV01,S02,1,70,0,0,70,5,,
B001,HL00918,HT00918,SV02,S02,1,180,0,0,180,30,,
B001,HL00919,HT00919,SV02,S02,1,180,0,0,180,30,,
B001,HL00920,HT00920,SV01,S02,1,70,0,0,70,5,,
B001,HL00921,HT00921,SV02,S03,1,180,0,0,180,30,,
B001,HL00922,HT00922,SV01,S03,1,70,0,0,70,5,,
B001,HL00923,HT00923,SV01,S03,1,70,0,0,70,5,,
B001,HL00924,HT00924,SV01,S03,1,70,0,0,70,5,,
B001,HL00925,HT00925,SV01,S03,1,70,0,0,70,5,,
B001,HL00926,HT00926,SV02,S03,1,180,0,0,180,30,,
B001,HL00927,HT00927,SV02,S03,1,180,0,0,180,30,,
B001,HL00928,HT00928,SV01,S03,1,70,0,0,70,5,,
B001,HL00929,HT00929,SV01,S03,1,70,0,0,70,5,,
B001,HL00930,HT00930,SV01,S03,1,70,0,0,70,5,,
B001,HL00931,HT00931,SV01,S01,1,70,0,0,70,5,,
B001,HL00932,HT00932,SV02,S01,1,180,0,0,180,30,,
B001,HL00933,HT00933,SV02,S01,1,180,0,0,180,30,,
B001,HL00934,HT00934,SV01,S01,1,70,0,0,70,5,,
B001,HL00935,HT00935,SV01,S01,1,70,0,0,70,5,,
B001,HL00936,HT00936,SV01,S01,1,70,0,0,70,5,,
B001,HL00937,HT00937,SV01,S01,1,70,0,0,70,5,,
B001,HL00938,HT00938,SV02,S01,1,180,0,0,180,30,,
B001,HL00939,HT00939,SV02,S01,1,180,0,0,180,30,,
B001,HL00940,HT00940,SV01,S01,1,70,0,0,70,5,,
B001,HL00941,HT00941,SV02,S02,1,180,0,0,180,30,,
B001,HL00942,HT00942,SV01,S02,1,70,0,0,70,5,,
B001,HL00943,HT00943,SV01,S02,1,70,0,0,70,5,,
B001,HL00944,HT00944,SV01,S02,1,70,0,0,70,5,,
B001,HL00945,HT00945,SV01,S02,1,70,0,0,70,5,,
B001,HL00946,HT00946,SV02,S02,1,180,0,0,180,30,,
B001,HL00947,HT00947,SV02,S02,1,180,0,0,180,30,,
B001,HL00948,HT00948,SV01,S02,1,70,0,0,70,5,,
B001,HL00949,HT00949,SV01,S02,1,70,0,0,70,5,,
B001,HL00950,HT00950,SV01,S02,1,70,0,0,70,5,,
B001,HL00951,HT00951,SV01,S03,1,70,0,0,70,5,,
B001,HL00952,HT00952,SV01,S03,1,70,0,0,70,5,,
B001,HL00953,HT00953,SV01,S03,1,70,0,0,70,5,,
B001,HL00954,HT00954,SV02,S03,1,180,0,0,180,30,,
B001,HL00955,HT00955,SV02,S03,1,180,0,0,180,30,,
B001,HL00956,HT00956,SV01,S03,1,70,0,0,70,5,,
B001,HL00957,HT00957,SV01,S03,1,70,0,0,70,5,,
B001,HL00958,HT00958,SV01,S03,1,70,0,0,70,5,,
B001,HL00959,HT00959,SV01,S03,1,70,0,0,70,5,,
B001,HL00960,HT00960,SV02,S03,1,180,0,0,180,30,,
B001,HL00961,HT00961,SV02,S01,1,180,0,0,180,30,,
B001,HL00962,HT00962,SV01,S01,1,70,0,0,70,5,,
B001,HL00963,HT00963,SV01,S01,1,70,0,0,70,5,,
B001,HL00964,HT00964,SV01,S01,1,70,0,0,70,5,,
B001,HL00965,HT00965,SV01,S01,1,70,0,0,70,5,,
B001,HL00966,HT00966,SV02,S01,1,180,0,0,180,30,,
B001,HL00967,HT00967,SV02,S01,1,180,0,0,180,30,,
B001,HL00968,HT00968,SV01,S01,1,70,0,0,70,5,,
B001,HL00969,HT00969,SV01,S01,1,70,0,0,70,5,,
B001,HL00970,HT00970,SV01,S01,1,70,0,0,70,5,,
B001,HL00971,HT00971,SV01,S02,1,70,0,0,70,5,,
B001,HL00972,HT00972,SV01,S02,1,70,0,0,70,5,,
B001,HL00973,HT00973,SV01,S02,1,70,0,0,70,5,,
B001,HL00974,HT00974,SV02,S02,1,180,0,0,180,30,,
B001,HL00975,HT00975,SV02,S02,1,180,0,0,180,30,,
B001,HL00976,HT00976,SV01,S02,1,70,0,0,70,5,,
B001,HL00977,HT00977,SV01,S02,1,70,0,0,70,5,,
B001,HL00978,HT00978,SV01,S02,1,70,0,0,70,5,,
B001,HL00979,HT00979,SV01,S02,1,70,0,0,70,5,,
B001,HL00980,HT00980,SV02,S02,1,180,0,0,180,30,,
B001,HL00981,HT00981,SV01,S03,1,70,0,0,70,5,,
B001,HL00982,HT00982,SV02,S03,1,180,0,0,180,30,,
B001,HL00983,HT00983,SV02,S03,1,180,0,0,180,30,,
B001,HL00984,HT00984,SV01,S03,1,70,0,0,70,5,,
B001,HL00985,HT00985,SV01,S03,1,70,0,0,70,5,,
B001,HL00986,HT00986,SV01,S03,1,70,0,0,70,5,,
B001,HL00987,HT00987,SV01,S03,1,70,0,0,70,5,,
B001,HL00988,HT00988,SV02,S03,1,180,0,0,180,30,,
B001,HL00989,HT00989,SV02,S03,1,180,0,0,180,30,,
B001,HL00990,HT00990,SV01,S03,1,70,0,0,70,5,,
B001,HL00991,HT00991,SV01,S01,1,70,0,0,70,5,,
B001,HL00992,HT00992,SV01,S01,1,70,0,0,70,5,,
B001,HL00993,HT00993,SV01,S01,1,70,0,0,70,5,,
B001,HL00994,HT00994,SV02,S01,1,180,0,0,180,30,,
B001,HL00995,HT00995,SV02,S01,1,180,0,0,180,30,,
B001,HL00996,HT00996,SV01,S01,1,70,0,0,70,5,,
B001,HL00997,HT00997,SV01,S01,1,70,0,0,70,5,,
B001,HL00998,HT00998,SV01,S01,1,70,0,0,70,5,,
B001,HL00999,HT00999,SV01,S01,1,70,0,0,70,5,,
B001,HL01000,HT01000,SV02,S01,1,180,0,0,180,30,,
B001,HL01001,HT01001,SV01,S02,1,70,0,0,70,5,,
B001,HL01002,HT01002,SV02,S02,1,180,0,0,180,30,,
B001,HL01003,HT01003,SV02,S02,1,180,0,0,180,30,,
B001,HL01004,HT01004,SV01,S02,1,70,0,0,70,5,,
B001,HL01005,HT01005,SV01,S02,1,70,0,0,70,5,,
B001,HL01006,HT01006,SV01,S02,1,70,0,0,70,5,,
B001,HL01007,HT01007,SV01,S02,1,70,0,0,70,5,,
B001,HL01008,HT01008,SV02,S02,1,180,0,0,180,30,,
B001,HL01009,HT01009,SV02,S02,1,180,0,0,180,30,,
B001,HL01010,HT01010,SV01,S02,1,70,0,0,70,5,,
B001,HL01011,HT01011,SV02,S03,1,180,0,0,180,30,,
B001,HL01012,HT01012,SV01,S03,1,70,0,0,70,5,,
B001,HL01013,HT01013,SV01,S03,1,70,0,0,70,5,,
B001,HL01014,HT01014,SV01,S03,1,70,0,0,70,5,,
B001,HL01015,HT01015,SV01,S03,1,70,0,0,70,5,,
B001,HL01016,HT01016,SV02,S03,1,180,0,0,180,30,,
B001,HL01017,HT01017,SV02,S03,1,180,0,0,180,30,,
B001,HL01018,HT01018,SV01,S03,1,70,0,0,70,5,,
B001,HL01019,HT01019,SV01,S03,1,70,0,0,70,5,,
B001,HL01020,HT01020,SV01,S03,1,70,0,0,70,5,,
B001,HL01021,HT01021,SV01,S01,1,70,0,0,70,5,,
B001,HL01022,HT01022,SV02,S01,1,180,0,0,180,30,,
B001,HL01023,HT01023,SV02,S01,1,180,0,0,180,30,,
B001,HL01024,HT01024,SV01,S01,1,70,0,0,70,5,,
B001,HL01025,HT01025,SV01,S01,1,70,0,0,70,5,,
B001,HL01026,HT01026,SV01,S01,1,70,0,0,70,5,,
B001,HL01027,HT01027,SV01,S01,1,70,0,0,70,5,,
B001,HL01028,HT01028,SV02,S01,1,180,0,0,180,30,,
B001,HL01029,HT01029,SV02,S01,1,180,0,0,180,30,,
B001,HL01030,HT01030,SV01,S01,1,70,0,0,70,5,,
B001,HL01031,HT01031,SV02,S02,1,180,0,0,180,30,,
B001,HL01032,HT01032,SV01,S02,1,70,0,0,70,5,,
B001,HL01033,HT01033,SV01,S02,1,70,0,0,70,5,,
B001,HL01034,HT01034,SV01,S02,1,70,0,0,70,5,,
B001,HL01035,HT01035,SV01,S02,1,70,0,0,70,5,,
B001,HL01036,HT01036,SV02,S02,1,180,0,0,180,30,,
B001,HL01037,HT01037,SV02,S02,1,180,0,0,180,30,,
B001,HL01038,HT01038,SV01,S02,1,70,0,0,70,5,,
B001,HL01039,HT01039,SV01,S02,1,70,0,0,70,5,,
B001,HL01040,HT01040,SV01,S02,1,70,0,0,70,5,,
B001,HL01041,HT01041,SV01,S03,1,70,0,0,70,5,,
B001,HL01042,HT01042,SV01,S03,1,70,0,0,70,5,,
B001,HL01043,HT01043,SV01,S03,1,70,0,0,70,5,,
B001,HL01044,HT01044,SV02,S03,1,180,0,0,180,30,,
B001,HL01045,HT01045,SV02,S03,1,180,0,0,180,30,,
B001,HL01046,HT01046,SV01,S03,1,70,0,0,70,5,,
B001,HL01047,HT01047,SV01,S03,1,70,0,0,70,5,,
B001,HL01048,HT01048,SV01,S03,1,70,0,0,70,5,,
B001,HL01049,HT01049,SV01,S03,1,70,0,0,70,5,,
B001,HL01050,HT01050,SV02,S03,1,180,0,0,180,30,,
B001,HL01051,HT01051,SV02,S01,1,180,0,0,180,30,,
B001,HL01052,HT01052,SV01,S01,1,70,0,0,70,5,,
B001,HL01053,HT01053,SV01,S01,1,70,0,0,70,5,,
B001,HL01054,HT01054,SV01,S01,1,70,0,0,70,5,,
B001,HL01055,HT01055,SV01,S01,1,70,0,0,70,5,,
B001,HL01056,HT01056,SV02,S01,1,180,0,0,180,30,,
B001,HL01057,HT01057,SV02,S01,1,180,0,0,180,30,,
B001,HL01058,HT01058,SV01,S01,1,70,0,0,70,5,,
B001,HL01059,HT01059,SV01,S01,1,70,0,0,70,5,,
B001,HL01060,HT01060,SV01,S01,1,70,0,0,70,5,,
B001,HL01061,HT01061,SV01,S02,1,70,0,0,70,5,,
B001,HL01062,HT01062,SV01,S02,1,70,0,0,70,5,,
B001,HL01063,HT01063,SV01,S02,1,70,0,0,70,5,,
B001,HL01064,HT01064,SV02,S02,1,180,0,0,180,30,,
B001,HL01065,HT01065,SV02,S02,1,180,0,0,180,30,,
B001,HL01066,HT01066,SV01,S02,1,70,0,0,70,5,,
B001,HL01067,HT01067,SV01,S02,1,70,0,0,70,5,,
B001,HL01068,HT01068,SV01,S02,1,70,0,0,70,5,,
B001,HL01069,HT01069,SV01,S02,1,70,0,0,70,5,,
B001,HL01070,HT01070,SV02,S02,1,180,0,0,180,30,,
B001,HL01071,HT01071,SV01,S03,1,70,0,0,70,5,,
B001,HL01072,HT01072,SV02,S03,1,180,0,0,180,30,,
B001,HL01073,HT01073,SV02,S03,1,180,0,0,180,30,,
B001,HL01074,HT01074,SV01,S03,1,70,0,0,70,5,,
B001,HL01075,HT01075,SV01,S03,1,70,0,0,70,5,,
B001,HL01076,HT01076,SV01,S03,1,70,0,0,70,5,,
B001,HL01077,HT01077,SV01,S03,1,70,0,0,70,5,,
B001,HL01078,HT01078,SV02,S03,1,180,0,0,180,30,,
B001,HL01079,HT01079,SV02,S03,1,180,0,0,180,30,,
B001,HL01080,HT01080,SV01,S03,1,70,0,0,70,5,,
B001,HL01081,HT01081,SV01,S01,1,70,0,0,70,5,,
B001,HL01082,HT01082,SV01,S01,1,70,0,0,70,5,,
B001,HL01083,HT01083,SV01,S01,1,70,0,0,70,5,,
B001,HL01084,HT01084,SV02,S01,1,180,0,0,180,30,,
B001,HL01085,HT01085,SV02,S01,1,180,0,0,180,30,,
B001,HL01086,HT01086,SV01,S01,1,70,0,0,70,5,,
B001,HL01087,HT01087,SV01,S01,1,70,0,0,70,5,,
B001,HL01088,HT01088,SV01,S01,1,70,0,0,70,5,,
B001,HL01089,HT01089,SV01,S01,1,70,0,0,70,5,,
B001,HL01090,HT01090,SV02,S01,1,180,0,0,180,30,,
B001,HL01091,HT01091,SV01,S02,1,70,0,0,70,5,,
B001,HL01092,HT01092,SV02,S02,1,180,0,0,180,30,,
B001,HL01093,HT01093,SV02,S02,1,180,0,0,180,30,,
B001,HL01094,HT01094,SV01,S02,1,70,0,0,70,5,,
B001,HL01095,HT01095,SV01,S02,1,70,0,0,70,5,,
B001,HL01096,HT01096,SV01,S02,1,70,0,0,70,5,,
B001,HL01097,HT01097,SV01,S02,1,70,0,0,70,5,,
B001,HL01098,HT01098,SV02,S02,1,180,0,0,180,30,,
B001,HL01099,HT01099,SV02,S02,1,180,0,0,180,30,,
B001,HL01100,HT01100,SV01,S02,1,70,0,0,70,5,,
B001,HL01101,HT01101,SV02,S03,1,180,0,0,180,30,,
B001,HL01102,HT01102,SV01,S03,1,70,0,0,70,5,,
B001,HL01103,HT01103,SV01,S03,1,70,0,0,70,5,,
B001,HL01104,HT01104,SV01,S03,1,70,0,0,70,5,,
B001,HL01105,HT01105,SV01,S03,1,70,0,0,70,5,,
B001,HL01106,HT01106,SV02,S03,1,180,0,0,180,30,,
B001,HL01107,HT01107,SV02,S03,1,180,0,0,180,30,,
B001,HL01108,HT01108,SV01,S03,1,70,0,0,70,5,,
B001,HL01109,HT01109,SV01,S03,1,70,0,0,70,5,,
B001,HL01110,HT01110,SV01,S03,1,70,0,0,70,5,,
B001,HL01111,HT01111,SV01,S01,1,70,0,0,70,5,,
B001,HL01112,HT01112,SV02,S01,1,180,0,0,180,30,,
B001,HL01113,HT01113,SV02,S01,1,180,0,0,180,30,,
B001,HL01114,HT01114,SV01,S01,1,70,0,0,70,5,,
B001,HL01115,HT01115,SV01,S01,1,70,0,0,70,5,,
B001,HL01116,HT01116,SV01,S01,1,70,0,0,70,5,,
B001,HL01117,HT01117,SV01,S01,1,70,0,0,70,5,,
B001,HL01118,HT01118,SV02,S01,1,180,0,0,180,30,,
B001,HL01119,HT01119,SV02,S01,1,180,0,0,180,30,,
B001,HL01120,HT01120,SV01,S01,1,70,0,0,70,5,,
B001,HL01121,HT01121,SV02,S02,1,180,0,0,180,30,,
B001,HL01122,HT01122,SV01,S02,1,70,0,0,70,5,,
B001,HL01123,HT01123,SV01,S02,1,70,0,0,70,5,,
B001,HL01124,HT01124,SV01,S02,1,70,0,0,70,5,,
B001,HL01125,HT01125,SV01,S02,1,70,0,0,70,5,,
B001,HL01126,HT01126,SV02,S02,1,180,0,0,180,30,,
B001,HL01127,HT01127,SV02,S02,1,180,0,0,180,30,,
B001,HL01128,HT01128,SV01,S02,1,70,0,0,70,5,,
B001,HL01129,HT01129,SV01,S02,1,70,0,0,70,5,,
B001,HL01130,HT01130,SV01,S02,1,70,0,0,70,5,,
B001,HL01131,HT01131,SV01,S03,1,70,0,0,70,5,,
B001,HL01132,HT01132,SV01,S03,1,70,0,0,70,5,,
B001,HL01133,HT01133,SV01,S03,1,70,0,0,70,5,,
B001,HL01134,HT01134,SV02,S03,1,180,0,0,180,30,,
B001,HL01135,HT01135,SV02,S03,1,180,0,0,180,30,,
B001,HL01136,HT01136,SV01,S03,1,70,0,0,70,5,,
B001,HL01137,HT01137,SV01,S03,1,70,0,0,70,5,,
B001,HL01138,HT01138,SV01,S03,1,70,0,0,70,5,,
B001,HL01139,HT01139,SV01,S03,1,70,0,0,70,5,,
B001,HL01140,HT01140,SV02,S03,1,180,0,0,180,30,,
B001,HL01141,HT01141,SV02,S01,1,180,0,0,180,30,,
B001,HL01142,HT01142,SV01,S01,1,70,0,0,70,5,,
B001,HL01143,HT01143,SV01,S01,1,70,0,0,70,5,,
B001,HL01144,HT01144,SV01,S01,1,70,0,0,70,5,,
B001,HL01145,HT01145,SV01,S01,1,70,0,0,70,5,,
B001,HL01146,HT01146,SV02,S01,1,180,0,0,180,30,,
B001,HL01147,HT01147,SV02,S01,1,180,0,0,180,30,,
B001,HL01148,HT01148,SV01,S01,1,70,0,0,70,5,,
B001,HL01149,HT01149,SV01,S01,1,70,0,0,70,5,,
B001,HL01150,HT01150,SV01,S01,1,70,0,0,70,5,,
B001,HL01151,HT01151,SV01,S02,1,70,0,0,70,5,,
B001,HL01152,HT01152,SV01,S02,1,70,0,0,70,5,,
B001,HL01153,HT01153,SV01,S02,1,70,0,0,70,5,,
B001,HL01154,HT01154,SV02,S02,1,180,0,0,180,30,,
B001,HL01155,HT01155,SV02,S02,1,180,0,0,180,30,,
B001,HL01156,HT01156,SV01,S02,1,70,0,0,70,5,,
B001,HL01157,HT01157,SV01,S02,1,70,0,0,70,5,,
B001,HL01158,HT01158,SV01,S02,1,70,0,0,70,5,,
B001,HL01159,HT01159,SV01,S02,1,70,0,0,70,5,,
B001,HL01160,HT01160,SV02,S02,1,180,0,0,180,30,,
B001,HL01161,HT01161,SV01,S03,1,70,0,0,70,5,,
B001,HL01162,HT01162,SV02,S03,1,180,0,0,180,30,,
B001,HL01163,HT01163,SV02,S03,1,180,0,0,180,30,,
B001,HL01164,HT01164,SV01,S03,1,70,0,0,70,5,,
B001,HL01165,HT01165,SV01,S03,1,70,0,0,70,5,,
B001,HL01166,HT01166,SV01,S03,1,70,0,0,70,5,,
B001,HL01167,HT01167,SV01,S03,1,70,0,0,70,5,,
B001,HL01168,HT01168,SV02,S03,1,180,0,0,180,30,,
B001,HL01169,HT01169,SV02,S03,1,180,0,0,180,30,,
B001,HL01170,HT01170,SV01,S03,1,70,0,0,70,5,,
B001,HL01171,HT01171,SV01,S01,1,70,0,0,70,5,,
B001,HL01172,HT01172,SV01,S01,1,70,0,0,70,5,,
B001,HL01173,HT01173,SV01,S01,1,70,0,0,70,5,,
B001,HL01174,HT01174,SV02,S01,1,180,0,0,180,30,,
B001,HL01175,HT01175,SV02,S01,1,180,0,0,180,30,,
B001,HL01176,HT01176,SV01,S01,1,70,0,0,70,5,,
B001,HL01177,HT01177,SV01,S01,1,70,0,0,70,5,,
B001,HL01178,HT01178,SV01,S01,1,70,0,0,70,5,,
B001,HL01179,HT01179,SV01,S01,1,70,0,0,70,5,,
B001,HL01180,HT01180,SV02,S01,1,180,0,0,180,30,,
B001,HL01181,HT01181,SV01,S02,1,70,0,0,70,5,,
B001,HL01182,HT01182,SV02,S02,1,180,0,0,180,30,,
B001,HL01183,HT01183,SV02,S02,1,180,0,0,180,30,,
B001,HL01184,HT01184,SV01,S02,1,70,0,0,70,5,,
B001,HL01185,HT01185,SV01,S02,1,70,0,0,70,5,,
B001,HL01186,HT01186,SV01,S02,1,70,0,0,70,5,,
B001,HL01187,HT01187,SV01,S02,1,70,0,0,70,5,,
B001,HL01188,HT01188,SV02,S02,1,180,0,0,180,30,,
B001,HL01189,HT01189,SV02,S02,1,180,0,0,180,30,,
B001,HL01190,HT01190,SV01,S02,1,70,0,0,70,5,,
B001,HL01191,HT01191,SV02,S03,1,180,0,0,180,30,,
B001,HL01192,HT01192,SV01,S03,1,70,0,0,70,5,,
B001,HL01193,HT01193,SV01,S03,1,70,0,0,70,5,,
B001,HL01194,HT01194,SV01,S03,1,70,0,0,70,5,,
B001,HL01195,HT01195,SV01,S03,1,70,0,0,70,5,,
B001,HL01196,HT01196,SV02,S03,1,180,0,0,180,30,,
B001,HL01197,HT01197,SV02,S03,1,180,0,0,180,30,,
B001,HL01198,HT01198,SV01,S03,1,70,0,0,70,5,,
B001,HL01199,HT01199,SV01,S03,1,70,0,0,70,5,,
B001,HL01200,HT01200,SV01,S03,1,70,0,0,70,5,,
B001,HL01201,HT01201,SV01,S01,1,70,0,0,70,5,,
B001,HL01202,HT01202,SV02,S01,1,180,0,0,180,30,,
B001,HL01203,HT01203,SV02,S01,1,180,0,0,180,30,,
B001,HL01204,HT01204,SV01,S01,1,70,0,0,70,5,,
B001,HL01205,HT01205,SV01,S01,1,70,0,0,70,5,,
B001,HL01206,HT01206,SV01,S01,1,70,0,0,70,5,,
B001,HL01207,HT01207,SV01,S01,1,70,0,0,70,5,,
B001,HL01208,HT01208,SV02,S01,1,180,0,0,180,30,,
B001,HL01209,HT01209,SV02,S01,1,180,0,0,180,30,,
B001,HL01210,HT01210,SV01,S01,1,70,0,0,70,5,,
B001,HL01211,HT01211,SV02,S02,1,180,0,0,180,30,,
B001,HL01212,HT01212,SV01,S02,1,70,0,0,70,5,,
B001,HL01213,HT01213,SV01,S02,1,70,0,0,70,5,,
B001,HL01214,HT01214,SV01,S02,1,70,0,0,70,5,,
B001,HL01215,HT01215,SV01,S02,1,70,0,0,70,5,,
B001,HL01216,HT01216,SV02,S02,1,180,0,0,180,30,,
B001,HL01217,HT01217,SV02,S02,1,180,0,0,180,30,,
B001,HL01218,HT01218,SV01,S02,1,70,0,0,70,5,,
B001,HL01219,HT01219,SV01,S02,1,70,0,0,70,5,,
B001,HL01220,HT01220,SV01,S02,1,70,0,0,70,5,,
B001,HL01221,HT01221,SV01,S03,1,70,0,0,70,5,,
B001,HL01222,HT01222,SV01,S03,1,70,0,0,70,5,,
B001,HL01223,HT01223,SV01,S03,1,70,0,0,70,5,,
B001,HL01224,HT01224,SV02,S03,1,180,0,0,180,30,,
B001,HL01225,HT01225,SV02,S03,1,180,0,0,180,30,,
B001,HL01226,HT01226,SV01,S03,1,70,0,0,70,5,,
B001,HL01227,HT01227,SV01,S03,1,70,0,0,70,5,,
B001,HL01228,HT01228,SV01,S03,1,70,0,0,70,5,,
B001,HL01229,HT01229,SV01,S03,1,70,0,0,70,5,,
B001,HL01230,HT01230,SV02,S03,1,180,0,0,180,30,,
B001,HL01231,HT01231,SV02,S01,1,180,0,0,180,30,,
B001,HL01232,HT01232,SV01,S01,1,70,0,0,70,5,,
B001,HL01233,HT01233,SV01,S01,1,70,0,0,70,5,,
B001,HL01234,HT01234,SV01,S01,1,70,0,0,70,5,,
B001,HL01235,HT01235,SV01,S01,1,70,0,0,70,5,,
B001,HL01236,HT01236,SV02,S01,1,180,0,0,180,30,,
B001,HL01237,HT01237,SV02,S01,1,180,0,0,180,30,,
B001,HL01238,HT01238,SV01,S01,1,70,0,0,70,5,,
B001,HL01239,HT01239,SV01,S01,1,70,0,0,70,5,,
B001,HL01240,HT01240,SV01,S01,1,70,0,0,70,5,,
B001,HL01241,HT01241,SV01,S02,1,70,0,0,70,5,,
B001,HL01242,HT01242,SV01,S02,1,70,0,0,70,5,,
B001,HL01243,HT01243,SV01,S02,1,70,0,0,70,5,,
B001,HL01244,HT01244,SV02,S02,1,180,0,0,180,30,,
B001,HL01245,HT01245,SV02,S02,1,180,0,0,180,30,,
B001,HL01246,HT01246,SV01,S02,1,70,0,0,70,5,,
B001,HL01247,HT01247,SV01,S02,1,70,0,0,70,5,,
B001,HL01248,HT01248,SV01,S02,1,70,0,0,70,5,,
B001,HL01249,HT01249,SV01,S02,1,70,0,0,70,5,,
B001,HL01250,HT01250,SV02,S02,1,180,0,0,180,30,,
B001,HL01251,HT01251,SV01,S03,1,70,0,0,70,5,,
B001,HL01252,HT01252,SV02,S03,1,180,0,0,180,30,,
B001,HL01253,HT01253,SV02,S03,1,180,0,0,180,30,,
B001,HL01254,HT01254,SV01,S03,1,70,0,0,70,5,,
B001,HL01255,HT01255,SV01,S03,1,70,0,0,70,5,,
B001,HL01256,HT01256,SV01,S03,1,70,0,0,70,5,,
B001,HL01257,HT01257,SV01,S03,1,70,0,0,70,5,,
B001,HL01258,HT01258,SV02,S03,1,180,0,0,180,30,,
B001,HL01259,HT01259,SV02,S03,1,180,0,0,180,30,,
B001,HL01260,HT01260,SV01,S03,1,70,0,0,70,5,,
B001,HL01261,HT01261,SV01,S01,1,70,0,0,70,5,,
B001,HL01262,HT01262,SV01,S01,1,70,0,0,70,5,,
B001,HL01263,HT01263,SV01,S01,1,70,0,0,70,5,,
B001,HL01264,HT01264,SV02,S01,1,180,0,0,180,30,,
B001,HL01265,HT01265,SV02,S01,1,180,0,0,180,30,,
B001,HL01266,HT01266,SV01,S01,1,70,0,0,70,5,,
B001,HL01267,HT01267,SV01,S01,1,70,0,0,70,5,,
B001,HL01268,HT01268,SV01,S01,1,70,0,0,70,5,,
B001,HL01269,HT01269,SV01,S01,1,70,0,0,70,5,,
B001,HL01270,HT01270,SV02,S01,1,180,0,0,180,30,,
B001,HL01271,HT01271,SV01,S02,1,70,0,0,70,5,,
B001,HL01272,HT01272,SV02,S02,1,180,0,0,180,30,,
B001,HL01273,HT01273,SV02,S02,1,180,0,0,180,30,,
B001,HL01274,HT01274,SV01,S02,1,70,0,0,70,5,,
B001,HL01275,HT01275,SV01,S02,1,70,0,0,70,5,,
B001,HL01276,HT01276,SV01,S02,1,70,0,0,70,5,,
B001,HL01277,HT01277,SV01,S02,1,70,0,0,70,5,,
B001,HL01278,HT01278,SV02,S02,1,180,0,0,180,30,,
B001,HL01279,HT01279,SV02,S02,1,180,0,0,180,30,,
B001,HL01280,HT01280,SV01,S02,1,70,0,0,70,5,,
B001,HL01281,HT01281,SV02,S03,1,180,0,0,180,30,,
B001,HL01282,HT01282,SV01,S03,1,70,0,0,70,5,,
B001,HL01283,HT01283,SV01,S03,1,70,0,0,70,5,,
B001,HL01284,HT01284,SV01,S03,1,70,0,0,70,5,,
B001,HL01285,HT01285,SV01,S03,1,70,0,0,70,5,,
B001,HL01286,HT01286,SV02,S03,1,180,0,0,180,30,,
B001,HL01287,HT01287,SV02,S03,1,180,0,0,180,30,,
B001,HL01288,HT01288,SV01,S03,1,70,0,0,70,5,,
B001,HL01289,HT01289,SV01,S03,1,70,0,0,70,5,,
B001,HL01290,HT01290,SV01,S03,1,70,0,0,70,5,,
B001,HL01291,HT01291,SV01,S01,1,70,0,0,70,5,,
B001,HL01292,HT01292,SV02,S01,1,180,0,0,180,30,,
B001,HL01293,HT01293,SV02,S01,1,180,0,0,180,30,,
B001,HL01294,HT01294,SV01,S01,1,70,0,0,70,5,,
B001,HL01295,HT01295,SV01,S01,1,70,0,0,70,5,,
B001,HL01296,HT01296,SV01,S01,1,70,0,0,70,5,,
B001,HL01297,HT01297,SV01,S01,1,70,0,0,70,5,,
B001,HL01298,HT01298,SV02,S01,1,180,0,0,180,30,,
B001,HL01299,HT01299,SV02,S01,1,180,0,0,180,30,,
B001,HL01300,HT01300,SV01,S01,1,70,0,0,70,5,,
B001,HL01301,HT01301,SV02,S02,1,180,0,0,180,30,,
B001,HL01302,HT01302,SV01,S02,1,70,0,0,70,5,,
B001,HL01303,HT01303,SV01,S02,1,70,0,0,70,5,,
B001,HL01304,HT01304,SV01,S02,1,70,0,0,70,5,,
B001,HL01305,HT01305,SV01,S02,1,70,0,0,70,5,,
B001,HL01306,HT01306,SV02,S02,1,180,0,0,180,30,,
B001,HL01307,HT01307,SV02,S02,1,180,0,0,180,30,,
B001,HL01308,HT01308,SV01,S02,1,70,0,0,70,5,,
B001,HL01309,HT01309,SV01,S02,1,70,0,0,70,5,,
B001,HL01310,HT01310,SV01,S02,1,70,0,0,70,5,,
B001,HL01311,HT01311,SV01,S03,1,70,0,0,70,5,,
B001,HL01312,HT01312,SV01,S03,1,70,0,0,70,5,,
B001,HL01313,HT01313,SV01,S03,1,70,0,0,70,5,,
B001,HL01314,HT01314,SV02,S03,1,180,0,0,180,30,,
B001,HL01315,HT01315,SV02,S03,1,180,0,0,180,30,,
B001,HL01316,HT01316,SV01,S03,1,70,0,0,70,5,,
B001,HL01317,HT01317,SV01,S03,1,70,0,0,70,5,,
B001,HL01318,HT01318,SV01,S03,1,70,0,0,70,5,,
B001,HL01319,HT01319,SV01,S03,1,70,0,0,70,5,,
B001,HL01320,HT01320,SV02,S03,1,180,0,0,180,30,,
B001,HL01321,HT01321,SV02,S01,1,180,0,0,180,30,,
B001,HL01322,HT01322,SV01,S01,1,70,0,0,70,5,,
B001,HL01323,HT01323,SV01,S01,1,70,0,0,70,5,,
B001,HL01324,HT01324,SV01,S01,1,70,0,0,70,5,,
B001,HL01325,HT01325,SV01,S01,1,70,0,0,70,5,,
B001,HL01326,HT01326,SV02,S01,1,180,0,0,180,30,,
B001,HL01327,HT01327,SV02,S01,1,180,0,0,180,30,,
B001,HL01328,HT01328,SV01,S01,1,70,0,0,70,5,,
B001,HL01329,HT01329,SV01,S01,1,70,0,0,70,5,,
B001,HL01330,HT01330,SV01,S01,1,70,0,0,70,5,,
B001,HL01331,HT01331,SV01,S02,1,70,0,0,70,5,,
B001,HL01332,HT01332,SV01,S02,1,70,0,0,70,5,,
B001,HL01333,HT01333,SV01,S02,1,70,0,0,70,5,,
B001,HL01334,HT01334,SV02,S02,1,180,0,0,180,30,,
B001,HL01335,HT01335,SV02,S02,1,180,0,0,180,30,,
B001,HL01336,HT01336,SV01,S02,1,70,0,0,70,5,,
B001,HL01337,HT01337,SV01,S02,1,70,0,0,70,5,,
B001,HL01338,HT01338,SV01,S02,1,70,0,0,70,5,,
B001,HL01339,HT01339,SV01,S02,1,70,0,0,70,5,,
B001,HL01340,HT01340,SV02,S02,1,180,0,0,180,30,,
B001,HL01341,HT01341,SV01,S03,1,70,0,0,70,5,,
B001,HL01342,HT01342,SV02,S03,1,180,0,0,180,30,,
B001,HL01343,HT01343,SV02,S03,1,180,0,0,180,30,,
B001,HL01344,HT01344,SV01,S03,1,70,0,0,70,5,,
B001,HL01345,HT01345,SV01,S03,1,70,0,0,70,5,,
B001,HL01346,HT01346,SV01,S03,1,70,0,0,70,5,,
B001,HL01347,HT01347,SV01,S03,1,70,0,0,70,5,,
B001,HL01348,HT01348,SV02,S03,1,180,0,0,180,30,,
B001,HL01349,HT01349,SV02,S03,1,180,0,0,180,30,,
B001,HL01350,HT01350,SV01,S03,1,70,0,0,70,5,,
B001,HL01351,HT01351,SV01,S01,1,70,0,0,70,5,,
B001,HL01352,HT01352,SV01,S01,1,70,0,0,70,5,,
B001,HL01353,HT01353,SV01,S01,1,70,0,0,70,5,,
B001,HL01354,HT01354,SV02,S01,1,180,0,0,180,30,,
B001,HL01355,HT01355,SV02,S01,1,180,0,0,180,30,,
B001,HL01356,HT01356,SV01,S01,1,70,0,0,70,5,,
B001,HL01357,HT01357,SV01,S01,1,70,0,0,70,5,,
B001,HL01358,HT01358,SV01,S01,1,70,0,0,70,5,,
B001,HL01359,HT01359,SV01,S01,1,70,0,0,70,5,,
B001,HL01360,HT01360,SV02,S01,1,180,0,0,180,30,,
B001,HL01361,HT01361,SV01,S02,1,70,0,0,70,5,,
B001,HL01362,HT01362,SV02,S02,1,180,0,0,180,30,,
B001,HL01363,HT01363,SV02,S02,1,180,0,0,180,30,,
B001,HL01364,HT01364,SV01,S02,1,70,0,0,70,5,,
B001,HL01365,HT01365,SV01,S02,1,70,0,0,70,5,,
B001,HL01366,HT01366,SV01,S02,1,70,0,0,70,5,,
B001,HL01367,HT01367,SV01,S02,1,70,0,0,70,5,,
B001,HL01368,HT01368,SV02,S02,1,180,0,0,180,30,,
B001,HL01369,HT01369,SV02,S02,1,180,0,0,180,30,,
B001,HL01370,HT01370,SV01,S02,1,70,0,0,70,5,,
B001,HL01371,HT01371,SV02,S03,1,180,0,0,180,30,,
B001,HL01372,HT01372,SV01,S03,1,70,0,0,70,5,,
B001,HL01373,HT01373,SV01,S03,1,70,0,0,70,5,,
B001,HL01374,HT01374,SV01,S03,1,70,0,0,70,5,,
B001,HL01375,HT01375,SV01,S03,1,70,0,0,70,5,,
B001,HL01376,HT01376,SV02,S03,1,180,0,0,180,30,,
B001,HL01377,HT01377,SV02,S03,1,180,0,0,180,30,,
B001,HL01378,HT01378,SV01,S03,1,70,0,0,70,5,,
B001,HL01379,HT01379,SV01,S03,1,70,0,0,70,5,,
B001,HL01380,HT01380,SV01,S03,1,70,0,0,70,5,,
B001,HL01381,HT01381,SV01,S01,1,70,0,0,70,5,,
B001,HL01382,HT01382,SV02,S01,1,180,0,0,180,30,,
B001,HL01383,HT01383,SV02,S01,1,180,0,0,180,30,,
B001,HL01384,HT01384,SV01,S01,1,70,0,0,70,5,,
B001,HL01385,HT01385,SV01,S01,1,70,0,0,70,5,,
B001,HL01386,HT01386,SV01,S01,1,70,0,0,70,5,,
B001,HL01387,HT01387,SV01,S01,1,70,0,0,70,5,,
B001,HL01388,HT01388,SV02,S01,1,180,0,0,180,30,,
B001,HL01389,HT01389,SV02,S01,1,180,0,0,180,30,,
B001,HL01390,HT01390,SV01,S01,1,70,0,0,70,5,,
B001,HL01391,HT01391,SV02,S02,1,180,0,0,180,30,,
B001,HL01392,HT01392,SV01,S02,1,70,0,0,70,5,,
B001,HL01393,HT01393,SV01,S02,1,70,0,0,70,5,,
B001,HL01394,HT01394,SV01,S02,1,70,0,0,70,5,,
B001,HL01395,HT01395,SV01,S02,1,70,0,0,70,5,,
B001,HL01396,HT01396,SV02,S02,1,180,0,0,180,30,,
B001,HL01397,HT01397,SV02,S02,1,180,0,0,180,30,,
B001,HL01398,HT01398,SV01,S02,1,70,0,0,70,5,,
B001,HL01399,HT01399,SV01,S02,1,70,0,0,70,5,,
B001,HL01400,HT01400,SV01,S02,1,70,0,0,70,5,,
B001,HL01401,HT01401,SV01,S03,1,70,0,0,70,5,,
B001,HL01402,HT01402,SV01,S03,1,70,0,0,70,5,,
B001,HL01403,HT01403,SV01,S03,1,70,0,0,70,5,,
B001,HL01404,HT01404,SV02,S03,1,180,0,0,180,30,,
B001,HL01405,HT01405,SV02,S03,1,180,0,0,180,30,,
B001,HL01406,HT01406,SV01,S03,1,70,0,0,70,5,,
B001,HL01407,HT01407,SV01,S03,1,70,0,0,70,5,,
B001,HL01408,HT01408,SV01,S03,1,70,0,0,70,5,,
B001,HL01409,HT01409,SV01,S03,1,70,0,0,70,5,,
B001,HL01410,HT01410,SV02,S03,1,180,0,0,180,30,,
B001,HL01411,HT01411,SV02,S01,1,180,0,0,180,30,,
B001,HL01412,HT01412,SV01,S01,1,70,0,0,70,5,,
B001,HL01413,HT01413,SV01,S01,1,70,0,0,70,5,,
B001,HL01414,HT01414,SV01,S01,1,70,0,0,70,5,,
B001,HL01415,HT01415,SV01,S01,1,70,0,0,70,5,,
B001,HL01416,HT01416,SV02,S01,1,180,0,0,180,30,,
B001,HL01417,HT01417,SV02,S01,1,180,0,0,180,30,,
B001,HL01418,HT01418,SV01,S01,1,70,0,0,70,5,,
B001,HL01419,HT01419,SV01,S01,1,70,0,0,70,5,,
B001,HL01420,HT01420,SV01,S01,1,70,0,0,70,5,,
B001,HL01421,HT01421,SV01,S02,1,70,0,0,70,5,,
B001,HL01422,HT01422,SV01,S02,1,70,0,0,70,5,,
B001,HL01423,HT01423,SV01,S02,1,70,0,0,70,5,,
B001,HL01424,HT01424,SV02,S02,1,180,0,0,180,30,,
B001,HL01425,HT01425,SV02,S02,1,180,0,0,180,30,,
B001,HL01426,HT01426,SV01,S02,1,70,0,0,70,5,,
B001,HL01427,HT01427,SV01,S02,1,70,0,0,70,5,,
B001,HL01428,HT01428,SV01,S02,1,70,0,0,70,5,,
B001,HL01429,HT01429,SV01,S02,1,70,0,0,70,5,,
B001,HL01430,HT01430,SV02,S02,1,180,0,0,180,30,,
B001,HL01431,HT01431,SV01,S03,1,70,0,0,70,5,,
B001,HL01432,HT01432,SV02,S03,1,180,0,0,180,30,,
B001,HL01433,HT01433,SV02,S03,1,180,0,0,180,30,,
B001,HL01434,HT01434,SV01,S03,1,70,0,0,70,5,,
B001,HL01435,HT01435,SV01,S03,1,70,0,0,70,5,,
B001,HL01436,HT01436,SV01,S03,1,70,0,0,70,5,,
B001,HL01437,HT01437,SV01,S03,1,70,0,0,70,5,,
B001,HL01438,HT01438,SV02,S03,1,180,0,0,180,30,,
B001,HL01439,HT01439,SV02,S03,1,180,0,0,180,30,,
B001,HL01440,HT01440,SV01,S03,1,70,0,0,70,5,,
B001,HL01441,HT01441,SV01,S01,1,70,0,0,70,5,,
B001,HL01442,HT01442,SV01,S01,1,70,0,0,70,5,,
B001,HL01443,HT01443,SV01,S01,1,70,0,0,70,5,,
B001,HL01444,HT01444,SV02,S01,1,180,0,0,180,30,,
B001,HL01445,HT01445,SV02,S01,1,180,0,0,180,30,,
B001,HL01446,HT01446,SV01,S01,1,70,0,0,70,5,,
B001,HL01447,HT01447,SV01,S01,1,70,0,0,70,5,,
B001,HL01448,HT01448,SV01,S01,1,70,0,0,70,5,,
B001,HL01449,HT01449,SV01,S01,1,70,0,0,70,5,,
B001,HL01450,HT01450,SV02,S01,1,180,0,0,180,30,,
B001,HL01451,HT01451,SV01,S02,1,70,0,0,70,5,,
B001,HL01452,HT01452,SV02,S02,1,180,0,0,180,30,,
B001,HL01453,HT01453,SV02,S02,1,180,0,0,180,30,,
B001,HL01454,HT01454,SV01,S02,1,70,0,0,70,5,,
B001,HL01455,HT01455,SV01,S02,1,70,0,0,70,5,,
B001,HL01456,HT01456,SV01,S02,1,70,0,0,70,5,,
B001,HL01457,HT01457,SV01,S02,1,70,0,0,70,5,,
B001,HL01458,HT01458,SV02,S02,1,180,0,0,180,30,,
B001,HL01459,HT01459,SV02,S02,1,180,0,0,180,30,,
B001,HL01460,HT01460,SV01,S02,1,70,0,0,70,5,,
B001,HL01461,HT01461,SV02,S03,1,180,0,0,180,30,,
B001,HL01462,HT01462,SV01,S03,1,70,0,0,70,5,,
B001,HL01463,HT01463,SV01,S03,1,70,0,0,70,5,,
B001,HL01464,HT01464,SV01,S03,1,70,0,0,70,5,,
B001,HL01465,HT01465,SV01,S03,1,70,0,0,70,5,,
B001,HL01466,HT01466,SV02,S03,1,180,0,0,180,30,,
B001,HL01467,HT01467,SV02,S03,1,180,0,0,180,30,,
B001,HL01468,HT01468,SV01,S03,1,70,0,0,70,5,,
B001,HL01469,HT01469,SV01,S03,1,70,0,0,70,5,,
B001,HL01470,HT01470,SV01,S03,1,70,0,0,70,5,,
B001,HL01471,HT01471,SV01,S01,1,70,0,0,70,5,,
B001,HL01472,HT01472,SV02,S01,1,180,0,0,180,30,,
B001,HL01473,HT01473,SV02,S01,1,180,0,0,180,30,,
B001,HL01474,HT01474,SV01,S01,1,70,0,0,70,5,,
B001,HL01475,HT01475,SV01,S01,1,70,0,0,70,5,,
B001,HL01476,HT01476,SV01,S01,1,70,0,0,70,5,,
B001,HL01477,HT01477,SV01,S01,1,70,0,0,70,5,,
B001,HL01478,HT01478,SV02,S01,1,180,0,0,180,30,,
B001,HL01479,HT01479,SV02,S01,1,180,0,0,180,30,,
B001,HL01480,HT01480,SV01,S01,1,70,0,0,70,5,,
B001,HL01481,HT01481,SV02,S02,1,180,0,0,180,30,,
B001,HL01482,HT01482,SV01,S02,1,70,0,0,70,5,,
B001,HL01483,HT01483,SV01,S02,1,70,0,0,70,5,,
B001,HL01484,HT01484,SV01,S02,1,70,0,0,70,5,,
B001,HL01485,HT01485,SV01,S02,1,70,0,0,70,5,,
B001,HL01486,HT01486,SV02,S02,1,180,0,0,180,30,,
B001,HL01487,HT01487,SV02,S02,1,180,0,0,180,30,,
B001,HL01488,HT01488,SV01,S02,1,70,0,0,70,5,,
B001,HL01489,HT01489,SV01,S02,1,70,0,0,70,5,,
B001,HL01490,HT01490,SV01,S02,1,70,0,0,70,5,,
B001,HL01491,HT01491,SV01,S03,1,70,0,0,70,5,,
B001,HL01492,HT01492,SV01,S03,1,70,0,0,70,5,,
B001,HL01493,HT01493,SV01,S03,1,70,0,0,70,5,,
B001,HL01494,HT01494,SV02,S03,1,180,0,0,180,30,,
B001,HL01495,HT01495,SV02,S03,1,180,0,0,180,30,,
B001,HL01496,HT01496,SV01,S03,1,70,0,0,70,5,,
B001,HL01497,HT01497,SV01,S03,1,70,0,0,70,5,,
B001,HL01498,HT01498,SV01,S03,1,70,0,0,70,5,,
B001,HL01499,HT01499,SV01,S03,1,70,0,0,70,5,,
B001,HL01500,HT01500,SV02,S03,1,180,0,0,180,30,,
B001,HL01501,HT01501,SV02,S01,1,180,0,0,180,30,,
B001,HL01502,HT01502,SV01,S01,1,70,0,0,70,5,,
B001,HL01503,HT01503,SV01,S01,1,70,0,0,70,5,,
B001,HL01504,HT01504,SV01,S01,1,70,0,0,70,5,,
B001,HL01505,HT01505,SV01,S01,1,70,0,0,70,5,,
B001,HL01506,HT01506,SV02,S01,1,180,0,0,180,30,,
B001,HL01507,HT01507,SV02,S01,1,180,0,0,180,30,,
B001,HL01508,HT01508,SV01,S01,1,70,0,0,70,5,,
B001,HL01509,HT01509,SV01,S01,1,70,0,0,70,5,,
B001,HL01510,HT01510,SV01,S01,1,70,0,0,70,5,,
B001,HL01511,HT01511,SV01,S02,1,70,0,0,70,5,,
B001,HL01512,HT01512,SV01,S02,1,70,0,0,70,5,,
B001,HL01513,HT01513,SV01,S02,1,70,0,0,70,5,,
B001,HL01514,HT01514,SV02,S02,1,180,0,0,180,30,,
B001,HL01515,HT01515,SV02,S02,1,180,0,0,180,30,,
B001,HL01516,HT01516,SV01,S02,1,70,0,0,70,5,,
B001,HL01517,HT01517,SV01,S02,1,70,0,0,70,5,,
B001,HL01518,HT01518,SV01,S02,1,70,0,0,70,5,,
B001,HL01519,HT01519,SV01,S02,1,70,0,0,70,5,,
B001,HL01520,HT01520,SV02,S02,1,180,0,0,180,30,,
B001,HL01521,HT01521,SV01,S03,1,70,0,0,70,5,,
B001,HL01522,HT01522,SV02,S03,1,180,0,0,180,30,,
B001,HL01523,HT01523,SV02,S03,1,180,0,0,180,30,,
B001,HL01524,HT01524,SV01,S03,1,70,0,0,70,5,,
B001,HL01525,HT01525,SV01,S03,1,70,0,0,70,5,,
B001,HL01526,HT01526,SV01,S03,1,70,0,0,70,5,,
B001,HL01527,HT01527,SV01,S03,1,70,0,0,70,5,,
B001,HL01528,HT01528,SV02,S03,1,180,0,0,180,30,,
B001,HL01529,HT01529,SV02,S03,1,180,0,0,180,30,,
B001,HL01530,HT01530,SV01,S03,1,70,0,0,70,5,,
B001,HL01531,HT01531,SV01,S01,1,70,0,0,70,5,,
B001,HL01532,HT01532,SV01,S01,1,70,0,0,70,5,,
B001,HL01533,HT01533,SV01,S01,1,70,0,0,70,5,,
B001,HL01534,HT01534,SV02,S01,1,180,0,0,180,30,,
B001,HL01535,HT01535,SV02,S01,1,180,0,0,180,30,,
B001,HL01536,HT01536,SV01,S01,1,70,0,0,70,5,,
B001,HL01537,HT01537,SV01,S01,1,70,0,0,70,5,,
B001,HL01538,HT01538,SV01,S01,1,70,0,0,70,5,,
B001,HL01539,HT01539,SV01,S01,1,70,0,0,70,5,,
B001,HL01540,HT01540,SV02,S01,1,180,0,0,180,30,,
B001,HL01541,HT01541,SV01,S02,1,70,0,0,70,5,,
B001,HL01542,HT01542,SV02,S02,1,180,0,0,180,30,,
B001,HL01543,HT01543,SV02,S02,1,180,0,0,180,30,,
B001,HL01544,HT01544,SV01,S02,1,70,0,0,70,5,,
B001,HL01545,HT01545,SV01,S02,1,70,0,0,70,5,,
B001,HL01546,HT01546,SV01,S02,1,70,0,0,70,5,,
B001,HL01547,HT01547,SV01,S02,1,70,0,0,70,5,,
B001,HL01548,HT01548,SV02,S02,1,180,0,0,180,30,,
B001,HL01549,HT01549,SV02,S02,1,180,0,0,180,30,,
B001,HL01550,HT01550,SV01,S02,1,70,0,0,70,5,,
B001,HL01551,HT01551,SV02,S03,1,180,0,0,180,30,,
B001,HL01552,HT01552,SV01,S03,1,70,0,0,70,5,,
B001,HL01553,HT01553,SV01,S03,1,70,0,0,70,5,,
B001,HL01554,HT01554,SV01,S03,1,70,0,0,70,5,,
B001,HL01555,HT01555,SV01,S03,1,70,0,0,70,5,,
B001,HL01556,HT01556,SV02,S03,1,180,0,0,180,30,,
B001,HL01557,HT01557,SV02,S03,1,180,0,0,180,30,,
B001,HL01558,HT01558,SV01,S03,1,70,0,0,70,5,,
B001,HL01559,HT01559,SV01,S03,1,70,0,0,70,5,,
B001,HL01560,HT01560,SV01,S03,1,70,0,0,70,5,,
B001,HL01561,HT01561,SV01,S01,1,70,0,0,70,5,,
B001,HL01562,HT01562,SV02,S01,1,180,0,0,180,30,,
B001,HL01563,HT01563,SV02,S01,1,180,0,0,180,30,,
B001,HL01564,HT01564,SV01,S01,1,70,0,0,70,5,,
B001,HL01565,HT01565,SV01,S01,1,70,0,0,70,5,,
B001,HL01566,HT01566,SV01,S01,1,70,0,0,70,5,,
B001,HL01567,HT01567,SV01,S01,1,70,0,0,70,5,,
B001,HL01568,HT01568,SV02,S01,1,180,0,0,180,30,,
B001,HL01569,HT01569,SV02,S01,1,180,0,0,180,30,,
B001,HL01570,HT01570,SV01,S01,1,70,0,0,70,5,,
B001,HL01571,HT01571,SV02,S02,1,180,0,0,180,30,,
B001,HL01572,HT01572,SV01,S02,1,70,0,0,70,5,,
B001,HL01573,HT01573,SV01,S02,1,70,0,0,70,5,,
B001,HL01574,HT01574,SV01,S02,1,70,0,0,70,5,,
B001,HL01575,HT01575,SV01,S02,1,70,0,0,70,5,,
B001,HL01576,HT01576,SV02,S02,1,180,0,0,180,30,,
B001,HL01577,HT01577,SV02,S02,1,180,0,0,180,30,,
B001,HL01578,HT01578,SV01,S02,1,70,0,0,70,5,,
B001,HL01579,HT01579,SV01,S02,1,70,0,0,70,5,,
B001,HL01580,HT01580,SV01,S02,1,70,0,0,70,5,,
B001,HL01581,HT01581,SV01,S03,1,70,0,0,70,5,,
B001,HL01582,HT01582,SV01,S03,1,70,0,0,70,5,,
B001,HL01583,HT01583,SV01,S03,1,70,0,0,70,5,,
B001,HL01584,HT01584,SV02,S03,1,180,0,0,180,30,,
B001,HL01585,HT01585,SV02,S03,1,180,0,0,180,30,,
B001,HL01586,HT01586,SV01,S03,1,70,0,0,70,5,,
B001,HL01587,HT01587,SV01,S03,1,70,0,0,70,5,,
B001,HL01588,HT01588,SV01,S03,1,70,0,0,70,5,,
B001,HL01589,HT01589,SV01,S03,1,70,0,0,70,5,,
B001,HL01590,HT01590,SV02,S03,1,180,0,0,180,30,,
B001,HL01591,HT01591,SV02,S01,1,180,0,0,180,30,,
B001,HL01592,HT01592,SV01,S01,1,70,0,0,70,5,,
B001,HL01593,HT01593,SV01,S01,1,70,0,0,70,5,,
B001,HL01594,HT01594,SV01,S01,1,70,0,0,70,5,,
B001,HL01595,HT01595,SV01,S01,1,70,0,0,70,5,,
B001,HL01596,HT01596,SV02,S01,1,180,0,0,180,30,,
B001,HL01597,HT01597,SV02,S01,1,180,0,0,180,30,,
B001,HL01598,HT01598,SV01,S01,1,70,0,0,70,5,,
B001,HL01599,HT01599,SV01,S01,1,70,0,0,70,5,,
B001,HL01600,HT01600,SV01,S01,1,70,0,0,70,5,,
B001,HL01601,HT01601,SV01,S02,1,70,0,0,70,5,,
B001,HL01602,HT01602,SV01,S02,1,70,0,0,70,5,,
B001,HL01603,HT01603,SV01,S02,1,70,0,0,70,5,,
B001,HL01604,HT01604,SV02,S02,1,180,0,0,180,30,,
B001,HL01605,HT01605,SV02,S02,1,180,0,0,180,30,,
B001,HL01606,HT01606,SV01,S02,1,70,0,0,70,5,,
B001,HL01607,HT01607,SV01,S02,1,70,0,0,70,5,,
B001,HL01608,HT01608,SV01,S02,1,70,0,0,70,5,,
B001,HL01609,HT01609,SV01,S02,1,70,0,0,70,5,,
B001,HL01610,HT01610,SV02,S02,1,180,0,0,180,30,,
B001,HL01611,HT01611,SV01,S03,1,70,0,0,70,5,,
B001,HL01612,HT01612,SV02,S03,1,180,0,0,180,30,,
B001,HL01613,HT01613,SV02,S03,1,180,0,0,180,30,,
B001,HL01614,HT01614,SV01,S03,1,70,0,0,70,5,,
B001,HL01615,HT01615,SV01,S03,1,70,0,0,70,5,,
B001,HL01616,HT01616,SV01,S03,1,70,0,0,70,5,,
B001,HL01617,HT01617,SV01,S03,1,70,0,0,70,5,,
B001,HL01618,HT01618,SV02,S03,1,180,0,0,180,30,,
B001,HL01619,HT01619,SV02,S03,1,180,0,0,180,30,,
B001,HL01620,HT01620,SV01,S03,1,70,0,0,70,5,,
B001,HL01621,HT01621,SV01,S01,1,70,0,0,70,5,,
B001,HL01622,HT01622,SV01,S01,1,70,0,0,70,5,,
B001,HL01623,HT01623,SV01,S01,1,70,0,0,70,5,,
B001,HL01624,HT01624,SV02,S01,1,180,0,0,180,30,,
B001,HL01625,HT01625,SV02,S01,1,180,0,0,180,30,,
B001,HL01626,HT01626,SV01,S01,1,70,0,0,70,5,,
B001,HL01627,HT01627,SV01,S01,1,70,0,0,70,5,,
B001,HL01628,HT01628,SV01,S01,1,70,0,0,70,5,,
B001,HL01629,HT01629,SV01,S01,1,70,0,0,70,5,,
B001,HL01630,HT01630,SV02,S01,1,180,0,0,180,30,,
B001,HL01631,HT01631,SV01,S02,1,70,0,0,70,5,,
B001,HL01632,HT01632,SV02,S02,1,180,0,0,180,30,,
B001,HL01633,HT01633,SV02,S02,1,180,0,0,180,30,,
B001,HL01634,HT01634,SV01,S02,1,70,0,0,70,5,,
B001,HL01635,HT01635,SV01,S02,1,70,0,0,70,5,,
B001,HL01636,HT01636,SV01,S02,1,70,0,0,70,5,,
B001,HL01637,HT01637,SV01,S02,1,70,0,0,70,5,,
B001,HL01638,HT01638,SV02,S02,1,180,0,0,180,30,,
B001,HL01639,HT01639,SV02,S02,1,180,0,0,180,30,,
B001,HL01640,HT01640,SV01,S02,1,70,0,0,70,5,,
B001,HL01641,HT01641,SV02,S03,1,180,0,0,180,30,,
B001,HL01642,HT01642,SV01,S03,1,70,0,0,70,5,,
B001,HL01643,HT01643,SV01,S03,1,70,0,0,70,5,,
B001,HL01644,HT01644,SV01,S03,1,70,0,0,70,5,,
B001,HL01645,HT01645,SV01,S03,1,70,0,0,70,5,,
B001,HL01646,HT01646,SV02,S03,1,180,0,0,180,30,,
B001,HL01647,HT01647,SV02,S03,1,180,0,0,180,30,,
B001,HL01648,HT01648,SV01,S03,1,70,0,0,70,5,,
B001,HL01649,HT01649,SV01,S03,1,70,0,0,70,5,,
B001,HL01650,HT01650,SV01,S03,1,70,0,0,70,5,,
B001,PKT000SV05,PKT000,SV05,S01,1,100,0,0,100,13,,
B001,PKT001SV03,PKT001,SV03,S02,1,220,0,0,220,40,,
B001,PKT001SV04,PKT001,SV04,S02,1,45,0,0,45,8,,
B001,PKT002SV03,PKT002,SV03,S03,1,220,0,0,220,40,,
B001,PKT002SV04,PKT002,SV04,S03,1,45,0,0,45,8,,
B001,PKT003SV03,PKT003,SV03,S01,1,220,0,0,220,40,,
B001,PKT003SV04,PKT003,SV04,S01,1,45,0,0,45,8,,
B001,PKT004SV05,PKT004,SV05,S02,1,100,0,0,100,13,,
B001,PKT005SV03,PKT005,SV03,S03,1,220,5,0,215,40,,
B001,PKT005SV04,PKT005,SV04,S03,1,45,5,0,40,8,,
B001,PKT006SV03,PKT006,SV03,S01,1,210,0,0,210,40,,
B001,PKT006SV04,PKT006,SV04,S01,1,35,0,0,35,8,,
B001,PKT007SV03,PKT007,SV03,S02,1,220,0,0,220,40,,
B001,PKT007SV04,PKT007,SV04,S02,1,45,0,0,45,8,,
B001,PKT008SV05,PKT008,SV05,S03,1,100,0,0,100,13,,
B001,PKT009SV03,PKT009,SV03,S01,1,220,0,0,220,40,,
B001,PKT009SV04,PKT009,SV04,S01,1,45,0,0,45,8,,
B001,PKT010SV03,PKT010,SV03,S02,1,220,0,0,220,40,,
B001,PKT010SV04,PKT010,SV04,S02,1,45,0,0,45,8,,
B001,PKT011SV03,PKT011,SV03,S03,1,220,0,0,220,40,,
B001,PKT011SV04,PKT011,SV04,S03,1,45,0,0,45,8,,
B001,PKT012SV05,PKT012,SV05,S01,1,100,0,0,100,13,,
B001,PKT013SV03,PKT013,SV03,S02,1,220,0,0,220,40,,
B001,PKT013SV04,PKT013,SV04,S02,1,45,0,0,45,8,,
B001,PKT014SV03,PKT014,SV03,S03,1,220,0,0,220,40,,
B001,PKT014SV04,PKT014,SV04,S03,1,45,0,0,45,8,,
B001,PKT015SV03,PKT015,SV03,S01,1,220,0,0,220,40,,
B001,PKT015SV04,PKT015,SV04,S01,1,45,0,0,45,8,,
B001,PKT016SV05,PKT016,SV05,S02,1,100,0,0,100,13,,
B001,PKT017SV03,PKT017,SV03,S03,1,220,0,0,220,40,,
B001,PKT017SV04,PKT017,SV04,S03,1,45,0,0,45,8,,
B001,PKT018SV03,PKT018,SV03,S01,1,220,0,0,220,40,,
B001,PKT018SV04,PKT018,SV04,S01,1,45,0,0,45,8,,
B001,PKT019SV03,PKT019,SV03,S02,1,220,0,0,220,40,,
B001,PKT019SV04,PKT019,SV04,S02,1,45,0,0,45,8,,
B001,PKT020SV05,PKT020,SV05,S03,1,100,0,0,100,13,,
B001,PKT021SV03,PKT021,SV03,S01,1,220,0,0,220,40,,
B001,PKT021SV04,PKT021,SV04,S01,1,45,0,0,45,8,,
B001,PKT022SV03,PKT022,SV03,S02,1,220,0,0,220,40,,
B001,PKT022SV04,PKT022,SV04,S02,1,45,0,0,45,8,,
B001,PKT023SV03,PKT023,SV03,S03,1,220,0,0,220,40,,
B001,PKT023SV04,PKT023,SV04,S03,1,45,0,0,45,8,,
B001,BATCHL0,BATCHT0,P05,S02,20,600,0,0,600,,,PR1P05
B001,BATCHL1,BATCHT1,P05,S02,90,2700,0,0,2700,,,
B001,BATCHL2,BATCHT2,P05,S02,2,60,0,0,60,26,,
B001,BATCHL3,BATCHT3,P05,S02,10,300,0,0,300,,,PR4P05
B001,RETL1,RET1,P05,S02,2,0,0,60,-60,,BATCHL1,
B001,FALLBACKL,FALLBACKT,P07,S02,1,30,0,0,30,,,
B001,FALLL,FALLT,SV06,S03,1,35,0,0,35,0,,
