appointment_id,customer_id,staff_name,service_id,week_start,appointment_start,appointment_end,booking_created_at,status,cancelled_at,completed_at,booked_duration_minutes,quoted_service_amount_aud,service_revenue_aud,discount_amount_aud,booking_channel,is_new_customer_at_booking
A00001,C0002,Sam,SV02,16/3/2026,2026-03-17T13:00:00,2026-03-17T13:45:00,2026-02-15T08:00:00,completed,,2026-03-17T13:45:00,45,60,60,0,In salon,FALSE
A00002,C0006,Matthew,SV02,16/3/2026,2026-03-17T09:00:00,2026-03-17T09:45:00,2026-03-02T08:00:00,completed,,2026-03-17T09:45:00,45,60,60,0,Phone,FALSE
A00003,C0004,Sam,SV04,16/3/2026,2026-03-17T13:45:00,2026-03-17T15:45:00,2026-02-11T10:45:00,completed,,2026-03-17T15:45:00,120,240,240,0,Online,FALSE
A00004,C0001,Sarah,SV01,16/3/2026,2026-03-17T09:00:00,2026-03-17T09:30:00,2026-03-01T08:00:00,completed,,2026-03-17T09:30:00,30,40,40,0,Phone,FALSE
A00005,C0005,Sarah,SV01,16/3/2026,2026-03-17T12:00:00,2026-03-17T12:30:00,2026-02-19T06:00:00,completed,,2026-03-17T12:30:00,30,40,40,0,Phone,FALSE
A00006,C0181,Sarah,SV06,16/3/2026,2026-03-20T12:00:00,2026-03-20T15:00:00,2026-03-10T04:00:00,completed,,2026-03-20T15:00:00,180,390,390,0,Phone,TRUE
A00007,C0090,Matthew,SV06,16/3/2026,2026-03-20T09:00:00,2026-03-20T12:00:00,2026-02-24T01:00:00,completed,,2026-03-20T12:00:00,180,390,390,0,In salon,FALSE
A00008,C0009,Sarah,SV01,16/3/2026,2026-03-18T13:00:00,2026-03-18T13:30:00,2026-02-26T05:00:00,completed,,2026-03-18T13:30:00,30,40,40,0,Online,FALSE
A00009,C0003,Sarah,SV03,16/3/2026,2026-03-17T16:00:00,2026-03-17T17:00:00,2026-03-02T14:00:00,completed,,2026-03-17T17:00:00,60,100,100,0,Phone,FALSE
A00010,C0007,Sam,SV03,16/3/2026,2026-03-17T09:15:00,2026-03-17T10:15:00,2026-02-16T03:15:00,completed,,2026-03-17T10:15:00,60,100,100,0,Phone,FALSE
A00011,C0013,Sam,SV01,16/3/2026,2026-03-18T11:30:00,2026-03-18T12:00:00,2026-02-27T08:30:00,completed,,2026-03-18T12:00:00,30,40,40,0,In salon,FALSE
A00012,C0182,Matthew,SV05,16/3/2026,2026-03-16T14:30:00,2026-03-16T17:00:00,2026-02-19T06:30:00,completed,,2026-03-16T17:00:00,150,325,325,0,In salon,TRUE
A00013,C0017,Matthew,SV01,16/3/2026,2026-03-20T14:30:00,2026-03-20T15:00:00,2026-02-25T10:30:00,completed,,2026-03-20T15:00:00,30,40,40,0,Phone,FALSE
A00014,C0021,Sam,SV01,16/3/2026,2026-03-18T11:00:00,2026-03-18T11:30:00,2026-02-27T03:00:00,completed,,2026-03-18T11:30:00,30,40,40,0,Online,FALSE
A00015,C0183,Sam,SV01,16/3/2026,2026-03-18T14:00:00,2026-03-18T14:30:00,2026-02-25T07:00:00,completed,,2026-03-18T14:30:00,30,40,40,0,Phone,TRUE
A00016,C0184,Matthew,SV01,16/3/2026,2026-03-17T14:30:00,2026-03-17T15:00:00,2026-03-09T11:30:00,completed,,2026-03-17T15:00:00,30,40,40,0,In salon,TRUE
A00017,C0008,Sarah,SV04,16/3/2026,2026-03-16T11:30:00,2026-03-16T13:30:00,2026-02-23T03:30:00,completed,,2026-03-16T13:30:00,120,240,240,0,Online,FALSE
A00018,C0185,Matthew,SV01,16/3/2026,2026-03-18T12:30:00,2026-03-18T13:00:00,2026-03-04T07:30:00,completed,,2026-03-18T13:00:00,30,40,40,0,Phone,TRUE
A00019,C0151,Sam,SV01,16/3/2026,2026-03-18T12:00:00,2026-03-18T12:30:00,2026-03-09T12:00:00,completed,,2026-03-18T12:30:00,30,40,40,0,In salon,FALSE
A00020,C0186,Sarah,SV01,16/3/2026,2026-03-18T13:30:00,2026-03-18T14:00:00,2026-03-10T10:30:00,completed,,2026-03-18T14:00:00,30,40,40,0,Phone,TRUE
A00021,C0094,Matthew,SV01,16/3/2026,2026-03-18T13:30:00,2026-03-18T14:00:00,2026-02-17T05:30:00,completed,,2026-03-18T14:00:00,30,40,40,0,Online,FALSE
A00022,C0011,Sarah,SV03,16/3/2026,2026-03-16T13:30:00,2026-03-16T14:30:00,2026-03-07T13:30:00,completed,,2026-03-16T14:30:00,60,100,100,0,Phone,FALSE
A00023,C0134,Sam,SV06,16/3/2026,2026-03-20T09:00:00,2026-03-20T12:00:00,2026-03-12T02:00:00,completed,,2026-03-20T12:00:00,180,390,390,0,Phone,FALSE
A00024,C0187,Sam,SV01,16/3/2026,2026-03-16T12:30:00,2026-03-16T13:00:00,2026-02-20T11:30:00,completed,,2026-03-16T13:00:00,30,40,40,0,Phone,TRUE
A00025,C0012,Sarah,SV04,16/3/2026,2026-03-17T12:30:00,2026-03-17T14:30:00,2026-03-06T12:30:00,completed,,2026-03-17T14:30:00,120,240,240,0,Online,FALSE
A00026,C0016,Sam,SV04,16/3/2026,2026-03-17T11:00:00,2026-03-17T13:00:00,2026-03-01T05:00:00,completed,,2026-03-17T13:00:00,120,240,240,0,Online,FALSE
A00027,C0062,Matthew,SV01,16/3/2026,2026-03-18T14:00:00,2026-03-18T14:30:00,2026-03-10T13:00:00,completed,,2026-03-18T14:30:00,30,40,40,0,Online,FALSE
A00028,C0188,Sarah,SV01,16/3/2026,2026-03-18T14:00:00,2026-03-18T14:30:00,2026-03-08T07:00:00,completed,,2026-03-18T14:30:00,30,40,40,0,Phone,TRUE
A00029,C0010,Matthew,SV02,16/3/2026,2026-03-17T13:45:00,2026-03-17T14:30:00,2026-02-25T05:45:00,completed,,2026-03-17T14:30:00,45,60,60,0,Phone,FALSE
A00030,C0020,Matthew,SV04,16/3/2026,2026-03-17T11:45:00,2026-03-17T13:45:00,2026-03-01T03:45:00,completed,,2026-03-17T13:45:00,120,240,240,0,In salon,FALSE
A00031,C0066,Sarah,SV05,16/3/2026,2026-03-16T14:30:00,2026-03-16T17:00:00,2026-02-26T06:30:00,completed,,2026-03-16T17:00:00,150,325,325,0,In salon,FALSE
A00032,C0014,Sam,SV02,16/3/2026,2026-03-17T15:45:00,2026-03-17T16:30:00,2026-02-10T09:45:00,completed,,2026-03-17T16:30:00,45,60,60,0,Phone,FALSE
A00033,C0050,Sarah,SV01,16/3/2026,2026-03-18T14:30:00,2026-03-18T15:00:00,2026-02-15T10:30:00,completed,,2026-03-18T15:00:00,30,40,40,0,Phone,FALSE
A00034,C0178,Matthew,SV01,16/3/2026,2026-03-18T14:30:00,2026-03-18T15:00:00,2026-03-03T07:30:00,completed,,2026-03-18T15:00:00,30,40,40,0,In salon,FALSE
A00035,C0015,Matthew,SV03,16/3/2026,2026-03-16T13:30:00,2026-03-16T14:30:00,2026-03-06T08:30:00,completed,,2026-03-16T14:30:00,60,100,100,0,Online,FALSE
A00036,C0189,Sam,SV01,16/3/2026,2026-03-20T12:00:00,2026-03-20T12:30:00,2026-03-04T09:00:00,completed,,2026-03-20T12:30:00,30,40,40,0,Phone,TRUE
A00037,C0049,Sam,SV01,16/3/2026,2026-03-18T13:00:00,2026-03-18T13:30:00,2026-02-11T13:00:00,completed,,2026-03-18T13:30:00,30,40,40,0,Online,FALSE
A00038,C0024,Sarah,SV04,16/3/2026,2026-03-16T09:30:00,2026-03-16T11:30:00,2026-03-08T02:30:00,completed,,2026-03-16T11:30:00,120,240,240,0,Phone,FALSE
A00039,C0190,Sam,SV05,16/3/2026,2026-03-20T12:30:00,2026-03-20T15:00:00,2026-02-21T06:30:00,completed,,2026-03-20T15:00:00,150,325,325,0,In salon,TRUE
A00040,C0018,Sarah,SV02,16/3/2026,2026-03-17T15:15:00,2026-03-17T16:00:00,2026-02-18T13:15:00,completed,,2026-03-17T16:00:00,45,60,60,0,In salon,FALSE
A00041,C0063,Matthew,SV01,16/3/2026,2026-03-18T12:00:00,2026-03-18T12:30:00,2026-02-11T08:00:00,completed,,2026-03-18T12:30:00,30,40,40,0,In salon,FALSE
A00042,C0171,Matthew,SV01,16/3/2026,2026-03-17T09:45:00,2026-03-17T10:15:00,2026-02-19T03:45:00,completed,,2026-03-17T10:15:00,30,40,40,0,In salon,FALSE
A00043,C0191,Matthew,SV05,16/3/2026,2026-03-20T12:00:00,2026-03-20T14:30:00,2026-03-06T09:00:00,completed,,2026-03-20T14:30:00,150,325,325,0,In salon,TRUE
A00044,C0022,Sam,SV02,16/3/2026,2026-03-17T10:15:00,2026-03-17T11:00:00,2026-02-25T04:15:00,completed,,2026-03-17T11:00:00,45,60,60,0,In salon,FALSE
A00045,C0108,Sarah,SV01,16/3/2026,2026-03-17T11:30:00,2026-03-17T12:00:00,2026-03-06T04:30:00,completed,,2026-03-17T12:00:00,30,40,40,0,Phone,FALSE
A00046,C0192,Sarah,SV01,16/3/2026,2026-03-18T15:30:00,2026-03-18T16:00:00,2026-03-02T07:30:00,completed,,2026-03-18T16:00:00,30,40,40,0,In salon,TRUE
A00047,C0193,Sarah,SV01,16/3/2026,2026-03-16T09:00:00,2026-03-16T09:30:00,2026-02-26T06:00:00,completed,,2026-03-16T09:30:00,30,40,40,0,Online,TRUE
A00048,C0136,Matthew,SV04,16/3/2026,2026-03-16T11:30:00,2026-03-16T13:30:00,2026-02-28T03:30:00,completed,,2026-03-16T13:30:00,120,240,240,0,Online,FALSE
A00049,C0167,Sarah,SV01,16/3/2026,2026-03-18T12:30:00,2026-03-18T13:00:00,2026-03-06T04:30:00,completed,,2026-03-18T13:00:00,30,40,40,0,In salon,FALSE
A00050,C0019,Sam,SV03,16/3/2026,2026-03-16T11:30:00,2026-03-16T12:30:00,2026-03-03T11:30:00,completed,,2026-03-16T12:30:00,60,100,100,0,In salon,FALSE
A00051,C0132,Sam,SV05,16/3/2026,2026-03-16T09:00:00,2026-03-16T11:30:00,2026-02-10T02:00:00,completed,,2026-03-16T11:30:00,150,325,325,0,Online,FALSE
A00052,C0194,Sarah,SV01,16/3/2026,2026-03-18T15:00:00,2026-03-18T15:30:00,2026-02-17T10:00:00,completed,,2026-03-18T15:30:00,30,40,40,0,Online,TRUE
A00053,C0195,Sam,SV01,16/3/2026,2026-03-18T13:30:00,2026-03-18T14:00:00,2026-02-21T05:30:00,completed,,2026-03-18T14:00:00,30,40,40,0,Phone,TRUE
A00054,C0084,Sam,SV01,16/3/2026,2026-03-17T16:30:00,2026-03-17T17:00:00,2026-02-10T16:30:00,completed,,2026-03-17T17:00:00,30,40,40,0,In salon,FALSE
A00055,C0196,Sarah,SV02,16/3/2026,2026-03-17T14:30:00,2026-03-17T15:15:00,2026-02-15T13:30:00,completed,,2026-03-17T15:15:00,45,60,60,0,Online,TRUE
A00056,C0071,Sarah,SV06,16/3/2026,2026-03-20T09:00:00,2026-03-20T12:00:00,2026-02-21T06:00:00,completed,,2026-03-20T12:00:00,180,390,390,0,Online,FALSE
A00057,C0197,Sam,SV04,16/3/2026,2026-03-16T13:00:00,2026-03-16T15:00:00,2026-03-08T09:00:00,completed,,2026-03-16T15:00:00,120,240,240,0,Online,TRUE
A00058,C0168,Matthew,SV05,16/3/2026,2026-03-16T09:00:00,2026-03-16T11:30:00,2026-03-02T04:00:00,completed,,2026-03-16T11:30:00,150,325,325,0,Phone,FALSE
A00059,C0023,Matthew,SV03,16/3/2026,2026-03-17T10:15:00,2026-03-17T11:15:00,2026-02-24T05:15:00,completed,,2026-03-17T11:15:00,60,100,100,0,Phone,FALSE
A00060,C0142,Sam,SV01,16/3/2026,2026-03-18T12:30:00,2026-03-18T13:00:00,2026-02-28T04:30:00,completed,,2026-03-18T13:00:00,30,40,40,0,Online,FALSE
A00061,C0198,Sarah,SV04,16/3/2026,2026-03-17T09:30:00,2026-03-17T11:30:00,2026-02-25T08:30:00,completed,,2026-03-17T11:30:00,120,240,240,0,In salon,TRUE
A00062,C0042,Matthew,SV01,16/3/2026,2026-03-18T13:00:00,2026-03-18T13:30:00,2026-03-05T10:00:00,completed,,2026-03-18T13:30:00,30,40,40,0,Phone,FALSE
A00063,C0082,Sam,SV04,16/3/2026,2026-03-16T15:00:00,2026-03-16T17:00:00,2026-02-10T12:00:00,completed,,2026-03-16T17:00:00,120,240,240,0,In salon,FALSE
A00064,C0199,Matthew,SV01,16/3/2026,2026-03-17T11:15:00,2026-03-17T11:45:00,2026-02-25T07:15:00,completed,,2026-03-17T11:45:00,30,40,40,0,Phone,TRUE
A00065,C0200,Matthew,SV04,16/3/2026,2026-03-17T15:00:00,2026-03-17T17:00:00,2026-03-09T08:00:00,completed,,2026-03-17T17:00:00,120,240,240,0,Phone,TRUE
A00066,C0188,Sarah,SV01,16/3/2026,2026-03-18T14:00:00,2026-03-18T14:30:00,2026-03-04T12:00:00,cancelled,2026-03-08T12:00:00,,30,40,0,0,Phone,TRUE
A00067,C0062,Matthew,SV01,16/3/2026,2026-03-18T14:00:00,2026-03-18T14:30:00,2026-03-04T12:00:00,cancelled,2026-03-08T12:00:00,,30,40,0,0,Online,FALSE
A00068,C0012,Sarah,SV04,16/3/2026,2026-03-17T12:30:00,2026-03-17T14:30:00,2026-03-04T12:00:00,cancelled,2026-03-08T12:00:00,,120,240,0,0,Online,FALSE
A00069,C0104,Sarah,SV04,23/3/2026,2026-03-23T09:00:00,2026-03-23T11:00:00,2026-03-04T03:00:00,completed,,2026-03-23T11:00:00,120,240,240,0,Phone,FALSE
A00070,C0176,Sam,SV01,23/3/2026,2026-03-24T15:30:00,2026-03-24T16:00:00,2026-03-11T11:30:00,completed,,2026-03-24T16:00:00,30,40,40,0,Online,FALSE
A00071,C0130,Sarah,SV03,23/3/2026,2026-03-24T10:00:00,2026-03-24T11:00:00,2026-03-10T02:00:00,completed,,2026-03-24T11:00:00,60,100,100,0,Phone,FALSE
A00072,C0201,Sam,SV02,23/3/2026,2026-03-24T10:00:00,2026-03-24T10:45:00,2026-03-11T06:00:00,completed,,2026-03-24T10:45:00,45,60,60,0,Online,TRUE
A00073,C0202,Sam,SV04,23/3/2026,2026-03-23T15:00:00,2026-03-23T17:00:00,2026-02-16T07:00:00,completed,,2026-03-23T17:00:00,120,240,240,0,In salon,TRUE
A00074,C0061,Sam,SV03,23/3/2026,2026-03-24T16:00:00,2026-03-24T17:00:00,2026-02-17T14:00:00,completed,,2026-03-24T17:00:00,60,100,100,0,Online,FALSE
A00075,C0048,Sarah,SV05,23/3/2026,2026-03-23T12:30:00,2026-03-23T15:00:00,2026-03-13T08:30:00,completed,,2026-03-23T15:00:00,150,325,325,0,Phone,FALSE
A00076,C0086,Sam,SV01,23/3/2026,2026-03-25T11:30:00,2026-03-25T12:00:00,2026-03-03T06:30:00,completed,,2026-03-25T12:00:00,30,40,40,0,In salon,FALSE
A00077,C0203,Sam,SV05,23/3/2026,2026-03-23T09:00:00,2026-03-23T11:30:00,2026-02-24T05:00:00,completed,,2026-03-23T11:30:00,150,325,325,0,In salon,TRUE
A00078,C0204,Sarah,SV01,23/3/2026,2026-03-24T16:30:00,2026-03-24T17:00:00,2026-02-18T16:30:00,completed,,2026-03-24T17:00:00,30,40,40,0,Phone,TRUE
A00079,C0051,Matthew,SV01,23/3/2026,2026-03-23T13:30:00,2026-03-23T14:00:00,2026-02-28T06:30:00,completed,,2026-03-23T14:00:00,30,40,40,0,Online,FALSE
A00080,C0205,Sam,SV01,23/3/2026,2026-03-27T14:30:00,2026-03-27T15:00:00,2026-03-02T13:30:00,completed,,2026-03-27T15:00:00,30,40,40,0,Online,TRUE
A00081,C0128,Matthew,SV01,23/3/2026,2026-03-25T11:45:00,2026-03-25T12:15:00,2026-02-21T05:45:00,completed,,2026-03-25T12:15:00,30,40,40,0,In salon,FALSE
A00082,C0115,Sarah,SV01,23/3/2026,2026-03-25T15:45:00,2026-03-25T16:15:00,2026-02-18T14:45:00,completed,,2026-03-25T16:15:00,30,40,40,0,Online,FALSE
A00083,C0077,Sam,SV04,23/3/2026,2026-03-24T10:45:00,2026-03-24T12:45:00,2026-03-03T04:45:00,completed,,2026-03-24T12:45:00,120,240,240,0,Phone,FALSE
A00084,C0206,Sarah,SV01,23/3/2026,2026-03-25T13:30:00,2026-03-25T14:00:00,2026-03-16T13:30:00,completed,,2026-03-25T14:00:00,30,40,40,0,In salon,TRUE
A00085,C0053,Matthew,SV03,23/3/2026,2026-03-24T09:15:00,2026-03-24T10:15:00,2026-03-03T05:15:00,completed,,2026-03-24T10:15:00,60,100,100,0,In salon,FALSE
A00086,C0109,Sarah,SV01,23/3/2026,2026-03-25T14:00:00,2026-03-25T14:30:00,2026-02-18T09:00:00,completed,,2026-03-25T14:30:00,30,40,40,0,Online,FALSE
A00087,C0089,Matthew,SV03,23/3/2026,2026-03-24T14:00:00,2026-03-24T15:00:00,2026-03-16T13:00:00,completed,,2026-03-24T15:00:00,60,100,100,0,In salon,FALSE
A00088,C0060,Matthew,SV01,23/3/2026,2026-03-25T14:00:00,2026-03-25T14:30:00,2026-02-24T10:00:00,completed,,2026-03-25T14:30:00,30,40,40,0,Phone,FALSE
A00089,C0207,Sarah,SV01,23/3/2026,2026-03-25T13:00:00,2026-03-25T13:30:00,2026-02-20T13:00:00,completed,,2026-03-25T13:30:00,30,40,40,0,In salon,TRUE
A00090,C0046,Matthew,SV04,23/3/2026,2026-03-24T15:00:00,2026-03-24T17:00:00,2026-03-15T12:00:00,completed,,2026-03-24T17:00:00,120,240,240,0,Phone,FALSE
A00091,C0121,Sam,SV01,23/3/2026,2026-03-25T13:45:00,2026-03-25T14:15:00,2026-03-16T07:45:00,completed,,2026-03-25T14:15:00,30,40,40,0,Online,FALSE
A00092,C0030,Sam,SV03,23/3/2026,2026-03-24T09:00:00,2026-03-24T10:00:00,2026-03-04T08:00:00,completed,,2026-03-24T10:00:00,60,100,100,0,In salon,FALSE
A00093,C0208,Sam,SV01,23/3/2026,2026-03-23T12:30:00,2026-03-23T13:00:00,2026-03-08T04:30:00,completed,,2026-03-23T13:00:00,30,40,40,0,Online,TRUE
A00094,C0164,Sarah,SV03,23/3/2026,2026-03-23T11:00:00,2026-03-23T12:00:00,2026-02-28T06:00:00,completed,,2026-03-23T12:00:00,60,100,100,0,Online,FALSE
A00095,C0159,Sarah,SV04,23/3/2026,2026-03-24T14:30:00,2026-03-24T16:30:00,2026-02-24T12:30:00,completed,,2026-03-24T16:30:00,120,240,240,0,In salon,FALSE
A00096,C0133,Sarah,SV05,23/3/2026,2026-03-27T12:30:00,2026-03-27T15:00:00,2026-03-09T10:30:00,completed,,2026-03-27T15:00:00,150,325,325,0,Phone,FALSE
A00097,C0209,Matthew,SV01,23/3/2026,2026-03-25T11:15:00,2026-03-25T11:45:00,2026-03-03T08:15:00,completed,,2026-03-25T11:45:00,30,40,40,0,In salon,TRUE
A00098,C0135,Sarah,SV02,23/3/2026,2026-03-25T14:30:00,2026-03-25T15:15:00,2026-03-03T10:30:00,completed,,2026-03-25T15:15:00,45,60,60,0,Online,FALSE
A00099,C0065,Sam,SV02,23/3/2026,2026-03-25T14:45:00,2026-03-25T15:30:00,2026-03-15T14:45:00,completed,,2026-03-25T15:30:00,45,60,60,0,Phone,FALSE
A00100,C0052,Matthew,SV04,23/3/2026,2026-03-24T12:00:00,2026-03-24T14:00:00,2026-02-27T04:00:00,completed,,2026-03-24T14:00:00,120,240,240,0,Online,FALSE
A00101,C0165,Matthew,SV04,23/3/2026,2026-03-23T15:00:00,2026-03-23T17:00:00,2026-02-23T07:00:00,completed,,2026-03-23T17:00:00,120,240,240,0,Phone,FALSE
A00102,C0105,Sarah,SV01,23/3/2026,2026-03-27T12:00:00,2026-03-27T12:30:00,2026-03-17T07:00:00,completed,,2026-03-27T12:30:00,30,40,40,0,Phone,FALSE
A00103,C0067,Sam,SV01,23/3/2026,2026-03-25T14:15:00,2026-03-25T14:45:00,2026-02-22T12:15:00,completed,,2026-03-25T14:45:00,30,40,40,0,Phone,FALSE
A00104,C0210,Matthew,SV01,23/3/2026,2026-03-27T14:30:00,2026-03-27T15:00:00,2026-02-27T10:30:00,completed,,2026-03-27T15:00:00,30,40,40,0,Phone,TRUE
A00105,C0039,Matthew,SV04,23/3/2026,2026-03-23T09:00:00,2026-03-23T11:00:00,2026-03-05T06:00:00,completed,,2026-03-23T11:00:00,120,240,240,0,Online,FALSE
A00106,C0211,Matthew,SV03,23/3/2026,2026-03-24T11:00:00,2026-03-24T12:00:00,2026-03-14T05:00:00,completed,,2026-03-24T12:00:00,60,100,100,0,Online,TRUE
A00107,C0212,Sam,SV02,23/3/2026,2026-03-25T12:00:00,2026-03-25T12:45:00,2026-03-13T12:00:00,completed,,2026-03-25T12:45:00,45,60,60,0,Online,TRUE
A00108,C0163,Sam,SV01,23/3/2026,2026-03-25T13:15:00,2026-03-25T13:45:00,2026-03-15T12:15:00,completed,,2026-03-25T13:45:00,30,40,40,0,In salon,FALSE
A00109,C0031,Sam,SV04,23/3/2026,2026-03-24T13:30:00,2026-03-24T15:30:00,2026-02-17T07:30:00,completed,,2026-03-24T15:30:00,120,240,240,0,In salon,FALSE
A00110,C0147,Sam,SV05,23/3/2026,2026-03-27T09:00:00,2026-03-27T11:30:00,2026-03-04T08:00:00,completed,,2026-03-27T11:30:00,150,325,325,0,Online,FALSE
A00111,C0127,Sarah,SV01,23/3/2026,2026-03-23T12:00:00,2026-03-23T12:30:00,2026-02-26T04:00:00,completed,,2026-03-23T12:30:00,30,40,40,0,Phone,FALSE
A00112,C0179,Matthew,SV01,23/3/2026,2026-03-25T09:45:00,2026-03-25T10:15:00,2026-02-27T01:45:00,completed,,2026-03-25T10:15:00,30,40,40,0,Online,FALSE
A00113,C0026,Matthew,SV05,23/3/2026,2026-03-27T12:00:00,2026-03-27T14:30:00,2026-02-27T11:00:00,completed,,2026-03-27T14:30:00,150,325,325,0,In salon,FALSE
A00114,C0029,Sarah,SV01,23/3/2026,2026-03-25T12:00:00,2026-03-25T12:30:00,2026-03-01T10:00:00,completed,,2026-03-25T12:30:00,30,40,40,0,Online,FALSE
A00115,C0081,Sarah,SV04,23/3/2026,2026-03-23T15:00:00,2026-03-23T17:00:00,2026-03-01T13:00:00,completed,,2026-03-23T17:00:00,120,240,240,0,Phone,FALSE
A00116,C0213,Sam,SV01,23/3/2026,2026-03-25T15:30:00,2026-03-25T16:00:00,2026-03-03T07:30:00,completed,,2026-03-25T16:00:00,30,40,40,0,In salon,TRUE
A00117,C0033,Matthew,SV01,23/3/2026,2026-03-25T10:45:00,2026-03-25T11:15:00,2026-03-07T04:45:00,completed,,2026-03-25T11:15:00,30,40,40,0,Phone,FALSE
A00118,C0154,Matthew,SV06,23/3/2026,2026-03-27T09:00:00,2026-03-27T12:00:00,2026-03-01T01:00:00,completed,,2026-03-27T12:00:00,180,390,390,0,Online,FALSE
A00119,C0214,Sam,SV04,23/3/2026,2026-03-23T13:00:00,2026-03-23T15:00:00,2026-02-25T08:00:00,completed,,2026-03-23T15:00:00,120,240,240,0,Phone,TRUE
A00120,C0129,Sarah,SV01,23/3/2026,2026-03-25T16:15:00,2026-03-25T16:45:00,2026-03-10T15:15:00,completed,,2026-03-25T16:45:00,30,40,40,0,Online,FALSE
A00121,C0166,Sarah,SV06,23/3/2026,2026-03-27T09:00:00,2026-03-27T12:00:00,2026-02-27T06:00:00,completed,,2026-03-27T12:00:00,180,390,390,0,Phone,FALSE
A00122,C0150,Sarah,SV01,23/3/2026,2026-03-25T12:30:00,2026-03-25T13:00:00,2026-03-15T11:30:00,completed,,2026-03-25T13:00:00,30,40,40,0,Online,FALSE
A00123,C0215,Matthew,SV01,23/3/2026,2026-03-25T10:15:00,2026-03-25T10:45:00,2026-03-03T04:15:00,completed,,2026-03-25T10:45:00,30,40,40,0,Phone,TRUE
A00124,C0216,Sam,SV03,23/3/2026,2026-03-23T11:30:00,2026-03-23T12:30:00,2026-03-05T06:30:00,completed,,2026-03-23T12:30:00,60,100,100,0,Online,TRUE
A00125,C0217,Sam,SV06,23/3/2026,2026-03-27T11:30:00,2026-03-27T14:30:00,2026-03-19T10:30:00,completed,,2026-03-27T14:30:00,180,390,390,0,Online,TRUE
A00126,C0043,Sarah,SV04,23/3/2026,2026-03-24T11:45:00,2026-03-24T13:45:00,2026-02-21T05:45:00,completed,,2026-03-24T13:45:00,120,240,240,0,Phone,FALSE
A00127,C0144,Sarah,SV01,23/3/2026,2026-03-25T15:15:00,2026-03-25T15:45:00,2026-03-10T08:15:00,completed,,2026-03-25T15:45:00,30,40,40,0,Phone,FALSE
A00128,C0157,Sam,SV02,23/3/2026,2026-03-24T12:45:00,2026-03-24T13:30:00,2026-03-15T10:45:00,completed,,2026-03-24T13:30:00,45,60,60,0,Phone,FALSE
A00129,C0076,Matthew,SV01,23/3/2026,2026-03-25T13:30:00,2026-03-25T14:00:00,2026-02-28T10:30:00,completed,,2026-03-25T14:00:00,30,40,40,0,Phone,FALSE
A00130,C0038,Sam,SV01,23/3/2026,2026-03-25T12:45:00,2026-03-25T13:15:00,2026-02-22T06:45:00,completed,,2026-03-25T13:15:00,30,40,40,0,Online,FALSE
A00131,C0145,Matthew,SV02,23/3/2026,2026-03-24T10:15:00,2026-03-24T11:00:00,2026-03-15T04:15:00,completed,,2026-03-24T11:00:00,45,60,60,0,Online,FALSE
A00132,C0218,Sarah,SV02,23/3/2026,2026-03-24T11:00:00,2026-03-24T11:45:00,2026-03-14T11:00:00,completed,,2026-03-24T11:45:00,45,60,60,0,In salon,TRUE
A00133,C0160,Sarah,SV02,23/3/2026,2026-03-24T13:45:00,2026-03-24T14:30:00,2026-02-23T11:45:00,completed,,2026-03-24T14:30:00,45,60,60,0,In salon,FALSE
A00134,C0219,Matthew,SV03,23/3/2026,2026-03-23T14:00:00,2026-03-23T15:00:00,2026-02-20T06:00:00,completed,,2026-03-23T15:00:00,60,100,100,0,Phone,TRUE
A00135,C0079,Matthew,SV02,23/3/2026,2026-03-25T12:15:00,2026-03-25T13:00:00,2026-03-08T06:15:00,completed,,2026-03-25T13:00:00,45,60,60,0,In salon,FALSE
A00136,C0064,Matthew,SV05,23/3/2026,2026-03-23T11:00:00,2026-03-23T13:30:00,2026-02-25T03:00:00,completed,,2026-03-23T13:30:00,150,325,325,0,In salon,FALSE
A00137,C0220,Matthew,SV01,23/3/2026,2026-03-25T13:00:00,2026-03-25T13:30:00,2026-03-06T11:00:00,completed,,2026-03-25T13:30:00,30,40,40,0,Phone,TRUE
A00138,C0221,Sarah,SV03,23/3/2026,2026-03-24T09:00:00,2026-03-24T10:00:00,2026-03-10T04:00:00,completed,,2026-03-24T10:00:00,60,100,100,0,Online,TRUE
A00139,C0076,Matthew,SV01,23/3/2026,2026-03-25T13:30:00,2026-03-25T14:00:00,2026-03-11T12:00:00,cancelled,2026-03-15T12:00:00,,30,40,0,0,Phone,FALSE
A00140,C0129,Sarah,SV01,23/3/2026,2026-03-25T16:15:00,2026-03-25T16:45:00,2026-03-11T12:00:00,cancelled,2026-03-15T12:00:00,,30,40,0,0,Online,FALSE
A00141,C0125,Sarah,SV06,30/3/2026,2026-04-03T12:00:00,2026-04-03T15:00:00,2026-03-11T05:00:00,completed,,2026-04-03T15:00:00,180,390,390,0,In salon,FALSE
A00142,C0123,Sarah,SV01,30/3/2026,2026-04-01T12:15:00,2026-04-01T12:45:00,2026-03-17T09:15:00,completed,,2026-04-01T12:45:00,30,40,40,0,Online,FALSE
A00143,C0044,Sam,SV01,30/3/2026,2026-04-01T13:45:00,2026-04-01T14:15:00,2026-02-25T06:45:00,completed,,2026-04-01T14:15:00,30,40,40,0,Phone,FALSE
A00144,C0045,Sarah,SV01,30/3/2026,2026-04-01T13:15:00,2026-04-01T13:45:00,2026-03-02T06:15:00,completed,,2026-04-01T13:45:00,30,40,40,0,Phone,FALSE
A00145,C0161,Matthew,SV01,30/3/2026,2026-04-01T10:15:00,2026-04-01T10:45:00,2026-03-24T08:15:00,completed,,2026-04-01T10:45:00,30,40,40,0,In salon,FALSE
A00146,C0153,Sarah,SV03,30/3/2026,2026-03-31T16:00:00,2026-03-31T17:00:00,2026-03-05T14:00:00,completed,,2026-03-31T17:00:00,60,100,100,0,In salon,FALSE
A00147,C0092,Sam,SV03,30/3/2026,2026-03-31T09:00:00,2026-03-31T10:00:00,2026-03-13T07:00:00,completed,,2026-03-31T10:00:00,60,100,100,0,In salon,FALSE
A00148,C0148,Matthew,SV06,30/3/2026,2026-04-03T09:00:00,2026-04-03T12:00:00,2026-03-23T05:00:00,completed,,2026-04-03T12:00:00,180,390,390,0,Phone,FALSE
A00149,C0222,Matthew,SV01,30/3/2026,2026-04-01T13:30:00,2026-04-01T14:00:00,2026-03-11T11:30:00,completed,,2026-04-01T14:00:00,30,40,40,0,Online,TRUE
A00150,C0139,Sarah,SV04,30/3/2026,2026-03-31T11:45:00,2026-03-31T13:45:00,2026-03-08T03:45:00,completed,,2026-03-31T13:45:00,120,240,240,0,In salon,FALSE
A00151,C0175,Matthew,SV02,30/3/2026,2026-04-01T09:00:00,2026-04-01T09:45:00,2026-03-17T09:00:00,completed,,2026-04-01T09:45:00,45,60,60,0,Phone,FALSE
A00152,C0223,Sam,SV02,30/3/2026,2026-04-01T14:15:00,2026-04-01T15:00:00,2026-03-20T08:15:00,completed,,2026-04-01T15:00:00,45,60,60,0,Phone,TRUE
A00153,C0098,Sam,SV02,30/3/2026,2026-03-31T14:00:00,2026-03-31T14:45:00,2026-03-11T12:00:00,completed,,2026-03-31T14:45:00,45,60,60,0,Phone,FALSE
A00154,C0224,Sam,SV03,30/3/2026,2026-03-31T15:15:00,2026-03-31T16:15:00,2026-03-23T11:15:00,completed,,2026-03-31T16:15:00,60,100,100,0,In salon,TRUE
A00155,C0057,Sam,SV06,30/3/2026,2026-04-03T09:00:00,2026-04-03T12:00:00,2026-03-21T04:00:00,completed,,2026-04-03T12:00:00,180,390,390,0,Online,FALSE
A00156,C0028,Sam,SV05,30/3/2026,2026-03-30T09:00:00,2026-03-30T11:30:00,2026-02-26T05:00:00,completed,,2026-03-30T11:30:00,150,325,325,0,Online,FALSE
A00157,C0225,Sarah,SV01,30/3/2026,2026-03-31T13:45:00,2026-03-31T14:15:00,2026-03-18T07:45:00,completed,,2026-03-31T14:15:00,30,40,40,0,Online,TRUE
A00158,C0226,Sarah,SV05,30/3/2026,2026-03-30T09:00:00,2026-03-30T11:30:00,2026-03-01T02:00:00,completed,,2026-03-30T11:30:00,150,325,325,0,In salon,TRUE
A00159,C0054,Sarah,SV01,30/3/2026,2026-04-01T14:45:00,2026-04-01T15:15:00,2026-03-08T14:45:00,completed,,2026-04-01T15:15:00,30,40,40,0,Phone,FALSE
A00160,C0095,Sarah,SV03,30/3/2026,2026-03-30T11:30:00,2026-03-30T12:30:00,2026-03-14T06:30:00,completed,,2026-03-30T12:30:00,60,100,100,0,Online,FALSE
A00161,C0093,Matthew,SV04,30/3/2026,2026-03-31T09:00:00,2026-03-31T11:00:00,2026-03-11T02:00:00,completed,,2026-03-31T11:00:00,120,240,240,0,Online,FALSE
A00162,C0097,Matthew,SV02,30/3/2026,2026-03-31T16:00:00,2026-03-31T16:45:00,2026-02-25T16:00:00,completed,,2026-03-31T16:45:00,45,60,60,0,Phone,FALSE
A00163,C0227,Sam,SV04,30/3/2026,2026-03-31T12:00:00,2026-03-31T14:00:00,2026-03-23T07:00:00,completed,,2026-03-31T14:00:00,120,240,240,0,Online,TRUE
A00164,C0228,Matthew,SV02,30/3/2026,2026-04-01T11:45:00,2026-04-01T12:30:00,2026-03-01T05:45:00,completed,,2026-04-01T12:30:00,45,60,60,0,Phone,TRUE
A00165,C0032,Sam,SV01,30/3/2026,2026-04-01T12:30:00,2026-04-01T13:00:00,2026-03-03T07:30:00,completed,,2026-04-01T13:00:00,30,40,40,0,Phone,FALSE
A00166,C0091,Matthew,SV05,30/3/2026,2026-03-30T09:00:00,2026-03-30T11:30:00,2026-03-06T04:00:00,completed,,2026-03-30T11:30:00,150,325,325,0,In salon,FALSE
A00167,C0229,Sarah,SV02,30/3/2026,2026-04-01T11:30:00,2026-04-01T12:15:00,2026-03-24T08:30:00,completed,,2026-04-01T12:15:00,45,60,60,0,Phone,TRUE
A00168,C0230,Matthew,SV01,30/3/2026,2026-04-01T11:15:00,2026-04-01T11:45:00,2026-03-05T07:15:00,completed,,2026-04-01T11:45:00,30,40,40,0,In salon,TRUE
A00169,C0126,Sam,SV05,30/3/2026,2026-03-30T13:30:00,2026-03-30T16:00:00,2026-03-12T09:30:00,completed,,2026-03-30T16:00:00,150,325,325,0,In salon,FALSE
A00170,C0120,Sarah,SV01,30/3/2026,2026-04-01T11:00:00,2026-04-01T11:30:00,2026-03-20T04:00:00,completed,,2026-04-01T11:30:00,30,40,40,0,Online,FALSE
A00171,C0059,Matthew,SV03,30/3/2026,2026-03-31T14:00:00,2026-03-31T15:00:00,2026-02-27T08:00:00,completed,,2026-03-31T15:00:00,60,100,100,0,Phone,FALSE
A00172,C0025,Sarah,SV06,30/3/2026,2026-04-03T09:00:00,2026-04-03T12:00:00,2026-03-24T05:00:00,completed,,2026-04-03T12:00:00,180,390,390,0,In salon,FALSE
A00173,C0102,Sam,SV01,30/3/2026,2026-04-01T11:30:00,2026-04-01T12:00:00,2026-02-28T11:30:00,completed,,2026-04-01T12:00:00,30,40,40,0,In salon,FALSE
A00174,C0083,Sarah,SV04,30/3/2026,2026-03-31T09:00:00,2026-03-31T11:00:00,2026-03-13T03:00:00,completed,,2026-03-31T11:00:00,120,240,240,0,Phone,FALSE
A00175,C0072,Sam,SV06,30/3/2026,2026-04-03T12:00:00,2026-04-03T15:00:00,2026-03-07T10:00:00,completed,,2026-04-03T15:00:00,180,390,390,0,Phone,FALSE
A00176,C0231,Sam,SV01,30/3/2026,2026-03-31T14:45:00,2026-03-31T15:15:00,2026-03-07T12:45:00,completed,,2026-03-31T15:15:00,30,40,40,0,Online,TRUE
A00177,C0096,Sam,SV01,30/3/2026,2026-04-01T12:00:00,2026-04-01T12:30:00,2026-03-13T10:00:00,completed,,2026-04-01T12:30:00,30,40,40,0,Online,FALSE
A00178,C0155,Sarah,SV01,30/3/2026,2026-04-01T15:15:00,2026-04-01T15:45:00,2026-03-22T12:15:00,completed,,2026-04-01T15:45:00,30,40,40,0,Phone,FALSE
A00179,C0172,Matthew,SV01,30/3/2026,2026-04-01T13:00:00,2026-04-01T13:30:00,2026-03-24T08:00:00,completed,,2026-04-01T13:30:00,30,40,40,0,Phone,FALSE
A00180,C0170,Matthew,SV01,30/3/2026,2026-03-30T14:00:00,2026-03-30T14:30:00,2026-03-08T10:00:00,completed,,2026-03-30T14:30:00,30,40,40,0,Phone,FALSE
A00181,C0152,Sarah,SV01,30/3/2026,2026-04-01T13:45:00,2026-04-01T14:15:00,2026-03-23T11:45:00,completed,,2026-04-01T14:15:00,30,40,40,0,In salon,FALSE
A00182,C0068,Sam,SV01,30/3/2026,2026-04-01T10:00:00,2026-04-01T10:30:00,2026-03-24T05:00:00,completed,,2026-04-01T10:30:00,30,40,40,0,In salon,FALSE
A00183,C0177,Sam,SV01,30/3/2026,2026-04-01T10:30:00,2026-04-01T11:00:00,2026-03-16T06:30:00,completed,,2026-04-01T11:00:00,30,40,40,0,In salon,FALSE
A00184,C0141,Matthew,SV01,30/3/2026,2026-04-01T10:45:00,2026-04-01T11:15:00,2026-03-17T05:45:00,completed,,2026-04-01T11:15:00,30,40,40,0,Online,FALSE
A00185,C0041,Sarah,SV04,30/3/2026,2026-03-30T12:30:00,2026-03-30T14:30:00,2026-03-02T07:30:00,completed,,2026-03-30T14:30:00,120,240,240,0,In salon,FALSE
A00186,C0124,Matthew,SV01,30/3/2026,2026-04-01T14:00:00,2026-04-01T14:30:00,2026-02-25T06:00:00,completed,,2026-04-01T14:30:00,30,40,40,0,Online,FALSE
A00187,C0169,Matthew,SV05,30/3/2026,2026-03-30T14:30:00,2026-03-30T17:00:00,2026-03-09T13:30:00,completed,,2026-03-30T17:00:00,150,325,325,0,In salon,FALSE
A00188,C0232,Sarah,SV01,30/3/2026,2026-04-01T14:15:00,2026-04-01T14:45:00,2026-03-24T07:15:00,completed,,2026-04-01T14:45:00,30,40,40,0,Online,TRUE
A00189,C0099,Sarah,SV05,30/3/2026,2026-03-30T14:30:00,2026-03-30T17:00:00,2026-03-12T12:30:00,completed,,2026-03-30T17:00:00,150,325,325,0,In salon,FALSE
A00190,C0233,Sam,SV02,30/3/2026,2026-03-31T16:15:00,2026-03-31T17:00:00,2026-03-22T09:15:00,completed,,2026-03-31T17:00:00,45,60,60,0,Online,TRUE
A00191,C0040,Sarah,SV01,30/3/2026,2026-04-01T10:30:00,2026-04-01T11:00:00,2026-03-06T09:30:00,completed,,2026-04-01T11:00:00,30,40,40,0,Online,FALSE
A00192,C0234,Sarah,SV02,30/3/2026,2026-03-31T11:00:00,2026-03-31T11:45:00,2026-03-15T10:00:00,completed,,2026-03-31T11:45:00,45,60,60,0,In salon,TRUE
A00193,C0235,Sam,SV01,30/3/2026,2026-04-01T11:00:00,2026-04-01T11:30:00,2026-03-18T04:00:00,completed,,2026-04-01T11:30:00,30,40,40,0,In salon,TRUE
A00194,C0236,Matthew,SV01,30/3/2026,2026-04-01T12:30:00,2026-04-01T13:00:00,2026-03-24T05:30:00,completed,,2026-04-01T13:00:00,30,40,40,0,Phone,TRUE
A00195,C0237,Sarah,SV02,30/3/2026,2026-03-31T15:15:00,2026-03-31T16:00:00,2026-03-03T13:15:00,completed,,2026-03-31T16:00:00,45,60,60,0,In salon,TRUE
A00196,C0238,Matthew,SV04,30/3/2026,2026-03-31T11:00:00,2026-03-31T13:00:00,2026-03-03T11:00:00,completed,,2026-03-31T13:00:00,120,240,240,0,In salon,TRUE
A00197,C0035,Sarah,SV01,30/3/2026,2026-04-01T12:45:00,2026-04-01T13:15:00,2026-03-17T11:45:00,completed,,2026-04-01T13:15:00,30,40,40,0,Online,FALSE
A00198,C0056,Matthew,SV03,30/3/2026,2026-03-31T15:00:00,2026-03-31T16:00:00,2026-03-09T13:00:00,completed,,2026-03-31T16:00:00,60,100,100,0,In salon,FALSE
A00199,C0140,Sarah,SV03,30/3/2026,2026-03-31T14:15:00,2026-03-31T15:15:00,2026-03-01T10:15:00,completed,,2026-03-31T15:15:00,60,100,100,0,Phone,FALSE
A00200,C0073,Matthew,SV05,30/3/2026,2026-03-30T11:30:00,2026-03-30T14:00:00,2026-03-03T10:30:00,completed,,2026-03-30T14:00:00,150,325,325,0,In salon,FALSE
A00201,C0158,Sam,SV03,30/3/2026,2026-03-30T16:00:00,2026-03-30T17:00:00,2026-03-11T15:00:00,completed,,2026-03-30T17:00:00,60,100,100,0,Online,FALSE
A00202,C0239,Matthew,SV01,30/3/2026,2026-04-01T09:45:00,2026-04-01T10:15:00,2026-03-12T07:45:00,completed,,2026-04-01T10:15:00,30,40,40,0,Phone,TRUE
A00203,C0240,Sam,SV02,30/3/2026,2026-04-01T13:00:00,2026-04-01T13:45:00,2026-03-24T11:00:00,completed,,2026-04-01T13:45:00,45,60,60,0,Online,TRUE
A00204,C0173,Sam,SV04,30/3/2026,2026-03-31T10:00:00,2026-03-31T12:00:00,2026-03-23T06:00:00,completed,,2026-03-31T12:00:00,120,240,240,0,Online,FALSE
A00205,C0113,Sam,SV04,30/3/2026,2026-03-30T11:30:00,2026-03-30T13:30:00,2026-03-12T09:30:00,completed,,2026-03-30T13:30:00,120,240,240,0,In salon,FALSE
A00206,C0149,Matthew,SV06,30/3/2026,2026-04-03T12:00:00,2026-04-03T15:00:00,2026-03-19T09:00:00,completed,,2026-04-03T15:00:00,180,390,390,0,Online,FALSE
A00207,C0241,Matthew,SV03,30/3/2026,2026-03-31T13:00:00,2026-03-31T14:00:00,2026-03-13T09:00:00,completed,,2026-03-31T14:00:00,60,100,100,0,Online,TRUE
A00208,C0223,Sam,SV02,30/3/2026,2026-04-01T14:15:00,2026-04-01T15:00:00,2026-03-18T12:00:00,cancelled,2026-03-22T12:00:00,,45,60,0,0,Phone,TRUE
A00209,C0238,Matthew,SV04,30/3/2026,2026-03-31T11:00:00,2026-03-31T13:00:00,2026-03-18T12:00:00,cancelled,2026-03-22T12:00:00,,120,240,0,0,In salon,TRUE
A00210,C0174,Sam,SV01,6/4/2026,2026-04-07T09:45:00,2026-04-07T10:15:00,2026-03-26T08:45:00,completed,,2026-04-07T10:15:00,30,40,40,0,Online,FALSE
A00211,C0088,Sarah,SV01,6/4/2026,2026-04-07T14:00:00,2026-04-07T14:30:00,2026-03-19T13:00:00,completed,,2026-04-07T14:30:00,30,40,40,0,Online,FALSE
A00212,C0075,Matthew,SV01,6/4/2026,2026-04-07T16:00:00,2026-04-07T16:30:00,2026-03-27T14:00:00,completed,,2026-04-07T16:30:00,30,40,40,0,Phone,FALSE
A00213,C0106,Sam,SV02,6/4/2026,2026-04-07T11:15:00,2026-04-07T12:00:00,2026-03-12T06:15:00,completed,,2026-04-07T12:00:00,45,60,60,0,Online,FALSE
A00214,C0070,Matthew,SV01,6/4/2026,2026-04-07T14:15:00,2026-04-07T14:45:00,2026-03-20T07:15:00,completed,,2026-04-07T14:45:00,30,40,40,0,In salon,FALSE
A00215,C0078,Matthew,SV04,6/4/2026,2026-04-06T09:00:00,2026-04-06T11:00:00,2026-03-09T03:00:00,completed,,2026-04-06T11:00:00,120,240,240,0,Phone,FALSE
A00216,C0069,Sam,SV01,6/4/2026,2026-04-07T09:15:00,2026-04-07T09:45:00,2026-03-14T09:15:00,completed,,2026-04-07T09:45:00,30,40,40,0,Online,FALSE
A00217,C0242,Matthew,SV01,6/4/2026,2026-04-07T16:30:00,2026-04-07T17:00:00,2026-03-25T16:30:00,completed,,2026-04-07T17:00:00,30,40,40,0,In salon,TRUE
A00218,C0116,Sam,SV03,6/4/2026,2026-04-06T12:00:00,2026-04-06T13:00:00,2026-03-13T08:00:00,completed,,2026-04-06T13:00:00,60,100,100,0,Online,FALSE
A00219,C0243,Sam,SV01,6/4/2026,2026-04-07T12:45:00,2026-04-07T13:15:00,2026-03-06T05:45:00,completed,,2026-04-07T13:15:00,30,40,40,0,Phone,TRUE
A00220,C0122,Sarah,SV05,6/4/2026,2026-04-06T10:00:00,2026-04-06T12:30:00,2026-03-11T08:00:00,completed,,2026-04-06T12:30:00,150,325,325,0,In salon,FALSE
A00221,C0244,Matthew,SV01,6/4/2026,2026-04-07T10:45:00,2026-04-07T11:15:00,2026-03-15T09:45:00,completed,,2026-04-07T11:15:00,30,40,40,0,Online,TRUE
A00222,C0137,Sam,SV04,6/4/2026,2026-04-07T13:45:00,2026-04-07T15:45:00,2026-03-27T05:45:00,completed,,2026-04-07T15:45:00,120,240,240,0,Phone,FALSE
A00223,C0114,Sam,SV04,6/4/2026,2026-04-06T13:00:00,2026-04-06T15:00:00,2026-03-22T12:00:00,completed,,2026-04-06T15:00:00,120,240,240,0,In salon,FALSE
A00224,C0066,Matthew,SV04,6/4/2026,2026-04-06T13:00:00,2026-04-06T15:00:00,2026-03-21T13:00:00,completed,,2026-04-06T15:00:00,120,240,240,0,In salon,FALSE
A00225,C0245,Sarah,SV02,6/4/2026,2026-04-07T15:45:00,2026-04-07T16:30:00,2026-03-07T15:45:00,completed,,2026-04-07T16:30:00,45,60,60,0,Phone,TRUE
A00226,C0036,Matthew,SV01,6/4/2026,2026-04-07T14:45:00,2026-04-07T15:15:00,2026-03-21T08:45:00,completed,,2026-04-07T15:15:00,30,40,40,0,Online,FALSE
A00227,C0246,Sam,SV06,6/4/2026,2026-04-10T09:00:00,2026-04-10T12:00:00,2026-03-28T08:00:00,completed,,2026-04-10T12:00:00,180,390,390,0,Phone,TRUE
A00228,C0247,Matthew,SV06,6/4/2026,2026-04-10T09:00:00,2026-04-10T12:00:00,2026-03-13T02:00:00,completed,,2026-04-10T12:00:00,180,390,390,0,Phone,TRUE
A00229,C0197,Sarah,SV02,6/4/2026,2026-04-07T14:30:00,2026-04-07T15:15:00,2026-03-17T08:00:00,completed,,2026-04-07T15:15:00,45,60,60,0,In salon,FALSE
A00230,C0248,Sarah,SV03,6/4/2026,2026-04-07T10:45:00,2026-04-07T11:45:00,2026-03-15T09:45:00,completed,,2026-04-07T11:45:00,60,100,100,0,In salon,TRUE
A00231,C0110,Sarah,SV01,6/4/2026,2026-04-07T15:15:00,2026-04-07T15:45:00,2026-03-12T14:15:00,completed,,2026-04-07T15:45:00,30,40,40,0,Phone,FALSE
A00232,C0138,Matthew,SV02,6/4/2026,2026-04-07T13:30:00,2026-04-07T14:15:00,2026-03-18T10:30:00,completed,,2026-04-07T14:15:00,45,60,60,0,Phone,FALSE
A00233,C0168,Sarah,SV01,6/4/2026,2026-04-10T14:30:00,2026-04-10T15:00:00,2026-04-01T08:30:00,completed,,2026-04-10T15:00:00,30,40,40,0,Phone,FALSE
A00234,C0249,Matthew,SV03,6/4/2026,2026-04-07T09:45:00,2026-04-07T10:45:00,2026-03-12T09:45:00,completed,,2026-04-07T10:45:00,60,100,100,0,Online,TRUE
A00235,C0146,Sarah,SV02,6/4/2026,2026-04-07T12:15:00,2026-04-07T13:00:00,2026-03-25T04:15:00,completed,,2026-04-07T13:00:00,45,60,60,0,Online,FALSE
A00236,C0250,Sarah,SV03,6/4/2026,2026-04-06T09:00:00,2026-04-06T10:00:00,2026-03-05T01:00:00,completed,,2026-04-06T10:00:00,60,100,100,0,In salon,TRUE
A00237,C0058,Matthew,SV04,6/4/2026,2026-04-06T15:00:00,2026-04-06T17:00:00,2026-03-19T09:00:00,completed,,2026-04-06T17:00:00,120,240,240,0,Phone,FALSE
A00238,C0187,Sam,SV01,6/4/2026,2026-04-07T13:15:00,2026-04-07T13:45:00,2026-03-17T08:00:00,completed,,2026-04-07T13:45:00,30,40,40,0,In salon,FALSE
A00239,C0251,Matthew,SV01,6/4/2026,2026-04-07T11:15:00,2026-04-07T11:45:00,2026-03-13T07:15:00,completed,,2026-04-07T11:45:00,30,40,40,0,Online,TRUE
A00240,C0080,Sarah,SV04,6/4/2026,2026-04-06T13:00:00,2026-04-06T15:00:00,2026-03-18T11:00:00,completed,,2026-04-06T15:00:00,120,240,240,0,Phone,FALSE
A00241,C0085,Sam,SV01,6/4/2026,2026-04-07T15:45:00,2026-04-07T16:15:00,2026-03-28T09:45:00,completed,,2026-04-07T16:15:00,30,40,40,0,In salon,FALSE
A00242,C0047,Sam,SV05,6/4/2026,2026-04-06T09:00:00,2026-04-06T11:30:00,2026-03-02T08:00:00,completed,,2026-04-06T11:30:00,150,325,325,0,In salon,FALSE
A00243,C0084,Matthew,SV06,6/4/2026,2026-04-10T12:00:00,2026-04-10T15:00:00,2026-03-21T06:00:00,completed,,2026-04-10T15:00:00,180,390,390,0,Phone,FALSE
A00244,C0112,Sarah,SV01,6/4/2026,2026-04-07T11:45:00,2026-04-07T12:15:00,2026-03-29T05:45:00,completed,,2026-04-07T12:15:00,30,40,40,0,Online,FALSE
A00245,C0252,Sarah,SV01,6/4/2026,2026-04-08T15:00:00,2026-04-08T15:30:00,2026-03-26T07:00:00,completed,,2026-04-08T15:30:00,30,40,40,0,Phone,TRUE
A00246,C0118,Sam,SV01,6/4/2026,2026-04-08T11:00:00,2026-04-08T11:30:00,2026-03-19T11:00:00,completed,,2026-04-08T11:30:00,30,40,40,0,In salon,FALSE
A00247,C0253,Sam,SV05,6/4/2026,2026-04-10T12:00:00,2026-04-10T14:30:00,2026-04-02T12:00:00,completed,,2026-04-10T14:30:00,150,325,325,0,Phone,TRUE
A00248,C0254,Sam,SV02,6/4/2026,2026-04-07T12:00:00,2026-04-07T12:45:00,2026-03-28T08:00:00,completed,,2026-04-07T12:45:00,45,60,60,0,In salon,TRUE
A00249,C0034,Sarah,SV01,6/4/2026,2026-04-07T09:45:00,2026-04-07T10:15:00,2026-03-03T02:45:00,completed,,2026-04-07T10:15:00,30,40,40,0,In salon,FALSE
A00250,C0107,Sarah,SV04,6/4/2026,2026-04-06T15:00:00,2026-04-06T17:00:00,2026-03-18T13:00:00,completed,,2026-04-06T17:00:00,120,240,240,0,Phone,FALSE
A00251,C0074,Sarah,SV05,6/4/2026,2026-04-10T12:00:00,2026-04-10T14:30:00,2026-03-06T10:00:00,completed,,2026-04-10T14:30:00,150,325,325,0,Phone,FALSE
A00252,C0117,Matthew,SV01,6/4/2026,2026-04-08T13:45:00,2026-04-08T14:15:00,2026-03-12T05:45:00,completed,,2026-04-08T14:15:00,30,40,40,0,Phone,FALSE
A00253,C0100,Sarah,SV01,6/4/2026,2026-04-07T10:15:00,2026-04-07T10:45:00,2026-03-19T04:15:00,completed,,2026-04-07T10:45:00,30,40,40,0,Phone,FALSE
A00254,C0180,Matthew,SV04,6/4/2026,2026-04-06T11:00:00,2026-04-06T13:00:00,2026-03-25T10:00:00,completed,,2026-04-06T13:00:00,120,240,240,0,Phone,FALSE
A00255,C0182,Sam,SV01,6/4/2026,2026-04-10T14:30:00,2026-04-10T15:00:00,2026-03-22T12:30:00,completed,,2026-04-10T15:00:00,30,40,40,0,Online,FALSE
A00256,C0196,Sam,SV01,6/4/2026,2026-04-06T11:30:00,2026-04-06T12:00:00,2026-03-20T11:30:00,completed,,2026-04-06T12:00:00,30,40,40,0,Phone,FALSE
A00257,C0185,Sarah,SV01,6/4/2026,2026-04-07T16:30:00,2026-04-07T17:00:00,2026-03-20T12:30:00,completed,,2026-04-07T17:00:00,30,40,40,0,Phone,FALSE
A00258,C0255,Sam,SV03,6/4/2026,2026-04-07T10:15:00,2026-04-07T11:15:00,2026-03-03T07:15:00,completed,,2026-04-07T11:15:00,60,100,100,0,Online,TRUE
A00259,C0111,Sarah,SV01,6/4/2026,2026-04-06T12:30:00,2026-04-06T13:00:00,2026-03-29T08:30:00,completed,,2026-04-06T13:00:00,30,40,40,0,In salon,FALSE
A00260,C0062,Matthew,SV01,6/4/2026,2026-04-07T09:15:00,2026-04-07T09:45:00,2026-03-19T02:15:00,completed,,2026-04-07T09:45:00,30,40,40,0,In salon,FALSE
A00261,C0256,Matthew,SV02,6/4/2026,2026-04-07T15:15:00,2026-04-07T16:00:00,2026-03-08T11:15:00,completed,,2026-04-07T16:00:00,45,60,60,0,In salon,TRUE
A00262,C0257,Sarah,SV06,6/4/2026,2026-04-10T09:00:00,2026-04-10T12:00:00,2026-04-02T02:00:00,completed,,2026-04-10T12:00:00,180,390,390,0,Online,TRUE
A00263,C0049,Sam,SV04,6/4/2026,2026-04-06T15:00:00,2026-04-06T17:00:00,2026-03-28T15:00:00,completed,,2026-04-06T17:00:00,120,240,240,0,Phone,FALSE
A00264,C0258,Matthew,SV02,6/4/2026,2026-04-07T11:45:00,2026-04-07T12:30:00,2026-03-28T10:45:00,completed,,2026-04-07T12:30:00,45,60,60,0,Phone,TRUE
A00265,C0156,Sarah,SV03,6/4/2026,2026-04-07T13:00:00,2026-04-07T14:00:00,2026-03-03T08:00:00,completed,,2026-04-07T14:00:00,60,100,100,0,Phone,FALSE
A00266,C0186,Sam,SV02,6/4/2026,2026-04-07T16:15:00,2026-04-07T17:00:00,2026-03-19T08:00:00,completed,,2026-04-07T17:00:00,45,60,60,0,In salon,FALSE
A00267,C0259,Sarah,SV02,6/4/2026,2026-04-07T09:00:00,2026-04-07T09:45:00,2026-03-16T08:00:00,completed,,2026-04-07T09:45:00,45,60,60,0,Phone,TRUE
A00268,C0055,Matthew,SV03,6/4/2026,2026-04-07T12:30:00,2026-04-07T13:30:00,2026-03-09T05:30:00,completed,,2026-04-07T13:30:00,60,100,100,0,In salon,FALSE
A00269,C0250,Sarah,SV03,6/4/2026,2026-04-06T09:00:00,2026-04-06T10:00:00,2026-03-25T12:00:00,cancelled,2026-03-29T12:00:00,,60,100,0,0,In salon,TRUE
A00270,C0151,Matthew,SV06,13/4/2026,2026-04-17T09:30:00,2026-04-17T12:30:00,2026-04-02T02:30:00,completed,,2026-04-17T12:30:00,180,390,390,0,In salon,FALSE
A00271,C0136,Sarah,SV06,13/4/2026,2026-04-17T12:00:00,2026-04-17T15:00:00,2026-03-15T10:00:00,completed,,2026-04-17T15:00:00,180,390,390,0,Online,FALSE
A00272,C0189,Sam,SV01,13/4/2026,2026-04-15T10:45:00,2026-04-15T11:15:00,2026-03-21T08:00:00,completed,,2026-04-15T11:15:00,30,40,40,0,In salon,FALSE
A00273,C0260,Matthew,SV03,13/4/2026,2026-04-14T10:00:00,2026-04-14T11:00:00,2026-03-25T03:00:00,completed,,2026-04-14T11:00:00,60,100,100,0,Phone,TRUE
A00274,C0178,Matthew,SV01,13/4/2026,2026-04-15T13:30:00,2026-04-15T14:00:00,2026-04-05T09:30:00,completed,,2026-04-15T14:00:00,30,40,40,0,Phone,FALSE
A00275,C0261,Sarah,SV03,13/4/2026,2026-04-14T11:00:00,2026-04-14T12:00:00,2026-03-16T09:00:00,completed,,2026-04-14T12:00:00,60,100,100,0,Online,TRUE
A00276,C0119,Sarah,SV01,13/4/2026,2026-04-15T12:30:00,2026-04-15T13:00:00,2026-04-06T05:30:00,completed,,2026-04-15T13:00:00,30,40,40,0,Phone,FALSE
A00277,C0262,Sarah,SV06,13/4/2026,2026-04-17T09:00:00,2026-04-17T12:00:00,2026-04-03T03:00:00,completed,,2026-04-17T12:00:00,180,390,390,0,Phone,TRUE
A00278,C0263,Matthew,SV03,13/4/2026,2026-04-14T16:00:00,2026-04-14T17:00:00,2026-03-25T15:00:00,completed,,2026-04-14T17:00:00,60,100,100,0,In salon,TRUE
A00279,C0134,Sarah,SV01,13/4/2026,2026-04-15T15:00:00,2026-04-15T15:30:00,2026-03-14T08:00:00,completed,,2026-04-15T15:30:00,30,40,40,0,Phone,FALSE
A00280,C0087,Sarah,SV01,13/4/2026,2026-04-14T16:30:00,2026-04-14T17:00:00,2026-03-10T12:30:00,completed,,2026-04-14T17:00:00,30,40,40,0,Phone,FALSE
A00281,C0042,Sarah,SV03,13/4/2026,2026-04-14T14:00:00,2026-04-14T15:00:00,2026-03-10T13:00:00,completed,,2026-04-14T15:00:00,60,100,100,0,In salon,FALSE
A00282,C0064,Sam,SV01,13/4/2026,2026-04-15T11:15:00,2026-04-15T11:45:00,2026-03-17T03:15:00,completed,,2026-04-15T11:45:00,30,40,40,0,Online,FALSE
A00283,C0142,Matthew,SV04,13/4/2026,2026-04-14T12:15:00,2026-04-14T14:15:00,2026-04-06T09:15:00,completed,,2026-04-14T14:15:00,120,240,240,0,In salon,FALSE
A00284,C0063,Sarah,SV02,13/4/2026,2026-04-14T12:30:00,2026-04-14T13:15:00,2026-03-29T08:30:00,completed,,2026-04-14T13:15:00,45,60,60,0,Phone,FALSE
A00285,C0199,Sam,SV02,13/4/2026,2026-04-14T09:15:00,2026-04-14T10:00:00,2026-03-24T02:15:00,completed,,2026-04-14T10:00:00,45,60,60,0,In salon,FALSE
A00286,C0171,Matthew,SV01,13/4/2026,2026-04-15T11:30:00,2026-04-15T12:00:00,2026-03-29T03:30:00,completed,,2026-04-15T12:00:00,30,40,40,0,Phone,FALSE
A00287,C0094,Sam,SV02,13/4/2026,2026-04-14T15:15:00,2026-04-14T16:00:00,2026-03-20T14:15:00,completed,,2026-04-14T16:00:00,45,60,60,0,Online,FALSE
A00288,C0167,Matthew,SV01,13/4/2026,2026-04-15T13:00:00,2026-04-15T13:30:00,2026-03-15T11:00:00,completed,,2026-04-15T13:30:00,30,40,40,0,Phone,FALSE
A00289,C0264,Matthew,SV04,13/4/2026,2026-04-13T09:00:00,2026-04-13T11:00:00,2026-03-19T02:00:00,completed,,2026-04-13T11:00:00,120,240,240,0,Online,TRUE
A00290,C0198,Sam,SV06,13/4/2026,2026-04-17T09:00:00,2026-04-17T12:00:00,2026-04-09T08:00:00,completed,,2026-04-17T12:00:00,180,390,390,0,Online,FALSE
A00291,C0265,Sam,SV02,13/4/2026,2026-04-14T13:45:00,2026-04-14T14:30:00,2026-03-20T13:45:00,completed,,2026-04-14T14:30:00,45,60,60,0,Phone,TRUE
A00292,C0208,Sarah,SV01,13/4/2026,2026-04-15T14:00:00,2026-04-15T14:30:00,2026-03-24T08:00:00,completed,,2026-04-15T14:30:00,30,40,40,0,Online,FALSE
A00293,C0184,Sam,SV03,13/4/2026,2026-04-14T16:00:00,2026-04-14T17:00:00,2026-04-05T16:00:00,completed,,2026-04-14T17:00:00,60,100,100,0,Online,FALSE
A00294,C0203,Matthew,SV05,13/4/2026,2026-04-17T12:30:00,2026-04-17T15:00:00,2026-04-02T09:30:00,completed,,2026-04-17T15:00:00,150,325,325,0,In salon,FALSE
A00295,C0192,Sam,SV01,13/4/2026,2026-04-15T12:15:00,2026-04-15T12:45:00,2026-04-06T10:15:00,completed,,2026-04-15T12:45:00,30,40,40,0,Online,FALSE
A00296,C0030,Sarah,SV01,13/4/2026,2026-04-14T12:00:00,2026-04-14T12:30:00,2026-03-29T06:00:00,completed,,2026-04-14T12:30:00,30,40,40,0,Phone,FALSE
A00297,C0082,Sarah,SV01,13/4/2026,2026-04-15T13:30:00,2026-04-15T14:00:00,2026-03-22T13:30:00,completed,,2026-04-15T14:00:00,30,40,40,0,Online,FALSE
A00298,C0266,Sam,SV03,13/4/2026,2026-04-13T11:30:00,2026-04-13T12:30:00,2026-03-25T07:30:00,completed,,2026-04-13T12:30:00,60,100,100,0,Phone,TRUE
A00299,C0071,Matthew,SV01,13/4/2026,2026-04-15T14:00:00,2026-04-15T14:30:00,2026-03-25T11:00:00,completed,,2026-04-15T14:30:00,30,40,40,0,Online,FALSE
A00300,C0081,Sam,SV01,13/4/2026,2026-04-15T09:15:00,2026-04-15T09:45:00,2026-03-30T06:15:00,completed,,2026-04-15T09:45:00,30,40,40,0,Phone,FALSE
A00301,C0267,Sam,SV04,13/4/2026,2026-04-13T12:30:00,2026-04-13T14:30:00,2026-04-01T09:30:00,completed,,2026-04-13T14:30:00,120,240,240,0,Online,TRUE
A00302,C0268,Sam,SV03,13/4/2026,2026-04-14T10:00:00,2026-04-14T11:00:00,2026-03-18T06:00:00,completed,,2026-04-14T11:00:00,60,100,100,0,In salon,TRUE
A00303,C0127,Matthew,SV01,13/4/2026,2026-04-17T09:00:00,2026-04-17T09:30:00,2026-03-24T02:00:00,completed,,2026-04-17T09:30:00,30,40,40,0,Online,FALSE
A00304,C0052,Sarah,SV02,13/4/2026,2026-04-14T13:15:00,2026-04-14T14:00:00,2026-04-01T06:15:00,completed,,2026-04-14T14:00:00,45,60,60,0,In salon,FALSE
A00305,C0183,Sam,SV01,13/4/2026,2026-04-15T10:15:00,2026-04-15T10:45:00,2026-04-02T03:15:00,completed,,2026-04-15T10:45:00,30,40,40,0,In salon,FALSE
A00306,C0269,Sam,SV04,13/4/2026,2026-04-13T09:00:00,2026-04-13T11:00:00,2026-03-22T03:00:00,completed,,2026-04-13T11:00:00,120,240,240,0,Phone,TRUE
A00307,C0181,Matthew,SV02,13/4/2026,2026-04-14T15:15:00,2026-04-14T16:00:00,2026-03-21T08:00:00,completed,,2026-04-14T16:00:00,45,60,60,0,Phone,FALSE
A00308,C0191,Sam,SV05,13/4/2026,2026-04-13T14:30:00,2026-04-13T17:00:00,2026-03-21T08:00:00,completed,,2026-04-13T17:00:00,150,325,325,0,In salon,FALSE
A00309,C0131,Sarah,SV04,13/4/2026,2026-04-13T15:00:00,2026-04-13T17:00:00,2026-03-13T14:00:00,completed,,2026-04-13T17:00:00,120,240,240,0,In salon,FALSE
A00310,C0051,Sarah,SV04,13/4/2026,2026-04-13T09:00:00,2026-04-13T11:00:00,2026-03-18T03:00:00,completed,,2026-04-13T11:00:00,120,240,240,0,Phone,FALSE
A00311,C0130,Sarah,SV04,13/4/2026,2026-04-13T13:00:00,2026-04-13T15:00:00,2026-03-20T05:00:00,completed,,2026-04-13T15:00:00,120,240,240,0,Online,FALSE
A00312,C0270,Matthew,SV05,13/4/2026,2026-04-13T14:30:00,2026-04-13T17:00:00,2026-03-23T11:30:00,completed,,2026-04-13T17:00:00,150,325,325,0,Online,TRUE
A00313,C0214,Sam,SV02,13/4/2026,2026-04-14T14:30:00,2026-04-14T15:15:00,2026-03-24T08:00:00,completed,,2026-04-14T15:15:00,45,60,60,0,Online,FALSE
A00314,C0271,Matthew,SV03,13/4/2026,2026-04-14T14:15:00,2026-04-14T15:15:00,2026-03-22T07:15:00,completed,,2026-04-14T15:15:00,60,100,100,0,Phone,TRUE
A00315,C0046,Matthew,SV02,13/4/2026,2026-04-14T11:30:00,2026-04-14T12:15:00,2026-04-03T03:30:00,completed,,2026-04-14T12:15:00,45,60,60,0,In salon,FALSE
A00316,C0103,Sam,SV01,13/4/2026,2026-04-15T09:45:00,2026-04-15T10:15:00,2026-03-19T09:45:00,completed,,2026-04-15T10:15:00,30,40,40,0,Phone,FALSE
A00317,C0039,Sam,SV01,13/4/2026,2026-04-15T11:45:00,2026-04-15T12:15:00,2026-03-23T10:45:00,completed,,2026-04-15T12:15:00,30,40,40,0,In salon,FALSE
A00318,C0272,Matthew,SV01,13/4/2026,2026-04-14T11:00:00,2026-04-14T11:30:00,2026-03-20T10:00:00,completed,,2026-04-14T11:30:00,30,40,40,0,Online,TRUE
A00319,C0273,Matthew,SV01,13/4/2026,2026-04-15T14:30:00,2026-04-15T15:00:00,2026-03-19T08:30:00,completed,,2026-04-15T15:00:00,30,40,40,0,Online,TRUE
A00320,C0132,Matthew,SV01,13/4/2026,2026-04-15T12:00:00,2026-04-15T12:30:00,2026-04-02T06:00:00,completed,,2026-04-15T12:30:00,30,40,40,0,Online,FALSE
A00321,C0274,Matthew,SV02,13/4/2026,2026-04-14T09:15:00,2026-04-14T10:00:00,2026-03-27T01:15:00,completed,,2026-04-14T10:00:00,45,60,60,0,Online,TRUE
A00322,C0216,Sam,SV04,13/4/2026,2026-04-14T11:00:00,2026-04-14T13:00:00,2026-03-24T08:00:00,completed,,2026-04-14T13:00:00,120,240,240,0,Phone,FALSE
A00323,C0050,Sam,SV05,13/4/2026,2026-04-17T12:30:00,2026-04-17T15:00:00,2026-03-27T06:30:00,completed,,2026-04-17T15:00:00,150,325,325,0,In salon,FALSE
A00324,C0157,Sarah,SV01,13/4/2026,2026-04-15T13:00:00,2026-04-15T13:30:00,2026-03-13T12:00:00,completed,,2026-04-15T13:30:00,30,40,40,0,Online,FALSE
A00325,C0029,Matthew,SV03,13/4/2026,2026-04-13T13:30:00,2026-04-13T14:30:00,2026-03-29T12:30:00,completed,,2026-04-13T14:30:00,60,100,100,0,Phone,FALSE
A00326,C0053,Matthew,SV04,13/4/2026,2026-04-13T11:00:00,2026-04-13T13:00:00,2026-03-18T09:00:00,completed,,2026-04-13T13:00:00,120,240,240,0,Phone,FALSE
A00327,C0202,Sam,SV02,13/4/2026,2026-04-14T13:00:00,2026-04-14T13:45:00,2026-03-28T06:00:00,completed,,2026-04-14T13:45:00,45,60,60,0,Online,FALSE
A00328,C0275,Sarah,SV04,13/4/2026,2026-04-13T11:00:00,2026-04-13T13:00:00,2026-03-29T06:00:00,completed,,2026-04-13T13:00:00,120,240,240,0,Phone,TRUE
A00329,C0276,Sam,SV01,13/4/2026,2026-04-17T12:00:00,2026-04-17T12:30:00,2026-03-18T10:00:00,completed,,2026-04-17T12:30:00,30,40,40,0,In salon,TRUE
A00330,C0277,Sarah,SV02,13/4/2026,2026-04-14T15:45:00,2026-04-14T16:30:00,2026-03-10T14:45:00,completed,,2026-04-14T16:30:00,45,60,60,0,In salon,TRUE
A00331,C0278,Matthew,SV01,13/4/2026,2026-04-15T11:00:00,2026-04-15T11:30:00,2026-03-24T09:00:00,completed,,2026-04-15T11:30:00,30,40,40,0,In salon,TRUE
A00332,C0279,Sarah,SV04,13/4/2026,2026-04-14T09:00:00,2026-04-14T11:00:00,2026-04-02T08:00:00,completed,,2026-04-14T11:00:00,120,240,240,0,In salon,TRUE
A00333,C0165,Sarah,SV01,13/4/2026,2026-04-15T15:30:00,2026-04-15T16:00:00,2026-04-05T09:30:00,completed,,2026-04-15T16:00:00,30,40,40,0,Phone,FALSE
A00334,C0089,Sam,SV01,13/4/2026,2026-04-13T11:00:00,2026-04-13T11:30:00,2026-03-10T10:00:00,completed,,2026-04-13T11:30:00,30,40,40,0,Online,FALSE
A00335,C0077,Sarah,SV02,13/4/2026,2026-04-14T15:00:00,2026-04-14T15:45:00,2026-04-03T09:00:00,completed,,2026-04-14T15:45:00,45,60,60,0,In salon,FALSE
A00336,C0076,Matthew,SV01,13/4/2026,2026-04-13T13:00:00,2026-04-13T13:30:00,2026-04-01T09:00:00,completed,,2026-04-13T13:30:00,30,40,40,0,Phone,FALSE
A00337,C0221,Matthew,SV01,13/4/2026,2026-04-15T12:30:00,2026-04-15T13:00:00,2026-03-28T06:30:00,completed,,2026-04-15T13:00:00,30,40,40,0,In salon,FALSE
A00338,C0280,Sarah,SV01,13/4/2026,2026-04-15T14:30:00,2026-04-15T15:00:00,2026-03-27T07:30:00,completed,,2026-04-15T15:00:00,30,40,40,0,In salon,TRUE
A00339,C0183,Sam,SV01,13/4/2026,2026-04-15T10:15:00,2026-04-15T10:45:00,2026-04-01T12:00:00,cancelled,2026-04-05T12:00:00,,30,40,0,0,In salon,FALSE
A00340,C0082,Sarah,SV01,13/4/2026,2026-04-15T13:30:00,2026-04-15T14:00:00,2026-04-01T12:00:00,cancelled,2026-04-05T12:00:00,,30,40,0,0,Online,FALSE
A00341,C0104,Sarah,SV03,20/4/2026,2026-04-20T13:30:00,2026-04-20T14:30:00,2026-04-11T09:30:00,completed,,2026-04-20T14:30:00,60,100,100,0,In salon,FALSE
A00342,C0086,Sam,SV06,20/4/2026,2026-04-24T09:00:00,2026-04-24T12:00:00,2026-04-14T04:00:00,completed,,2026-04-24T12:00:00,180,390,390,0,Phone,FALSE
A00343,C0281,Sarah,SV01,20/4/2026,2026-04-21T09:30:00,2026-04-21T10:00:00,2026-03-21T05:30:00,completed,,2026-04-21T10:00:00,30,40,40,0,Phone,TRUE
A00344,C0194,Sarah,SV03,20/4/2026,2026-04-21T15:15:00,2026-04-21T16:15:00,2026-03-19T15:15:00,completed,,2026-04-21T16:15:00,60,100,100,0,Phone,FALSE
A00345,C0043,Matthew,SV03,20/4/2026,2026-04-21T10:30:00,2026-04-21T11:30:00,2026-03-17T04:30:00,completed,,2026-04-21T11:30:00,60,100,100,0,Online,FALSE
A00346,C0162,Sam,SV01,20/4/2026,2026-04-21T11:30:00,2026-04-21T12:00:00,2026-03-25T06:30:00,completed,,2026-04-21T12:00:00,30,40,40,0,Phone,FALSE
A00347,C0060,Matthew,SV05,20/4/2026,2026-04-24T12:00:00,2026-04-24T14:30:00,2026-04-08T06:00:00,completed,,2026-04-24T14:30:00,150,325,325,0,In salon,FALSE
A00348,C0201,Sam,SV01,20/4/2026,2026-04-21T16:30:00,2026-04-21T17:00:00,2026-04-02T13:30:00,completed,,2026-04-21T17:00:00,30,40,40,0,In salon,FALSE
A00349,C0282,Sam,SV01,20/4/2026,2026-04-22T09:00:00,2026-04-22T09:30:00,2026-04-05T06:00:00,completed,,2026-04-22T09:30:00,30,40,40,0,Phone,TRUE
A00350,C0144,Sam,SV03,20/4/2026,2026-04-20T16:00:00,2026-04-20T17:00:00,2026-04-11T10:00:00,completed,,2026-04-20T17:00:00,60,100,100,0,In salon,FALSE
A00351,C0143,Sarah,SV04,20/4/2026,2026-04-20T15:00:00,2026-04-20T17:00:00,2026-04-07T10:00:00,completed,,2026-04-20T17:00:00,120,240,240,0,Online,FALSE
A00352,C0283,Sarah,SV01,20/4/2026,2026-04-24T14:30:00,2026-04-24T15:00:00,2026-04-06T06:30:00,completed,,2026-04-24T15:00:00,30,40,40,0,Phone,TRUE
A00353,C0065,Matthew,SV02,20/4/2026,2026-04-21T11:30:00,2026-04-21T12:15:00,2026-03-17T08:30:00,completed,,2026-04-21T12:15:00,45,60,60,0,Online,FALSE
A00354,C0145,Sarah,SV01,20/4/2026,2026-04-22T13:30:00,2026-04-22T14:00:00,2026-04-09T05:30:00,completed,,2026-04-22T14:00:00,30,40,40,0,Online,FALSE
A00355,C0031,Sarah,SV06,20/4/2026,2026-04-24T11:30:00,2026-04-24T14:30:00,2026-03-27T05:30:00,completed,,2026-04-24T14:30:00,180,390,390,0,In salon,FALSE
A00356,C0284,Sarah,SV01,20/4/2026,2026-04-21T09:00:00,2026-04-21T09:30:00,2026-04-02T06:00:00,completed,,2026-04-21T09:30:00,30,40,40,0,Phone,TRUE
A00357,C0206,Sam,SV01,20/4/2026,2026-04-21T13:30:00,2026-04-21T14:00:00,2026-03-26T08:00:00,completed,,2026-04-21T14:00:00,30,40,40,0,In salon,FALSE
A00358,C0285,Matthew,SV02,20/4/2026,2026-04-21T16:15:00,2026-04-21T17:00:00,2026-04-03T16:15:00,completed,,2026-04-21T17:00:00,45,60,60,0,In salon,TRUE
A00359,C0286,Sam,SV05,20/4/2026,2026-04-20T13:00:00,2026-04-20T15:30:00,2026-03-20T13:00:00,completed,,2026-04-20T15:30:00,150,325,325,0,Phone,TRUE
A00360,C0200,Sam,SV01,20/4/2026,2026-04-21T09:00:00,2026-04-21T09:30:00,2026-04-13T06:00:00,completed,,2026-04-21T09:30:00,30,40,40,0,In salon,FALSE
A00361,C0287,Matthew,SV01,20/4/2026,2026-04-21T14:45:00,2026-04-21T15:15:00,2026-03-24T14:45:00,completed,,2026-04-21T15:15:00,30,40,40,0,Online,TRUE
A00362,C0115,Matthew,SV05,20/4/2026,2026-04-20T09:00:00,2026-04-20T11:30:00,2026-04-12T04:00:00,completed,,2026-04-20T11:30:00,150,325,325,0,In salon,FALSE
A00363,C0163,Matthew,SV04,20/4/2026,2026-04-20T13:00:00,2026-04-20T15:00:00,2026-03-20T06:00:00,completed,,2026-04-20T15:00:00,120,240,240,0,Online,FALSE
A00364,C0209,Sarah,SV04,20/4/2026,2026-04-20T11:30:00,2026-04-20T13:30:00,2026-03-31T04:30:00,completed,,2026-04-20T13:30:00,120,240,240,0,Phone,FALSE
A00365,C0121,Sam,SV01,20/4/2026,2026-04-24T12:00:00,2026-04-24T12:30:00,2026-03-30T12:00:00,completed,,2026-04-24T12:30:00,30,40,40,0,Phone,FALSE
A00366,C0288,Matthew,SV01,20/4/2026,2026-04-21T15:15:00,2026-04-21T15:45:00,2026-04-03T12:15:00,completed,,2026-04-21T15:45:00,30,40,40,0,Phone,TRUE
A00367,C0190,Sarah,SV02,20/4/2026,2026-04-21T12:00:00,2026-04-21T12:45:00,2026-03-22T06:00:00,completed,,2026-04-21T12:45:00,45,60,60,0,In salon,FALSE
A00368,C0128,Sarah,SV05,20/4/2026,2026-04-20T09:00:00,2026-04-20T11:30:00,2026-03-22T07:00:00,completed,,2026-04-20T11:30:00,150,325,325,0,Online,FALSE
A00369,C0048,Matthew,SV01,20/4/2026,2026-04-22T10:15:00,2026-04-22T10:45:00,2026-04-14T07:15:00,completed,,2026-04-22T10:45:00,30,40,40,0,In salon,FALSE
A00370,C0037,Matthew,SV01,20/4/2026,2026-04-22T09:45:00,2026-04-22T10:15:00,2026-03-20T04:45:00,completed,,2026-04-22T10:15:00,30,40,40,0,Phone,FALSE
A00371,C0289,Matthew,SV01,20/4/2026,2026-04-20T12:30:00,2026-04-20T13:00:00,2026-04-07T12:30:00,completed,,2026-04-20T13:00:00,30,40,40,0,In salon,TRUE
A00372,C0108,Sam,SV02,20/4/2026,2026-04-21T12:45:00,2026-04-21T13:30:00,2026-04-02T08:45:00,completed,,2026-04-21T13:30:00,45,60,60,0,Phone,FALSE
A00373,C0290,Sam,SV04,20/4/2026,2026-04-20T11:00:00,2026-04-20T13:00:00,2026-04-11T06:00:00,completed,,2026-04-20T13:00:00,120,240,240,0,In salon,TRUE
A00374,C0218,Sam,SV05,20/4/2026,2026-04-24T12:30:00,2026-04-24T15:00:00,2026-03-28T09:30:00,completed,,2026-04-24T15:00:00,150,325,325,0,Phone,FALSE
A00375,C0291,Sarah,SV02,20/4/2026,2026-04-21T12:45:00,2026-04-21T13:30:00,2026-03-28T10:45:00,completed,,2026-04-21T13:30:00,45,60,60,0,Online,TRUE
A00376,C0061,Matthew,SV01,20/4/2026,2026-04-21T15:45:00,2026-04-21T16:15:00,2026-03-22T12:45:00,completed,,2026-04-21T16:15:00,30,40,40,0,Online,FALSE
A00377,C0205,Sam,SV01,20/4/2026,2026-04-22T09:30:00,2026-04-22T10:00:00,2026-04-06T01:30:00,completed,,2026-04-22T10:00:00,30,40,40,0,Phone,FALSE
A00378,C0207,Sarah,SV03,20/4/2026,2026-04-21T14:15:00,2026-04-21T15:15:00,2026-04-06T11:15:00,completed,,2026-04-21T15:15:00,60,100,100,0,Online,FALSE
A00379,C0210,Sarah,SV01,20/4/2026,2026-04-20T14:30:00,2026-04-20T15:00:00,2026-03-28T08:00:00,completed,,2026-04-20T15:00:00,30,40,40,0,Online,FALSE
A00380,C0109,Sam,SV01,20/4/2026,2026-04-22T11:00:00,2026-04-22T11:30:00,2026-04-10T09:00:00,completed,,2026-04-22T11:30:00,30,40,40,0,Online,FALSE
A00381,C0090,Sam,SV03,20/4/2026,2026-04-21T14:00:00,2026-04-21T15:00:00,2026-04-01T12:00:00,completed,,2026-04-21T15:00:00,60,100,100,0,Online,FALSE
A00382,C0204,Sarah,SV01,20/4/2026,2026-04-22T14:30:00,2026-04-22T15:00:00,2026-04-02T07:30:00,completed,,2026-04-22T15:00:00,30,40,40,0,In salon,FALSE
A00383,C0091,Matthew,SV04,20/4/2026,2026-04-21T12:15:00,2026-04-21T14:15:00,2026-03-22T11:15:00,completed,,2026-04-21T14:15:00,120,240,240,0,Online,FALSE
A00384,C0292,Matthew,SV01,20/4/2026,2026-04-21T14:15:00,2026-04-21T14:45:00,2026-03-24T14:15:00,completed,,2026-04-21T14:45:00,30,40,40,0,Online,TRUE
A00385,C0220,Matthew,SV02,20/4/2026,2026-04-21T09:45:00,2026-04-21T10:30:00,2026-03-26T08:00:00,completed,,2026-04-21T10:30:00,45,60,60,0,In salon,FALSE
A00386,C0129,Sam,SV01,20/4/2026,2026-04-20T15:30:00,2026-04-20T16:00:00,2026-04-11T10:30:00,completed,,2026-04-20T16:00:00,30,40,40,0,Phone,FALSE
A00387,C0188,Sarah,SV03,20/4/2026,2026-04-21T11:00:00,2026-04-21T12:00:00,2026-03-24T08:00:00,completed,,2026-04-21T12:00:00,60,100,100,0,In salon,FALSE
A00388,C0212,Sam,SV04,20/4/2026,2026-04-20T09:00:00,2026-04-20T11:00:00,2026-03-26T08:00:00,completed,,2026-04-20T11:00:00,120,240,240,0,Online,FALSE
A00389,C0293,Matthew,SV06,20/4/2026,2026-04-24T09:00:00,2026-04-24T12:00:00,2026-04-09T05:00:00,completed,,2026-04-24T12:00:00,180,390,390,0,Online,TRUE
A00390,C0160,Sarah,SV01,20/4/2026,2026-04-21T10:30:00,2026-04-21T11:00:00,2026-04-01T08:30:00,completed,,2026-04-21T11:00:00,30,40,40,0,Phone,FALSE
A00391,C0294,Matthew,SV01,20/4/2026,2026-04-22T09:15:00,2026-04-22T09:45:00,2026-03-24T04:15:00,completed,,2026-04-22T09:45:00,30,40,40,0,In salon,TRUE
A00392,C0295,Sam,SV02,20/4/2026,2026-04-21T15:00:00,2026-04-21T15:45:00,2026-03-19T15:00:00,completed,,2026-04-21T15:45:00,45,60,60,0,Phone,TRUE
A00393,C0170,Sarah,SV02,20/4/2026,2026-04-21T13:30:00,2026-04-21T14:15:00,2026-03-18T08:30:00,completed,,2026-04-21T14:15:00,45,60,60,0,Online,FALSE
A00394,C0296,Sam,SV04,20/4/2026,2026-04-21T09:30:00,2026-04-21T11:30:00,2026-03-27T04:30:00,completed,,2026-04-21T11:30:00,120,240,240,0,Phone,TRUE
A00395,C0297,Sarah,SV05,20/4/2026,2026-04-24T09:00:00,2026-04-24T11:30:00,2026-04-08T08:00:00,completed,,2026-04-24T11:30:00,150,325,325,0,In salon,TRUE
A00396,C0195,Sam,SV02,20/4/2026,2026-04-21T15:45:00,2026-04-21T16:30:00,2026-03-19T08:00:00,completed,,2026-04-21T16:30:00,45,60,60,0,In salon,FALSE
A00397,C0113,Matthew,SV03,20/4/2026,2026-04-20T11:30:00,2026-04-20T12:30:00,2026-03-18T03:30:00,completed,,2026-04-20T12:30:00,60,100,100,0,Phone,FALSE
A00398,C0298,Sam,SV02,20/4/2026,2026-04-21T12:00:00,2026-04-21T12:45:00,2026-04-04T09:00:00,completed,,2026-04-21T12:45:00,45,60,60,0,In salon,TRUE
A00399,C0033,Matthew,SV01,20/4/2026,2026-04-24T14:30:00,2026-04-24T15:00:00,2026-03-23T10:30:00,completed,,2026-04-24T15:00:00,30,40,40,0,Phone,FALSE
A00400,C0299,Sarah,SV01,20/4/2026,2026-04-22T14:00:00,2026-04-22T14:30:00,2026-04-12T06:00:00,completed,,2026-04-22T14:30:00,30,40,40,0,Phone,TRUE
A00401,C0150,Matthew,SV04,20/4/2026,2026-04-20T15:00:00,2026-04-20T17:00:00,2026-03-31T15:00:00,completed,,2026-04-20T17:00:00,120,240,240,0,In salon,FALSE
A00402,C0300,Sarah,SV01,20/4/2026,2026-04-22T13:00:00,2026-04-22T13:30:00,2026-03-23T05:00:00,completed,,2026-04-22T13:30:00,30,40,40,0,Phone,TRUE
A00403,C0038,Matthew,SV01,20/4/2026,2026-04-22T10:45:00,2026-04-22T11:15:00,2026-03-26T06:45:00,completed,,2026-04-22T11:15:00,30,40,40,0,Phone,FALSE
A00404,C0226,Sam,SV01,20/4/2026,2026-04-22T10:30:00,2026-04-22T11:00:00,2026-04-03T07:30:00,completed,,2026-04-22T11:00:00,30,40,40,0,Online,FALSE
A00405,C0154,Sarah,SV01,20/4/2026,2026-04-21T10:00:00,2026-04-21T10:30:00,2026-03-18T08:00:00,completed,,2026-04-21T10:30:00,30,40,40,0,Phone,FALSE
A00406,C0105,Sarah,SV02,20/4/2026,2026-04-21T16:15:00,2026-04-21T17:00:00,2026-03-18T09:15:00,completed,,2026-04-21T17:00:00,45,60,60,0,Phone,FALSE
A00407,C0133,Matthew,SV02,20/4/2026,2026-04-21T09:00:00,2026-04-21T09:45:00,2026-04-06T07:00:00,completed,,2026-04-21T09:45:00,45,60,60,0,In salon,FALSE
A00408,C0147,Sam,SV01,20/4/2026,2026-04-22T10:00:00,2026-04-22T10:30:00,2026-03-26T08:00:00,completed,,2026-04-22T10:30:00,30,40,40,0,Phone,FALSE
A00409,C0195,Sam,SV02,20/4/2026,2026-04-21T15:45:00,2026-04-21T16:30:00,2026-04-08T12:00:00,cancelled,2026-04-12T12:00:00,,45,60,0,0,In salon,FALSE
A00410,C0004,Sarah,SV04,27/4/2026,2026-04-28T09:00:00,2026-04-28T11:00:00,2026-04-02T03:00:00,completed,,2026-04-28T11:00:00,120,240,240,0,Phone,FALSE
A00411,C0001,Sam,SV01,27/4/2026,2026-04-29T09:30:00,2026-04-29T10:00:00,2026-04-09T01:30:00,completed,,2026-04-29T10:00:00,30,40,40,0,In salon,FALSE
A00412,C0003,Sarah,SV03,27/4/2026,2026-04-28T15:45:00,2026-04-28T16:45:00,2026-04-06T10:45:00,completed,,2026-04-28T16:45:00,60,100,100,0,Phone,FALSE
A00413,C0005,Sam,SV01,27/4/2026,2026-04-29T12:30:00,2026-04-29T13:00:00,2026-04-03T05:30:00,completed,,2026-04-29T13:00:00,30,40,40,0,Phone,FALSE
A00414,C0008,Sarah,SV04,27/4/2026,2026-04-28T11:00:00,2026-04-28T13:00:00,2026-03-28T10:00:00,completed,,2026-04-28T13:00:00,120,240,240,0,In salon,FALSE
A00415,C0007,Sam,SV03,27/4/2026,2026-04-28T15:00:00,2026-04-28T16:00:00,2026-04-05T14:00:00,completed,,2026-04-28T16:00:00,60,100,100,0,In salon,FALSE
A00416,C0011,Matthew,SV03,27/4/2026,2026-04-27T16:00:00,2026-04-27T17:00:00,2026-04-14T12:00:00,completed,,2026-04-27T17:00:00,60,100,100,0,Online,FALSE
A00417,C0009,Matthew,SV01,27/4/2026,2026-04-29T12:15:00,2026-04-29T12:45:00,2026-04-16T05:15:00,completed,,2026-04-29T12:45:00,30,40,40,0,Phone,FALSE
A00418,C0013,Sam,SV01,27/4/2026,2026-04-29T10:30:00,2026-04-29T11:00:00,2026-04-17T05:30:00,completed,,2026-04-29T11:00:00,30,40,40,0,In salon,FALSE
A00419,C0017,Sam,SV01,27/4/2026,2026-04-29T16:00:00,2026-04-29T16:30:00,2026-04-10T08:00:00,completed,,2026-04-29T16:30:00,30,40,40,0,Phone,FALSE
A00420,C0015,Sam,SV03,27/4/2026,2026-04-28T16:00:00,2026-04-28T17:00:00,2026-04-15T08:00:00,completed,,2026-04-28T17:00:00,60,100,100,0,Online,FALSE
A00421,C0002,Matthew,SV02,27/4/2026,2026-04-28T16:00:00,2026-04-28T16:45:00,2026-04-14T11:00:00,completed,,2026-04-28T16:45:00,45,60,60,0,Online,FALSE
A00422,C0019,Sarah,SV03,27/4/2026,2026-04-27T11:30:00,2026-04-27T12:30:00,2026-03-29T03:30:00,completed,,2026-04-27T12:30:00,60,100,100,0,Phone,FALSE
A00423,C0023,Sam,SV03,27/4/2026,2026-04-27T11:30:00,2026-04-27T12:30:00,2026-04-13T09:30:00,completed,,2026-04-27T12:30:00,60,100,100,0,Phone,FALSE
A00424,C0006,Sarah,SV02,27/4/2026,2026-04-28T15:00:00,2026-04-28T15:45:00,2026-04-08T08:00:00,completed,,2026-04-28T15:45:00,45,60,60,0,Online,FALSE
A00425,C0010,Sarah,SV02,27/4/2026,2026-04-29T14:15:00,2026-04-29T15:00:00,2026-03-26T06:15:00,completed,,2026-04-29T15:00:00,45,60,60,0,In salon,FALSE
A00426,C0014,Sam,SV02,27/4/2026,2026-04-29T14:15:00,2026-04-29T15:00:00,2026-04-17T07:15:00,completed,,2026-04-29T15:00:00,45,60,60,0,Online,FALSE
A00427,C0012,Sarah,SV04,27/4/2026,2026-04-27T12:30:00,2026-04-27T14:30:00,2026-04-01T04:30:00,completed,,2026-04-27T14:30:00,120,240,240,0,Online,FALSE
A00428,C0018,Matthew,SV02,27/4/2026,2026-04-29T14:45:00,2026-04-29T15:30:00,2026-04-17T06:45:00,completed,,2026-04-29T15:30:00,45,60,60,0,Online,FALSE
A00429,C0021,Sam,SV01,27/4/2026,2026-04-29T15:00:00,2026-04-29T15:30:00,2026-04-12T10:00:00,completed,,2026-04-29T15:30:00,30,40,40,0,Online,FALSE
A00430,C0016,Sam,SV04,27/4/2026,2026-04-28T11:00:00,2026-04-28T13:00:00,2026-04-18T03:00:00,completed,,2026-04-28T13:00:00,120,240,240,0,Online,FALSE
A00431,C0079,Matthew,SV01,27/4/2026,2026-04-29T14:15:00,2026-04-29T14:45:00,2026-04-04T11:15:00,completed,,2026-04-29T14:45:00,30,40,40,0,In salon,FALSE
A00432,C0173,Sam,SV05,27/4/2026,2026-04-27T12:30:00,2026-04-27T15:00:00,2026-04-02T06:30:00,completed,,2026-04-27T15:00:00,150,325,325,0,Phone,FALSE
A00433,C0301,Sarah,SV05,27/4/2026,2026-04-27T14:30:00,2026-04-27T17:00:00,2026-04-13T06:30:00,completed,,2026-04-27T17:00:00,150,325,325,0,In salon,TRUE
A00434,C0139,Matthew,SV05,27/4/2026,2026-04-27T11:00:00,2026-04-27T13:30:00,2026-04-17T03:00:00,completed,,2026-04-27T13:30:00,150,325,325,0,Online,FALSE
A00435,C0020,Sam,SV04,27/4/2026,2026-04-28T13:00:00,2026-04-28T15:00:00,2026-04-16T07:00:00,completed,,2026-04-28T15:00:00,120,240,240,0,In salon,FALSE
A00436,C0059,Sam,SV05,27/4/2026,2026-04-27T09:00:00,2026-04-27T11:30:00,2026-03-30T01:00:00,completed,,2026-04-27T11:30:00,150,325,325,0,Online,FALSE
A00437,C0092,Matthew,SV01,27/4/2026,2026-04-29T15:30:00,2026-04-29T16:00:00,2026-04-14T12:30:00,completed,,2026-04-29T16:00:00,30,40,40,0,In salon,FALSE
A00438,C0302,Sarah,SV05,27/4/2026,2026-04-27T09:00:00,2026-04-27T11:30:00,2026-04-06T09:00:00,completed,,2026-04-27T11:30:00,150,325,325,0,Online,TRUE
A00439,C0227,Sam,SV01,27/4/2026,2026-04-29T13:45:00,2026-04-29T14:15:00,2026-04-01T08:00:00,completed,,2026-04-29T14:15:00,30,40,40,0,Phone,FALSE
A00440,C0166,Sam,SV01,27/4/2026,2026-04-29T11:00:00,2026-04-29T11:30:00,2026-04-18T10:00:00,completed,,2026-04-29T11:30:00,30,40,40,0,Phone,FALSE
A00441,C0303,Matthew,SV01,27/4/2026,2026-04-29T12:45:00,2026-04-29T13:15:00,2026-03-30T08:45:00,completed,,2026-04-29T13:15:00,30,40,40,0,Online,TRUE
A00442,C0304,Sam,SV01,27/4/2026,2026-04-29T10:00:00,2026-04-29T10:30:00,2026-04-15T04:00:00,completed,,2026-04-29T10:30:00,30,40,40,0,In salon,TRUE
A00443,C0305,Matthew,SV06,27/4/2026,2026-05-01T12:00:00,2026-05-01T15:00:00,2026-04-15T04:00:00,completed,,2026-05-01T15:00:00,180,390,390,0,Online,TRUE
A00444,C0306,Matthew,SV01,27/4/2026,2026-04-29T13:15:00,2026-04-29T13:45:00,2026-04-08T10:15:00,completed,,2026-04-29T13:45:00,30,40,40,0,Online,TRUE
A00445,C0024,Matthew,SV04,27/4/2026,2026-04-27T09:00:00,2026-04-27T11:00:00,2026-03-24T08:00:00,completed,,2026-04-27T11:00:00,120,240,240,0,Phone,FALSE
A00446,C0307,Matthew,SV04,27/4/2026,2026-04-28T13:00:00,2026-04-28T15:00:00,2026-03-27T11:00:00,completed,,2026-04-28T15:00:00,120,240,240,0,Phone,TRUE
A00447,C0308,Sarah,SV01,27/4/2026,2026-04-29T12:30:00,2026-04-29T13:00:00,2026-03-29T08:30:00,completed,,2026-04-29T13:00:00,30,40,40,0,Online,TRUE
A00448,C0022,Sam,SV02,27/4/2026,2026-04-29T13:00:00,2026-04-29T13:45:00,2026-04-06T07:00:00,completed,,2026-04-29T13:45:00,45,60,60,0,Phone,FALSE
A00449,C0093,Matthew,SV03,27/4/2026,2026-04-28T11:00:00,2026-04-28T12:00:00,2026-04-08T07:00:00,completed,,2026-04-28T12:00:00,60,100,100,0,Online,FALSE
A00450,C0224,Sarah,SV01,27/4/2026,2026-04-29T09:30:00,2026-04-29T10:00:00,2026-04-18T06:30:00,completed,,2026-04-29T10:00:00,30,40,40,0,Phone,FALSE
A00451,C0026,Matthew,SV02,27/4/2026,2026-04-29T11:30:00,2026-04-29T12:15:00,2026-04-14T07:30:00,completed,,2026-04-29T12:15:00,45,60,60,0,Online,FALSE
A00452,C0309,Matthew,SV01,27/4/2026,2026-04-29T10:30:00,2026-04-29T11:00:00,2026-04-16T05:30:00,completed,,2026-04-29T11:00:00,30,40,40,0,In salon,TRUE
A00453,C0310,Sarah,SV01,27/4/2026,2026-04-29T11:30:00,2026-04-29T12:00:00,2026-03-27T08:30:00,completed,,2026-04-29T12:00:00,30,40,40,0,Phone,TRUE
A00454,C0311,Sarah,SV01,27/4/2026,2026-04-29T10:00:00,2026-04-29T10:30:00,2026-04-12T04:00:00,completed,,2026-04-29T10:30:00,30,40,40,0,In salon,TRUE
A00455,C0241,Matthew,SV02,27/4/2026,2026-04-29T16:00:00,2026-04-29T16:45:00,2026-04-03T13:00:00,completed,,2026-04-29T16:45:00,45,60,60,0,Phone,FALSE
A00456,C0312,Matthew,SV03,27/4/2026,2026-04-28T15:00:00,2026-04-28T16:00:00,2026-04-07T07:00:00,completed,,2026-04-28T16:00:00,60,100,100,0,Phone,TRUE
A00457,C0101,Sam,SV06,27/4/2026,2026-05-01T09:00:00,2026-05-01T12:00:00,2026-04-08T05:00:00,completed,,2026-05-01T12:00:00,180,390,390,0,Phone,FALSE
A00458,C0169,Sarah,SV01,27/4/2026,2026-04-29T12:00:00,2026-04-29T12:30:00,2026-03-26T08:00:00,completed,,2026-04-29T12:30:00,30,40,40,0,Online,FALSE
A00459,C0211,Matthew,SV04,27/4/2026,2026-04-28T09:00:00,2026-04-28T11:00:00,2026-03-25T08:00:00,completed,,2026-04-28T11:00:00,120,240,240,0,Online,FALSE
A00460,C0035,Sarah,SV01,27/4/2026,2026-04-29T13:00:00,2026-04-29T13:30:00,2026-04-18T08:00:00,completed,,2026-04-29T13:30:00,30,40,40,0,In salon,FALSE
A00461,C0126,Matthew,SV03,27/4/2026,2026-04-28T12:00:00,2026-04-28T13:00:00,2026-03-31T09:00:00,completed,,2026-04-28T13:00:00,60,100,100,0,Online,FALSE
A00462,C0313,Matthew,SV05,27/4/2026,2026-04-27T13:30:00,2026-04-27T16:00:00,2026-03-27T05:30:00,completed,,2026-04-27T16:00:00,150,325,325,0,Online,TRUE
A00463,C0233,Matthew,SV01,27/4/2026,2026-04-29T11:00:00,2026-04-29T11:30:00,2026-04-21T11:00:00,completed,,2026-04-29T11:30:00,30,40,40,0,Online,FALSE
A00464,C0040,Sam,SV06,27/4/2026,2026-05-01T12:00:00,2026-05-01T15:00:00,2026-04-12T09:00:00,completed,,2026-05-01T15:00:00,180,390,390,0,Online,FALSE
A00465,C0314,Sarah,SV02,27/4/2026,2026-04-29T13:30:00,2026-04-29T14:15:00,2026-04-07T06:30:00,completed,,2026-04-29T14:15:00,45,60,60,0,In salon,TRUE
A00466,C0217,Matthew,SV01,27/4/2026,2026-04-29T13:45:00,2026-04-29T14:15:00,2026-04-02T05:45:00,completed,,2026-04-29T14:15:00,30,40,40,0,Online,FALSE
A00467,C0225,Sarah,SV01,27/4/2026,2026-04-29T11:00:00,2026-04-29T11:30:00,2026-04-10T06:00:00,completed,,2026-04-29T11:30:00,30,40,40,0,Phone,FALSE
A00468,C0315,Sam,SV04,27/4/2026,2026-04-27T15:00:00,2026-04-27T17:00:00,2026-03-27T07:00:00,completed,,2026-04-27T17:00:00,120,240,240,0,In salon,TRUE
A00469,C0032,Sarah,SV01,27/4/2026,2026-04-29T15:00:00,2026-04-29T15:30:00,2026-04-16T07:00:00,completed,,2026-04-29T15:30:00,30,40,40,0,Online,FALSE
A00470,C0316,Sarah,SV01,27/4/2026,2026-04-29T09:00:00,2026-04-29T09:30:00,2026-04-20T07:00:00,completed,,2026-04-29T09:30:00,30,40,40,0,In salon,TRUE
A00471,C0317,Sarah,SV06,27/4/2026,2026-05-01T12:00:00,2026-05-01T15:00:00,2026-04-09T11:00:00,completed,,2026-05-01T15:00:00,180,390,390,0,In salon,TRUE
A00472,C0041,Sam,SV04,27/4/2026,2026-04-28T09:00:00,2026-04-28T11:00:00,2026-04-08T03:00:00,completed,,2026-04-28T11:00:00,120,240,240,0,In salon,FALSE
A00473,C0318,Sarah,SV02,27/4/2026,2026-04-29T15:30:00,2026-04-29T16:15:00,2026-03-28T07:30:00,completed,,2026-04-29T16:15:00,45,60,60,0,In salon,TRUE
A00474,C0140,Matthew,SV01,27/4/2026,2026-04-29T10:00:00,2026-04-29T10:30:00,2026-04-08T09:00:00,completed,,2026-04-29T10:30:00,30,40,40,0,Online,FALSE
A00475,C0319,Sarah,SV06,27/4/2026,2026-05-01T09:00:00,2026-05-01T12:00:00,2026-04-07T07:00:00,completed,,2026-05-01T12:00:00,180,390,390,0,Phone,TRUE
A00476,C0193,Sam,SV01,27/4/2026,2026-04-29T15:30:00,2026-04-29T16:00:00,2026-04-03T15:30:00,completed,,2026-04-29T16:00:00,30,40,40,0,Phone,FALSE
A00477,C0320,Sam,SV01,27/4/2026,2026-04-29T12:00:00,2026-04-29T12:30:00,2026-03-28T12:00:00,completed,,2026-04-29T12:30:00,30,40,40,0,Online,TRUE
A00478,C0099,Sarah,SV04,27/4/2026,2026-04-28T13:00:00,2026-04-28T15:00:00,2026-04-20T10:00:00,completed,,2026-04-28T15:00:00,120,240,240,0,Phone,FALSE
A00479,C0095,Sam,SV01,27/4/2026,2026-04-29T11:30:00,2026-04-29T12:00:00,2026-04-19T10:30:00,completed,,2026-04-29T12:00:00,30,40,40,0,Online,FALSE
A00480,C0321,Sarah,SV01,27/4/2026,2026-04-29T10:30:00,2026-04-29T11:00:00,2026-03-27T02:30:00,completed,,2026-04-29T11:00:00,30,40,40,0,Online,TRUE
A00481,C0322,Matthew,SV06,27/4/2026,2026-05-01T09:00:00,2026-05-01T12:00:00,2026-04-03T01:00:00,completed,,2026-05-01T12:00:00,180,390,390,0,Online,TRUE
A00482,C0314,Sarah,SV02,27/4/2026,2026-04-29T13:30:00,2026-04-29T14:15:00,2026-04-15T12:00:00,cancelled,2026-04-19T12:00:00,,45,60,0,0,In salon,TRUE
A00483,C0023,Sam,SV03,27/4/2026,2026-04-27T11:30:00,2026-04-27T12:30:00,2026-04-15T12:00:00,cancelled,2026-04-19T12:00:00,,60,100,0,0,Phone,FALSE
A00484,C0323,Sarah,SV04,4/5/2026,2026-05-05T14:15:00,2026-05-05T16:15:00,2026-04-15T13:15:00,completed,,2026-05-05T16:15:00,120,240,240,0,In salon,TRUE
A00485,C0153,Sarah,SV05,4/5/2026,2026-05-08T09:00:00,2026-05-08T11:30:00,2026-04-21T09:00:00,completed,,2026-05-08T11:30:00,150,325,325,0,In salon,FALSE
A00486,C0179,Matthew,SV04,4/5/2026,2026-05-04T09:30:00,2026-05-04T11:30:00,2026-04-17T05:30:00,completed,,2026-05-04T11:30:00,120,240,240,0,Online,FALSE
A00487,C0098,Matthew,SV03,4/5/2026,2026-05-04T16:00:00,2026-05-04T17:00:00,2026-04-20T10:00:00,completed,,2026-05-04T17:00:00,60,100,100,0,Phone,FALSE
A00488,C0324,Sam,SV04,4/5/2026,2026-05-04T15:00:00,2026-05-04T17:00:00,2026-04-26T14:00:00,completed,,2026-05-04T17:00:00,120,240,240,0,Phone,TRUE
A00489,C0215,Sarah,SV01,4/5/2026,2026-05-06T13:15:00,2026-05-06T13:45:00,2026-04-08T05:15:00,completed,,2026-05-06T13:45:00,30,40,40,0,In salon,FALSE
A00490,C0120,Sam,SV03,4/5/2026,2026-05-04T14:00:00,2026-05-04T15:00:00,2026-03-31T14:00:00,completed,,2026-05-04T15:00:00,60,100,100,0,Online,FALSE
A00491,C0056,Sarah,SV02,4/5/2026,2026-05-05T16:15:00,2026-05-05T17:00:00,2026-04-23T09:15:00,completed,,2026-05-05T17:00:00,45,60,60,0,In salon,FALSE
A00492,C0231,Sarah,SV01,4/5/2026,2026-05-06T13:45:00,2026-05-06T14:15:00,2026-04-07T08:45:00,completed,,2026-05-06T14:15:00,30,40,40,0,Phone,FALSE
A00493,C0045,Sarah,SV02,4/5/2026,2026-05-05T10:45:00,2026-05-05T11:30:00,2026-04-14T09:45:00,completed,,2026-05-05T11:30:00,45,60,60,0,Online,FALSE
A00494,C0164,Matthew,SV01,4/5/2026,2026-05-05T12:30:00,2026-05-05T13:00:00,2026-04-16T11:30:00,completed,,2026-05-05T13:00:00,30,40,40,0,Phone,FALSE
A00495,C0325,Sam,SV04,4/5/2026,2026-05-04T12:00:00,2026-05-04T14:00:00,2026-04-13T12:00:00,completed,,2026-05-04T14:00:00,120,240,240,0,Online,TRUE
A00496,C0237,Matthew,SV01,4/5/2026,2026-05-04T09:00:00,2026-05-04T09:30:00,2026-04-15T06:00:00,completed,,2026-05-04T09:30:00,30,40,40,0,Online,FALSE
A00497,C0223,Sam,SV01,4/5/2026,2026-05-06T13:45:00,2026-05-06T14:15:00,2026-04-04T12:45:00,completed,,2026-05-06T14:15:00,30,40,40,0,Phone,FALSE
A00498,C0326,Sam,SV02,4/5/2026,2026-05-05T12:45:00,2026-05-05T13:30:00,2026-04-10T07:45:00,completed,,2026-05-05T13:30:00,45,60,60,0,Phone,TRUE
A00499,C0229,Sarah,SV01,4/5/2026,2026-05-08T14:30:00,2026-05-08T15:00:00,2026-04-24T06:30:00,completed,,2026-05-08T15:00:00,30,40,40,0,Phone,FALSE
A00500,C0327,Matthew,SV01,4/5/2026,2026-05-06T09:15:00,2026-05-06T09:45:00,2026-04-17T05:15:00,completed,,2026-05-06T09:45:00,30,40,40,0,Online,TRUE
A00501,C0238,Sarah,SV03,4/5/2026,2026-05-04T09:00:00,2026-05-04T10:00:00,2026-04-09T05:00:00,completed,,2026-05-04T10:00:00,60,100,100,0,In salon,FALSE
A00502,C0159,Sam,SV01,4/5/2026,2026-05-06T12:45:00,2026-05-06T13:15:00,2026-04-02T09:45:00,completed,,2026-05-06T13:15:00,30,40,40,0,Phone,FALSE
A00503,C0097,Sam,SV06,4/5/2026,2026-05-08T12:00:00,2026-05-08T15:00:00,2026-04-21T08:00:00,completed,,2026-05-08T15:00:00,180,390,390,0,In salon,FALSE
A00504,C0328,Sarah,SV03,4/5/2026,2026-05-05T13:15:00,2026-05-05T14:15:00,2026-04-23T10:15:00,completed,,2026-05-05T14:15:00,60,100,100,0,In salon,TRUE
A00505,C0067,Sam,SV01,4/5/2026,2026-05-06T14:15:00,2026-05-06T14:45:00,2026-04-15T13:15:00,completed,,2026-05-06T14:45:00,30,40,40,0,In salon,FALSE
A00506,C0057,Matthew,SV04,4/5/2026,2026-05-04T11:30:00,2026-05-04T13:30:00,2026-04-08T07:30:00,completed,,2026-05-04T13:30:00,120,240,240,0,Phone,FALSE
A00507,C0083,Sam,SV02,4/5/2026,2026-05-05T12:00:00,2026-05-05T12:45:00,2026-04-02T05:00:00,completed,,2026-05-05T12:45:00,45,60,60,0,Phone,FALSE
A00508,C0240,Sarah,SV03,4/5/2026,2026-05-05T12:15:00,2026-05-05T13:15:00,2026-04-03T07:15:00,completed,,2026-05-05T13:15:00,60,100,100,0,In salon,FALSE
A00509,C0096,Matthew,SV01,4/5/2026,2026-05-06T11:45:00,2026-05-06T12:15:00,2026-04-09T11:45:00,completed,,2026-05-06T12:15:00,30,40,40,0,In salon,FALSE
A00510,C0172,Sarah,SV02,4/5/2026,2026-05-05T11:30:00,2026-05-05T12:15:00,2026-04-04T03:30:00,completed,,2026-05-05T12:15:00,45,60,60,0,In salon,FALSE
A00511,C0047,Sarah,SV06,4/5/2026,2026-05-08T11:30:00,2026-05-08T14:30:00,2026-04-09T10:30:00,completed,,2026-05-08T14:30:00,180,390,390,0,Online,FALSE
A00512,C0329,Sam,SV04,4/5/2026,2026-05-05T09:00:00,2026-05-05T11:00:00,2026-04-04T03:00:00,completed,,2026-05-05T11:00:00,120,240,240,0,In salon,TRUE
A00513,C0073,Matthew,SV04,4/5/2026,2026-05-05T09:45:00,2026-05-05T11:45:00,2026-04-10T08:45:00,completed,,2026-05-05T11:45:00,120,240,240,0,Phone,FALSE
A00514,C0028,Sarah,SV01,4/5/2026,2026-05-06T12:45:00,2026-05-06T13:15:00,2026-04-20T12:45:00,completed,,2026-05-06T13:15:00,30,40,40,0,Online,FALSE
A00515,C0148,Sam,SV04,4/5/2026,2026-05-05T14:15:00,2026-05-05T16:15:00,2026-04-04T06:15:00,completed,,2026-05-05T16:15:00,120,240,240,0,Online,FALSE
A00516,C0135,Matthew,SV01,4/5/2026,2026-05-06T10:15:00,2026-05-06T10:45:00,2026-04-02T09:15:00,completed,,2026-05-06T10:45:00,30,40,40,0,Online,FALSE
A00517,C0058,Sarah,SV01,4/5/2026,2026-05-05T10:15:00,2026-05-05T10:45:00,2026-03-31T09:15:00,completed,,2026-05-05T10:45:00,30,40,40,0,Online,FALSE
A00518,C0330,Sam,SV03,4/5/2026,2026-05-05T11:00:00,2026-05-05T12:00:00,2026-04-22T06:00:00,completed,,2026-05-05T12:00:00,60,100,100,0,Phone,TRUE
A00519,C0155,Matthew,SV01,4/5/2026,2026-05-06T11:15:00,2026-05-06T11:45:00,2026-04-08T03:15:00,completed,,2026-05-06T11:45:00,30,40,40,0,In salon,FALSE
A00520,C0236,Sarah,SV01,4/5/2026,2026-05-06T11:45:00,2026-05-06T12:15:00,2026-04-09T03:45:00,completed,,2026-05-06T12:15:00,30,40,40,0,Phone,FALSE
A00521,C0331,Sarah,SV01,4/5/2026,2026-05-06T14:15:00,2026-05-06T14:45:00,2026-04-03T09:15:00,completed,,2026-05-06T14:45:00,30,40,40,0,Phone,TRUE
A00522,C0222,Matthew,SV02,4/5/2026,2026-05-05T09:00:00,2026-05-05T09:45:00,2026-04-24T05:00:00,completed,,2026-05-05T09:45:00,45,60,60,0,Online,FALSE
A00523,C0025,Sam,SV01,4/5/2026,2026-05-06T14:45:00,2026-05-06T15:15:00,2026-04-24T14:45:00,completed,,2026-05-06T15:15:00,30,40,40,0,In salon,FALSE
A00524,C0149,Sam,SV02,4/5/2026,2026-05-05T13:30:00,2026-05-05T14:15:00,2026-04-12T12:30:00,completed,,2026-05-05T14:15:00,45,60,60,0,Online,FALSE
A00525,C0332,Sam,SV01,4/5/2026,2026-05-04T09:00:00,2026-05-04T09:30:00,2026-04-04T07:00:00,completed,,2026-05-04T09:30:00,30,40,40,0,In salon,TRUE
A00526,C0333,Sarah,SV03,4/5/2026,2026-05-05T09:15:00,2026-05-05T10:15:00,2026-04-01T07:15:00,completed,,2026-05-05T10:15:00,60,100,100,0,In salon,TRUE
A00527,C0334,Matthew,SV06,4/5/2026,2026-05-08T12:00:00,2026-05-08T15:00:00,2026-04-19T10:00:00,completed,,2026-05-08T15:00:00,180,390,390,0,Online,TRUE
A00528,C0335,Matthew,SV05,4/5/2026,2026-05-04T13:30:00,2026-05-04T16:00:00,2026-03-31T08:30:00,completed,,2026-05-04T16:00:00,150,325,325,0,In salon,TRUE
A00529,C0219,Matthew,SV06,4/5/2026,2026-05-08T09:00:00,2026-05-08T12:00:00,2026-04-07T03:00:00,completed,,2026-05-08T12:00:00,180,390,390,0,Phone,FALSE
A00530,C0114,Sam,SV01,4/5/2026,2026-05-06T13:15:00,2026-05-06T13:45:00,2026-04-20T05:15:00,completed,,2026-05-06T13:45:00,30,40,40,0,Online,FALSE
A00531,C0336,Sarah,SV01,4/5/2026,2026-05-06T11:15:00,2026-05-06T11:45:00,2026-04-18T08:15:00,completed,,2026-05-06T11:45:00,30,40,40,0,Phone,TRUE
A00532,C0111,Matthew,SV01,4/5/2026,2026-05-06T10:45:00,2026-05-06T11:15:00,2026-04-02T08:45:00,completed,,2026-05-06T11:15:00,30,40,40,0,In salon,FALSE
A00533,C0337,Sarah,SV05,4/5/2026,2026-05-04T14:30:00,2026-05-04T17:00:00,2026-04-06T07:30:00,completed,,2026-05-04T17:00:00,150,325,325,0,Online,TRUE
A00534,C0338,Sarah,SV04,4/5/2026,2026-05-04T10:00:00,2026-05-04T12:00:00,2026-04-25T07:00:00,completed,,2026-05-04T12:00:00,120,240,240,0,Online,TRUE
A00535,C0213,Sam,SV02,4/5/2026,2026-05-05T16:15:00,2026-05-05T17:00:00,2026-04-05T15:15:00,completed,,2026-05-05T17:00:00,45,60,60,0,Online,FALSE
A00536,C0177,Matthew,SV01,4/5/2026,2026-05-06T09:45:00,2026-05-06T10:15:00,2026-04-05T03:45:00,completed,,2026-05-06T10:15:00,30,40,40,0,Phone,FALSE
A00537,C0124,Sam,SV01,4/5/2026,2026-05-06T15:15:00,2026-05-06T15:45:00,2026-04-25T09:15:00,completed,,2026-05-06T15:45:00,30,40,40,0,In salon,FALSE
A00538,C0250,Matthew,SV01,4/5/2026,2026-05-06T12:15:00,2026-05-06T12:45:00,2026-04-11T06:15:00,completed,,2026-05-06T12:45:00,30,40,40,0,In salon,FALSE
A00539,C0125,Matthew,SV02,4/5/2026,2026-05-05T11:45:00,2026-05-05T12:30:00,2026-04-23T07:45:00,completed,,2026-05-05T12:30:00,45,60,60,0,Online,FALSE
A00540,C0339,Sarah,SV05,4/5/2026,2026-05-04T12:00:00,2026-05-04T14:30:00,2026-04-26T10:00:00,completed,,2026-05-04T14:30:00,150,325,325,0,In salon,TRUE
A00541,C0080,Sam,SV05,4/5/2026,2026-05-04T09:30:00,2026-05-04T12:00:00,2026-04-23T05:30:00,completed,,2026-05-04T12:00:00,150,325,325,0,Online,FALSE
A00542,C0027,Sam,SV06,4/5/2026,2026-05-08T09:00:00,2026-05-08T12:00:00,2026-04-24T01:00:00,completed,,2026-05-08T12:00:00,180,390,390,0,Phone,FALSE
A00543,C0340,Sarah,SV01,4/5/2026,2026-05-06T12:15:00,2026-05-06T12:45:00,2026-04-10T04:15:00,completed,,2026-05-06T12:45:00,30,40,40,0,Online,TRUE
A00544,C0341,Matthew,SV03,4/5/2026,2026-05-05T14:00:00,2026-05-05T15:00:00,2026-04-25T09:00:00,completed,,2026-05-05T15:00:00,60,100,100,0,Online,TRUE
A00545,C0234,Matthew,SV03,4/5/2026,2026-05-05T13:00:00,2026-05-05T14:00:00,2026-04-25T06:00:00,completed,,2026-05-05T14:00:00,60,100,100,0,In salon,FALSE
A00546,C0180,Matthew,SV04,4/5/2026,2026-05-05T15:00:00,2026-05-05T17:00:00,2026-03-31T15:00:00,completed,,2026-05-05T17:00:00,120,240,240,0,In salon,FALSE
A00547,C0331,Sarah,SV01,4/5/2026,2026-05-06T14:15:00,2026-05-06T14:45:00,2026-04-22T12:00:00,cancelled,2026-04-26T12:00:00,,30,40,0,0,Phone,TRUE
A00548,C0213,Sam,SV02,4/5/2026,2026-05-05T16:15:00,2026-05-05T17:00:00,2026-04-22T12:00:00,cancelled,2026-04-26T12:00:00,,45,60,0,0,Online,FALSE
A00549,C0062,Matthew,SV04,11/5/2026,2026-05-11T12:30:00,2026-05-11T14:30:00,2026-05-03T12:30:00,completed,,2026-05-11T14:30:00,120,240,240,0,Online,FALSE
A00550,C0123,Sarah,SV02,11/5/2026,2026-05-12T09:00:00,2026-05-12T09:45:00,2026-04-08T07:00:00,completed,,2026-05-12T09:45:00,45,60,60,0,In salon,FALSE
A00551,C0158,Sarah,SV01,11/5/2026,2026-05-12T13:00:00,2026-05-12T13:30:00,2026-04-25T13:00:00,completed,,2026-05-12T13:30:00,30,40,40,0,In salon,FALSE
A00552,C0152,Matthew,SV01,11/5/2026,2026-05-12T16:30:00,2026-05-12T17:00:00,2026-04-15T15:30:00,completed,,2026-05-12T17:00:00,30,40,40,0,Online,FALSE
A00553,C0069,Sam,SV02,11/5/2026,2026-05-12T13:00:00,2026-05-12T13:45:00,2026-04-30T08:00:00,completed,,2026-05-12T13:45:00,45,60,60,0,In salon,FALSE
A00554,C0342,Matthew,SV01,11/5/2026,2026-05-11T10:00:00,2026-05-11T10:30:00,2026-04-29T07:00:00,completed,,2026-05-11T10:30:00,30,40,40,0,Online,TRUE
A00555,C0075,Sarah,SV03,11/5/2026,2026-05-12T14:30:00,2026-05-12T15:30:00,2026-05-03T12:30:00,completed,,2026-05-12T15:30:00,60,100,100,0,Online,FALSE
A00556,C0085,Sam,SV01,11/5/2026,2026-05-12T15:30:00,2026-05-12T16:00:00,2026-05-02T09:30:00,completed,,2026-05-12T16:00:00,30,40,40,0,Online,FALSE
A00557,C0343,Sam,SV04,11/5/2026,2026-05-11T11:30:00,2026-05-11T13:30:00,2026-04-28T09:30:00,completed,,2026-05-11T13:30:00,120,240,240,0,Online,TRUE
A00558,C0072,Sam,SV06,11/5/2026,2026-05-15T09:00:00,2026-05-15T12:00:00,2026-05-04T09:00:00,completed,,2026-05-15T12:00:00,180,390,390,0,Phone,FALSE
A00559,C0344,Matthew,SV01,11/5/2026,2026-05-13T12:15:00,2026-05-13T12:45:00,2026-04-23T10:15:00,completed,,2026-05-13T12:45:00,30,40,40,0,Online,TRUE
A00560,C0345,Sam,SV01,11/5/2026,2026-05-13T10:30:00,2026-05-13T11:00:00,2026-04-10T10:30:00,completed,,2026-05-13T11:00:00,30,40,40,0,In salon,TRUE
A00561,C0346,Sarah,SV02,11/5/2026,2026-05-12T12:15:00,2026-05-12T13:00:00,2026-04-20T05:15:00,completed,,2026-05-12T13:00:00,45,60,60,0,Phone,TRUE
A00562,C0122,Matthew,SV03,11/5/2026,2026-05-12T10:15:00,2026-05-12T11:15:00,2026-04-28T02:15:00,completed,,2026-05-12T11:15:00,60,100,100,0,Phone,FALSE
A00563,C0176,Matthew,SV03,11/5/2026,2026-05-11T09:00:00,2026-05-11T10:00:00,2026-04-10T08:00:00,completed,,2026-05-11T10:00:00,60,100,100,0,Phone,FALSE
A00564,C0137,Matthew,SV05,11/5/2026,2026-05-11T14:30:00,2026-05-11T17:00:00,2026-04-23T11:30:00,completed,,2026-05-11T17:00:00,150,325,325,0,In salon,FALSE
A00565,C0055,Sam,SV04,11/5/2026,2026-05-11T13:30:00,2026-05-11T15:30:00,2026-04-23T07:30:00,completed,,2026-05-11T15:30:00,120,240,240,0,Online,FALSE
A00566,C0347,Matthew,SV03,11/5/2026,2026-05-12T12:15:00,2026-05-12T13:15:00,2026-04-10T07:15:00,completed,,2026-05-12T13:15:00,60,100,100,0,Phone,TRUE
A00567,C0107,Matthew,SV01,11/5/2026,2026-05-13T11:15:00,2026-05-13T11:45:00,2026-04-19T04:15:00,completed,,2026-05-13T11:45:00,30,40,40,0,In salon,FALSE
A00568,C0066,Sarah,SV01,11/5/2026,2026-05-12T14:00:00,2026-05-12T14:30:00,2026-04-08T14:00:00,completed,,2026-05-12T14:30:00,30,40,40,0,In salon,FALSE
A00569,C0348,Sam,SV06,11/5/2026,2026-05-15T12:00:00,2026-05-15T15:00:00,2026-04-10T05:00:00,completed,,2026-05-15T15:00:00,180,390,390,0,Phone,TRUE
A00570,C0088,Sarah,SV05,11/5/2026,2026-05-11T11:00:00,2026-05-11T13:30:00,2026-04-23T04:00:00,completed,,2026-05-11T13:30:00,150,325,325,0,Phone,FALSE
A00571,C0349,Sarah,SV01,11/5/2026,2026-05-13T14:45:00,2026-05-13T15:15:00,2026-04-26T09:45:00,completed,,2026-05-13T15:15:00,30,40,40,0,In salon,TRUE
A00572,C0102,Matthew,SV01,11/5/2026,2026-05-15T12:00:00,2026-05-15T12:30:00,2026-04-15T10:00:00,completed,,2026-05-15T12:30:00,30,40,40,0,In salon,FALSE
A00573,C0100,Matthew,SV01,11/5/2026,2026-05-12T16:00:00,2026-05-12T16:30:00,2026-04-26T10:00:00,completed,,2026-05-12T16:30:00,30,40,40,0,Online,FALSE
A00574,C0230,Sam,SV01,11/5/2026,2026-05-11T16:30:00,2026-05-11T17:00:00,2026-04-26T10:30:00,completed,,2026-05-11T17:00:00,30,40,40,0,In salon,FALSE
A00575,C0049,Matthew,SV01,11/5/2026,2026-05-12T09:00:00,2026-05-12T09:30:00,2026-04-19T06:00:00,completed,,2026-05-12T09:30:00,30,40,40,0,Online,FALSE
A00576,C0068,Sam,SV03,11/5/2026,2026-05-12T14:30:00,2026-05-12T15:30:00,2026-05-04T14:30:00,completed,,2026-05-12T15:30:00,60,100,100,0,In salon,FALSE
A00577,C0156,Sam,SV01,11/5/2026,2026-05-12T11:45:00,2026-05-12T12:15:00,2026-05-02T10:45:00,completed,,2026-05-12T12:15:00,30,40,40,0,In salon,FALSE
A00578,C0110,Sarah,SV03,11/5/2026,2026-05-12T15:30:00,2026-05-12T16:30:00,2026-04-12T14:30:00,completed,,2026-05-12T16:30:00,60,100,100,0,In salon,FALSE
A00579,C0186,Sam,SV02,11/5/2026,2026-05-12T13:45:00,2026-05-12T14:30:00,2026-04-26T10:45:00,completed,,2026-05-12T14:30:00,45,60,60,0,Online,FALSE
A00580,C0251,Sam,SV03,11/5/2026,2026-05-11T15:30:00,2026-05-11T16:30:00,2026-04-21T13:30:00,completed,,2026-05-11T16:30:00,60,100,100,0,Online,FALSE
A00581,C0256,Sam,SV02,11/5/2026,2026-05-12T12:15:00,2026-05-12T13:00:00,2026-04-16T06:15:00,completed,,2026-05-12T13:00:00,45,60,60,0,In salon,FALSE
A00582,C0350,Sarah,SV01,11/5/2026,2026-05-13T13:45:00,2026-05-13T14:15:00,2026-04-28T10:45:00,completed,,2026-05-13T14:15:00,30,40,40,0,In salon,TRUE
A00583,C0196,Sam,SV03,11/5/2026,2026-05-12T16:00:00,2026-05-12T17:00:00,2026-04-13T09:00:00,completed,,2026-05-12T17:00:00,60,100,100,0,Phone,FALSE
A00584,C0146,Sarah,SV01,11/5/2026,2026-05-12T16:30:00,2026-05-12T17:00:00,2026-04-24T12:30:00,completed,,2026-05-12T17:00:00,30,40,40,0,In salon,FALSE
A00585,C0044,Sam,SV03,11/5/2026,2026-05-12T10:45:00,2026-05-12T11:45:00,2026-04-08T06:45:00,completed,,2026-05-12T11:45:00,60,100,100,0,Phone,FALSE
A00586,C0351,Sarah,SV01,11/5/2026,2026-05-13T14:15:00,2026-05-13T14:45:00,2026-05-02T07:15:00,completed,,2026-05-13T14:45:00,30,40,40,0,Online,TRUE
A00587,C0352,Matthew,SV06,11/5/2026,2026-05-15T09:00:00,2026-05-15T12:00:00,2026-04-23T05:00:00,completed,,2026-05-15T12:00:00,180,390,390,0,In salon,TRUE
A00588,C0259,Matthew,SV01,11/5/2026,2026-05-12T11:15:00,2026-05-12T11:45:00,2026-05-04T09:15:00,completed,,2026-05-12T11:45:00,30,40,40,0,In salon,FALSE
A00589,C0353,Sarah,SV01,11/5/2026,2026-05-12T13:30:00,2026-05-12T14:00:00,2026-05-02T12:30:00,completed,,2026-05-12T14:00:00,30,40,40,0,In salon,TRUE
A00590,C0354,Matthew,SV04,11/5/2026,2026-05-11T10:30:00,2026-05-11T12:30:00,2026-04-06T10:30:00,completed,,2026-05-11T12:30:00,120,240,240,0,Online,TRUE
A00591,C0355,Sarah,SV01,11/5/2026,2026-05-12T11:45:00,2026-05-12T12:15:00,2026-04-29T09:45:00,completed,,2026-05-12T12:15:00,30,40,40,0,In salon,TRUE
A00592,C0036,Matthew,SV01,11/5/2026,2026-05-12T11:45:00,2026-05-12T12:15:00,2026-04-15T03:45:00,completed,,2026-05-12T12:15:00,30,40,40,0,Online,FALSE
A00593,C0245,Matthew,SV02,11/5/2026,2026-05-12T13:15:00,2026-05-12T14:00:00,2026-04-13T07:15:00,completed,,2026-05-12T14:00:00,45,60,60,0,Online,FALSE
A00594,C0239,Matthew,SV04,11/5/2026,2026-05-12T14:00:00,2026-05-12T16:00:00,2026-04-10T10:00:00,completed,,2026-05-12T16:00:00,120,240,240,0,In salon,FALSE
A00595,C0356,Sam,SV01,11/5/2026,2026-05-13T10:00:00,2026-05-13T10:30:00,2026-04-29T02:00:00,completed,,2026-05-13T10:30:00,30,40,40,0,Phone,TRUE
A00596,C0357,Sam,SV01,11/5/2026,2026-05-12T10:15:00,2026-05-12T10:45:00,2026-04-15T05:15:00,completed,,2026-05-12T10:45:00,30,40,40,0,In salon,TRUE
A00597,C0197,Sam,SV01,11/5/2026,2026-05-12T09:45:00,2026-05-12T10:15:00,2026-04-25T02:45:00,completed,,2026-05-12T10:15:00,30,40,40,0,In salon,FALSE
A00598,C0074,Matthew,SV05,11/5/2026,2026-05-15T12:30:00,2026-05-15T15:00:00,2026-04-27T09:30:00,completed,,2026-05-15T15:00:00,150,325,325,0,Phone,FALSE
A00599,C0242,Sarah,SV01,11/5/2026,2026-05-15T09:00:00,2026-05-15T09:30:00,2026-04-10T07:00:00,completed,,2026-05-15T09:30:00,30,40,40,0,Phone,FALSE
A00600,C0358,Sam,SV01,11/5/2026,2026-05-13T09:30:00,2026-05-13T10:00:00,2026-04-10T09:30:00,completed,,2026-05-13T10:00:00,30,40,40,0,Phone,TRUE
A00601,C0253,Matthew,SV02,11/5/2026,2026-05-12T09:30:00,2026-05-12T10:15:00,2026-04-30T08:30:00,completed,,2026-05-12T10:15:00,45,60,60,0,Online,FALSE
A00602,C0054,Sarah,SV04,11/5/2026,2026-05-11T15:00:00,2026-05-11T17:00:00,2026-05-02T09:00:00,completed,,2026-05-11T17:00:00,120,240,240,0,In salon,FALSE
A00603,C0070,Sarah,SV05,11/5/2026,2026-05-15T12:30:00,2026-05-15T15:00:00,2026-04-23T07:30:00,completed,,2026-05-15T15:00:00,150,325,325,0,In salon,FALSE
A00604,C0252,Sarah,SV06,11/5/2026,2026-05-15T09:30:00,2026-05-15T12:30:00,2026-04-10T08:30:00,completed,,2026-05-15T12:30:00,180,390,390,0,Phone,FALSE
A00605,C0182,Sarah,SV04,11/5/2026,2026-05-12T09:45:00,2026-05-12T11:45:00,2026-04-17T05:45:00,completed,,2026-05-12T11:45:00,120,240,240,0,Phone,FALSE
A00606,C0246,Matthew,SV01,11/5/2026,2026-05-13T11:45:00,2026-05-13T12:15:00,2026-04-23T03:45:00,completed,,2026-05-13T12:15:00,30,40,40,0,In salon,FALSE
A00607,C0106,Sam,SV05,11/5/2026,2026-05-11T09:00:00,2026-05-11T11:30:00,2026-04-24T03:00:00,completed,,2026-05-11T11:30:00,150,325,325,0,Phone,FALSE
A00608,C0254,Sarah,SV04,11/5/2026,2026-05-11T09:00:00,2026-05-11T11:00:00,2026-04-14T06:00:00,completed,,2026-05-11T11:00:00,120,240,240,0,Online,FALSE
A00609,C0359,Sarah,SV03,11/5/2026,2026-05-11T14:00:00,2026-05-11T15:00:00,2026-04-27T14:00:00,completed,,2026-05-11T15:00:00,60,100,100,0,In salon,TRUE
A00610,C0360,Sarah,SV01,11/5/2026,2026-05-11T13:30:00,2026-05-11T14:00:00,2026-04-27T08:30:00,completed,,2026-05-11T14:00:00,30,40,40,0,In salon,TRUE
A00611,C0117,Sam,SV01,11/5/2026,2026-05-12T09:15:00,2026-05-12T09:45:00,2026-05-03T05:15:00,completed,,2026-05-12T09:45:00,30,40,40,0,Phone,FALSE
A00612,C0066,Sarah,SV01,11/5/2026,2026-05-12T14:00:00,2026-05-12T14:30:00,2026-04-29T12:00:00,cancelled,2026-05-03T12:00:00,,30,40,0,0,In salon,FALSE
A00613,C0359,Sarah,SV03,11/5/2026,2026-05-11T14:00:00,2026-05-11T15:00:00,2026-04-29T12:00:00,cancelled,2026-05-03T12:00:00,,60,100,0,0,In salon,TRUE
A00614,C0243,Sarah,SV01,18/5/2026,2026-05-22T14:30:00,2026-05-22T15:00:00,2026-05-04T09:30:00,completed,,2026-05-22T15:00:00,30,40,40,0,Online,FALSE
A00615,C0257,Sam,SV01,18/5/2026,2026-05-18T16:30:00,2026-05-18T17:00:00,2026-04-23T15:30:00,completed,,2026-05-18T17:00:00,30,40,40,0,In salon,FALSE
A00616,C0361,Sarah,SV01,18/5/2026,2026-05-20T16:15:00,2026-05-20T16:45:00,2026-04-21T12:15:00,completed,,2026-05-20T16:45:00,30,40,40,0,In salon,TRUE
A00617,C0076,Sarah,SV05,18/5/2026,2026-05-18T14:00:00,2026-05-18T16:30:00,2026-04-18T07:00:00,completed,,2026-05-18T16:30:00,150,325,325,0,Phone,FALSE
A00618,C0362,Sarah,SV01,18/5/2026,2026-05-19T13:30:00,2026-05-19T14:00:00,2026-04-14T08:30:00,completed,,2026-05-19T14:00:00,30,40,40,0,Phone,TRUE
A00619,C0118,Sam,SV01,18/5/2026,2026-05-19T10:15:00,2026-05-19T10:45:00,2026-04-30T06:15:00,completed,,2026-05-19T10:45:00,30,40,40,0,Online,FALSE
A00620,C0116,Matthew,SV03,18/5/2026,2026-05-19T09:00:00,2026-05-19T10:00:00,2026-05-07T06:00:00,completed,,2026-05-19T10:00:00,60,100,100,0,In salon,FALSE
A00621,C0267,Matthew,SV01,18/5/2026,2026-05-19T15:00:00,2026-05-19T15:30:00,2026-04-15T15:00:00,completed,,2026-05-19T15:30:00,30,40,40,0,Online,FALSE
A00622,C0187,Sam,SV03,18/5/2026,2026-05-19T09:15:00,2026-05-19T10:15:00,2026-05-04T08:15:00,completed,,2026-05-19T10:15:00,60,100,100,0,In salon,FALSE
A00623,C0228,Sam,SV01,18/5/2026,2026-05-19T15:45:00,2026-05-19T16:15:00,2026-04-17T14:45:00,completed,,2026-05-19T16:15:00,30,40,40,0,Online,FALSE
A00624,C0363,Sam,SV01,18/5/2026,2026-05-20T09:30:00,2026-05-20T10:00:00,2026-05-04T08:30:00,completed,,2026-05-20T10:00:00,30,40,40,0,Online,TRUE
A00625,C0364,Sarah,SV01,18/5/2026,2026-05-19T09:00:00,2026-05-19T09:30:00,2026-05-01T04:00:00,completed,,2026-05-19T09:30:00,30,40,40,0,Phone,TRUE
A00626,C0141,Sam,SV04,18/5/2026,2026-05-18T10:00:00,2026-05-18T12:00:00,2026-04-28T06:00:00,completed,,2026-05-18T12:00:00,120,240,240,0,Online,FALSE
A00627,C0168,Sam,SV01,18/5/2026,2026-05-19T14:30:00,2026-05-19T15:00:00,2026-04-23T09:30:00,completed,,2026-05-19T15:00:00,30,40,40,0,Phone,FALSE
A00628,C0138,Sam,SV04,18/5/2026,2026-05-18T12:00:00,2026-05-18T14:00:00,2026-04-21T07:00:00,completed,,2026-05-18T14:00:00,120,240,240,0,Phone,FALSE
A00629,C0235,Sarah,SV01,18/5/2026,2026-05-20T15:45:00,2026-05-20T16:15:00,2026-04-17T15:45:00,completed,,2026-05-20T16:15:00,30,40,40,0,Phone,FALSE
A00630,C0264,Matthew,SV01,18/5/2026,2026-05-20T09:15:00,2026-05-20T09:45:00,2026-05-12T04:15:00,completed,,2026-05-20T09:45:00,30,40,40,0,In salon,FALSE
A00631,C0063,Matthew,SV03,18/5/2026,2026-05-18T09:00:00,2026-05-18T10:00:00,2026-05-09T03:00:00,completed,,2026-05-18T10:00:00,60,100,100,0,In salon,FALSE
A00632,C0084,Sarah,SV04,18/5/2026,2026-05-19T10:30:00,2026-05-19T12:30:00,2026-04-20T05:30:00,completed,,2026-05-19T12:30:00,120,240,240,0,Phone,FALSE
A00633,C0087,Matthew,SV01,18/5/2026,2026-05-22T14:30:00,2026-05-22T15:00:00,2026-05-05T07:30:00,completed,,2026-05-22T15:00:00,30,40,40,0,Online,FALSE
A00634,C0365,Sam,SV03,18/5/2026,2026-05-18T09:00:00,2026-05-18T10:00:00,2026-04-17T02:00:00,completed,,2026-05-18T10:00:00,60,100,100,0,In salon,TRUE
A00635,C0366,Matthew,SV01,18/5/2026,2026-05-19T10:00:00,2026-05-19T10:30:00,2026-04-26T05:00:00,completed,,2026-05-19T10:30:00,30,40,40,0,In salon,TRUE
A00636,C0269,Sarah,SV01,18/5/2026,2026-05-19T16:30:00,2026-05-19T17:00:00,2026-04-14T16:30:00,completed,,2026-05-19T17:00:00,30,40,40,0,Online,FALSE
A00637,C0275,Sam,SV01,18/5/2026,2026-05-19T13:00:00,2026-05-19T13:30:00,2026-04-20T11:00:00,completed,,2026-05-19T13:30:00,30,40,40,0,Phone,FALSE
A00638,C0248,Sarah,SV03,18/5/2026,2026-05-18T09:00:00,2026-05-18T10:00:00,2026-04-15T03:00:00,completed,,2026-05-18T10:00:00,60,100,100,0,Phone,FALSE
A00639,C0367,Sam,SV05,18/5/2026,2026-05-22T09:00:00,2026-05-22T11:30:00,2026-05-01T02:00:00,completed,,2026-05-22T11:30:00,150,325,325,0,Online,TRUE
A00640,C0368,Sam,SV02,18/5/2026,2026-05-19T10:45:00,2026-05-19T11:30:00,2026-04-21T05:45:00,completed,,2026-05-19T11:30:00,45,60,60,0,Online,TRUE
A00641,C0249,Matthew,SV01,18/5/2026,2026-05-19T10:30:00,2026-05-19T11:00:00,2026-04-18T09:30:00,completed,,2026-05-19T11:00:00,30,40,40,0,Phone,FALSE
A00642,C0181,Sam,SV05,18/5/2026,2026-05-18T14:00:00,2026-05-18T16:30:00,2026-04-20T06:00:00,completed,,2026-05-18T16:30:00,150,325,325,0,In salon,FALSE
A00643,C0369,Sam,SV01,18/5/2026,2026-05-22T11:30:00,2026-05-22T12:00:00,2026-05-05T05:30:00,completed,,2026-05-22T12:00:00,30,40,40,0,In salon,TRUE
A00644,C0370,Sarah,SV04,18/5/2026,2026-05-18T10:00:00,2026-05-18T12:00:00,2026-05-04T06:00:00,completed,,2026-05-18T12:00:00,120,240,240,0,In salon,TRUE
A00645,C0244,Sarah,SV02,18/5/2026,2026-05-19T14:00:00,2026-05-19T14:45:00,2026-04-24T09:00:00,completed,,2026-05-19T14:45:00,45,60,60,0,In salon,FALSE
A00646,C0191,Sarah,SV02,18/5/2026,2026-05-19T14:45:00,2026-05-19T15:30:00,2026-05-07T09:45:00,completed,,2026-05-19T15:30:00,45,60,60,0,In salon,FALSE
A00647,C0029,Sam,SV01,18/5/2026,2026-05-20T09:00:00,2026-05-20T09:30:00,2026-04-21T09:00:00,completed,,2026-05-20T09:30:00,30,40,40,0,Phone,FALSE
A00648,C0371,Matthew,SV01,18/5/2026,2026-05-19T11:45:00,2026-05-19T12:15:00,2026-05-07T08:45:00,completed,,2026-05-19T12:15:00,30,40,40,0,Phone,TRUE
A00649,C0258,Matthew,SV05,18/5/2026,2026-05-22T09:00:00,2026-05-22T11:30:00,2026-05-01T03:00:00,completed,,2026-05-22T11:30:00,150,325,325,0,In salon,FALSE
A00650,C0042,Sarah,SV04,18/5/2026,2026-05-18T12:00:00,2026-05-18T14:00:00,2026-04-15T05:00:00,completed,,2026-05-18T14:00:00,120,240,240,0,Online,FALSE
A00651,C0272,Sam,SV06,18/5/2026,2026-05-22T12:00:00,2026-05-22T15:00:00,2026-05-08T04:00:00,completed,,2026-05-22T15:00:00,180,390,390,0,Phone,FALSE
A00652,C0372,Matthew,SV04,18/5/2026,2026-05-18T12:30:00,2026-05-18T14:30:00,2026-04-20T08:30:00,completed,,2026-05-18T14:30:00,120,240,240,0,In salon,TRUE
A00653,C0373,Sarah,SV01,18/5/2026,2026-05-19T13:00:00,2026-05-19T13:30:00,2026-05-10T07:00:00,completed,,2026-05-19T13:30:00,30,40,40,0,Phone,TRUE
A00654,C0089,Sarah,SV05,18/5/2026,2026-05-22T09:00:00,2026-05-22T11:30:00,2026-05-07T09:00:00,completed,,2026-05-22T11:30:00,150,325,325,0,Phone,FALSE
A00655,C0216,Matthew,SV05,18/5/2026,2026-05-18T10:00:00,2026-05-18T12:30:00,2026-04-22T04:00:00,completed,,2026-05-18T12:30:00,150,325,325,0,Phone,FALSE
A00656,C0142,Sam,SV03,18/5/2026,2026-05-19T12:00:00,2026-05-19T13:00:00,2026-05-06T04:00:00,completed,,2026-05-19T13:00:00,60,100,100,0,In salon,FALSE
A00657,C0094,Matthew,SV04,18/5/2026,2026-05-18T15:00:00,2026-05-18T17:00:00,2026-04-22T11:00:00,completed,,2026-05-18T17:00:00,120,240,240,0,In salon,FALSE
A00658,C0374,Sarah,SV03,18/5/2026,2026-05-19T09:30:00,2026-05-19T10:30:00,2026-05-06T05:30:00,completed,,2026-05-19T10:30:00,60,100,100,0,In salon,TRUE
A00659,C0052,Matthew,SV01,18/5/2026,2026-05-19T15:30:00,2026-05-19T16:00:00,2026-04-28T15:30:00,completed,,2026-05-19T16:00:00,30,40,40,0,In salon,FALSE
A00660,C0260,Sam,SV03,18/5/2026,2026-05-19T13:30:00,2026-05-19T14:30:00,2026-04-28T06:30:00,completed,,2026-05-19T14:30:00,60,100,100,0,In salon,FALSE
A00661,C0375,Sarah,SV01,18/5/2026,2026-05-18T16:30:00,2026-05-18T17:00:00,2026-05-04T08:30:00,completed,,2026-05-18T17:00:00,30,40,40,0,Phone,TRUE
A00662,C0279,Matthew,SV02,18/5/2026,2026-05-19T16:00:00,2026-05-19T16:45:00,2026-04-22T11:00:00,completed,,2026-05-19T16:45:00,45,60,60,0,Online,FALSE
A00663,C0268,Sam,SV02,18/5/2026,2026-05-19T16:15:00,2026-05-19T17:00:00,2026-04-29T09:15:00,completed,,2026-05-19T17:00:00,45,60,60,0,In salon,FALSE
A00664,C0077,Matthew,SV02,18/5/2026,2026-05-19T12:15:00,2026-05-19T13:00:00,2026-04-23T12:15:00,completed,,2026-05-19T13:00:00,45,60,60,0,Online,FALSE
A00665,C0199,Sarah,SV03,18/5/2026,2026-05-19T15:30:00,2026-05-19T16:30:00,2026-05-04T11:30:00,completed,,2026-05-19T16:30:00,60,100,100,0,Phone,FALSE
A00666,C0376,Matthew,SV02,18/5/2026,2026-05-19T11:00:00,2026-05-19T11:45:00,2026-05-07T06:00:00,completed,,2026-05-19T11:45:00,45,60,60,0,Online,TRUE
A00667,C0046,Sam,SV01,18/5/2026,2026-05-19T11:30:00,2026-05-19T12:00:00,2026-05-10T06:30:00,completed,,2026-05-19T12:00:00,30,40,40,0,In salon,FALSE
A00668,C0232,Sarah,SV01,18/5/2026,2026-05-19T12:30:00,2026-05-19T13:00:00,2026-04-15T08:30:00,completed,,2026-05-19T13:00:00,30,40,40,0,Phone,FALSE
A00669,C0103,Matthew,SV04,18/5/2026,2026-05-19T13:00:00,2026-05-19T15:00:00,2026-04-20T08:00:00,completed,,2026-05-19T15:00:00,120,240,240,0,Phone,FALSE
A00670,C0051,Matthew,SV01,18/5/2026,2026-05-18T14:30:00,2026-05-18T15:00:00,2026-04-24T07:30:00,completed,,2026-05-18T15:00:00,30,40,40,0,Phone,FALSE
A00671,C0030,Sarah,SV06,18/5/2026,2026-05-22T11:30:00,2026-05-22T14:30:00,2026-05-04T09:30:00,completed,,2026-05-22T14:30:00,180,390,390,0,Phone,FALSE
A00672,C0377,Matthew,SV01,18/5/2026,2026-05-20T09:45:00,2026-05-20T10:15:00,2026-05-01T05:45:00,completed,,2026-05-20T10:15:00,30,40,40,0,In salon,TRUE
A00673,C0112,Sam,SV02,18/5/2026,2026-05-19T15:00:00,2026-05-19T15:45:00,2026-04-24T15:00:00,completed,,2026-05-19T15:45:00,45,60,60,0,Online,FALSE
A00674,C0378,Matthew,SV06,18/5/2026,2026-05-22T11:30:00,2026-05-22T14:30:00,2026-04-29T10:30:00,completed,,2026-05-22T14:30:00,180,390,390,0,Online,TRUE
A00675,C0279,Matthew,SV02,18/5/2026,2026-05-19T16:00:00,2026-05-19T16:45:00,2026-05-06T12:00:00,cancelled,2026-05-10T12:00:00,,45,60,0,0,Online,FALSE
A00676,C0118,Sam,SV01,18/5/2026,2026-05-19T10:15:00,2026-05-19T10:45:00,2026-05-06T12:00:00,cancelled,2026-05-10T12:00:00,,30,40,0,0,Online,FALSE
A00677,C0228,Sam,SV01,18/5/2026,2026-05-19T15:45:00,2026-05-19T16:15:00,2026-05-06T12:00:00,cancelled,2026-05-10T12:00:00,,30,40,0,0,Online,FALSE
A00678,C0263,Sam,SV02,25/5/2026,2026-05-26T14:15:00,2026-05-26T15:00:00,2026-05-10T09:15:00,completed,,2026-05-26T15:00:00,45,60,60,0,In salon,FALSE
A00679,C0178,Sam,SV01,25/5/2026,2026-05-27T13:15:00,2026-05-27T13:45:00,2026-04-27T13:15:00,completed,,2026-05-27T13:45:00,30,40,40,0,In salon,FALSE
A00680,C0261,Matthew,SV01,25/5/2026,2026-05-29T09:00:00,2026-05-29T09:30:00,2026-05-05T01:00:00,completed,,2026-05-29T09:30:00,30,40,40,0,Online,FALSE
A00681,C0082,Sam,SV06,25/5/2026,2026-05-29T09:00:00,2026-05-29T12:00:00,2026-05-15T01:00:00,completed,,2026-05-29T12:00:00,180,390,390,0,In salon,FALSE
A00682,C0161,Sarah,SV02,25/5/2026,2026-05-26T12:30:00,2026-05-26T13:15:00,2026-04-26T12:30:00,completed,,2026-05-26T13:15:00,45,60,60,0,Phone,FALSE
A00683,C0379,Matthew,SV02,25/5/2026,2026-05-26T12:15:00,2026-05-26T13:00:00,2026-04-23T04:15:00,completed,,2026-05-26T13:00:00,45,60,60,0,Phone,TRUE
A00684,C0167,Sarah,SV01,25/5/2026,2026-05-27T15:30:00,2026-05-27T16:00:00,2026-05-16T07:30:00,completed,,2026-05-27T16:00:00,30,40,40,0,In salon,FALSE
A00685,C0380,Sam,SV01,25/5/2026,2026-05-27T13:45:00,2026-05-27T14:15:00,2026-05-18T08:45:00,completed,,2026-05-27T14:15:00,30,40,40,0,Online,TRUE
A00686,C0131,Matthew,SV04,25/5/2026,2026-05-26T15:00:00,2026-05-26T17:00:00,2026-04-26T07:00:00,completed,,2026-05-26T17:00:00,120,240,240,0,Phone,FALSE
A00687,C0381,Sam,SV01,25/5/2026,2026-05-27T12:15:00,2026-05-27T12:45:00,2026-05-18T07:15:00,completed,,2026-05-27T12:45:00,30,40,40,0,In salon,TRUE
A00688,C0273,Sam,SV05,25/5/2026,2026-05-29T12:00:00,2026-05-29T14:30:00,2026-05-01T04:00:00,completed,,2026-05-29T14:30:00,150,325,325,0,Online,FALSE
A00689,C0271,Sarah,SV02,25/5/2026,2026-05-26T14:15:00,2026-05-26T15:00:00,2026-04-27T08:15:00,completed,,2026-05-26T15:00:00,45,60,60,0,In salon,FALSE
A00690,C0081,Matthew,SV03,25/5/2026,2026-05-26T14:00:00,2026-05-26T15:00:00,2026-05-18T06:00:00,completed,,2026-05-26T15:00:00,60,100,100,0,In salon,FALSE
A00691,C0157,Sam,SV01,25/5/2026,2026-05-27T12:45:00,2026-05-27T13:15:00,2026-05-11T05:45:00,completed,,2026-05-27T13:15:00,30,40,40,0,Phone,FALSE
A00692,C0382,Sarah,SV03,25/5/2026,2026-05-25T16:00:00,2026-05-25T17:00:00,2026-04-20T08:00:00,completed,,2026-05-25T17:00:00,60,100,100,0,In salon,TRUE
A00693,C0383,Sam,SV04,25/5/2026,2026-05-26T11:15:00,2026-05-26T13:15:00,2026-04-27T07:15:00,completed,,2026-05-26T13:15:00,120,240,240,0,Phone,TRUE
A00694,C0165,Matthew,SV01,25/5/2026,2026-05-27T09:30:00,2026-05-27T10:00:00,2026-05-12T01:30:00,completed,,2026-05-27T10:00:00,30,40,40,0,Online,FALSE
A00695,C0185,Sam,SV01,25/5/2026,2026-05-25T16:30:00,2026-05-25T17:00:00,2026-04-20T15:30:00,completed,,2026-05-25T17:00:00,30,40,40,0,In salon,FALSE
A00696,C0064,Sarah,SV04,25/5/2026,2026-05-26T15:00:00,2026-05-26T17:00:00,2026-05-04T07:00:00,completed,,2026-05-26T17:00:00,120,240,240,0,Online,FALSE
A00697,C0265,Sarah,SV01,25/5/2026,2026-05-27T14:00:00,2026-05-27T14:30:00,2026-05-02T07:00:00,completed,,2026-05-27T14:30:00,30,40,40,0,In salon,FALSE
A00698,C0384,Matthew,SV03,25/5/2026,2026-05-26T10:30:00,2026-05-26T11:30:00,2026-05-11T08:30:00,completed,,2026-05-26T11:30:00,60,100,100,0,Phone,TRUE
A00699,C0221,Sarah,SV01,25/5/2026,2026-05-27T14:30:00,2026-05-27T15:00:00,2026-05-04T14:30:00,completed,,2026-05-27T15:00:00,30,40,40,0,Phone,FALSE
A00700,C0385,Sarah,SV02,25/5/2026,2026-05-26T11:00:00,2026-05-26T11:45:00,2026-05-05T08:00:00,completed,,2026-05-26T11:45:00,45,60,60,0,Online,TRUE
A00701,C0386,Sam,SV03,25/5/2026,2026-05-25T15:30:00,2026-05-25T16:30:00,2026-04-25T11:30:00,completed,,2026-05-25T16:30:00,60,100,100,0,Online,TRUE
A00702,C0387,Matthew,SV01,25/5/2026,2026-05-27T11:00:00,2026-05-27T11:30:00,2026-05-13T06:00:00,completed,,2026-05-27T11:30:00,30,40,40,0,Phone,TRUE
A00703,C0078,Sam,SV04,25/5/2026,2026-05-26T15:00:00,2026-05-26T17:00:00,2026-04-25T08:00:00,completed,,2026-05-26T17:00:00,120,240,240,0,Online,FALSE
A00704,C0278,Sarah,SV02,25/5/2026,2026-05-26T11:45:00,2026-05-26T12:30:00,2026-05-04T04:45:00,completed,,2026-05-26T12:30:00,45,60,60,0,In salon,FALSE
A00705,C0214,Sarah,SV04,25/5/2026,2026-05-26T09:00:00,2026-05-26T11:00:00,2026-04-28T05:00:00,completed,,2026-05-26T11:00:00,120,240,240,0,Online,FALSE
A00706,C0266,Sam,SV02,25/5/2026,2026-05-26T10:30:00,2026-05-26T11:15:00,2026-04-24T10:30:00,completed,,2026-05-26T11:15:00,45,60,60,0,Phone,FALSE
A00707,C0388,Matthew,SV04,25/5/2026,2026-05-25T11:00:00,2026-05-25T13:00:00,2026-05-05T09:00:00,completed,,2026-05-25T13:00:00,120,240,240,0,Online,TRUE
A00708,C0389,Matthew,SV02,25/5/2026,2026-05-26T09:45:00,2026-05-26T10:30:00,2026-05-16T01:45:00,completed,,2026-05-26T10:30:00,45,60,60,0,Phone,TRUE
A00709,C0208,Sam,SV02,25/5/2026,2026-05-26T09:45:00,2026-05-26T10:30:00,2026-05-04T09:45:00,completed,,2026-05-26T10:30:00,45,60,60,0,In salon,FALSE
A00710,C0390,Matthew,SV02,25/5/2026,2026-05-26T09:00:00,2026-05-26T09:45:00,2026-05-09T02:00:00,completed,,2026-05-26T09:45:00,45,60,60,0,Online,TRUE
A00711,C0183,Sarah,SV01,25/5/2026,2026-05-29T14:30:00,2026-05-29T15:00:00,2026-04-27T06:30:00,completed,,2026-05-29T15:00:00,30,40,40,0,In salon,FALSE
A00712,C0203,Sam,SV02,25/5/2026,2026-05-26T09:00:00,2026-05-26T09:45:00,2026-05-06T08:00:00,completed,,2026-05-26T09:45:00,45,60,60,0,Online,FALSE
A00713,C0151,Matthew,SV01,25/5/2026,2026-05-27T10:30:00,2026-05-27T11:00:00,2026-04-22T08:30:00,completed,,2026-05-27T11:00:00,30,40,40,0,Phone,FALSE
A00714,C0391,Sarah,SV01,25/5/2026,2026-05-27T13:30:00,2026-05-27T14:00:00,2026-05-01T11:30:00,completed,,2026-05-27T14:00:00,30,40,40,0,In salon,TRUE
A00715,C0071,Matthew,SV04,25/5/2026,2026-05-25T13:00:00,2026-05-25T15:00:00,2026-05-04T06:00:00,completed,,2026-05-25T15:00:00,120,240,240,0,Phone,FALSE
A00716,C0277,Matthew,SV02,25/5/2026,2026-05-26T11:30:00,2026-05-26T12:15:00,2026-05-16T03:30:00,completed,,2026-05-26T12:15:00,45,60,60,0,In salon,FALSE
A00717,C0128,Matthew,SV01,25/5/2026,2026-05-27T12:30:00,2026-05-27T13:00:00,2026-04-24T07:30:00,completed,,2026-05-27T13:00:00,30,40,40,0,In salon,FALSE
A00718,C0136,Sam,SV03,25/5/2026,2026-05-26T13:15:00,2026-05-26T14:15:00,2026-04-24T05:15:00,completed,,2026-05-26T14:15:00,60,100,100,0,Online,FALSE
A00719,C0209,Sam,SV01,25/5/2026,2026-05-27T11:45:00,2026-05-27T12:15:00,2026-05-07T08:45:00,completed,,2026-05-27T12:15:00,30,40,40,0,Phone,FALSE
A00720,C0202,Sarah,SV01,25/5/2026,2026-05-25T13:30:00,2026-05-25T14:00:00,2026-05-04T11:30:00,completed,,2026-05-25T14:00:00,30,40,40,0,Online,FALSE
A00721,C0392,Sarah,SV06,25/5/2026,2026-05-29T09:00:00,2026-05-29T12:00:00,2026-05-11T04:00:00,completed,,2026-05-29T12:00:00,180,390,390,0,In salon,TRUE
A00722,C0144,Sam,SV04,25/5/2026,2026-05-25T11:30:00,2026-05-25T13:30:00,2026-05-02T03:30:00,completed,,2026-05-25T13:30:00,120,240,240,0,Online,FALSE
A00723,C0393,Matthew,SV04,25/5/2026,2026-05-25T09:00:00,2026-05-25T11:00:00,2026-04-21T04:00:00,completed,,2026-05-25T11:00:00,120,240,240,0,Online,TRUE
A00724,C0394,Sarah,SV04,25/5/2026,2026-05-25T11:30:00,2026-05-25T13:30:00,2026-05-13T03:30:00,completed,,2026-05-25T13:30:00,120,240,240,0,Online,TRUE
A00725,C0130,Sarah,SV05,25/5/2026,2026-05-25T09:00:00,2026-05-25T11:30:00,2026-04-22T06:00:00,completed,,2026-05-25T11:30:00,150,325,325,0,Online,FALSE
A00726,C0198,Sarah,SV04,25/5/2026,2026-05-25T14:00:00,2026-05-25T16:00:00,2026-04-21T14:00:00,completed,,2026-05-25T16:00:00,120,240,240,0,In salon,FALSE
A00727,C0174,Sam,SV01,25/5/2026,2026-05-29T14:30:00,2026-05-29T15:00:00,2026-05-06T11:30:00,completed,,2026-05-29T15:00:00,30,40,40,0,Phone,FALSE
A00728,C0143,Matthew,SV06,25/5/2026,2026-05-29T09:30:00,2026-05-29T12:30:00,2026-05-02T06:30:00,completed,,2026-05-29T12:30:00,180,390,390,0,Online,FALSE
A00729,C0395,Sarah,SV03,25/5/2026,2026-05-26T13:15:00,2026-05-26T14:15:00,2026-05-02T11:15:00,completed,,2026-05-26T14:15:00,60,100,100,0,In salon,TRUE
A00730,C0396,Sarah,SV01,25/5/2026,2026-05-27T16:00:00,2026-05-27T16:30:00,2026-05-12T08:00:00,completed,,2026-05-27T16:30:00,30,40,40,0,Online,TRUE
A00731,C0043,Sam,SV05,25/5/2026,2026-05-25T09:00:00,2026-05-25T11:30:00,2026-04-26T04:00:00,completed,,2026-05-25T11:30:00,150,325,325,0,Phone,FALSE
A00732,C0280,Sarah,SV05,25/5/2026,2026-05-29T12:00:00,2026-05-29T14:30:00,2026-05-12T09:00:00,completed,,2026-05-29T14:30:00,150,325,325,0,Online,FALSE
A00733,C0104,Sarah,SV01,25/5/2026,2026-05-27T16:30:00,2026-05-27T17:00:00,2026-04-23T16:30:00,completed,,2026-05-27T17:00:00,30,40,40,0,Phone,FALSE
A00734,C0397,Sarah,SV01,25/5/2026,2026-05-27T15:00:00,2026-05-27T15:30:00,2026-04-30T11:00:00,completed,,2026-05-27T15:30:00,30,40,40,0,Online,TRUE
A00735,C0127,Sam,SV01,25/5/2026,2026-05-27T10:45:00,2026-05-27T11:15:00,2026-04-26T07:45:00,completed,,2026-05-27T11:15:00,30,40,40,0,Phone,FALSE
A00736,C0115,Matthew,SV01,25/5/2026,2026-05-26T13:00:00,2026-05-26T13:30:00,2026-04-22T08:00:00,completed,,2026-05-26T13:30:00,30,40,40,0,Online,FALSE
A00737,C0274,Sam,SV04,25/5/2026,2026-05-25T13:30:00,2026-05-25T15:30:00,2026-04-26T10:30:00,completed,,2026-05-25T15:30:00,120,240,240,0,In salon,FALSE
A00738,C0154,Matthew,SV04,25/5/2026,2026-05-25T15:00:00,2026-05-25T17:00:00,2026-04-22T09:00:00,completed,,2026-05-25T17:00:00,120,240,240,0,Online,FALSE
A00739,C0090,Matthew,SV01,25/5/2026,2026-05-27T11:30:00,2026-05-27T12:00:00,2026-05-16T10:30:00,completed,,2026-05-27T12:00:00,30,40,40,0,Online,FALSE
A00740,C0289,Matthew,SV05,25/5/2026,2026-05-29T12:30:00,2026-05-29T15:00:00,2026-04-28T12:30:00,completed,,2026-05-29T15:00:00,150,325,325,0,Online,FALSE
A00741,C0184,Matthew,SV01,25/5/2026,2026-05-26T13:30:00,2026-05-26T14:00:00,2026-05-13T08:30:00,completed,,2026-05-26T14:00:00,30,40,40,0,Online,FALSE
A00742,C0398,Matthew,SV01,25/5/2026,2026-05-27T12:00:00,2026-05-27T12:30:00,2026-05-03T12:00:00,completed,,2026-05-27T12:30:00,30,40,40,0,In salon,TRUE
A00743,C0270,Sam,SV01,25/5/2026,2026-05-27T11:15:00,2026-05-27T11:45:00,2026-05-12T03:15:00,completed,,2026-05-27T11:45:00,30,40,40,0,Phone,FALSE
A00744,C0189,Matthew,SV01,25/5/2026,2026-05-27T10:00:00,2026-05-27T10:30:00,2026-05-09T05:00:00,completed,,2026-05-27T10:30:00,30,40,40,0,Phone,FALSE
A00745,C0398,Matthew,SV01,25/5/2026,2026-05-27T12:00:00,2026-05-27T12:30:00,2026-05-13T12:00:00,cancelled,2026-05-17T12:00:00,,30,40,0,0,In salon,TRUE
A00746,C0380,Sam,SV01,25/5/2026,2026-05-27T13:45:00,2026-05-27T14:15:00,2026-05-13T12:00:00,cancelled,2026-05-17T12:00:00,,30,40,0,0,Online,TRUE
A00747,C0209,Sam,SV01,25/5/2026,2026-05-27T11:45:00,2026-05-27T12:15:00,2026-05-13T12:00:00,cancelled,2026-05-17T12:00:00,,30,40,0,0,Phone,FALSE
A00748,C0399,Matthew,SV01,1/6/2026,2026-06-03T16:15:00,2026-06-03T16:45:00,2026-05-03T09:15:00,completed,,2026-06-03T16:45:00,30,40,40,0,In salon,TRUE
A00749,C0170,Sam,SV04,1/6/2026,2026-06-01T09:00:00,2026-06-01T11:00:00,2026-05-01T08:00:00,completed,,2026-06-01T11:00:00,120,240,240,0,Online,FALSE
A00750,C0039,Sarah,SV04,1/6/2026,2026-06-01T11:30:00,2026-06-01T13:30:00,2026-04-29T10:30:00,completed,,2026-06-01T13:30:00,120,240,240,0,Phone,FALSE
A00751,C0163,Sam,SV03,1/6/2026,2026-06-02T09:15:00,2026-06-02T10:15:00,2026-05-03T01:15:00,completed,,2026-06-02T10:15:00,60,100,100,0,In salon,FALSE
A00752,C0201,Sam,SV01,1/6/2026,2026-06-03T14:15:00,2026-06-03T14:45:00,2026-05-10T11:15:00,completed,,2026-06-03T14:45:00,30,40,40,0,Online,FALSE
A00753,C0171,Matthew,SV04,1/6/2026,2026-06-01T15:00:00,2026-06-01T17:00:00,2026-05-12T14:00:00,completed,,2026-06-01T17:00:00,120,240,240,0,Online,FALSE
A00754,C0400,Sarah,SV05,1/6/2026,2026-06-05T12:00:00,2026-06-05T14:30:00,2026-05-02T04:00:00,completed,,2026-06-05T14:30:00,150,325,325,0,Phone,TRUE
A00755,C0401,Sam,SV03,1/6/2026,2026-06-02T10:15:00,2026-06-02T11:15:00,2026-05-06T02:15:00,completed,,2026-06-02T11:15:00,60,100,100,0,In salon,TRUE
A00756,C0402,Matthew,SV02,1/6/2026,2026-06-02T15:30:00,2026-06-02T16:15:00,2026-05-13T09:30:00,completed,,2026-06-02T16:15:00,45,60,60,0,Online,TRUE
A00757,C0108,Matthew,SV01,1/6/2026,2026-06-02T15:00:00,2026-06-02T15:30:00,2026-05-18T15:00:00,completed,,2026-06-02T15:30:00,30,40,40,0,In salon,FALSE
A00758,C0162,Sarah,SV02,1/6/2026,2026-06-02T09:45:00,2026-06-02T10:30:00,2026-05-09T05:45:00,completed,,2026-06-02T10:30:00,45,60,60,0,Online,FALSE
A00759,C0284,Matthew,SV01,1/6/2026,2026-06-03T14:15:00,2026-06-03T14:45:00,2026-05-03T06:15:00,completed,,2026-06-03T14:45:00,30,40,40,0,Online,FALSE
A00760,C0119,Matthew,SV01,1/6/2026,2026-06-03T13:45:00,2026-06-03T14:15:00,2026-05-05T07:45:00,completed,,2026-06-03T14:15:00,30,40,40,0,Online,FALSE
A00761,C0281,Sarah,SV01,1/6/2026,2026-06-03T13:00:00,2026-06-03T13:30:00,2026-05-04T13:00:00,completed,,2026-06-03T13:30:00,30,40,40,0,In salon,FALSE
A00762,C0403,Sarah,SV03,1/6/2026,2026-06-02T12:15:00,2026-06-02T13:15:00,2026-05-19T07:15:00,completed,,2026-06-02T13:15:00,60,100,100,0,Phone,TRUE
A00763,C0404,Sam,SV04,1/6/2026,2026-06-02T15:00:00,2026-06-02T17:00:00,2026-05-09T08:00:00,completed,,2026-06-02T17:00:00,120,240,240,0,In salon,TRUE
A00764,C0212,Sarah,SV03,1/6/2026,2026-06-02T13:15:00,2026-06-02T14:15:00,2026-05-09T11:15:00,completed,,2026-06-02T14:15:00,60,100,100,0,Phone,FALSE
A00765,C0175,Sam,SV04,1/6/2026,2026-06-01T11:00:00,2026-06-01T13:00:00,2026-05-21T09:00:00,completed,,2026-06-01T13:00:00,120,240,240,0,Phone,FALSE
A00766,C0405,Sam,SV03,1/6/2026,2026-06-02T12:30:00,2026-06-02T13:30:00,2026-05-08T05:30:00,completed,,2026-06-02T13:30:00,60,100,100,0,In salon,TRUE
A00767,C0206,Matthew,SV03,1/6/2026,2026-06-02T12:15:00,2026-06-02T13:15:00,2026-05-01T06:15:00,completed,,2026-06-02T13:15:00,60,100,100,0,In salon,FALSE
A00768,C0133,Matthew,SV02,1/6/2026,2026-06-02T11:30:00,2026-06-02T12:15:00,2026-05-11T10:30:00,completed,,2026-06-02T12:15:00,45,60,60,0,Phone,FALSE
A00769,C0160,Sam,SV01,1/6/2026,2026-06-03T13:15:00,2026-06-03T13:45:00,2026-05-03T08:15:00,completed,,2026-06-03T13:45:00,30,40,40,0,In salon,FALSE
A00770,C0105,Matthew,SV01,1/6/2026,2026-06-05T11:30:00,2026-06-05T12:00:00,2026-05-12T06:30:00,completed,,2026-06-05T12:00:00,30,40,40,0,Online,FALSE
A00771,C0406,Matthew,SV05,1/6/2026,2026-06-05T09:00:00,2026-06-05T11:30:00,2026-05-24T06:00:00,completed,,2026-06-05T11:30:00,150,325,325,0,Online,TRUE
A00772,C0407,Matthew,SV01,1/6/2026,2026-06-03T15:45:00,2026-06-03T16:15:00,2026-05-20T12:45:00,completed,,2026-06-03T16:15:00,30,40,40,0,Online,TRUE
A00773,C0288,Sarah,SV03,1/6/2026,2026-06-01T16:00:00,2026-06-01T17:00:00,2026-05-23T10:00:00,completed,,2026-06-01T17:00:00,60,100,100,0,In salon,FALSE
A00774,C0408,Sarah,SV01,1/6/2026,2026-06-03T14:00:00,2026-06-03T14:30:00,2026-05-26T12:00:00,completed,,2026-06-03T14:30:00,30,40,40,0,Phone,TRUE
A00775,C0409,Matthew,SV02,1/6/2026,2026-06-02T14:15:00,2026-06-02T15:00:00,2026-05-08T09:15:00,completed,,2026-06-02T15:00:00,45,60,60,0,Online,TRUE
A00776,C0291,Sam,SV01,1/6/2026,2026-06-03T15:45:00,2026-06-03T16:15:00,2026-05-01T10:45:00,completed,,2026-06-03T16:15:00,30,40,40,0,In salon,FALSE
A00777,C0050,Sarah,SV02,1/6/2026,2026-06-02T09:00:00,2026-06-02T09:45:00,2026-05-07T08:00:00,completed,,2026-06-02T09:45:00,45,60,60,0,Phone,FALSE
A00778,C0298,Sam,SV01,1/6/2026,2026-06-02T12:00:00,2026-06-02T12:30:00,2026-05-02T08:00:00,completed,,2026-06-02T12:30:00,30,40,40,0,Online,FALSE
A00779,C0410,Sam,SV04,1/6/2026,2026-06-01T15:00:00,2026-06-01T17:00:00,2026-04-28T15:00:00,completed,,2026-06-01T17:00:00,120,240,240,0,Phone,TRUE
A00780,C0207,Sarah,SV04,1/6/2026,2026-06-02T14:15:00,2026-06-02T16:15:00,2026-05-21T14:15:00,completed,,2026-06-02T16:15:00,120,240,240,0,In salon,FALSE
A00781,C0296,Sarah,SV01,1/6/2026,2026-06-05T14:30:00,2026-06-05T15:00:00,2026-05-25T11:30:00,completed,,2026-06-05T15:00:00,30,40,40,0,Online,FALSE
A00782,C0411,Matthew,SV04,1/6/2026,2026-06-01T11:00:00,2026-06-01T13:00:00,2026-05-20T07:00:00,completed,,2026-06-01T13:00:00,120,240,240,0,In salon,TRUE
A00783,C0285,Sarah,SV06,1/6/2026,2026-06-05T09:00:00,2026-06-05T12:00:00,2026-05-03T01:00:00,completed,,2026-06-05T12:00:00,180,390,390,0,In salon,FALSE
A00784,C0412,Sarah,SV01,1/6/2026,2026-06-03T12:00:00,2026-06-03T12:30:00,2026-05-20T08:00:00,completed,,2026-06-03T12:30:00,30,40,40,0,Phone,TRUE
A00785,C0038,Matthew,SV06,1/6/2026,2026-06-05T12:00:00,2026-06-05T15:00:00,2026-05-05T08:00:00,completed,,2026-06-05T15:00:00,180,390,390,0,In salon,FALSE
A00786,C0286,Matthew,SV01,1/6/2026,2026-06-03T15:15:00,2026-06-03T15:45:00,2026-05-01T07:15:00,completed,,2026-06-03T15:45:00,30,40,40,0,In salon,FALSE
A00787,C0276,Sarah,SV02,1/6/2026,2026-06-02T10:30:00,2026-06-02T11:15:00,2026-05-08T06:30:00,completed,,2026-06-02T11:15:00,45,60,60,0,Phone,FALSE
A00788,C0091,Sarah,SV03,1/6/2026,2026-06-02T11:15:00,2026-06-02T12:15:00,2026-05-20T04:15:00,completed,,2026-06-02T12:15:00,60,100,100,0,In salon,FALSE
A00789,C0195,Sam,SV05,1/6/2026,2026-06-05T09:00:00,2026-06-05T11:30:00,2026-05-05T05:00:00,completed,,2026-06-05T11:30:00,150,325,325,0,In salon,FALSE
A00790,C0247,Matthew,SV04,1/6/2026,2026-06-01T09:00:00,2026-06-01T11:00:00,2026-05-08T01:00:00,completed,,2026-06-01T11:00:00,120,240,240,0,In salon,FALSE
A00791,C0413,Sam,SV01,1/6/2026,2026-06-03T13:45:00,2026-06-03T14:15:00,2026-05-13T06:45:00,completed,,2026-06-03T14:15:00,30,40,40,0,Online,TRUE
A00792,C0300,Sam,SV04,1/6/2026,2026-06-01T13:00:00,2026-06-01T15:00:00,2026-05-15T06:00:00,completed,,2026-06-01T15:00:00,120,240,240,0,Online,FALSE
A00793,C0220,Sarah,SV05,1/6/2026,2026-06-01T09:00:00,2026-06-01T11:30:00,2026-05-01T05:00:00,completed,,2026-06-01T11:30:00,150,325,325,0,Online,FALSE
A00794,C0065,Sarah,SV01,1/6/2026,2026-06-03T12:30:00,2026-06-03T13:00:00,2026-05-04T06:30:00,completed,,2026-06-03T13:00:00,30,40,40,0,In salon,FALSE
A00795,C0205,Matthew,SV03,1/6/2026,2026-06-02T13:15:00,2026-06-02T14:15:00,2026-05-02T09:15:00,completed,,2026-06-02T14:15:00,60,100,100,0,Phone,FALSE
A00796,C0414,Sam,SV02,1/6/2026,2026-06-02T13:30:00,2026-06-02T14:15:00,2026-05-24T05:30:00,completed,,2026-06-02T14:15:00,45,60,60,0,Online,TRUE
A00797,C0129,Sam,SV02,1/6/2026,2026-06-02T11:15:00,2026-06-02T12:00:00,2026-05-06T04:15:00,completed,,2026-06-02T12:00:00,45,60,60,0,Phone,FALSE
A00798,C0134,Matthew,SV04,1/6/2026,2026-06-02T09:00:00,2026-06-02T11:00:00,2026-04-30T09:00:00,completed,,2026-06-02T11:00:00,120,240,240,0,Phone,FALSE
A00799,C0053,Sarah,SV04,1/6/2026,2026-06-01T13:30:00,2026-06-01T15:30:00,2026-05-22T11:30:00,completed,,2026-06-01T15:30:00,120,240,240,0,In salon,FALSE
A00800,C0292,Sarah,SV02,1/6/2026,2026-06-02T16:15:00,2026-06-02T17:00:00,2026-05-02T12:15:00,completed,,2026-06-02T17:00:00,45,60,60,0,In salon,FALSE
A00801,C0194,Matthew,SV01,1/6/2026,2026-06-02T11:00:00,2026-06-02T11:30:00,2026-05-05T11:00:00,completed,,2026-06-02T11:30:00,30,40,40,0,Online,FALSE
A00802,C0415,Sam,SV02,1/6/2026,2026-06-02T14:15:00,2026-06-02T15:00:00,2026-05-04T12:15:00,completed,,2026-06-02T15:00:00,45,60,60,0,In salon,TRUE
A00803,C0290,Sam,SV06,1/6/2026,2026-06-05T12:00:00,2026-06-05T15:00:00,2026-05-18T11:00:00,completed,,2026-06-05T15:00:00,180,390,390,0,In salon,FALSE
A00804,C0297,Matthew,SV04,1/6/2026,2026-06-01T13:00:00,2026-06-01T15:00:00,2026-05-10T09:00:00,completed,,2026-06-01T15:00:00,120,240,240,0,Online,FALSE
A00805,C0293,Sarah,SV01,1/6/2026,2026-06-01T15:30:00,2026-06-01T16:00:00,2026-04-29T14:30:00,completed,,2026-06-01T16:00:00,30,40,40,0,Online,FALSE
A00806,C0109,Sarah,SV01,1/6/2026,2026-06-03T11:30:00,2026-06-03T12:00:00,2026-05-25T11:30:00,completed,,2026-06-03T12:00:00,30,40,40,0,Phone,FALSE
A00807,C0416,Sam,SV01,1/6/2026,2026-06-03T14:45:00,2026-06-03T15:15:00,2026-05-17T13:45:00,completed,,2026-06-03T15:15:00,30,40,40,0,In salon,TRUE
A00808,C0417,Matthew,SV02,1/6/2026,2026-06-02T16:15:00,2026-06-02T17:00:00,2026-05-19T10:15:00,completed,,2026-06-02T17:00:00,45,60,60,0,In salon,TRUE
A00809,C0418,Sam,SV01,1/6/2026,2026-06-05T11:30:00,2026-06-05T12:00:00,2026-05-10T04:30:00,completed,,2026-06-05T12:00:00,30,40,40,0,Phone,TRUE
A00810,C0218,Matthew,SV01,1/6/2026,2026-06-03T14:45:00,2026-06-03T15:15:00,2026-05-01T09:45:00,completed,,2026-06-03T15:15:00,30,40,40,0,In salon,FALSE
A00811,C0113,Sam,SV01,1/6/2026,2026-06-03T15:15:00,2026-06-03T15:45:00,2026-05-06T13:15:00,completed,,2026-06-03T15:45:00,30,40,40,0,Phone,FALSE
A00812,C0200,Sarah,SV01,1/6/2026,2026-06-03T13:30:00,2026-06-03T14:00:00,2026-04-29T09:30:00,completed,,2026-06-03T14:00:00,30,40,40,0,Phone,FALSE
A00813,C0200,Sarah,SV01,1/6/2026,2026-06-03T13:30:00,2026-06-03T14:00:00,2026-05-20T12:00:00,cancelled,2026-05-24T12:00:00,,30,40,0,0,Phone,FALSE
A00814,C0205,Matthew,SV03,1/6/2026,2026-06-02T13:15:00,2026-06-02T14:15:00,2026-05-20T12:00:00,cancelled,2026-05-24T12:00:00,,60,100,0,0,Phone,FALSE
A00815,C0170,Sam,SV04,1/6/2026,2026-06-01T09:00:00,2026-06-01T11:00:00,2026-05-20T12:00:00,cancelled,2026-05-24T12:00:00,,120,240,0,0,Online,FALSE
A00816,C0002,Sarah,SV02,8/6/2026,2026-06-10T14:30:00,2026-06-10T15:15:00,2026-05-08T06:30:00,completed,,2026-06-10T15:15:00,45,60,60,0,In salon,FALSE
A00817,C0006,Matthew,SV02,8/6/2026,2026-06-10T12:45:00,2026-06-10T13:30:00,2026-05-26T11:45:00,completed,,2026-06-10T13:30:00,45,60,60,0,Online,FALSE
A00818,C0419,Sarah,SV05,8/6/2026,2026-06-08T09:00:00,2026-06-08T11:30:00,2026-05-29T03:00:00,completed,,2026-06-08T11:30:00,150,325,325,0,In salon,TRUE
A00819,C0001,Sarah,SV01,8/6/2026,2026-06-10T14:00:00,2026-06-10T14:30:00,2026-05-20T14:00:00,completed,,2026-06-10T14:30:00,30,40,40,0,Phone,FALSE
A00820,C0004,Matthew,SV04,8/6/2026,2026-06-09T10:00:00,2026-06-09T12:00:00,2026-05-07T02:00:00,completed,,2026-06-09T12:00:00,120,240,240,0,Online,FALSE
A00821,C0010,Sam,SV02,8/6/2026,2026-06-10T12:15:00,2026-06-10T13:00:00,2026-05-18T08:15:00,completed,,2026-06-10T13:00:00,45,60,60,0,Online,FALSE
A00822,C0008,Sam,SV04,8/6/2026,2026-06-09T12:00:00,2026-06-09T14:00:00,2026-05-06T04:00:00,completed,,2026-06-09T14:00:00,120,240,240,0,Phone,FALSE
A00823,C0005,Sam,SV01,8/6/2026,2026-06-10T14:15:00,2026-06-10T14:45:00,2026-05-17T11:15:00,completed,,2026-06-10T14:45:00,30,40,40,0,Online,FALSE
A00824,C0420,Sam,SV05,8/6/2026,2026-06-08T14:30:00,2026-06-08T17:00:00,2026-05-10T06:30:00,completed,,2026-06-08T17:00:00,150,325,325,0,In salon,TRUE
A00825,C0009,Matthew,SV01,8/6/2026,2026-06-10T16:00:00,2026-06-10T16:30:00,2026-05-31T15:00:00,completed,,2026-06-10T16:30:00,30,40,40,0,Online,FALSE
A00826,C0014,Sam,SV02,8/6/2026,2026-06-10T13:30:00,2026-06-10T14:15:00,2026-05-30T11:30:00,completed,,2026-06-10T14:15:00,45,60,60,0,Phone,FALSE
A00827,C0013,Sarah,SV01,8/6/2026,2026-06-10T12:00:00,2026-06-10T12:30:00,2026-05-21T10:00:00,completed,,2026-06-10T12:30:00,30,40,40,0,Online,FALSE
A00828,C0012,Matthew,SV04,8/6/2026,2026-06-09T13:00:00,2026-06-09T15:00:00,2026-05-17T12:00:00,completed,,2026-06-09T15:00:00,120,240,240,0,In salon,FALSE
A00829,C0016,Sarah,SV04,8/6/2026,2026-06-08T15:00:00,2026-06-08T17:00:00,2026-05-19T08:00:00,completed,,2026-06-08T17:00:00,120,240,240,0,Phone,FALSE
A00830,C0018,Sam,SV02,8/6/2026,2026-06-09T16:00:00,2026-06-09T16:45:00,2026-05-16T10:00:00,completed,,2026-06-09T16:45:00,45,60,60,0,Phone,FALSE
A00831,C0017,Sarah,SV01,8/6/2026,2026-06-10T10:30:00,2026-06-10T11:00:00,2026-05-25T07:30:00,completed,,2026-06-10T11:00:00,30,40,40,0,In salon,FALSE
A00832,C0021,Matthew,SV01,8/6/2026,2026-06-10T15:00:00,2026-06-10T15:30:00,2026-05-12T11:00:00,completed,,2026-06-10T15:30:00,30,40,40,0,In salon,FALSE
A00833,C0421,Matthew,SV01,8/6/2026,2026-06-08T11:30:00,2026-06-08T12:00:00,2026-05-07T05:30:00,completed,,2026-06-08T12:00:00,30,40,40,0,Phone,TRUE
A00834,C0020,Sarah,SV04,8/6/2026,2026-06-09T09:15:00,2026-06-09T11:15:00,2026-05-23T03:15:00,completed,,2026-06-09T11:15:00,120,240,240,0,Phone,FALSE
A00835,C0031,Matthew,SV06,8/6/2026,2026-06-12T09:00:00,2026-06-12T12:00:00,2026-05-11T02:00:00,completed,,2026-06-12T12:00:00,180,390,390,0,Online,FALSE
A00836,C0024,Sam,SV04,8/6/2026,2026-06-08T12:30:00,2026-06-08T14:30:00,2026-05-24T05:30:00,completed,,2026-06-08T14:30:00,120,240,240,0,Phone,FALSE
A00837,C0003,Sarah,SV03,8/6/2026,2026-06-09T16:00:00,2026-06-09T17:00:00,2026-05-10T09:00:00,completed,,2026-06-09T17:00:00,60,100,100,0,In salon,FALSE
A00838,C0287,Sam,SV04,8/6/2026,2026-06-09T14:00:00,2026-06-09T16:00:00,2026-05-23T08:00:00,completed,,2026-06-09T16:00:00,120,240,240,0,In salon,FALSE
A00839,C0145,Sam,SV01,8/6/2026,2026-06-10T15:15:00,2026-06-10T15:45:00,2026-05-08T14:15:00,completed,,2026-06-10T15:45:00,30,40,40,0,In salon,FALSE
A00840,C0422,Matthew,SV01,8/6/2026,2026-06-10T11:30:00,2026-06-10T12:00:00,2026-05-15T08:30:00,completed,,2026-06-10T12:00:00,30,40,40,0,In salon,TRUE
A00841,C0423,Sarah,SV04,8/6/2026,2026-06-09T11:15:00,2026-06-09T13:15:00,2026-05-27T06:15:00,completed,,2026-06-09T13:15:00,120,240,240,0,Phone,TRUE
A00842,C0424,Sam,SV01,8/6/2026,2026-06-10T10:45:00,2026-06-10T11:15:00,2026-05-21T03:45:00,completed,,2026-06-10T11:15:00,30,40,40,0,Phone,TRUE
A00843,C0295,Sam,SV01,8/6/2026,2026-06-10T13:00:00,2026-06-10T13:30:00,2026-05-23T10:00:00,completed,,2026-06-10T13:30:00,30,40,40,0,Phone,FALSE
A00844,C0425,Sarah,SV01,8/6/2026,2026-06-10T13:30:00,2026-06-10T14:00:00,2026-05-18T07:30:00,completed,,2026-06-10T14:00:00,30,40,40,0,Phone,TRUE
A00845,C0426,Matthew,SV04,8/6/2026,2026-06-09T15:00:00,2026-06-09T17:00:00,2026-05-11T15:00:00,completed,,2026-06-09T17:00:00,120,240,240,0,Phone,TRUE
A00846,C0299,Sam,SV01,8/6/2026,2026-06-10T11:15:00,2026-06-10T11:45:00,2026-05-30T07:15:00,completed,,2026-06-10T11:45:00,30,40,40,0,In salon,FALSE
A00847,C0150,Sarah,SV05,8/6/2026,2026-06-08T12:30:00,2026-06-08T15:00:00,2026-05-23T06:30:00,completed,,2026-06-08T15:00:00,150,325,325,0,Phone,FALSE
A00848,C0059,Sam,SV06,8/6/2026,2026-06-12T09:00:00,2026-06-12T12:00:00,2026-06-03T06:00:00,completed,,2026-06-12T12:00:00,180,390,390,0,Phone,FALSE
A00849,C0007,Matthew,SV03,8/6/2026,2026-06-09T09:00:00,2026-06-09T10:00:00,2026-05-07T07:00:00,completed,,2026-06-09T10:00:00,60,100,100,0,In salon,FALSE
A00850,C0262,Sarah,SV01,8/6/2026,2026-06-10T12:30:00,2026-06-10T13:00:00,2026-05-26T09:30:00,completed,,2026-06-10T13:00:00,30,40,40,0,Online,FALSE
A00851,C0427,Sam,SV01,8/6/2026,2026-06-10T11:45:00,2026-06-10T12:15:00,2026-05-06T05:45:00,completed,,2026-06-10T12:15:00,30,40,40,0,In salon,TRUE
A00852,C0011,Matthew,SV03,8/6/2026,2026-06-09T12:00:00,2026-06-09T13:00:00,2026-05-28T12:00:00,completed,,2026-06-09T13:00:00,60,100,100,0,Phone,FALSE
A00853,C0294,Sarah,SV01,8/6/2026,2026-06-10T11:30:00,2026-06-10T12:00:00,2026-05-23T08:30:00,completed,,2026-06-10T12:00:00,30,40,40,0,In salon,FALSE
A00854,C0428,Sam,SV01,8/6/2026,2026-06-10T15:45:00,2026-06-10T16:15:00,2026-05-07T14:45:00,completed,,2026-06-10T16:15:00,30,40,40,0,Online,TRUE
A00855,C0429,Sarah,SV04,8/6/2026,2026-06-09T13:15:00,2026-06-09T15:15:00,2026-05-30T05:15:00,completed,,2026-06-09T15:15:00,120,240,240,0,In salon,TRUE
A00856,C0060,Sarah,SV01,8/6/2026,2026-06-10T13:00:00,2026-06-10T13:30:00,2026-05-14T08:00:00,completed,,2026-06-10T13:30:00,30,40,40,0,Phone,FALSE
A00857,C0312,Sam,SV06,8/6/2026,2026-06-12T12:00:00,2026-06-12T15:00:00,2026-05-11T11:00:00,completed,,2026-06-12T15:00:00,180,390,390,0,Phone,FALSE
A00858,C0210,Matthew,SV01,8/6/2026,2026-06-10T15:30:00,2026-06-10T16:00:00,2026-05-27T11:30:00,completed,,2026-06-10T16:00:00,30,40,40,0,In salon,FALSE
A00859,C0015,Sam,SV03,8/6/2026,2026-06-08T11:30:00,2026-06-08T12:30:00,2026-05-25T05:30:00,completed,,2026-06-08T12:30:00,60,100,100,0,Phone,FALSE
A00860,C0079,Matthew,SV01,8/6/2026,2026-06-10T14:00:00,2026-06-10T14:30:00,2026-05-22T06:00:00,completed,,2026-06-10T14:30:00,30,40,40,0,Phone,FALSE
A00861,C0430,Sam,SV05,8/6/2026,2026-06-08T09:00:00,2026-06-08T11:30:00,2026-05-11T07:00:00,completed,,2026-06-08T11:30:00,150,325,325,0,Online,TRUE
A00862,C0301,Sam,SV01,8/6/2026,2026-06-10T14:45:00,2026-06-10T15:15:00,2026-05-14T14:45:00,completed,,2026-06-10T15:15:00,30,40,40,0,Online,FALSE
A00863,C0431,Sarah,SV01,8/6/2026,2026-06-10T11:00:00,2026-06-10T11:30:00,2026-05-27T07:00:00,completed,,2026-06-10T11:30:00,30,40,40,0,Phone,TRUE
A00864,C0432,Sarah,SV06,8/6/2026,2026-06-12T12:00:00,2026-06-12T15:00:00,2026-05-14T12:00:00,completed,,2026-06-12T15:00:00,180,390,390,0,Online,TRUE
A00865,C0433,Matthew,SV01,8/6/2026,2026-06-10T13:30:00,2026-06-10T14:00:00,2026-05-06T12:30:00,completed,,2026-06-10T14:00:00,30,40,40,0,Phone,TRUE
A00866,C0434,Matthew,SV01,8/6/2026,2026-06-10T14:30:00,2026-06-10T15:00:00,2026-05-29T11:30:00,completed,,2026-06-10T15:00:00,30,40,40,0,Phone,TRUE
A00867,C0022,Sarah,SV02,8/6/2026,2026-06-10T15:15:00,2026-06-10T16:00:00,2026-05-29T11:15:00,completed,,2026-06-10T16:00:00,45,60,60,0,Online,FALSE
A00868,C0019,Sam,SV03,8/6/2026,2026-06-09T09:00:00,2026-06-09T10:00:00,2026-05-23T03:00:00,completed,,2026-06-09T10:00:00,60,100,100,0,Online,FALSE
A00869,C0435,Sam,SV04,8/6/2026,2026-06-09T10:00:00,2026-06-09T12:00:00,2026-05-22T04:00:00,completed,,2026-06-09T12:00:00,120,240,240,0,In salon,TRUE
A00870,C0041,Matthew,SV05,8/6/2026,2026-06-08T09:00:00,2026-06-08T11:30:00,2026-05-22T04:00:00,completed,,2026-06-08T11:30:00,150,325,325,0,Online,FALSE
A00871,C0139,Matthew,SV06,8/6/2026,2026-06-12T12:00:00,2026-06-12T15:00:00,2026-05-30T10:00:00,completed,,2026-06-12T15:00:00,180,390,390,0,Online,FALSE
A00872,C0436,Matthew,SV05,8/6/2026,2026-06-08T12:00:00,2026-06-08T14:30:00,2026-05-29T06:00:00,completed,,2026-06-08T14:30:00,150,325,325,0,Online,TRUE
A00873,C0437,Sarah,SV06,8/6/2026,2026-06-12T09:00:00,2026-06-12T12:00:00,2026-06-04T02:00:00,completed,,2026-06-12T12:00:00,180,390,390,0,Online,TRUE
A00874,C0121,Sarah,SV02,8/6/2026,2026-06-09T15:15:00,2026-06-09T16:00:00,2026-05-31T11:15:00,completed,,2026-06-09T16:00:00,45,60,60,0,In salon,FALSE
A00875,C0217,Matthew,SV02,8/6/2026,2026-06-10T12:00:00,2026-06-10T12:45:00,2026-05-22T04:00:00,completed,,2026-06-10T12:45:00,45,60,60,0,Phone,FALSE
A00876,C0023,Sarah,SV03,8/6/2026,2026-06-08T11:30:00,2026-06-08T12:30:00,2026-05-28T08:30:00,completed,,2026-06-08T12:30:00,60,100,100,0,Phone,FALSE
A00877,C0169,Matthew,SV05,8/6/2026,2026-06-08T14:30:00,2026-06-08T17:00:00,2026-05-25T13:30:00,completed,,2026-06-08T17:00:00,150,325,325,0,Online,FALSE
A00878,C0436,Matthew,SV05,8/6/2026,2026-06-08T12:00:00,2026-06-08T14:30:00,2026-05-27T12:00:00,cancelled,2026-05-31T12:00:00,,150,325,0,0,Online,TRUE
A00879,C0262,Sarah,SV01,8/6/2026,2026-06-10T12:30:00,2026-06-10T13:00:00,2026-05-27T12:00:00,cancelled,2026-05-31T12:00:00,,30,40,0,0,Online,FALSE
A00880,C0012,Matthew,SV04,8/6/2026,2026-06-09T13:00:00,2026-06-09T15:00:00,2026-05-27T12:00:00,cancelled,2026-05-31T12:00:00,,120,240,0,0,In salon,FALSE
A00881,C0438,Sam,SV01,15/6/2026,2026-06-17T12:45:00,2026-06-17T13:15:00,2026-05-30T05:45:00,completed,,2026-06-17T13:15:00,30,40,40,0,Online,TRUE
A00882,C0439,Matthew,SV05,15/6/2026,2026-06-15T11:30:00,2026-06-15T14:00:00,2026-05-28T06:30:00,completed,,2026-06-15T14:00:00,150,325,325,0,In salon,TRUE
A00883,C0093,Matthew,SV01,15/6/2026,2026-06-17T13:15:00,2026-06-17T13:45:00,2026-05-23T07:15:00,completed,,2026-06-17T13:45:00,30,40,40,0,In salon,FALSE
A00884,C0092,Matthew,SV03,15/6/2026,2026-06-15T14:00:00,2026-06-15T15:00:00,2026-06-03T14:00:00,completed,,2026-06-15T15:00:00,60,100,100,0,Phone,FALSE
A00885,C0211,Sam,SV04,15/6/2026,2026-06-15T15:00:00,2026-06-15T17:00:00,2026-05-12T13:00:00,completed,,2026-06-15T17:00:00,120,240,240,0,Online,FALSE
A00886,C0440,Sam,SV02,15/6/2026,2026-06-16T12:00:00,2026-06-16T12:45:00,2026-05-19T10:00:00,completed,,2026-06-16T12:45:00,45,60,60,0,Online,TRUE
A00887,C0099,Sam,SV01,15/6/2026,2026-06-17T14:15:00,2026-06-17T14:45:00,2026-05-18T07:15:00,completed,,2026-06-17T14:45:00,30,40,40,0,Online,FALSE
A00888,C0132,Sam,SV05,15/6/2026,2026-06-15T09:00:00,2026-06-15T11:30:00,2026-06-05T02:00:00,completed,,2026-06-15T11:30:00,150,325,325,0,Online,FALSE
A00889,C0227,Sarah,SV04,15/6/2026,2026-06-15T15:00:00,2026-06-15T17:00:00,2026-05-17T14:00:00,completed,,2026-06-15T17:00:00,120,240,240,0,Phone,FALSE
A00890,C0441,Matthew,SV01,15/6/2026,2026-06-17T11:00:00,2026-06-17T11:30:00,2026-05-19T06:00:00,completed,,2026-06-17T11:30:00,30,40,40,0,Online,TRUE
A00891,C0035,Sam,SV01,15/6/2026,2026-06-17T10:00:00,2026-06-17T10:30:00,2026-06-04T05:00:00,completed,,2026-06-17T10:30:00,30,40,40,0,Online,FALSE
A00892,C0442,Matthew,SV06,15/6/2026,2026-06-19T09:00:00,2026-06-19T12:00:00,2026-05-26T07:00:00,completed,,2026-06-19T12:00:00,180,390,390,0,Phone,TRUE
A00893,C0166,Sarah,SV01,15/6/2026,2026-06-17T13:45:00,2026-06-17T14:15:00,2026-06-02T13:45:00,completed,,2026-06-17T14:15:00,30,40,40,0,Phone,FALSE
A00894,C0190,Sam,SV03,15/6/2026,2026-06-16T15:15:00,2026-06-16T16:15:00,2026-05-31T14:15:00,completed,,2026-06-16T16:15:00,60,100,100,0,In salon,FALSE
A00895,C0313,Sam,SV03,15/6/2026,2026-06-16T11:00:00,2026-06-16T12:00:00,2026-06-07T03:00:00,completed,,2026-06-16T12:00:00,60,100,100,0,Phone,FALSE
A00896,C0033,Matthew,SV04,15/6/2026,2026-06-15T15:00:00,2026-06-15T17:00:00,2026-05-15T12:00:00,completed,,2026-06-15T17:00:00,120,240,240,0,In salon,FALSE
A00897,C0307,Sam,SV01,15/6/2026,2026-06-17T13:45:00,2026-06-17T14:15:00,2026-05-17T11:45:00,completed,,2026-06-17T14:15:00,30,40,40,0,Phone,FALSE
A00898,C0026,Sam,SV01,15/6/2026,2026-06-17T11:00:00,2026-06-17T11:30:00,2026-06-09T06:00:00,completed,,2026-06-17T11:30:00,30,40,40,0,Online,FALSE
A00899,C0443,Sam,SV01,15/6/2026,2026-06-17T14:45:00,2026-06-17T15:15:00,2026-05-27T08:45:00,completed,,2026-06-17T15:15:00,30,40,40,0,Online,TRUE
A00900,C0318,Matthew,SV02,15/6/2026,2026-06-16T15:15:00,2026-06-16T16:00:00,2026-06-05T09:15:00,completed,,2026-06-16T16:00:00,45,60,60,0,Phone,FALSE
A00901,C0444,Sarah,SV02,15/6/2026,2026-06-16T15:45:00,2026-06-16T16:30:00,2026-06-04T14:45:00,completed,,2026-06-16T16:30:00,45,60,60,0,Phone,TRUE
A00902,C0445,Sarah,SV01,15/6/2026,2026-06-17T12:15:00,2026-06-17T12:45:00,2026-05-27T05:15:00,completed,,2026-06-17T12:45:00,30,40,40,0,Online,TRUE
A00903,C0226,Sam,SV01,15/6/2026,2026-06-17T10:30:00,2026-06-17T11:00:00,2026-05-30T10:30:00,completed,,2026-06-17T11:00:00,30,40,40,0,In salon,FALSE
A00904,C0446,Sarah,SV04,15/6/2026,2026-06-16T09:00:00,2026-06-16T11:00:00,2026-05-28T02:00:00,completed,,2026-06-16T11:00:00,120,240,240,0,Phone,TRUE
A00905,C0034,Matthew,SV06,15/6/2026,2026-06-19T12:00:00,2026-06-19T15:00:00,2026-05-31T12:00:00,completed,,2026-06-19T15:00:00,180,390,390,0,Phone,FALSE
A00906,C0447,Sam,SV01,15/6/2026,2026-06-16T14:45:00,2026-06-16T15:15:00,2026-06-08T09:45:00,completed,,2026-06-16T15:15:00,30,40,40,0,In salon,TRUE
A00907,C0448,Sam,SV05,15/6/2026,2026-06-15T11:30:00,2026-06-15T14:00:00,2026-05-17T06:30:00,completed,,2026-06-15T14:00:00,150,325,325,0,In salon,TRUE
A00908,C0241,Sarah,SV01,15/6/2026,2026-06-15T11:30:00,2026-06-15T12:00:00,2026-06-06T03:30:00,completed,,2026-06-15T12:00:00,30,40,40,0,Online,FALSE
A00909,C0311,Sam,SV02,15/6/2026,2026-06-16T16:15:00,2026-06-16T17:00:00,2026-05-12T08:15:00,completed,,2026-06-16T17:00:00,45,60,60,0,Online,FALSE
A00910,C0320,Sam,SV06,15/6/2026,2026-06-19T12:00:00,2026-06-19T15:00:00,2026-05-29T10:00:00,completed,,2026-06-19T15:00:00,180,390,390,0,Phone,FALSE
A00911,C0314,Matthew,SV01,15/6/2026,2026-06-17T12:15:00,2026-06-17T12:45:00,2026-05-14T07:15:00,completed,,2026-06-17T12:45:00,30,40,40,0,Online,FALSE
A00912,C0449,Sarah,SV02,15/6/2026,2026-06-17T09:15:00,2026-06-17T10:00:00,2026-05-18T05:15:00,completed,,2026-06-17T10:00:00,45,60,60,0,In salon,TRUE
A00913,C0224,Sarah,SV01,15/6/2026,2026-06-17T12:45:00,2026-06-17T13:15:00,2026-05-18T09:45:00,completed,,2026-06-17T13:15:00,30,40,40,0,Phone,FALSE
A00914,C0095,Matthew,SV01,15/6/2026,2026-06-17T16:00:00,2026-06-17T16:30:00,2026-05-27T13:00:00,completed,,2026-06-17T16:30:00,30,40,40,0,Online,FALSE
A00915,C0450,Sarah,SV01,15/6/2026,2026-06-17T10:45:00,2026-06-17T11:15:00,2026-05-15T06:45:00,completed,,2026-06-17T11:15:00,30,40,40,0,In salon,TRUE
A00916,C0319,Sarah,SV02,15/6/2026,2026-06-17T10:00:00,2026-06-17T10:45:00,2026-06-06T04:00:00,completed,,2026-06-17T10:45:00,45,60,60,0,Phone,FALSE
A00917,C0192,Sam,SV01,15/6/2026,2026-06-17T11:30:00,2026-06-17T12:00:00,2026-06-01T08:30:00,completed,,2026-06-17T12:00:00,30,40,40,0,Online,FALSE
A00918,C0188,Sarah,SV01,15/6/2026,2026-06-17T11:45:00,2026-06-17T12:15:00,2026-05-13T07:45:00,completed,,2026-06-17T12:15:00,30,40,40,0,Phone,FALSE
A00919,C0317,Sarah,SV04,15/6/2026,2026-06-15T13:00:00,2026-06-15T15:00:00,2026-05-15T13:00:00,completed,,2026-06-15T15:00:00,120,240,240,0,Online,FALSE
A00920,C0126,Sarah,SV01,15/6/2026,2026-06-16T16:30:00,2026-06-16T17:00:00,2026-05-23T16:30:00,completed,,2026-06-16T17:00:00,30,40,40,0,Online,FALSE
A00921,C0037,Matthew,SV02,15/6/2026,2026-06-16T14:30:00,2026-06-16T15:15:00,2026-06-02T13:30:00,completed,,2026-06-16T15:15:00,45,60,60,0,Online,FALSE
A00922,C0451,Sam,SV06,15/6/2026,2026-06-19T09:00:00,2026-06-19T12:00:00,2026-05-23T05:00:00,completed,,2026-06-19T12:00:00,180,390,390,0,Online,TRUE
A00923,C0452,Sarah,SV01,15/6/2026,2026-06-17T13:15:00,2026-06-17T13:45:00,2026-05-26T10:15:00,completed,,2026-06-17T13:45:00,30,40,40,0,Online,TRUE
A00924,C0321,Matthew,SV04,15/6/2026,2026-06-16T12:30:00,2026-06-16T14:30:00,2026-05-12T06:30:00,completed,,2026-06-16T14:30:00,120,240,240,0,Online,FALSE
A00925,C0080,Matthew,SV03,15/6/2026,2026-06-16T16:00:00,2026-06-16T17:00:00,2026-05-25T11:00:00,completed,,2026-06-16T17:00:00,60,100,100,0,Phone,FALSE
A00926,C0453,Matthew,SV01,15/6/2026,2026-06-17T15:00:00,2026-06-17T15:30:00,2026-05-20T12:00:00,completed,,2026-06-17T15:30:00,30,40,40,0,In salon,TRUE
A00927,C0310,Sarah,SV03,15/6/2026,2026-06-15T12:00:00,2026-06-15T13:00:00,2026-05-16T04:00:00,completed,,2026-06-15T13:00:00,60,100,100,0,Phone,FALSE
A00928,C0454,Matthew,SV02,15/6/2026,2026-06-17T11:30:00,2026-06-17T12:15:00,2026-06-05T05:30:00,completed,,2026-06-17T12:15:00,45,60,60,0,Phone,TRUE
A00929,C0455,Matthew,SV04,15/6/2026,2026-06-16T10:30:00,2026-06-16T12:30:00,2026-05-29T05:30:00,completed,,2026-06-16T12:30:00,120,240,240,0,Phone,TRUE
A00930,C0238,Sam,SV04,15/6/2026,2026-06-16T09:00:00,2026-06-16T11:00:00,2026-06-08T05:00:00,completed,,2026-06-16T11:00:00,120,240,240,0,Online,FALSE
A00931,C0304,Sarah,SV06,15/6/2026,2026-06-19T12:00:00,2026-06-19T15:00:00,2026-05-20T04:00:00,completed,,2026-06-19T15:00:00,180,390,390,0,Phone,FALSE
A00932,C0456,Matthew,SV01,15/6/2026,2026-06-17T13:45:00,2026-06-17T14:15:00,2026-06-01T09:45:00,completed,,2026-06-17T14:15:00,30,40,40,0,Phone,TRUE
A00933,C0337,Sarah,SV01,15/6/2026,2026-06-17T14:15:00,2026-06-17T14:45:00,2026-05-19T11:15:00,completed,,2026-06-17T14:45:00,30,40,40,0,In salon,FALSE
A00934,C0335,Matthew,SV03,15/6/2026,2026-06-16T09:30:00,2026-06-16T10:30:00,2026-06-06T08:30:00,completed,,2026-06-16T10:30:00,60,100,100,0,Phone,FALSE
A00935,C0306,Sam,SV02,15/6/2026,2026-06-17T12:00:00,2026-06-17T12:45:00,2026-05-20T11:00:00,completed,,2026-06-17T12:45:00,45,60,60,0,Phone,FALSE
A00936,C0255,Sam,SV01,15/6/2026,2026-06-17T13:15:00,2026-06-17T13:45:00,2026-05-23T13:15:00,completed,,2026-06-17T13:45:00,30,40,40,0,Phone,FALSE
A00937,C0101,Matthew,SV05,15/6/2026,2026-06-15T09:00:00,2026-06-15T11:30:00,2026-05-29T08:00:00,completed,,2026-06-15T11:30:00,150,325,325,0,Online,FALSE
A00938,C0040,Matthew,SV02,15/6/2026,2026-06-17T14:15:00,2026-06-17T15:00:00,2026-05-31T11:15:00,completed,,2026-06-17T15:00:00,45,60,60,0,Phone,FALSE
A00939,C0086,Matthew,SV01,15/6/2026,2026-06-17T12:45:00,2026-06-17T13:15:00,2026-06-05T04:45:00,completed,,2026-06-17T13:15:00,30,40,40,0,Phone,FALSE
A00940,C0303,Sarah,SV05,15/6/2026,2026-06-15T09:00:00,2026-06-15T11:30:00,2026-05-17T03:00:00,completed,,2026-06-15T11:30:00,150,325,325,0,Phone,FALSE
A00941,C0083,Sarah,SV04,15/6/2026,2026-06-16T13:00:00,2026-06-16T15:00:00,2026-06-08T10:00:00,completed,,2026-06-16T15:00:00,120,240,240,0,Phone,FALSE
A00942,C0305,Sam,SV03,15/6/2026,2026-06-15T14:00:00,2026-06-15T15:00:00,2026-05-23T12:00:00,completed,,2026-06-15T15:00:00,60,100,100,0,Phone,FALSE
A00943,C0457,Sarah,SV04,15/6/2026,2026-06-16T11:00:00,2026-06-16T13:00:00,2026-05-27T04:00:00,completed,,2026-06-16T13:00:00,120,240,240,0,Online,TRUE
A00944,C0282,Matthew,SV01,15/6/2026,2026-06-17T15:30:00,2026-06-17T16:00:00,2026-05-16T14:30:00,completed,,2026-06-17T16:00:00,30,40,40,0,Online,FALSE
A00945,C0458,Sarah,SV06,15/6/2026,2026-06-19T09:00:00,2026-06-19T12:00:00,2026-05-29T08:00:00,completed,,2026-06-19T12:00:00,180,390,390,0,In salon,TRUE
A00946,C0147,Sarah,SV02,15/6/2026,2026-06-16T15:00:00,2026-06-16T15:45:00,2026-05-25T13:00:00,completed,,2026-06-16T15:45:00,45,60,60,0,Phone,FALSE
A00947,C0309,Sam,SV04,15/6/2026,2026-06-16T12:45:00,2026-06-16T14:45:00,2026-05-31T07:45:00,completed,,2026-06-16T14:45:00,120,240,240,0,In salon,FALSE
A00948,C0148,Sarah,SV01,15/6/2026,2026-06-17T11:15:00,2026-06-17T11:45:00,2026-05-28T09:15:00,completed,,2026-06-17T11:45:00,30,40,40,0,Online,FALSE
A00949,C0339,Matthew,SV01,15/6/2026,2026-06-16T09:00:00,2026-06-16T09:30:00,2026-05-21T01:00:00,completed,,2026-06-16T09:30:00,30,40,40,0,Online,FALSE
A00950,C0325,Sam,SV01,15/6/2026,2026-06-17T09:30:00,2026-06-17T10:00:00,2026-05-28T09:30:00,completed,,2026-06-17T10:00:00,30,40,40,0,In salon,FALSE
A00951,C0318,Matthew,SV02,15/6/2026,2026-06-16T15:15:00,2026-06-16T16:00:00,2026-06-03T12:00:00,cancelled,2026-06-07T12:00:00,,45,60,0,0,Phone,FALSE
A00952,C0234,Sarah,SV02,22/6/2026,2026-06-23T13:15:00,2026-06-23T14:00:00,2026-06-03T07:15:00,completed,,2026-06-23T14:00:00,45,60,60,0,In salon,FALSE
A00953,C0213,Sarah,SV02,22/6/2026,2026-06-23T11:45:00,2026-06-23T12:30:00,2026-05-21T08:45:00,completed,,2026-06-23T12:30:00,45,60,60,0,Phone,FALSE
A00954,C0322,Matthew,SV01,22/6/2026,2026-06-24T15:30:00,2026-06-24T16:00:00,2026-05-26T12:30:00,completed,,2026-06-24T16:00:00,30,40,40,0,Online,FALSE
A00955,C0459,Sarah,SV05,22/6/2026,2026-06-22T14:30:00,2026-06-22T17:00:00,2026-06-01T08:30:00,completed,,2026-06-22T17:00:00,150,325,325,0,In salon,TRUE
A00956,C0460,Matthew,SV02,22/6/2026,2026-06-23T14:45:00,2026-06-23T15:30:00,2026-06-15T11:45:00,completed,,2026-06-23T15:30:00,45,60,60,0,Online,TRUE
A00957,C0149,Sam,SV01,22/6/2026,2026-06-22T09:00:00,2026-06-22T09:30:00,2026-06-01T09:00:00,completed,,2026-06-22T09:30:00,30,40,40,0,Phone,FALSE
A00958,C0056,Matthew,SV01,22/6/2026,2026-06-24T15:00:00,2026-06-24T15:30:00,2026-05-31T10:00:00,completed,,2026-06-24T15:30:00,30,40,40,0,In salon,FALSE
A00959,C0329,Sam,SV04,22/6/2026,2026-06-22T09:30:00,2026-06-22T11:30:00,2026-06-05T07:30:00,completed,,2026-06-22T11:30:00,120,240,240,0,Online,FALSE
A00960,C0061,Matthew,SV04,22/6/2026,2026-06-23T09:45:00,2026-06-23T11:45:00,2026-05-27T06:45:00,completed,,2026-06-23T11:45:00,120,240,240,0,Phone,FALSE
A00961,C0233,Sam,SV02,22/6/2026,2026-06-23T16:15:00,2026-06-23T17:00:00,2026-06-09T13:15:00,completed,,2026-06-23T17:00:00,45,60,60,0,Phone,FALSE
A00962,C0164,Sarah,SV01,22/6/2026,2026-06-23T11:15:00,2026-06-23T11:45:00,2026-05-29T10:15:00,completed,,2026-06-23T11:45:00,30,40,40,0,In salon,FALSE
A00963,C0461,Matthew,SV06,22/6/2026,2026-06-26T12:00:00,2026-06-26T15:00:00,2026-06-05T06:00:00,completed,,2026-06-26T15:00:00,180,390,390,0,Online,TRUE
A00964,C0333,Sam,SV01,22/6/2026,2026-06-24T16:15:00,2026-06-24T16:45:00,2026-06-09T14:15:00,completed,,2026-06-24T16:45:00,30,40,40,0,Online,FALSE
A00965,C0032,Sam,SV01,22/6/2026,2026-06-24T15:45:00,2026-06-24T16:15:00,2026-06-06T08:45:00,completed,,2026-06-24T16:15:00,30,40,40,0,Phone,FALSE
A00966,C0204,Sam,SV01,22/6/2026,2026-06-24T14:15:00,2026-06-24T14:45:00,2026-06-05T09:15:00,completed,,2026-06-24T14:45:00,30,40,40,0,Online,FALSE
A00967,C0180,Matthew,SV01,22/6/2026,2026-06-22T10:00:00,2026-06-22T10:30:00,2026-05-29T06:00:00,completed,,2026-06-22T10:30:00,30,40,40,0,Online,FALSE
A00968,C0462,Sarah,SV03,22/6/2026,2026-06-23T09:15:00,2026-06-23T10:15:00,2026-05-22T06:15:00,completed,,2026-06-23T10:15:00,60,100,100,0,Online,TRUE
A00969,C0096,Sarah,SV04,22/6/2026,2026-06-22T11:30:00,2026-06-22T13:30:00,2026-05-29T03:30:00,completed,,2026-06-22T13:30:00,120,240,240,0,In salon,FALSE
A00970,C0045,Sam,SV01,22/6/2026,2026-06-24T13:15:00,2026-06-24T13:45:00,2026-05-20T13:15:00,completed,,2026-06-24T13:45:00,30,40,40,0,Phone,FALSE
A00971,C0463,Sarah,SV01,22/6/2026,2026-06-26T09:00:00,2026-06-26T09:30:00,2026-05-24T05:00:00,completed,,2026-06-26T09:30:00,30,40,40,0,Online,TRUE
A00972,C0332,Matthew,SV01,22/6/2026,2026-06-24T13:00:00,2026-06-24T13:30:00,2026-05-28T07:00:00,completed,,2026-06-24T13:30:00,30,40,40,0,In salon,FALSE
A00973,C0464,Sam,SV04,22/6/2026,2026-06-22T12:30:00,2026-06-22T14:30:00,2026-06-06T11:30:00,completed,,2026-06-22T14:30:00,120,240,240,0,Online,TRUE
A00974,C0465,Sarah,SV01,22/6/2026,2026-06-24T12:00:00,2026-06-24T12:30:00,2026-06-12T11:00:00,completed,,2026-06-24T12:30:00,30,40,40,0,Phone,TRUE
A00975,C0172,Sam,SV01,22/6/2026,2026-06-24T14:45:00,2026-06-24T15:15:00,2026-05-25T13:45:00,completed,,2026-06-24T15:15:00,30,40,40,0,Phone,FALSE
A00976,C0466,Sam,SV04,22/6/2026,2026-06-23T11:15:00,2026-06-23T13:15:00,2026-06-08T10:15:00,completed,,2026-06-23T13:15:00,120,240,240,0,Online,TRUE
A00977,C0467,Matthew,SV04,22/6/2026,2026-06-22T10:30:00,2026-06-22T12:30:00,2026-05-22T10:30:00,completed,,2026-06-22T12:30:00,120,240,240,0,Phone,TRUE
A00978,C0155,Sam,SV03,22/6/2026,2026-06-23T13:15:00,2026-06-23T14:15:00,2026-05-27T11:15:00,completed,,2026-06-23T14:15:00,60,100,100,0,Online,FALSE
A00979,C0468,Sam,SV02,22/6/2026,2026-06-23T09:00:00,2026-06-23T09:45:00,2026-06-08T08:00:00,completed,,2026-06-23T09:45:00,45,60,60,0,Online,TRUE
A00980,C0173,Sarah,SV06,22/6/2026,2026-06-26T12:00:00,2026-06-26T15:00:00,2026-06-07T09:00:00,completed,,2026-06-26T15:00:00,180,390,390,0,In salon,FALSE
A00981,C0067,Sam,SV06,22/6/2026,2026-06-26T09:00:00,2026-06-26T12:00:00,2026-05-29T05:00:00,completed,,2026-06-26T12:00:00,180,390,390,0,In salon,FALSE
A00982,C0283,Matthew,SV02,22/6/2026,2026-06-23T16:15:00,2026-06-23T17:00:00,2026-06-11T13:15:00,completed,,2026-06-23T17:00:00,45,60,60,0,Online,FALSE
A00983,C0308,Matthew,SV05,22/6/2026,2026-06-22T12:30:00,2026-06-22T15:00:00,2026-05-22T10:30:00,completed,,2026-06-22T15:00:00,150,325,325,0,In salon,FALSE
A00984,C0237,Matthew,SV01,22/6/2026,2026-06-24T13:30:00,2026-06-24T14:00:00,2026-06-16T11:30:00,completed,,2026-06-24T14:00:00,30,40,40,0,Online,FALSE
A00985,C0469,Matthew,SV01,22/6/2026,2026-06-24T14:00:00,2026-06-24T14:30:00,2026-05-26T10:00:00,completed,,2026-06-24T14:30:00,30,40,40,0,Phone,TRUE
A00986,C0135,Sam,SV03,22/6/2026,2026-06-22T11:30:00,2026-06-22T12:30:00,2026-06-13T10:30:00,completed,,2026-06-22T12:30:00,60,100,100,0,Phone,FALSE
A00987,C0215,Sam,SV04,22/6/2026,2026-06-23T14:15:00,2026-06-23T16:15:00,2026-05-28T06:15:00,completed,,2026-06-23T16:15:00,120,240,240,0,Phone,FALSE
A00988,C0341,Sam,SV01,22/6/2026,2026-06-23T10:45:00,2026-06-23T11:15:00,2026-05-30T04:45:00,completed,,2026-06-23T11:15:00,30,40,40,0,Phone,FALSE
A00989,C0111,Sam,SV06,22/6/2026,2026-06-26T12:00:00,2026-06-26T15:00:00,2026-06-07T08:00:00,completed,,2026-06-26T15:00:00,180,390,390,0,Online,FALSE
A00990,C0028,Sarah,SV03,22/6/2026,2026-06-22T13:30:00,2026-06-22T14:30:00,2026-05-29T13:30:00,completed,,2026-06-22T14:30:00,60,100,100,0,In salon,FALSE
A00991,C0323,Sarah,SV05,22/6/2026,2026-06-26T09:30:00,2026-06-26T12:00:00,2026-06-14T08:30:00,completed,,2026-06-26T12:00:00,150,325,325,0,Phone,FALSE
A00992,C0316,Matthew,SV03,22/6/2026,2026-06-22T09:00:00,2026-06-22T10:00:00,2026-05-21T09:00:00,completed,,2026-06-22T10:00:00,60,100,100,0,Phone,FALSE
A00993,C0470,Sarah,SV05,22/6/2026,2026-06-22T09:00:00,2026-06-22T11:30:00,2026-05-29T06:00:00,completed,,2026-06-22T11:30:00,150,325,325,0,Online,TRUE
A00994,C0471,Matthew,SV01,22/6/2026,2026-06-24T14:30:00,2026-06-24T15:00:00,2026-06-06T13:30:00,completed,,2026-06-24T15:00:00,30,40,40,0,Phone,TRUE
A00995,C0124,Sam,SV01,22/6/2026,2026-06-24T15:15:00,2026-06-24T15:45:00,2026-05-22T14:15:00,completed,,2026-06-24T15:45:00,30,40,40,0,Online,FALSE
A00996,C0177,Matthew,SV02,22/6/2026,2026-06-23T15:30:00,2026-06-23T16:15:00,2026-05-20T12:30:00,completed,,2026-06-23T16:15:00,45,60,60,0,Online,FALSE
A00997,C0472,Sam,SV01,22/6/2026,2026-06-24T13:45:00,2026-06-24T14:15:00,2026-06-04T11:45:00,completed,,2026-06-24T14:15:00,30,40,40,0,In salon,TRUE
A00998,C0473,Sarah,SV03,22/6/2026,2026-06-23T16:00:00,2026-06-23T17:00:00,2026-06-05T15:00:00,completed,,2026-06-23T17:00:00,60,100,100,0,Online,TRUE
A00999,C0336,Matthew,SV02,22/6/2026,2026-06-23T09:00:00,2026-06-23T09:45:00,2026-06-06T07:00:00,completed,,2026-06-23T09:45:00,45,60,60,0,In salon,FALSE
A01000,C0179,Matthew,SV04,22/6/2026,2026-06-22T15:00:00,2026-06-22T17:00:00,2026-05-29T14:00:00,completed,,2026-06-22T17:00:00,120,240,240,0,Phone,FALSE
A01001,C0073,Sarah,SV01,22/6/2026,2026-06-24T10:00:00,2026-06-24T10:30:00,2026-06-12T05:00:00,completed,,2026-06-24T10:30:00,30,40,40,0,Online,FALSE
A01002,C0225,Sarah,SV01,22/6/2026,2026-06-24T13:00:00,2026-06-24T13:30:00,2026-06-12T11:00:00,completed,,2026-06-24T13:30:00,30,40,40,0,Online,FALSE
A01003,C0474,Sarah,SV03,22/6/2026,2026-06-23T10:15:00,2026-06-23T11:15:00,2026-05-26T06:15:00,completed,,2026-06-23T11:15:00,60,100,100,0,Online,TRUE
A01004,C0475,Sarah,SV01,22/6/2026,2026-06-24T12:30:00,2026-06-24T13:00:00,2026-05-20T08:30:00,completed,,2026-06-24T13:00:00,30,40,40,0,Phone,TRUE
A01005,C0223,Sarah,SV01,22/6/2026,2026-06-24T10:30:00,2026-06-24T11:00:00,2026-05-29T09:30:00,completed,,2026-06-24T11:00:00,30,40,40,0,In salon,FALSE
A01006,C0047,Matthew,SV03,22/6/2026,2026-06-23T11:45:00,2026-06-23T12:45:00,2026-05-25T09:45:00,completed,,2026-06-23T12:45:00,60,100,100,0,In salon,FALSE
A01007,C0476,Matthew,SV06,22/6/2026,2026-06-26T09:00:00,2026-06-26T12:00:00,2026-06-07T09:00:00,completed,,2026-06-26T12:00:00,180,390,390,0,In salon,TRUE
A01008,C0334,Sam,SV03,22/6/2026,2026-06-23T09:45:00,2026-06-23T10:45:00,2026-05-31T06:45:00,completed,,2026-06-23T10:45:00,60,100,100,0,Phone,FALSE
A01009,C0240,Sarah,SV04,22/6/2026,2026-06-23T14:00:00,2026-06-23T16:00:00,2026-05-19T07:00:00,completed,,2026-06-23T16:00:00,120,240,240,0,Online,FALSE
A01010,C0477,Matthew,SV04,22/6/2026,2026-06-23T12:45:00,2026-06-23T14:45:00,2026-05-24T10:45:00,completed,,2026-06-23T14:45:00,120,240,240,0,Online,TRUE
A01011,C0324,Sarah,SV01,22/6/2026,2026-06-24T11:00:00,2026-06-24T11:30:00,2026-05-25T05:00:00,completed,,2026-06-24T11:30:00,30,40,40,0,Online,FALSE
A01012,C0027,Sam,SV05,22/6/2026,2026-06-22T14:30:00,2026-06-22T17:00:00,2026-05-29T14:30:00,completed,,2026-06-22T17:00:00,150,325,325,0,In salon,FALSE
A01013,C0125,Sarah,SV01,22/6/2026,2026-06-24T11:30:00,2026-06-24T12:00:00,2026-06-01T03:30:00,completed,,2026-06-24T12:00:00,30,40,40,0,Online,FALSE
A01014,C0327,Sarah,SV02,22/6/2026,2026-06-23T12:30:00,2026-06-23T13:15:00,2026-06-10T08:30:00,completed,,2026-06-23T13:15:00,45,60,60,0,Phone,FALSE
A01015,C0164,Sarah,SV01,22/6/2026,2026-06-23T11:15:00,2026-06-23T11:45:00,2026-06-10T12:00:00,cancelled,2026-06-14T12:00:00,,30,40,0,0,In salon,FALSE
A01016,C0473,Sarah,SV03,22/6/2026,2026-06-23T16:00:00,2026-06-23T17:00:00,2026-06-10T12:00:00,cancelled,2026-06-14T12:00:00,,60,100,0,0,Online,TRUE
A01017,C0056,Matthew,SV01,22/6/2026,2026-06-24T15:00:00,2026-06-24T15:30:00,2026-06-10T12:00:00,cancelled,2026-06-14T12:00:00,,30,40,0,0,In salon,FALSE
A01018,C0229,Sam,SV01,29/6/2026,2026-06-30T09:30:00,2026-06-30T10:00:00,2026-06-04T08:30:00,completed,,2026-06-30T10:00:00,30,40,40,0,Online,FALSE
A01019,C0302,Sam,SV04,29/6/2026,2026-06-29T09:00:00,2026-06-29T11:00:00,2026-06-11T04:00:00,completed,,2026-06-29T11:00:00,120,240,240,0,Phone,FALSE
A01020,C0478,Sam,SV01,29/6/2026,2026-06-30T10:00:00,2026-06-30T10:30:00,2026-05-26T03:00:00,completed,,2026-06-30T10:30:00,30,40,40,0,In salon,TRUE
A01021,C0479,Sam,SV01,29/6/2026,2026-06-30T15:15:00,2026-06-30T15:45:00,2026-06-22T11:15:00,completed,,2026-06-30T15:45:00,30,40,40,0,Online,TRUE
A01022,C0328,Matthew,SV03,29/6/2026,2026-06-29T11:00:00,2026-06-29T12:00:00,2026-06-04T05:00:00,completed,,2026-06-29T12:00:00,60,100,100,0,Online,FALSE
A01023,C0106,Matthew,SV01,29/6/2026,2026-06-30T09:45:00,2026-06-30T10:15:00,2026-06-22T05:45:00,completed,,2026-06-30T10:15:00,30,40,40,0,Online,FALSE
A01024,C0236,Sarah,SV04,29/6/2026,2026-06-29T15:00:00,2026-06-29T17:00:00,2026-05-30T12:00:00,completed,,2026-06-29T17:00:00,120,240,240,0,Online,FALSE
A01025,C0480,Matthew,SV04,29/6/2026,2026-06-29T12:30:00,2026-06-29T14:30:00,2026-05-26T08:30:00,completed,,2026-06-29T14:30:00,120,240,240,0,In salon,TRUE
A01026,C0176,Sarah,SV04,29/6/2026,2026-06-30T11:00:00,2026-06-30T13:00:00,2026-05-31T09:00:00,completed,,2026-06-30T13:00:00,120,240,240,0,Phone,FALSE
A01027,C0153,Sam,SV03,29/6/2026,2026-06-29T13:30:00,2026-06-29T14:30:00,2026-06-04T12:30:00,completed,,2026-06-29T14:30:00,60,100,100,0,Online,FALSE
A01028,C0331,Matthew,SV02,29/6/2026,2026-06-30T15:30:00,2026-06-30T16:15:00,2026-06-10T12:30:00,completed,,2026-06-30T16:15:00,45,60,60,0,In salon,FALSE
A01029,C0140,Sam,SV04,29/6/2026,2026-06-30T10:30:00,2026-06-30T12:30:00,2026-06-06T05:30:00,completed,,2026-06-30T12:30:00,120,240,240,0,In salon,FALSE
A01030,C0251,Matthew,SV01,29/6/2026,2026-06-30T09:15:00,2026-06-30T09:45:00,2026-06-18T09:15:00,completed,,2026-06-30T09:45:00,30,40,40,0,Phone,FALSE
A01031,C0354,Matthew,SV01,29/6/2026,2026-06-30T14:30:00,2026-06-30T15:00:00,2026-06-22T14:30:00,completed,,2026-06-30T15:00:00,30,40,40,0,Online,FALSE
A01032,C0330,Matthew,SV05,29/6/2026,2026-06-29T14:30:00,2026-06-29T17:00:00,2026-06-07T14:30:00,completed,,2026-06-29T17:00:00,150,325,325,0,In salon,FALSE
A01033,C0049,Matthew,SV02,29/6/2026,2026-06-30T13:45:00,2026-06-30T14:30:00,2026-06-06T13:45:00,completed,,2026-06-30T14:30:00,45,60,60,0,Phone,FALSE
A01034,C0068,Sarah,SV01,29/6/2026,2026-06-30T10:00:00,2026-06-30T10:30:00,2026-06-02T02:00:00,completed,,2026-06-30T10:30:00,30,40,40,0,Online,FALSE
A01035,C0054,Sam,SV06,29/6/2026,2026-07-03T12:00:00,2026-07-03T15:00:00,2026-06-10T06:00:00,completed,,2026-07-03T15:00:00,180,390,390,0,Phone,FALSE
A01036,C0137,Sarah,SV01,29/6/2026,2026-06-30T13:30:00,2026-06-30T14:00:00,2026-06-14T11:30:00,completed,,2026-06-30T14:00:00,30,40,40,0,Online,FALSE
A01037,C0481,Matthew,SV01,29/6/2026,2026-06-30T15:00:00,2026-06-30T15:30:00,2026-06-02T15:00:00,completed,,2026-06-30T15:30:00,30,40,40,0,In salon,TRUE
A01038,C0114,Sam,SV01,29/6/2026,2026-06-30T14:15:00,2026-06-30T14:45:00,2026-06-13T06:15:00,completed,,2026-06-30T14:45:00,30,40,40,0,Online,FALSE
A01039,C0069,Sarah,SV01,29/6/2026,2026-06-30T14:00:00,2026-06-30T14:30:00,2026-06-16T13:00:00,completed,,2026-06-30T14:30:00,30,40,40,0,Online,FALSE
A01040,C0044,Sarah,SV01,29/6/2026,2026-07-03T09:00:00,2026-07-03T09:30:00,2026-06-17T05:00:00,completed,,2026-07-03T09:30:00,30,40,40,0,In salon,FALSE
A01041,C0482,Matthew,SV04,29/6/2026,2026-06-29T09:00:00,2026-06-29T11:00:00,2026-06-18T07:00:00,completed,,2026-06-29T11:00:00,120,240,240,0,Phone,TRUE
A01042,C0483,Matthew,SV06,29/6/2026,2026-07-03T09:00:00,2026-07-03T12:00:00,2026-06-01T08:00:00,completed,,2026-07-03T12:00:00,180,390,390,0,Online,TRUE
A01043,C0484,Sam,SV01,29/6/2026,2026-06-29T13:00:00,2026-06-29T13:30:00,2026-06-04T06:00:00,completed,,2026-06-29T13:30:00,30,40,40,0,Online,TRUE
A01044,C0485,Sarah,SV03,29/6/2026,2026-06-30T09:00:00,2026-06-30T10:00:00,2026-06-19T02:00:00,completed,,2026-06-30T10:00:00,60,100,100,0,Phone,TRUE
A01045,C0486,Matthew,SV01,29/6/2026,2026-06-30T10:15:00,2026-06-30T10:45:00,2026-06-21T07:15:00,completed,,2026-06-30T10:45:00,30,40,40,0,Phone,TRUE
A01046,C0097,Sarah,SV01,29/6/2026,2026-06-30T14:30:00,2026-06-30T15:00:00,2026-06-22T10:30:00,completed,,2026-06-30T15:00:00,30,40,40,0,Phone,FALSE
A01047,C0122,Matthew,SV04,29/6/2026,2026-06-30T10:45:00,2026-06-30T12:45:00,2026-06-19T08:45:00,completed,,2026-06-30T12:45:00,120,240,240,0,In salon,FALSE
A01048,C0487,Sam,SV02,29/6/2026,2026-06-30T16:15:00,2026-06-30T17:00:00,2026-06-12T12:15:00,completed,,2026-06-30T17:00:00,45,60,60,0,Phone,TRUE
A01049,C0326,Sarah,SV03,29/6/2026,2026-06-29T14:00:00,2026-06-29T15:00:00,2026-06-14T12:00:00,completed,,2026-06-29T15:00:00,60,100,100,0,Phone,FALSE
A01050,C0088,Sarah,SV06,29/6/2026,2026-07-03T12:00:00,2026-07-03T15:00:00,2026-06-10T09:00:00,completed,,2026-07-03T15:00:00,180,390,390,0,Online,FALSE
A01051,C0342,Sam,SV01,29/6/2026,2026-06-30T09:00:00,2026-06-30T09:30:00,2026-06-07T07:00:00,completed,,2026-06-30T09:30:00,30,40,40,0,Phone,FALSE
A01052,C0219,Sarah,SV05,29/6/2026,2026-06-29T11:30:00,2026-06-29T14:00:00,2026-06-17T05:30:00,completed,,2026-06-29T14:00:00,150,325,325,0,Phone,FALSE
A01053,C0230,Sarah,SV01,29/6/2026,2026-06-30T15:00:00,2026-06-30T15:30:00,2026-06-18T08:00:00,completed,,2026-06-30T15:30:00,30,40,40,0,Online,FALSE
A01054,C0250,Sam,SV05,29/6/2026,2026-06-29T14:30:00,2026-06-29T17:00:00,2026-06-03T14:30:00,completed,,2026-06-29T17:00:00,150,325,325,0,Phone,FALSE
A01055,C0058,Matthew,SV06,29/6/2026,2026-07-03T12:00:00,2026-07-03T15:00:00,2026-06-03T07:00:00,completed,,2026-07-03T15:00:00,180,390,390,0,In salon,FALSE
A01056,C0488,Sarah,SV01,29/6/2026,2026-06-30T13:00:00,2026-06-30T13:30:00,2026-06-14T11:00:00,completed,,2026-06-30T13:30:00,30,40,40,0,Online,TRUE
A01057,C0489,Matthew,SV02,29/6/2026,2026-06-30T16:15:00,2026-06-30T17:00:00,2026-06-11T16:15:00,completed,,2026-06-30T17:00:00,45,60,60,0,In salon,TRUE
A01058,C0222,Matthew,SV01,29/6/2026,2026-06-29T12:00:00,2026-06-29T12:30:00,2026-06-12T05:00:00,completed,,2026-06-29T12:30:00,30,40,40,0,Phone,FALSE
A01059,C0025,Matthew,SV03,29/6/2026,2026-06-30T12:45:00,2026-06-30T13:45:00,2026-06-01T05:45:00,completed,,2026-06-30T13:45:00,60,100,100,0,Online,FALSE
A01060,C0123,Sam,SV03,29/6/2026,2026-06-30T13:15:00,2026-06-30T14:15:00,2026-06-22T12:15:00,completed,,2026-06-30T14:15:00,60,100,100,0,Online,FALSE
A01061,C0490,Sarah,SV01,29/6/2026,2026-06-30T10:30:00,2026-06-30T11:00:00,2026-06-09T08:30:00,completed,,2026-06-30T11:00:00,30,40,40,0,In salon,TRUE
A01062,C0338,Sarah,SV05,29/6/2026,2026-07-03T09:30:00,2026-07-03T12:00:00,2026-06-07T01:30:00,completed,,2026-07-03T12:00:00,150,325,325,0,Phone,FALSE
A01063,C0117,Sarah,SV02,29/6/2026,2026-06-30T15:30:00,2026-06-30T16:15:00,2026-06-17T11:30:00,completed,,2026-06-30T16:15:00,45,60,60,0,Online,FALSE
A01064,C0491,Sam,SV01,29/6/2026,2026-06-30T15:45:00,2026-06-30T16:15:00,2026-05-27T10:45:00,completed,,2026-06-30T16:15:00,30,40,40,0,In salon,TRUE
A01065,C0492,Sam,SV04,29/6/2026,2026-06-29T11:00:00,2026-06-29T13:00:00,2026-06-18T11:00:00,completed,,2026-06-29T13:00:00,120,240,240,0,Online,TRUE
A01066,C0197,Sarah,SV05,29/6/2026,2026-06-29T09:00:00,2026-06-29T11:30:00,2026-06-15T07:00:00,completed,,2026-06-29T11:30:00,150,325,325,0,Online,FALSE
A01067,C0239,Sam,SV01,29/6/2026,2026-06-30T14:45:00,2026-06-30T15:15:00,2026-06-14T07:45:00,completed,,2026-06-30T15:15:00,30,40,40,0,In salon,FALSE
A01068,C0493,Sam,SV06,29/6/2026,2026-07-03T09:00:00,2026-07-03T12:00:00,2026-06-06T05:00:00,completed,,2026-07-03T12:00:00,180,390,390,0,In salon,TRUE
A01069,C0315,Sam,SV02,29/6/2026,2026-06-30T12:30:00,2026-06-30T13:15:00,2026-05-28T08:30:00,completed,,2026-06-30T13:15:00,45,60,60,0,In salon,FALSE
A01070,C0347,Sarah,SV02,29/6/2026,2026-06-30T16:15:00,2026-06-30T17:00:00,2026-05-29T09:15:00,completed,,2026-06-30T17:00:00,45,60,60,0,Online,FALSE
A01071,C0222,Matthew,SV01,29/6/2026,2026-06-29T12:00:00,2026-06-29T12:30:00,2026-06-17T12:00:00,cancelled,2026-06-21T12:00:00,,30,40,0,0,Phone,FALSE
A01072,C0098,Matthew,SV01,6/7/2026,2026-07-06T14:30:00,2026-07-06T15:00:00,2026-06-14T09:30:00,completed,,2026-07-06T15:00:00,30,40,40,0,Phone,FALSE
A01073,C0346,Sarah,SV01,6/7/2026,2026-07-10T09:00:00,2026-07-10T09:30:00,2026-06-21T07:00:00,completed,,2026-07-10T09:30:00,30,40,40,0,Online,FALSE
A01074,C0182,Matthew,SV04,6/7/2026,2026-07-06T15:00:00,2026-07-06T17:00:00,2026-06-03T14:00:00,completed,,2026-07-06T17:00:00,120,240,240,0,Phone,FALSE
A01075,C0048,Matthew,SV06,6/7/2026,2026-07-10T12:00:00,2026-07-10T15:00:00,2026-06-06T05:00:00,completed,,2026-07-10T15:00:00,180,390,390,0,Phone,FALSE
A01076,C0494,Sam,SV04,6/7/2026,2026-07-07T09:00:00,2026-07-07T11:00:00,2026-06-13T02:00:00,completed,,2026-07-07T11:00:00,120,240,240,0,Online,TRUE
A01077,C0055,Sam,SV01,6/7/2026,2026-07-07T14:00:00,2026-07-07T14:30:00,2026-06-28T12:00:00,completed,,2026-07-07T14:30:00,30,40,40,0,In salon,FALSE
A01078,C0495,Sarah,SV03,6/7/2026,2026-07-07T15:15:00,2026-07-07T16:15:00,2026-06-21T11:15:00,completed,,2026-07-07T16:15:00,60,100,100,0,Online,TRUE
A01079,C0360,Matthew,SV05,6/7/2026,2026-07-06T12:00:00,2026-07-06T14:30:00,2026-06-20T12:00:00,completed,,2026-07-06T14:30:00,150,325,325,0,Online,FALSE
A01080,C0496,Sam,SV01,6/7/2026,2026-07-07T16:00:00,2026-07-07T16:30:00,2026-06-19T11:00:00,completed,,2026-07-07T16:30:00,30,40,40,0,Online,TRUE
A01081,C0253,Sam,SV05,6/7/2026,2026-07-06T09:00:00,2026-07-06T11:30:00,2026-06-04T02:00:00,completed,,2026-07-06T11:30:00,150,325,325,0,Online,FALSE
A01082,C0353,Sarah,SV05,6/7/2026,2026-07-06T13:30:00,2026-07-06T16:00:00,2026-06-22T12:30:00,completed,,2026-07-06T16:00:00,150,325,325,0,Phone,FALSE
A01083,C0497,Sarah,SV04,6/7/2026,2026-07-07T09:45:00,2026-07-07T11:45:00,2026-06-17T05:45:00,completed,,2026-07-07T11:45:00,120,240,240,0,In salon,TRUE
A01084,C0231,Sarah,SV01,6/7/2026,2026-07-08T13:15:00,2026-07-08T13:45:00,2026-06-10T09:15:00,completed,,2026-07-08T13:45:00,30,40,40,0,Phone,FALSE
A01085,C0498,Sam,SV03,6/7/2026,2026-07-06T11:30:00,2026-07-06T12:30:00,2026-06-27T10:30:00,completed,,2026-07-06T12:30:00,60,100,100,0,In salon,TRUE
A01086,C0356,Sam,SV01,6/7/2026,2026-07-07T16:30:00,2026-07-07T17:00:00,2026-06-03T10:30:00,completed,,2026-07-07T17:00:00,30,40,40,0,In salon,FALSE
A01087,C0359,Matthew,SV04,6/7/2026,2026-07-07T10:00:00,2026-07-07T12:00:00,2026-06-23T09:00:00,completed,,2026-07-07T12:00:00,120,240,240,0,Online,FALSE
A01088,C0256,Sarah,SV06,6/7/2026,2026-07-10T12:00:00,2026-07-10T15:00:00,2026-06-15T07:00:00,completed,,2026-07-10T15:00:00,180,390,390,0,Online,FALSE
A01089,C0350,Matthew,SV01,6/7/2026,2026-07-07T12:00:00,2026-07-07T12:30:00,2026-06-19T04:00:00,completed,,2026-07-07T12:30:00,30,40,40,0,Online,FALSE
A01090,C0499,Sam,SV02,6/7/2026,2026-07-07T14:30:00,2026-07-07T15:15:00,2026-06-25T08:30:00,completed,,2026-07-07T15:15:00,45,60,60,0,Online,TRUE
A01091,C0500,Matthew,SV01,6/7/2026,2026-07-08T15:15:00,2026-07-08T15:45:00,2026-06-21T08:15:00,completed,,2026-07-08T15:45:00,30,40,40,0,Online,TRUE
A01092,C0501,Sam,SV06,6/7/2026,2026-07-10T09:00:00,2026-07-10T12:00:00,2026-06-19T04:00:00,completed,,2026-07-10T12:00:00,180,390,390,0,Phone,TRUE
A01093,C0193,Sarah,SV02,6/7/2026,2026-07-07T12:45:00,2026-07-07T13:30:00,2026-06-27T10:45:00,completed,,2026-07-07T13:30:00,45,60,60,0,Phone,FALSE
A01094,C0502,Sam,SV01,6/7/2026,2026-07-08T11:15:00,2026-07-08T11:45:00,2026-06-15T08:15:00,completed,,2026-07-08T11:45:00,30,40,40,0,In salon,TRUE
A01095,C0107,Sarah,SV04,6/7/2026,2026-07-06T09:00:00,2026-07-06T11:00:00,2026-06-13T03:00:00,completed,,2026-07-06T11:00:00,120,240,240,0,Phone,FALSE
A01096,C0102,Sam,SV01,6/7/2026,2026-07-08T10:45:00,2026-07-08T11:15:00,2026-06-27T10:45:00,completed,,2026-07-08T11:15:00,30,40,40,0,Online,FALSE
A01097,C0503,Sam,SV01,6/7/2026,2026-07-07T11:00:00,2026-07-07T11:30:00,2026-06-21T07:00:00,completed,,2026-07-07T11:30:00,30,40,40,0,Phone,TRUE
A01098,C0259,Matthew,SV01,6/7/2026,2026-07-08T15:45:00,2026-07-08T16:15:00,2026-06-13T08:45:00,completed,,2026-07-08T16:15:00,30,40,40,0,Phone,FALSE
A01099,C0357,Sam,SV05,6/7/2026,2026-07-06T14:30:00,2026-07-06T17:00:00,2026-06-22T12:30:00,completed,,2026-07-06T17:00:00,150,325,325,0,Online,FALSE
A01100,C0349,Sarah,SV03,6/7/2026,2026-07-07T14:15:00,2026-07-07T15:15:00,2026-06-02T09:15:00,completed,,2026-07-07T15:15:00,60,100,100,0,Online,FALSE
A01101,C0504,Matthew,SV02,6/7/2026,2026-07-07T09:15:00,2026-07-07T10:00:00,2026-06-24T06:15:00,completed,,2026-07-07T10:00:00,45,60,60,0,In salon,TRUE
A01102,C0505,Matthew,SV04,6/7/2026,2026-07-07T15:00:00,2026-07-07T17:00:00,2026-06-27T12:00:00,completed,,2026-07-07T17:00:00,120,240,240,0,In salon,TRUE
A01103,C0156,Matthew,SV01,6/7/2026,2026-07-07T14:30:00,2026-07-07T15:00:00,2026-06-09T06:30:00,completed,,2026-07-07T15:00:00,30,40,40,0,In salon,FALSE
A01104,C0146,Sam,SV03,6/7/2026,2026-07-07T11:30:00,2026-07-07T12:30:00,2026-06-26T03:30:00,completed,,2026-07-07T12:30:00,60,100,100,0,Online,FALSE
A01105,C0070,Sarah,SV01,6/7/2026,2026-07-08T14:15:00,2026-07-08T14:45:00,2026-06-16T08:15:00,completed,,2026-07-08T14:45:00,30,40,40,0,Phone,FALSE
A01106,C0074,Matthew,SV01,6/7/2026,2026-07-07T14:00:00,2026-07-07T14:30:00,2026-06-09T12:00:00,completed,,2026-07-07T14:30:00,30,40,40,0,Online,FALSE
A01107,C0051,Sam,SV04,6/7/2026,2026-07-06T12:30:00,2026-07-06T14:30:00,2026-06-04T11:30:00,completed,,2026-07-06T14:30:00,120,240,240,0,Phone,FALSE
A01108,C0062,Sarah,SV01,6/7/2026,2026-07-07T11:45:00,2026-07-07T12:15:00,2026-06-07T10:45:00,completed,,2026-07-07T12:15:00,30,40,40,0,In salon,FALSE
A01109,C0075,Matthew,SV02,6/7/2026,2026-07-07T13:15:00,2026-07-07T14:00:00,2026-06-14T08:15:00,completed,,2026-07-07T14:00:00,45,60,60,0,In salon,FALSE
A01110,C0158,Sam,SV01,6/7/2026,2026-07-07T12:30:00,2026-07-07T13:00:00,2026-06-13T08:30:00,completed,,2026-07-07T13:00:00,30,40,40,0,Phone,FALSE
A01111,C0181,Matthew,SV01,6/7/2026,2026-07-08T14:45:00,2026-07-08T15:15:00,2026-06-22T11:45:00,completed,,2026-07-08T15:15:00,30,40,40,0,Phone,FALSE
A01112,C0245,Sam,SV06,6/7/2026,2026-07-10T12:00:00,2026-07-10T15:00:00,2026-06-09T09:00:00,completed,,2026-07-10T15:00:00,180,390,390,0,In salon,FALSE
A01113,C0351,Sarah,SV01,6/7/2026,2026-07-07T09:15:00,2026-07-07T09:45:00,2026-06-17T06:15:00,completed,,2026-07-07T09:45:00,30,40,40,0,Phone,FALSE
A01114,C0066,Sarah,SV03,6/7/2026,2026-07-06T16:00:00,2026-07-06T17:00:00,2026-06-02T12:00:00,completed,,2026-07-06T17:00:00,60,100,100,0,Phone,FALSE
A01115,C0186,Sarah,SV01,6/7/2026,2026-07-08T13:45:00,2026-07-08T14:15:00,2026-06-16T10:45:00,completed,,2026-07-08T14:15:00,30,40,40,0,Online,FALSE
A01116,C0340,Sarah,SV05,6/7/2026,2026-07-06T11:00:00,2026-07-06T13:30:00,2026-06-18T07:00:00,completed,,2026-07-06T13:30:00,150,325,325,0,Phone,FALSE
A01117,C0343,Sam,SV01,6/7/2026,2026-07-08T11:45:00,2026-07-08T12:15:00,2026-06-20T03:45:00,completed,,2026-07-08T12:15:00,30,40,40,0,In salon,FALSE
A01118,C0358,Sarah,SV02,6/7/2026,2026-07-07T16:15:00,2026-07-07T17:00:00,2026-06-17T10:15:00,completed,,2026-07-07T17:00:00,45,60,60,0,Phone,FALSE
A01119,C0506,Sarah,SV02,6/7/2026,2026-07-07T13:30:00,2026-07-07T14:15:00,2026-06-25T05:30:00,completed,,2026-07-07T14:15:00,45,60,60,0,In salon,TRUE
A01120,C0077,Sam,SV03,6/7/2026,2026-07-07T13:00:00,2026-07-07T14:00:00,2026-06-19T09:00:00,completed,,2026-07-07T14:00:00,60,100,100,0,Online,FALSE
A01121,C0507,Sarah,SV01,6/7/2026,2026-07-07T12:15:00,2026-07-07T12:45:00,2026-06-25T07:15:00,completed,,2026-07-07T12:45:00,30,40,40,0,Phone,TRUE
A01122,C0141,Sam,SV02,6/7/2026,2026-07-07T15:15:00,2026-07-07T16:00:00,2026-06-07T10:15:00,completed,,2026-07-07T16:00:00,45,60,60,0,Online,FALSE
A01123,C0508,Matthew,SV02,6/7/2026,2026-07-07T12:30:00,2026-07-07T13:15:00,2026-06-19T10:30:00,completed,,2026-07-07T13:15:00,45,60,60,0,Online,TRUE
A01124,C0257,Matthew,SV04,6/7/2026,2026-07-06T10:00:00,2026-07-06T12:00:00,2026-06-28T06:00:00,completed,,2026-07-06T12:00:00,120,240,240,0,In salon,FALSE
A01125,C0509,Sarah,SV05,6/7/2026,2026-07-10T09:30:00,2026-07-10T12:00:00,2026-06-14T04:30:00,completed,,2026-07-10T12:00:00,150,325,325,0,Phone,TRUE
A01126,C0348,Matthew,SV03,6/7/2026,2026-07-06T09:00:00,2026-07-06T10:00:00,2026-06-27T07:00:00,completed,,2026-07-06T10:00:00,60,100,100,0,In salon,FALSE
A01127,C0510,Matthew,SV06,6/7/2026,2026-07-10T09:00:00,2026-07-10T12:00:00,2026-06-18T07:00:00,completed,,2026-07-10T12:00:00,180,390,390,0,In salon,TRUE
A01128,C0494,Sam,SV04,6/7/2026,2026-07-07T09:00:00,2026-07-07T11:00:00,2026-06-24T12:00:00,cancelled,2026-06-28T12:00:00,,120,240,0,0,Online,TRUE
A01129,C0352,Matthew,SV01,13/7/2026,2026-07-15T14:15:00,2026-07-15T14:45:00,2026-06-22T10:15:00,completed,,2026-07-15T14:45:00,30,40,40,0,In salon,FALSE
A01130,C0072,Matthew,SV06,13/7/2026,2026-07-17T09:00:00,2026-07-17T12:00:00,2026-07-03T04:00:00,completed,,2026-07-17T12:00:00,180,390,390,0,Online,FALSE
A01131,C0100,Matthew,SV01,13/7/2026,2026-07-15T16:30:00,2026-07-15T17:00:00,2026-06-29T16:30:00,completed,,2026-07-15T17:00:00,30,40,40,0,Online,FALSE
A01132,C0511,Sam,SV03,13/7/2026,2026-07-14T10:00:00,2026-07-14T11:00:00,2026-06-10T04:00:00,completed,,2026-07-14T11:00:00,60,100,100,0,Online,TRUE
A01133,C0345,Sarah,SV05,13/7/2026,2026-07-13T09:00:00,2026-07-13T11:30:00,2026-07-01T07:00:00,completed,,2026-07-13T11:30:00,150,325,325,0,Phone,FALSE
A01134,C0085,Sarah,SV03,13/7/2026,2026-07-13T16:00:00,2026-07-13T17:00:00,2026-06-20T12:00:00,completed,,2026-07-13T17:00:00,60,100,100,0,Online,FALSE
A01135,C0112,Matthew,SV03,13/7/2026,2026-07-14T11:00:00,2026-07-14T12:00:00,2026-06-16T11:00:00,completed,,2026-07-14T12:00:00,60,100,100,0,Online,FALSE
A01136,C0344,Sarah,SV03,13/7/2026,2026-07-14T16:00:00,2026-07-14T17:00:00,2026-06-23T09:00:00,completed,,2026-07-14T17:00:00,60,100,100,0,Phone,FALSE
A01137,C0248,Sam,SV02,13/7/2026,2026-07-15T11:15:00,2026-07-15T12:00:00,2026-06-30T07:15:00,completed,,2026-07-15T12:00:00,45,60,60,0,In salon,FALSE
A01138,C0512,Sarah,SV04,13/7/2026,2026-07-14T14:00:00,2026-07-14T16:00:00,2026-06-11T08:00:00,completed,,2026-07-14T16:00:00,120,240,240,0,Online,TRUE
A01139,C0052,Sam,SV01,13/7/2026,2026-07-14T15:45:00,2026-07-14T16:15:00,2026-07-04T09:45:00,completed,,2026-07-14T16:15:00,30,40,40,0,Phone,FALSE
A01140,C0057,Sam,SV04,13/7/2026,2026-07-14T13:45:00,2026-07-14T15:45:00,2026-06-12T11:45:00,completed,,2026-07-14T15:45:00,120,240,240,0,In salon,FALSE
A01141,C0242,Sarah,SV02,13/7/2026,2026-07-14T09:00:00,2026-07-14T09:45:00,2026-07-06T04:00:00,completed,,2026-07-14T09:45:00,45,60,60,0,In salon,FALSE
A01142,C0076,Sarah,SV02,13/7/2026,2026-07-14T10:45:00,2026-07-14T11:30:00,2026-06-20T03:45:00,completed,,2026-07-14T11:30:00,45,60,60,0,Phone,FALSE
A01143,C0168,Sarah,SV01,13/7/2026,2026-07-15T12:15:00,2026-07-15T12:45:00,2026-06-18T10:15:00,completed,,2026-07-15T12:45:00,30,40,40,0,In salon,FALSE
A01144,C0513,Sam,SV05,13/7/2026,2026-07-13T09:00:00,2026-07-13T11:30:00,2026-06-23T08:00:00,completed,,2026-07-13T11:30:00,150,325,325,0,Phone,TRUE
A01145,C0116,Matthew,SV04,13/7/2026,2026-07-13T14:00:00,2026-07-13T16:00:00,2026-06-15T08:00:00,completed,,2026-07-13T16:00:00,120,240,240,0,Phone,FALSE
A01146,C0514,Sarah,SV01,13/7/2026,2026-07-15T14:45:00,2026-07-15T15:15:00,2026-07-06T07:45:00,completed,,2026-07-15T15:15:00,30,40,40,0,In salon,TRUE
A01147,C0042,Matthew,SV05,13/7/2026,2026-07-13T09:00:00,2026-07-13T11:30:00,2026-06-09T06:00:00,completed,,2026-07-13T11:30:00,150,325,325,0,Phone,FALSE
A01148,C0365,Sam,SV01,13/7/2026,2026-07-15T10:45:00,2026-07-15T11:15:00,2026-07-03T04:45:00,completed,,2026-07-15T11:15:00,30,40,40,0,Online,FALSE
A01149,C0228,Sarah,SV01,13/7/2026,2026-07-15T11:45:00,2026-07-15T12:15:00,2026-06-18T11:45:00,completed,,2026-07-15T12:15:00,30,40,40,0,Phone,FALSE
A01150,C0515,Sarah,SV01,13/7/2026,2026-07-15T13:45:00,2026-07-15T14:15:00,2026-07-02T11:45:00,completed,,2026-07-15T14:15:00,30,40,40,0,Online,TRUE
A01151,C0249,Sarah,SV06,13/7/2026,2026-07-17T09:00:00,2026-07-17T12:00:00,2026-06-15T07:00:00,completed,,2026-07-17T12:00:00,180,390,390,0,In salon,FALSE
A01152,C0187,Matthew,SV03,13/7/2026,2026-07-14T16:00:00,2026-07-14T17:00:00,2026-06-09T08:00:00,completed,,2026-07-14T17:00:00,60,100,100,0,In salon,FALSE
A01153,C0199,Sam,SV01,13/7/2026,2026-07-15T14:45:00,2026-07-15T15:15:00,2026-06-25T13:45:00,completed,,2026-07-15T15:15:00,30,40,40,0,In salon,FALSE
A01154,C0142,Sarah,SV04,13/7/2026,2026-07-13T14:00:00,2026-07-13T16:00:00,2026-06-16T12:00:00,completed,,2026-07-13T16:00:00,120,240,240,0,In salon,FALSE
A01155,C0370,Matthew,SV02,13/7/2026,2026-07-15T15:15:00,2026-07-15T16:00:00,2026-06-24T09:15:00,completed,,2026-07-15T16:00:00,45,60,60,0,Phone,FALSE
A01156,C0516,Sam,SV05,13/7/2026,2026-07-13T14:30:00,2026-07-13T17:00:00,2026-06-13T11:30:00,completed,,2026-07-13T17:00:00,150,325,325,0,In salon,TRUE
A01157,C0084,Matthew,SV04,13/7/2026,2026-07-14T14:00:00,2026-07-14T16:00:00,2026-06-18T07:00:00,completed,,2026-07-14T16:00:00,120,240,240,0,In salon,FALSE
A01158,C0246,Sam,SV02,13/7/2026,2026-07-14T16:15:00,2026-07-14T17:00:00,2026-06-22T15:15:00,completed,,2026-07-14T17:00:00,45,60,60,0,Online,FALSE
A01159,C0517,Sam,SV02,13/7/2026,2026-07-14T11:00:00,2026-07-14T11:45:00,2026-06-10T04:00:00,completed,,2026-07-14T11:45:00,45,60,60,0,Online,TRUE
A01160,C0518,Sarah,SV01,13/7/2026,2026-07-15T13:15:00,2026-07-15T13:45:00,2026-07-07T06:15:00,completed,,2026-07-15T13:45:00,30,40,40,0,Phone,TRUE
A01161,C0519,Matthew,SV01,13/7/2026,2026-07-17T12:00:00,2026-07-17T12:30:00,2026-07-03T11:00:00,completed,,2026-07-17T12:30:00,30,40,40,0,Online,TRUE
A01162,C0196,Sarah,SV01,13/7/2026,2026-07-15T16:00:00,2026-07-15T16:30:00,2026-06-25T12:00:00,completed,,2026-07-15T16:30:00,30,40,40,0,In salon,FALSE
A01163,C0520,Sam,SV04,13/7/2026,2026-07-13T12:30:00,2026-07-13T14:30:00,2026-06-09T10:30:00,completed,,2026-07-13T14:30:00,120,240,240,0,Online,TRUE
A01164,C0118,Sam,SV03,13/7/2026,2026-07-13T11:30:00,2026-07-13T12:30:00,2026-06-21T07:30:00,completed,,2026-07-13T12:30:00,60,100,100,0,Online,FALSE
A01165,C0521,Matthew,SV02,13/7/2026,2026-07-15T12:30:00,2026-07-15T13:15:00,2026-07-05T12:30:00,completed,,2026-07-15T13:15:00,45,60,60,0,Phone,TRUE
A01166,C0029,Matthew,SV01,13/7/2026,2026-07-15T14:45:00,2026-07-15T15:15:00,2026-06-29T06:45:00,completed,,2026-07-15T15:15:00,30,40,40,0,Phone,FALSE
A01167,C0279,Matthew,SV05,13/7/2026,2026-07-13T11:30:00,2026-07-13T14:00:00,2026-07-04T07:30:00,completed,,2026-07-13T14:00:00,150,325,325,0,Online,FALSE
A01168,C0152,Matthew,SV04,13/7/2026,2026-07-14T09:00:00,2026-07-14T11:00:00,2026-06-20T05:00:00,completed,,2026-07-14T11:00:00,120,240,240,0,Online,FALSE
A01169,C0046,Sarah,SV04,13/7/2026,2026-07-14T11:30:00,2026-07-14T13:30:00,2026-06-12T04:30:00,completed,,2026-07-14T13:30:00,120,240,240,0,In salon,FALSE
A01170,C0522,Sarah,SV05,13/7/2026,2026-07-13T11:30:00,2026-07-13T14:00:00,2026-06-12T07:30:00,completed,,2026-07-13T14:00:00,150,325,325,0,Online,TRUE
A01171,C0216,Matthew,SV01,13/7/2026,2026-07-14T13:30:00,2026-07-14T14:00:00,2026-06-18T09:30:00,completed,,2026-07-14T14:00:00,30,40,40,0,Phone,FALSE
A01172,C0264,Sam,SV01,13/7/2026,2026-07-15T13:15:00,2026-07-15T13:45:00,2026-06-22T08:15:00,completed,,2026-07-15T13:45:00,30,40,40,0,Online,FALSE
A01173,C0260,Matthew,SV05,13/7/2026,2026-07-17T12:30:00,2026-07-17T15:00:00,2026-07-03T08:30:00,completed,,2026-07-17T15:00:00,150,325,325,0,Online,FALSE
A01174,C0373,Sarah,SV01,13/7/2026,2026-07-15T14:15:00,2026-07-15T14:45:00,2026-07-03T14:15:00,completed,,2026-07-15T14:45:00,30,40,40,0,In salon,FALSE
A01175,C0094,Sam,SV01,13/7/2026,2026-07-15T14:15:00,2026-07-15T14:45:00,2026-06-30T10:15:00,completed,,2026-07-15T14:45:00,30,40,40,0,In salon,FALSE
A01176,C0523,Matthew,SV03,13/7/2026,2026-07-13T16:00:00,2026-07-13T17:00:00,2026-06-20T09:00:00,completed,,2026-07-13T17:00:00,60,100,100,0,Phone,TRUE
A01177,C0524,Sam,SV01,13/7/2026,2026-07-15T12:00:00,2026-07-15T12:30:00,2026-06-19T10:00:00,completed,,2026-07-15T12:30:00,30,40,40,0,Phone,TRUE
A01178,C0525,Sarah,SV03,13/7/2026,2026-07-14T09:45:00,2026-07-14T10:45:00,2026-06-20T09:45:00,completed,,2026-07-14T10:45:00,60,100,100,0,In salon,TRUE
A01179,C0269,Sam,SV03,13/7/2026,2026-07-14T09:00:00,2026-07-14T10:00:00,2026-06-22T06:00:00,completed,,2026-07-14T10:00:00,60,100,100,0,In salon,FALSE
A01180,C0526,Sam,SV06,13/7/2026,2026-07-17T09:00:00,2026-07-17T12:00:00,2026-06-24T07:00:00,completed,,2026-07-17T12:00:00,180,390,390,0,Phone,TRUE
A01181,C0527,Sarah,SV01,13/7/2026,2026-07-14T13:30:00,2026-07-14T14:00:00,2026-06-25T06:30:00,completed,,2026-07-14T14:00:00,30,40,40,0,Phone,TRUE
A01182,C0063,Sam,SV06,13/7/2026,2026-07-17T12:00:00,2026-07-17T15:00:00,2026-06-23T11:00:00,completed,,2026-07-17T15:00:00,180,390,390,0,In salon,FALSE
A01183,C0376,Matthew,SV01,13/7/2026,2026-07-15T13:45:00,2026-07-15T14:15:00,2026-06-17T13:45:00,completed,,2026-07-15T14:15:00,30,40,40,0,Online,FALSE
A01184,C0528,Sam,SV01,13/7/2026,2026-07-15T13:45:00,2026-07-15T14:15:00,2026-06-25T12:45:00,completed,,2026-07-15T14:15:00,30,40,40,0,Online,TRUE
A01185,C0529,Matthew,SV02,13/7/2026,2026-07-14T12:45:00,2026-07-14T13:30:00,2026-06-20T09:45:00,completed,,2026-07-14T13:30:00,45,60,60,0,Online,TRUE
A01186,C0366,Matthew,SV01,13/7/2026,2026-07-15T13:15:00,2026-07-15T13:45:00,2026-06-23T05:15:00,completed,,2026-07-15T13:45:00,30,40,40,0,Online,FALSE
A01187,C0159,Sarah,SV06,13/7/2026,2026-07-17T12:00:00,2026-07-17T15:00:00,2026-07-01T08:00:00,completed,,2026-07-17T15:00:00,180,390,390,0,Phone,FALSE
A01188,C0254,Matthew,SV01,13/7/2026,2026-07-15T16:00:00,2026-07-15T16:30:00,2026-06-10T11:00:00,completed,,2026-07-15T16:30:00,30,40,40,0,Phone,FALSE
A01189,C0371,Sarah,SV02,13/7/2026,2026-07-15T15:15:00,2026-07-15T16:00:00,2026-07-03T13:15:00,completed,,2026-07-15T16:00:00,45,60,60,0,Online,FALSE
A01190,C0377,Sam,SV02,13/7/2026,2026-07-15T12:30:00,2026-07-15T13:15:00,2026-06-17T11:30:00,completed,,2026-07-15T13:15:00,45,60,60,0,In salon,FALSE
A01191,C0130,Sarah,SV01,13/7/2026,2026-07-15T12:45:00,2026-07-15T13:15:00,2026-06-12T11:45:00,completed,,2026-07-15T13:15:00,30,40,40,0,Phone,FALSE
A01192,C0154,Sam,SV04,13/7/2026,2026-07-14T11:45:00,2026-07-14T13:45:00,2026-06-10T04:45:00,completed,,2026-07-14T13:45:00,120,240,240,0,In salon,FALSE
A01193,C0530,Matthew,SV02,13/7/2026,2026-07-14T12:00:00,2026-07-14T12:45:00,2026-06-18T11:00:00,completed,,2026-07-14T12:45:00,45,60,60,0,Online,TRUE
A01194,C0076,Sarah,SV02,13/7/2026,2026-07-14T10:45:00,2026-07-14T11:30:00,2026-07-01T12:00:00,cancelled,2026-07-05T12:00:00,,45,60,0,0,Phone,FALSE
A01195,C0003,Matthew,SV03,20/7/2026,2026-07-20T13:30:00,2026-07-20T14:30:00,2026-06-30T11:30:00,completed,,2026-07-20T14:30:00,60,100,100,0,In salon,FALSE
A01196,C0531,Matthew,SV06,20/7/2026,2026-07-24T12:00:00,2026-07-24T15:00:00,2026-06-25T07:00:00,completed,,2026-07-24T15:00:00,180,390,390,0,Phone,TRUE
A01197,C0001,Sarah,SV01,20/7/2026,2026-07-24T11:30:00,2026-07-24T12:00:00,2026-06-24T10:30:00,completed,,2026-07-24T12:00:00,30,40,40,0,In salon,FALSE
A01198,C0004,Matthew,SV04,20/7/2026,2026-07-20T14:30:00,2026-07-20T16:30:00,2026-06-23T14:30:00,completed,,2026-07-20T16:30:00,120,240,240,0,Online,FALSE
A01199,C0138,Matthew,SV05,20/7/2026,2026-07-20T11:00:00,2026-07-20T13:30:00,2026-07-09T04:00:00,completed,,2026-07-20T13:30:00,150,325,325,0,Online,FALSE
A01200,C0005,Sarah,SV01,20/7/2026,2026-07-20T16:30:00,2026-07-20T17:00:00,2026-06-30T10:30:00,completed,,2026-07-20T17:00:00,30,40,40,0,Phone,FALSE
A01201,C0008,Sarah,SV04,20/7/2026,2026-07-21T09:45:00,2026-07-21T11:45:00,2026-07-05T04:45:00,completed,,2026-07-21T11:45:00,120,240,240,0,In salon,FALSE
A01202,C0009,Sarah,SV01,20/7/2026,2026-07-22T13:00:00,2026-07-22T13:30:00,2026-07-10T13:00:00,completed,,2026-07-22T13:30:00,30,40,40,0,Online,FALSE
A01203,C0012,Sarah,SV04,20/7/2026,2026-07-21T12:30:00,2026-07-21T14:30:00,2026-06-28T12:30:00,completed,,2026-07-21T14:30:00,120,240,240,0,In salon,FALSE
A01204,C0007,Sam,SV03,20/7/2026,2026-07-21T15:15:00,2026-07-21T16:15:00,2026-07-08T07:15:00,completed,,2026-07-21T16:15:00,60,100,100,0,Online,FALSE
A01205,C0016,Sam,SV04,20/7/2026,2026-07-21T13:15:00,2026-07-21T15:15:00,2026-07-04T10:15:00,completed,,2026-07-21T15:15:00,120,240,240,0,Phone,FALSE
A01206,C0013,Sarah,SV01,20/7/2026,2026-07-22T11:15:00,2026-07-22T11:45:00,2026-07-09T11:15:00,completed,,2026-07-22T11:45:00,30,40,40,0,Phone,FALSE
A01207,C0017,Matthew,SV01,20/7/2026,2026-07-22T15:30:00,2026-07-22T16:00:00,2026-07-10T10:30:00,completed,,2026-07-22T16:00:00,30,40,40,0,Online,FALSE
A01208,C0367,Sam,SV06,20/7/2026,2026-07-24T11:30:00,2026-07-24T14:30:00,2026-07-04T07:30:00,completed,,2026-07-24T14:30:00,180,390,390,0,Online,FALSE
A01209,C0021,Sam,SV01,20/7/2026,2026-07-22T11:45:00,2026-07-22T12:15:00,2026-07-07T05:45:00,completed,,2026-07-22T12:15:00,30,40,40,0,Phone,FALSE
A01210,C0532,Sam,SV01,20/7/2026,2026-07-22T09:00:00,2026-07-22T09:30:00,2026-06-17T02:00:00,completed,,2026-07-22T09:30:00,30,40,40,0,Phone,TRUE
A01211,C0089,Sam,SV01,20/7/2026,2026-07-22T10:15:00,2026-07-22T10:45:00,2026-06-23T07:15:00,completed,,2026-07-22T10:45:00,30,40,40,0,In salon,FALSE
A01212,C0020,Matthew,SV04,20/7/2026,2026-07-21T15:00:00,2026-07-21T17:00:00,2026-07-01T10:00:00,completed,,2026-07-21T17:00:00,120,240,240,0,Phone,FALSE
A01213,C0533,Matthew,SV01,20/7/2026,2026-07-22T16:00:00,2026-07-22T16:30:00,2026-07-07T12:00:00,completed,,2026-07-22T16:30:00,30,40,40,0,Online,TRUE
A01214,C0110,Sam,SV01,20/7/2026,2026-07-22T12:45:00,2026-07-22T13:15:00,2026-06-25T12:45:00,completed,,2026-07-22T13:15:00,30,40,40,0,In salon,FALSE
A01215,C0534,Sam,SV05,20/7/2026,2026-07-24T09:00:00,2026-07-24T11:30:00,2026-07-13T05:00:00,completed,,2026-07-24T11:30:00,150,325,325,0,In salon,TRUE
A01216,C0144,Sarah,SV01,20/7/2026,2026-07-21T15:30:00,2026-07-21T16:00:00,2026-06-18T08:30:00,completed,,2026-07-21T16:00:00,30,40,40,0,In salon,FALSE
A01217,C0535,Sarah,SV01,20/7/2026,2026-07-22T14:00:00,2026-07-22T14:30:00,2026-07-14T09:00:00,completed,,2026-07-22T14:30:00,30,40,40,0,Phone,TRUE
A01218,C0024,Sam,SV04,20/7/2026,2026-07-21T11:15:00,2026-07-21T13:15:00,2026-06-24T03:15:00,completed,,2026-07-21T13:15:00,120,240,240,0,Phone,FALSE
A01219,C0536,Matthew,SV01,20/7/2026,2026-07-22T15:00:00,2026-07-22T15:30:00,2026-06-29T15:00:00,completed,,2026-07-22T15:30:00,30,40,40,0,In salon,TRUE
A01220,C0002,Matthew,SV02,20/7/2026,2026-07-22T12:45:00,2026-07-22T13:30:00,2026-06-20T11:45:00,completed,,2026-07-22T13:30:00,45,60,60,0,Phone,FALSE
A01221,C0006,Sam,SV02,20/7/2026,2026-07-21T09:45:00,2026-07-21T10:30:00,2026-06-27T05:45:00,completed,,2026-07-21T10:30:00,45,60,60,0,Phone,FALSE
A01222,C0010,Sarah,SV02,20/7/2026,2026-07-22T12:15:00,2026-07-22T13:00:00,2026-06-22T12:15:00,completed,,2026-07-22T13:00:00,45,60,60,0,Online,FALSE
A01223,C0537,Sarah,SV05,20/7/2026,2026-07-24T09:00:00,2026-07-24T11:30:00,2026-07-05T04:00:00,completed,,2026-07-24T11:30:00,150,325,325,0,Phone,TRUE
A01224,C0538,Sam,SV04,20/7/2026,2026-07-20T14:00:00,2026-07-20T16:00:00,2026-07-07T07:00:00,completed,,2026-07-20T16:00:00,120,240,240,0,In salon,TRUE
A01225,C0011,Matthew,SV03,20/7/2026,2026-07-21T14:00:00,2026-07-21T15:00:00,2026-07-02T07:00:00,completed,,2026-07-21T15:00:00,60,100,100,0,In salon,FALSE
A01226,C0202,Sam,SV01,20/7/2026,2026-07-22T10:45:00,2026-07-22T11:15:00,2026-06-27T02:45:00,completed,,2026-07-22T11:15:00,30,40,40,0,Phone,FALSE
A01227,C0014,Sam,SV02,20/7/2026,2026-07-21T10:30:00,2026-07-21T11:15:00,2026-06-26T08:30:00,completed,,2026-07-21T11:15:00,45,60,60,0,Phone,FALSE
A01228,C0539,Matthew,SV01,20/7/2026,2026-07-22T16:30:00,2026-07-22T17:00:00,2026-06-26T13:30:00,completed,,2026-07-22T17:00:00,30,40,40,0,Phone,TRUE
A01229,C0368,Sam,SV01,20/7/2026,2026-07-22T11:15:00,2026-07-22T11:45:00,2026-06-18T06:15:00,completed,,2026-07-22T11:45:00,30,40,40,0,Phone,FALSE
A01230,C0540,Matthew,SV01,20/7/2026,2026-07-22T14:00:00,2026-07-22T14:30:00,2026-07-06T08:00:00,completed,,2026-07-22T14:30:00,30,40,40,0,Phone,TRUE
A01231,C0120,Sarah,SV01,20/7/2026,2026-07-22T13:30:00,2026-07-22T14:00:00,2026-07-10T06:30:00,completed,,2026-07-22T14:00:00,30,40,40,0,Phone,FALSE
A01232,C0018,Sam,SV02,20/7/2026,2026-07-22T09:30:00,2026-07-22T10:15:00,2026-07-04T06:30:00,completed,,2026-07-22T10:15:00,45,60,60,0,In salon,FALSE
A01233,C0022,Matthew,SV02,20/7/2026,2026-07-21T09:30:00,2026-07-21T10:15:00,2026-06-18T05:30:00,completed,,2026-07-21T10:15:00,45,60,60,0,Online,FALSE
A01234,C0386,Matthew,SV04,20/7/2026,2026-07-20T09:00:00,2026-07-20T11:00:00,2026-06-28T02:00:00,completed,,2026-07-20T11:00:00,120,240,240,0,Online,FALSE
A01235,C0541,Sarah,SV04,20/7/2026,2026-07-20T13:30:00,2026-07-20T15:30:00,2026-06-25T13:30:00,completed,,2026-07-20T15:30:00,120,240,240,0,Phone,TRUE
A01236,C0372,Matthew,SV01,20/7/2026,2026-07-22T13:30:00,2026-07-22T14:00:00,2026-07-05T08:30:00,completed,,2026-07-22T14:00:00,30,40,40,0,In salon,FALSE
A01237,C0015,Sarah,SV03,20/7/2026,2026-07-21T16:00:00,2026-07-21T17:00:00,2026-07-10T09:00:00,completed,,2026-07-21T17:00:00,60,100,100,0,Phone,FALSE
A01238,C0019,Matthew,SV03,20/7/2026,2026-07-21T10:15:00,2026-07-21T11:15:00,2026-07-01T10:15:00,completed,,2026-07-21T11:15:00,60,100,100,0,Phone,FALSE
A01239,C0064,Matthew,SV06,20/7/2026,2026-07-24T09:00:00,2026-07-24T12:00:00,2026-06-24T05:00:00,completed,,2026-07-24T12:00:00,180,390,390,0,In salon,FALSE
A01240,C0542,Sarah,SV04,20/7/2026,2026-07-20T09:00:00,2026-07-20T11:00:00,2026-06-25T09:00:00,completed,,2026-07-20T11:00:00,120,240,240,0,In salon,TRUE
A01241,C0543,Sarah,SV02,20/7/2026,2026-07-21T11:45:00,2026-07-21T12:30:00,2026-06-20T08:45:00,completed,,2026-07-21T12:30:00,45,60,60,0,In salon,TRUE
A01242,C0272,Sarah,SV02,20/7/2026,2026-07-22T10:30:00,2026-07-22T11:15:00,2026-07-04T05:30:00,completed,,2026-07-22T11:15:00,45,60,60,0,In salon,FALSE
A01243,C0393,Sarah,SV02,20/7/2026,2026-07-21T09:00:00,2026-07-21T09:45:00,2026-07-09T05:00:00,completed,,2026-07-21T09:45:00,45,60,60,0,Online,FALSE
A01244,C0103,Matthew,SV04,20/7/2026,2026-07-21T11:15:00,2026-07-21T13:15:00,2026-07-05T07:15:00,completed,,2026-07-21T13:15:00,120,240,240,0,In salon,FALSE
A01245,C0078,Sarah,SV05,20/7/2026,2026-07-20T11:00:00,2026-07-20T13:30:00,2026-06-19T08:00:00,completed,,2026-07-20T13:30:00,150,325,325,0,In salon,FALSE
A01246,C0043,Matthew,SV01,20/7/2026,2026-07-20T16:30:00,2026-07-20T17:00:00,2026-06-22T16:30:00,completed,,2026-07-20T17:00:00,30,40,40,0,In salon,FALSE
A01247,C0023,Sarah,SV03,20/7/2026,2026-07-21T14:30:00,2026-07-21T15:30:00,2026-06-22T09:30:00,completed,,2026-07-21T15:30:00,60,100,100,0,Phone,FALSE
A01248,C0071,Sam,SV02,20/7/2026,2026-07-21T09:00:00,2026-07-21T09:45:00,2026-07-06T06:00:00,completed,,2026-07-21T09:45:00,45,60,60,0,Online,FALSE
A01249,C0544,Matthew,SV02,20/7/2026,2026-07-21T13:15:00,2026-07-21T14:00:00,2026-06-23T09:15:00,completed,,2026-07-21T14:00:00,45,60,60,0,Online,TRUE
A01250,C0545,Sarah,SV06,20/7/2026,2026-07-24T12:00:00,2026-07-24T15:00:00,2026-07-06T04:00:00,completed,,2026-07-24T15:00:00,180,390,390,0,In salon,TRUE
A01251,C0546,Matthew,SV01,20/7/2026,2026-07-22T14:30:00,2026-07-22T15:00:00,2026-07-10T14:30:00,completed,,2026-07-22T15:00:00,30,40,40,0,In salon,TRUE
A01252,C0547,Sam,SV02,20/7/2026,2026-07-21T16:15:00,2026-07-21T17:00:00,2026-07-04T09:15:00,completed,,2026-07-21T17:00:00,45,60,60,0,Phone,TRUE
A01253,C0363,Sam,SV03,20/7/2026,2026-07-20T16:00:00,2026-07-20T17:00:00,2026-06-20T14:00:00,completed,,2026-07-20T17:00:00,60,100,100,0,Phone,FALSE
A01254,C0548,Sam,SV01,20/7/2026,2026-07-22T12:15:00,2026-07-22T12:45:00,2026-06-26T09:15:00,completed,,2026-07-22T12:45:00,30,40,40,0,In salon,TRUE
A01255,C0549,Sarah,SV03,20/7/2026,2026-07-20T15:30:00,2026-07-20T16:30:00,2026-07-05T12:30:00,completed,,2026-07-20T16:30:00,60,100,100,0,Phone,TRUE
A01256,C0378,Sam,SV05,20/7/2026,2026-07-20T09:00:00,2026-07-20T11:30:00,2026-06-26T08:00:00,completed,,2026-07-20T11:30:00,150,325,325,0,Online,FALSE
A01257,C0550,Sam,SV01,20/7/2026,2026-07-24T14:30:00,2026-07-24T15:00:00,2026-07-13T14:30:00,completed,,2026-07-24T15:00:00,30,40,40,0,Phone,TRUE
A01258,C0275,Matthew,SV01,20/7/2026,2026-07-21T09:00:00,2026-07-21T09:30:00,2026-06-18T09:00:00,completed,,2026-07-21T09:30:00,30,40,40,0,In salon,FALSE
A01259,C0244,Sarah,SV01,20/7/2026,2026-07-22T11:45:00,2026-07-22T12:15:00,2026-06-24T11:45:00,completed,,2026-07-22T12:15:00,30,40,40,0,Phone,FALSE
A01260,C0361,Sam,SV05,20/7/2026,2026-07-20T11:30:00,2026-07-20T14:00:00,2026-06-26T03:30:00,completed,,2026-07-20T14:00:00,150,325,325,0,Online,FALSE
A01261,C0005,Sarah,SV01,20/7/2026,2026-07-20T16:30:00,2026-07-20T17:00:00,2026-07-08T12:00:00,cancelled,2026-07-12T12:00:00,,30,40,0,0,Phone,FALSE
A01262,C0003,Matthew,SV03,20/7/2026,2026-07-20T13:30:00,2026-07-20T14:30:00,2026-07-08T12:00:00,cancelled,2026-07-12T12:00:00,,60,100,0,0,In salon,FALSE
A01263,C0394,Matthew,SV04,27/7/2026,2026-07-28T14:15:00,2026-07-28T16:15:00,2026-06-29T07:15:00,completed,,2026-07-28T16:15:00,120,240,240,0,In salon,FALSE
A01264,C0115,Sarah,SV01,27/7/2026,2026-07-29T13:45:00,2026-07-29T14:15:00,2026-06-28T05:45:00,completed,,2026-07-29T14:15:00,30,40,40,0,Phone,FALSE
A01265,C0551,Sarah,SV02,27/7/2026,2026-07-28T09:45:00,2026-07-28T10:30:00,2026-07-10T03:45:00,completed,,2026-07-28T10:30:00,45,60,60,0,In salon,TRUE
A01266,C0374,Sarah,SV06,27/7/2026,2026-07-31T09:30:00,2026-07-31T12:30:00,2026-06-26T04:30:00,completed,,2026-07-31T12:30:00,180,390,390,0,Phone,FALSE
A01267,C0369,Matthew,SV01,27/7/2026,2026-07-27T10:00:00,2026-07-27T10:30:00,2026-06-29T07:00:00,completed,,2026-07-27T10:30:00,30,40,40,0,In salon,FALSE
A01268,C0552,Sam,SV03,27/7/2026,2026-07-28T13:30:00,2026-07-28T14:30:00,2026-07-07T10:30:00,completed,,2026-07-28T14:30:00,60,100,100,0,In salon,TRUE
A01269,C0036,Sarah,SV01,27/7/2026,2026-07-29T14:15:00,2026-07-29T14:45:00,2026-07-10T10:15:00,completed,,2026-07-29T14:45:00,30,40,40,0,In salon,FALSE
A01270,C0553,Sarah,SV05,27/7/2026,2026-07-31T12:30:00,2026-07-31T15:00:00,2026-07-03T06:30:00,completed,,2026-07-31T15:00:00,150,325,325,0,Phone,TRUE
A01271,C0214,Sarah,SV01,27/7/2026,2026-07-29T15:15:00,2026-07-29T15:45:00,2026-07-14T15:15:00,completed,,2026-07-29T15:45:00,30,40,40,0,Online,FALSE
A01272,C0252,Sam,SV02,27/7/2026,2026-07-28T15:30:00,2026-07-28T16:15:00,2026-07-16T14:30:00,completed,,2026-07-28T16:15:00,45,60,60,0,Online,FALSE
A01273,C0198,Sam,SV01,27/7/2026,2026-07-31T09:00:00,2026-07-31T09:30:00,2026-07-17T01:00:00,completed,,2026-07-31T09:30:00,30,40,40,0,In salon,FALSE
A01274,C0362,Matthew,SV04,27/7/2026,2026-07-27T12:30:00,2026-07-27T14:30:00,2026-07-12T12:30:00,completed,,2026-07-27T14:30:00,120,240,240,0,Online,FALSE
A01275,C0278,Sam,SV01,27/7/2026,2026-07-29T09:45:00,2026-07-29T10:15:00,2026-07-21T04:45:00,completed,,2026-07-29T10:15:00,30,40,40,0,Phone,FALSE
A01276,C0203,Sarah,SV05,27/7/2026,2026-07-27T12:30:00,2026-07-27T15:00:00,2026-07-16T07:30:00,completed,,2026-07-27T15:00:00,150,325,325,0,Phone,FALSE
A01277,C0554,Matthew,SV02,27/7/2026,2026-07-28T13:30:00,2026-07-28T14:15:00,2026-07-01T07:30:00,completed,,2026-07-28T14:15:00,45,60,60,0,In salon,TRUE
A01278,C0136,Matthew,SV01,27/7/2026,2026-07-29T13:15:00,2026-07-29T13:45:00,2026-07-06T08:15:00,completed,,2026-07-29T13:45:00,30,40,40,0,In salon,FALSE
A01279,C0268,Matthew,SV01,27/7/2026,2026-07-31T12:00:00,2026-07-31T12:30:00,2026-07-06T08:00:00,completed,,2026-07-31T12:30:00,30,40,40,0,In salon,FALSE
A01280,C0555,Sarah,SV04,27/7/2026,2026-07-27T10:30:00,2026-07-27T12:30:00,2026-07-14T02:30:00,completed,,2026-07-27T12:30:00,120,240,240,0,In salon,TRUE
A01281,C0384,Sarah,SV04,27/7/2026,2026-07-27T15:00:00,2026-07-27T17:00:00,2026-07-10T10:00:00,completed,,2026-07-27T17:00:00,120,240,240,0,Phone,FALSE
A01282,C0232,Sam,SV03,27/7/2026,2026-07-28T14:30:00,2026-07-28T15:30:00,2026-07-16T07:30:00,completed,,2026-07-28T15:30:00,60,100,100,0,In salon,FALSE
A01283,C0184,Matthew,SV01,27/7/2026,2026-07-29T11:15:00,2026-07-29T11:45:00,2026-06-27T11:15:00,completed,,2026-07-29T11:45:00,30,40,40,0,Phone,FALSE
A01284,C0131,Sam,SV05,27/7/2026,2026-07-31T12:30:00,2026-07-31T15:00:00,2026-07-12T07:30:00,completed,,2026-07-31T15:00:00,150,325,325,0,Online,FALSE
A01285,C0556,Sarah,SV01,27/7/2026,2026-07-29T15:45:00,2026-07-29T16:15:00,2026-07-14T15:45:00,completed,,2026-07-29T16:15:00,30,40,40,0,Phone,TRUE
A01286,C0258,Sarah,SV02,27/7/2026,2026-07-28T12:30:00,2026-07-28T13:15:00,2026-07-05T08:30:00,completed,,2026-07-28T13:15:00,45,60,60,0,In salon,FALSE
A01287,C0557,Sam,SV04,27/7/2026,2026-07-27T15:00:00,2026-07-27T17:00:00,2026-07-05T13:00:00,completed,,2026-07-27T17:00:00,120,240,240,0,Phone,TRUE
A01288,C0383,Sam,SV01,27/7/2026,2026-07-29T12:15:00,2026-07-29T12:45:00,2026-07-12T12:15:00,completed,,2026-07-29T12:45:00,30,40,40,0,Online,FALSE
A01289,C0274,Sam,SV03,27/7/2026,2026-07-28T09:00:00,2026-07-28T10:00:00,2026-07-20T07:00:00,completed,,2026-07-28T10:00:00,60,100,100,0,Phone,FALSE
A01290,C0128,Matthew,SV03,27/7/2026,2026-07-28T09:00:00,2026-07-28T10:00:00,2026-07-10T08:00:00,completed,,2026-07-28T10:00:00,60,100,100,0,Online,FALSE
A01291,C0161,Matthew,SV06,27/7/2026,2026-07-31T09:00:00,2026-07-31T12:00:00,2026-06-29T06:00:00,completed,,2026-07-31T12:00:00,180,390,390,0,Online,FALSE
A01292,C0364,Matthew,SV01,27/7/2026,2026-07-29T11:45:00,2026-07-29T12:15:00,2026-07-01T05:45:00,completed,,2026-07-29T12:15:00,30,40,40,0,Online,FALSE
A01293,C0277,Sarah,SV03,27/7/2026,2026-07-27T09:00:00,2026-07-27T10:00:00,2026-06-25T06:00:00,completed,,2026-07-27T10:00:00,60,100,100,0,Phone,FALSE
A01294,C0157,Sarah,SV02,27/7/2026,2026-07-28T09:00:00,2026-07-28T09:45:00,2026-06-29T03:00:00,completed,,2026-07-28T09:45:00,45,60,60,0,Phone,FALSE
A01295,C0395,Sarah,SV02,27/7/2026,2026-07-28T16:15:00,2026-07-28T17:00:00,2026-07-20T15:15:00,completed,,2026-07-28T17:00:00,45,60,60,0,Online,FALSE
A01296,C0185,Matthew,SV04,27/7/2026,2026-07-28T11:30:00,2026-07-28T13:30:00,2026-06-24T05:30:00,completed,,2026-07-28T13:30:00,120,240,240,0,Phone,FALSE
A01297,C0382,Sarah,SV04,27/7/2026,2026-07-28T13:15:00,2026-07-28T15:15:00,2026-07-14T08:15:00,completed,,2026-07-28T15:15:00,120,240,240,0,In salon,FALSE
A01298,C0558,Sam,SV01,27/7/2026,2026-07-27T14:30:00,2026-07-27T15:00:00,2026-06-24T06:30:00,completed,,2026-07-27T15:00:00,30,40,40,0,Online,TRUE
A01299,C0266,Matthew,SV01,27/7/2026,2026-07-29T12:15:00,2026-07-29T12:45:00,2026-07-02T07:15:00,completed,,2026-07-29T12:45:00,30,40,40,0,Phone,FALSE
A01300,C0559,Matthew,SV02,27/7/2026,2026-07-28T10:00:00,2026-07-28T10:45:00,2026-07-09T08:00:00,completed,,2026-07-28T10:45:00,45,60,60,0,Online,TRUE
A01301,C0560,Matthew,SV05,27/7/2026,2026-07-27T14:30:00,2026-07-27T17:00:00,2026-07-19T12:30:00,completed,,2026-07-27T17:00:00,150,325,325,0,Phone,TRUE
A01302,C0561,Matthew,SV01,27/7/2026,2026-07-29T12:45:00,2026-07-29T13:15:00,2026-07-02T06:45:00,completed,,2026-07-29T13:15:00,30,40,40,0,Phone,TRUE
A01303,C0030,Sam,SV02,27/7/2026,2026-07-28T10:00:00,2026-07-28T10:45:00,2026-06-24T08:00:00,completed,,2026-07-28T10:45:00,45,60,60,0,Online,FALSE
A01304,C0355,Sam,SV01,27/7/2026,2026-07-29T11:45:00,2026-07-29T12:15:00,2026-06-24T11:45:00,completed,,2026-07-29T12:15:00,30,40,40,0,In salon,FALSE
A01305,C0379,Sam,SV01,27/7/2026,2026-07-29T10:45:00,2026-07-29T11:15:00,2026-06-25T02:45:00,completed,,2026-07-29T11:15:00,30,40,40,0,Phone,FALSE
A01306,C0090,Sam,SV03,27/7/2026,2026-07-27T09:00:00,2026-07-27T10:00:00,2026-07-14T08:00:00,completed,,2026-07-27T10:00:00,60,100,100,0,In salon,FALSE
A01307,C0191,Sam,SV06,27/7/2026,2026-07-31T09:30:00,2026-07-31T12:30:00,2026-07-19T03:30:00,completed,,2026-07-31T12:30:00,180,390,390,0,Online,FALSE
A01308,C0082,Sam,SV04,27/7/2026,2026-07-28T11:30:00,2026-07-28T13:30:00,2026-06-25T04:30:00,completed,,2026-07-28T13:30:00,120,240,240,0,In salon,FALSE
A01309,C0178,Matthew,SV03,27/7/2026,2026-07-27T09:00:00,2026-07-27T10:00:00,2026-07-15T03:00:00,completed,,2026-07-27T10:00:00,60,100,100,0,In salon,FALSE
A01310,C0271,Matthew,SV05,27/7/2026,2026-07-31T12:30:00,2026-07-31T15:00:00,2026-07-08T05:30:00,completed,,2026-07-31T15:00:00,150,325,325,0,In salon,FALSE
A01311,C0562,Sam,SV01,27/7/2026,2026-07-29T10:15:00,2026-07-29T10:45:00,2026-07-03T08:15:00,completed,,2026-07-29T10:45:00,30,40,40,0,Online,TRUE
A01312,C0563,Matthew,SV02,27/7/2026,2026-07-28T10:45:00,2026-07-28T11:30:00,2026-07-04T04:45:00,completed,,2026-07-28T11:30:00,45,60,60,0,In salon,TRUE
A01313,C0564,Sarah,SV01,27/7/2026,2026-07-29T14:45:00,2026-07-29T15:15:00,2026-07-10T14:45:00,completed,,2026-07-29T15:15:00,30,40,40,0,In salon,TRUE
A01314,C0565,Matthew,SV02,27/7/2026,2026-07-28T16:15:00,2026-07-28T17:00:00,2026-07-09T15:15:00,completed,,2026-07-28T17:00:00,45,60,60,0,Phone,TRUE
A01315,C0174,Sarah,SV01,27/7/2026,2026-07-27T10:00:00,2026-07-27T10:30:00,2026-06-24T10:00:00,completed,,2026-07-27T10:30:00,30,40,40,0,Phone,FALSE
A01316,C0127,Matthew,SV04,27/7/2026,2026-07-27T10:30:00,2026-07-27T12:30:00,2026-07-06T08:30:00,completed,,2026-07-27T12:30:00,120,240,240,0,In salon,FALSE
A01317,C0209,Sarah,SV01,27/7/2026,2026-07-31T09:00:00,2026-07-31T09:30:00,2026-07-07T03:00:00,completed,,2026-07-31T09:30:00,30,40,40,0,Online,FALSE
A01318,C0566,Sam,SV01,27/7/2026,2026-07-28T16:15:00,2026-07-28T16:45:00,2026-06-29T09:15:00,completed,,2026-07-28T16:45:00,30,40,40,0,Online,TRUE
A01319,C0189,Sarah,SV03,27/7/2026,2026-07-28T15:15:00,2026-07-28T16:15:00,2026-07-13T07:15:00,completed,,2026-07-28T16:15:00,60,100,100,0,In salon,FALSE
A01320,C0567,Sam,SV02,27/7/2026,2026-07-28T10:45:00,2026-07-28T11:30:00,2026-07-17T07:45:00,completed,,2026-07-28T11:30:00,45,60,60,0,Phone,TRUE
A01321,C0568,Sam,SV01,27/7/2026,2026-07-29T11:15:00,2026-07-29T11:45:00,2026-06-29T10:15:00,completed,,2026-07-29T11:45:00,30,40,40,0,Phone,TRUE
A01322,C0104,Sam,SV05,27/7/2026,2026-07-27T12:00:00,2026-07-27T14:30:00,2026-06-23T05:00:00,completed,,2026-07-27T14:30:00,150,325,325,0,In salon,FALSE
A01323,C0569,Sam,SV04,27/7/2026,2026-07-27T10:00:00,2026-07-27T12:00:00,2026-07-02T10:00:00,completed,,2026-07-27T12:00:00,120,240,240,0,Online,TRUE
A01324,C0391,Sarah,SV04,27/7/2026,2026-07-28T10:30:00,2026-07-28T12:30:00,2026-07-12T02:30:00,completed,,2026-07-28T12:30:00,120,240,240,0,Online,FALSE
A01325,C0082,Sam,SV04,27/7/2026,2026-07-28T11:30:00,2026-07-28T13:30:00,2026-07-15T12:00:00,cancelled,2026-07-19T12:00:00,,120,240,0,0,In salon,FALSE
A01326,C0558,Sam,SV01,27/7/2026,2026-07-27T14:30:00,2026-07-27T15:00:00,2026-07-15T12:00:00,cancelled,2026-07-19T12:00:00,,30,40,0,0,Online,TRUE
A01327,C0170,Matthew,SV01,3/8/2026,2026-08-04T11:15:00,2026-08-04T11:45:00,2026-07-14T09:15:00,completed,,2026-08-04T11:45:00,30,40,40,0,In salon,FALSE
A01328,C0392,Matthew,SV04,3/8/2026,2026-08-03T15:00:00,2026-08-03T17:00:00,2026-07-05T09:00:00,completed,,2026-08-03T17:00:00,120,240,240,0,Phone,FALSE
A01329,C0263,Sarah,SV02,3/8/2026,2026-08-04T12:15:00,2026-08-04T13:00:00,2026-07-12T05:15:00,completed,,2026-08-04T13:00:00,45,60,60,0,Phone,FALSE
A01330,C0175,Sarah,SV01,3/8/2026,2026-08-04T15:45:00,2026-08-04T16:15:00,2026-07-17T15:45:00,completed,,2026-08-04T16:15:00,30,40,40,0,Online,FALSE
A01331,C0273,Sarah,SV02,3/8/2026,2026-08-04T09:00:00,2026-08-04T09:45:00,2026-07-06T07:00:00,completed,,2026-08-04T09:45:00,45,60,60,0,Phone,FALSE
A01332,C0267,Sarah,SV01,3/8/2026,2026-08-05T15:00:00,2026-08-05T15:30:00,2026-07-04T13:00:00,completed,,2026-08-05T15:30:00,30,40,40,0,Phone,FALSE
A01333,C0387,Matthew,SV02,3/8/2026,2026-08-04T09:00:00,2026-08-04T09:45:00,2026-07-09T04:00:00,completed,,2026-08-04T09:45:00,45,60,60,0,In salon,FALSE
A01334,C0289,Sam,SV01,3/8/2026,2026-08-05T10:30:00,2026-08-05T11:00:00,2026-07-06T06:30:00,completed,,2026-08-05T11:00:00,30,40,40,0,Phone,FALSE
A01335,C0570,Sarah,SV03,3/8/2026,2026-08-04T14:45:00,2026-08-04T15:45:00,2026-07-12T13:45:00,completed,,2026-08-04T15:45:00,60,100,100,0,Online,TRUE
A01336,C0571,Sam,SV02,3/8/2026,2026-08-04T09:45:00,2026-08-04T10:30:00,2026-07-10T03:45:00,completed,,2026-08-04T10:30:00,45,60,60,0,Online,TRUE
A01337,C0381,Matthew,SV01,3/8/2026,2026-08-07T11:30:00,2026-08-07T12:00:00,2026-07-19T10:30:00,completed,,2026-08-07T12:00:00,30,40,40,0,In salon,FALSE
A01338,C0398,Sarah,SV05,3/8/2026,2026-08-07T12:30:00,2026-08-07T15:00:00,2026-07-17T08:30:00,completed,,2026-08-07T15:00:00,150,325,325,0,Online,FALSE
A01339,C0288,Sarah,SV01,3/8/2026,2026-08-05T14:30:00,2026-08-05T15:00:00,2026-07-12T12:30:00,completed,,2026-08-05T15:00:00,30,40,40,0,In salon,FALSE
A01340,C0235,Matthew,SV03,3/8/2026,2026-08-04T11:45:00,2026-08-04T12:45:00,2026-07-12T07:45:00,completed,,2026-08-04T12:45:00,60,100,100,0,In salon,FALSE
A01341,C0087,Sam,SV02,3/8/2026,2026-08-04T11:30:00,2026-08-04T12:15:00,2026-07-12T09:30:00,completed,,2026-08-04T12:15:00,45,60,60,0,Online,FALSE
A01342,C0247,Sam,SV01,3/8/2026,2026-08-04T10:30:00,2026-08-04T11:00:00,2026-07-03T06:30:00,completed,,2026-08-04T11:00:00,30,40,40,0,Phone,FALSE
A01343,C0397,Matthew,SV04,3/8/2026,2026-08-04T12:45:00,2026-08-04T14:45:00,2026-06-30T07:45:00,completed,,2026-08-04T14:45:00,120,240,240,0,Phone,FALSE
A01344,C0081,Sarah,SV04,3/8/2026,2026-08-03T15:00:00,2026-08-03T17:00:00,2026-07-02T10:00:00,completed,,2026-08-03T17:00:00,120,240,240,0,Phone,FALSE
A01345,C0375,Sarah,SV01,3/8/2026,2026-08-05T14:00:00,2026-08-05T14:30:00,2026-07-24T11:00:00,completed,,2026-08-05T14:30:00,30,40,40,0,In salon,FALSE
A01346,C0183,Sarah,SV02,3/8/2026,2026-08-04T16:15:00,2026-08-04T17:00:00,2026-07-24T14:15:00,completed,,2026-08-04T17:00:00,45,60,60,0,Online,FALSE
A01347,C0411,Sarah,SV04,3/8/2026,2026-08-03T13:00:00,2026-08-03T15:00:00,2026-07-24T10:00:00,completed,,2026-08-03T15:00:00,120,240,240,0,Online,FALSE
A01348,C0133,Matthew,SV01,3/8/2026,2026-08-05T11:00:00,2026-08-05T11:30:00,2026-07-26T05:00:00,completed,,2026-08-05T11:30:00,30,40,40,0,Online,FALSE
A01349,C0572,Sam,SV04,3/8/2026,2026-08-03T11:00:00,2026-08-03T13:00:00,2026-07-24T03:00:00,completed,,2026-08-03T13:00:00,120,240,240,0,Online,TRUE
A01350,C0573,Matthew,SV02,3/8/2026,2026-08-04T14:45:00,2026-08-04T15:30:00,2026-07-20T13:45:00,completed,,2026-08-04T15:30:00,45,60,60,0,Online,TRUE
A01351,C0574,Sarah,SV01,3/8/2026,2026-08-07T12:00:00,2026-08-07T12:30:00,2026-07-04T07:00:00,completed,,2026-08-07T12:30:00,30,40,40,0,In salon,TRUE
A01352,C0575,Sarah,SV02,3/8/2026,2026-08-04T14:00:00,2026-08-04T14:45:00,2026-07-19T10:00:00,completed,,2026-08-04T14:45:00,45,60,60,0,Phone,TRUE
A01353,C0220,Matthew,SV01,3/8/2026,2026-08-05T09:00:00,2026-08-05T09:30:00,2026-07-21T03:00:00,completed,,2026-08-05T09:30:00,30,40,40,0,Phone,FALSE
A01354,C0050,Sam,SV04,3/8/2026,2026-08-03T13:00:00,2026-08-03T15:00:00,2026-06-30T12:00:00,completed,,2026-08-03T15:00:00,120,240,240,0,Phone,FALSE
A01355,C0576,Sam,SV03,3/8/2026,2026-08-04T12:15:00,2026-08-04T13:15:00,2026-07-05T10:15:00,completed,,2026-08-04T13:15:00,60,100,100,0,In salon,TRUE
A01356,C0143,Sam,SV01,3/8/2026,2026-08-05T12:00:00,2026-08-05T12:30:00,2026-07-14T04:00:00,completed,,2026-08-05T12:30:00,30,40,40,0,Phone,FALSE
A01357,C0577,Matthew,SV06,3/8/2026,2026-08-07T12:00:00,2026-08-07T15:00:00,2026-07-19T08:00:00,completed,,2026-08-07T15:00:00,180,390,390,0,Online,TRUE
A01358,C0578,Matthew,SV03,3/8/2026,2026-08-03T12:00:00,2026-08-03T13:00:00,2026-07-20T10:00:00,completed,,2026-08-03T13:00:00,60,100,100,0,Phone,TRUE
A01359,C0091,Sam,SV02,3/8/2026,2026-08-04T13:45:00,2026-08-04T14:30:00,2026-07-25T06:45:00,completed,,2026-08-04T14:30:00,45,60,60,0,Online,FALSE
A01360,C0293,Sarah,SV01,3/8/2026,2026-08-04T10:15:00,2026-08-04T10:45:00,2026-07-04T07:15:00,completed,,2026-08-04T10:45:00,30,40,40,0,Online,FALSE
A01361,C0208,Sam,SV01,3/8/2026,2026-08-07T14:30:00,2026-08-07T15:00:00,2026-07-05T10:30:00,completed,,2026-08-07T15:00:00,30,40,40,0,In salon,FALSE
A01362,C0261,Sam,SV01,3/8/2026,2026-08-05T11:00:00,2026-08-05T11:30:00,2026-07-26T04:00:00,completed,,2026-08-05T11:30:00,30,40,40,0,Online,FALSE
A01363,C0579,Sam,SV04,3/8/2026,2026-08-03T09:00:00,2026-08-03T11:00:00,2026-07-18T01:00:00,completed,,2026-08-03T11:00:00,120,240,240,0,In salon,TRUE
A01364,C0129,Matthew,SV01,3/8/2026,2026-08-03T09:00:00,2026-08-03T09:30:00,2026-07-09T06:00:00,completed,,2026-08-03T09:30:00,30,40,40,0,Phone,FALSE
A01365,C0165,Sam,SV01,3/8/2026,2026-08-05T12:30:00,2026-08-05T13:00:00,2026-07-08T05:30:00,completed,,2026-08-05T13:00:00,30,40,40,0,Phone,FALSE
A01366,C0580,Matthew,SV01,3/8/2026,2026-08-05T10:30:00,2026-08-05T11:00:00,2026-07-17T07:30:00,completed,,2026-08-05T11:00:00,30,40,40,0,Online,TRUE
A01367,C0167,Sam,SV04,3/8/2026,2026-08-04T14:30:00,2026-08-04T16:30:00,2026-07-22T10:30:00,completed,,2026-08-04T16:30:00,120,240,240,0,Phone,FALSE
A01368,C0280,Sarah,SV04,3/8/2026,2026-08-03T09:00:00,2026-08-03T11:00:00,2026-07-15T07:00:00,completed,,2026-08-03T11:00:00,120,240,240,0,Phone,FALSE
A01369,C0389,Sam,SV01,3/8/2026,2026-08-04T11:00:00,2026-08-04T11:30:00,2026-07-23T05:00:00,completed,,2026-08-04T11:30:00,30,40,40,0,Phone,FALSE
A01370,C0581,Matthew,SV04,3/8/2026,2026-08-03T13:00:00,2026-08-03T15:00:00,2026-07-07T12:00:00,completed,,2026-08-03T15:00:00,120,240,240,0,In salon,TRUE
A01371,C0582,Sarah,SV01,3/8/2026,2026-08-04T09:45:00,2026-08-04T10:15:00,2026-06-30T09:45:00,completed,,2026-08-04T10:15:00,30,40,40,0,In salon,TRUE
A01372,C0583,Matthew,SV05,3/8/2026,2026-08-07T09:00:00,2026-08-07T11:30:00,2026-07-06T09:00:00,completed,,2026-08-07T11:30:00,150,325,325,0,In salon,TRUE
A01373,C0162,Matthew,SV01,3/8/2026,2026-08-05T09:30:00,2026-08-05T10:00:00,2026-07-17T09:30:00,completed,,2026-08-05T10:00:00,30,40,40,0,Phone,FALSE
A01374,C0276,Sam,SV02,3/8/2026,2026-08-04T09:00:00,2026-08-04T09:45:00,2026-07-27T07:00:00,completed,,2026-08-04T09:45:00,45,60,60,0,In salon,FALSE
A01375,C0584,Matthew,SV01,3/8/2026,2026-08-04T09:45:00,2026-08-04T10:15:00,2026-07-16T04:45:00,completed,,2026-08-04T10:15:00,30,40,40,0,Online,TRUE
A01376,C0300,Sam,SV04,3/8/2026,2026-08-03T15:00:00,2026-08-03T17:00:00,2026-07-25T15:00:00,completed,,2026-08-03T17:00:00,120,240,240,0,Phone,FALSE
A01377,C0585,Sarah,SV01,3/8/2026,2026-08-04T11:45:00,2026-08-04T12:15:00,2026-07-20T11:45:00,completed,,2026-08-04T12:15:00,30,40,40,0,Online,TRUE
A01378,C0039,Matthew,SV02,3/8/2026,2026-08-04T16:15:00,2026-08-04T17:00:00,2026-07-17T15:15:00,completed,,2026-08-04T17:00:00,45,60,60,0,Online,FALSE
A01379,C0385,Sam,SV05,3/8/2026,2026-08-07T09:00:00,2026-08-07T11:30:00,2026-07-28T02:00:00,completed,,2026-08-07T11:30:00,150,325,325,0,In salon,FALSE
A01380,C0390,Sam,SV06,3/8/2026,2026-08-07T11:30:00,2026-08-07T14:30:00,2026-07-19T10:30:00,completed,,2026-08-07T14:30:00,180,390,390,0,Phone,FALSE
A01381,C0298,Sam,SV01,3/8/2026,2026-08-05T11:30:00,2026-08-05T12:00:00,2026-07-19T06:30:00,completed,,2026-08-05T12:00:00,30,40,40,0,Phone,FALSE
A01382,C0270,Matthew,SV02,3/8/2026,2026-08-04T15:30:00,2026-08-04T16:15:00,2026-07-22T12:30:00,completed,,2026-08-04T16:15:00,45,60,60,0,In salon,FALSE
A01383,C0134,Sarah,SV03,3/8/2026,2026-08-04T13:00:00,2026-08-04T14:00:00,2026-07-27T09:00:00,completed,,2026-08-04T14:00:00,60,100,100,0,Online,FALSE
A01384,C0388,Matthew,SV03,3/8/2026,2026-08-04T10:15:00,2026-08-04T11:15:00,2026-07-05T09:15:00,completed,,2026-08-04T11:15:00,60,100,100,0,Online,FALSE
A01385,C0265,Sarah,SV06,3/8/2026,2026-08-07T09:00:00,2026-08-07T12:00:00,2026-07-28T04:00:00,completed,,2026-08-07T12:00:00,180,390,390,0,Phone,FALSE
A01386,C0586,Sarah,SV04,3/8/2026,2026-08-03T11:00:00,2026-08-03T13:00:00,2026-07-02T05:00:00,completed,,2026-08-03T13:00:00,120,240,240,0,In salon,TRUE
A01387,C0587,Matthew,SV01,3/8/2026,2026-08-05T10:00:00,2026-08-05T10:30:00,2026-07-15T04:00:00,completed,,2026-08-05T10:30:00,30,40,40,0,In salon,TRUE
A01388,C0201,Sarah,SV03,3/8/2026,2026-08-04T10:45:00,2026-08-04T11:45:00,2026-07-07T04:45:00,completed,,2026-08-04T11:45:00,60,100,100,0,Phone,FALSE
A01389,C0402,Matthew,SV05,3/8/2026,2026-08-03T09:30:00,2026-08-03T12:00:00,2026-07-16T04:30:00,completed,,2026-08-03T12:00:00,150,325,325,0,Phone,FALSE
A01390,C0292,Sam,SV01,3/8/2026,2026-08-04T13:15:00,2026-08-04T13:45:00,2026-07-16T12:15:00,completed,,2026-08-04T13:45:00,30,40,40,0,In salon,FALSE
A01391,C0588,Sarah,SV01,3/8/2026,2026-08-05T15:30:00,2026-08-05T16:00:00,2026-07-02T15:30:00,completed,,2026-08-05T16:00:00,30,40,40,0,Phone,TRUE
A01392,C0589,Sam,SV01,3/8/2026,2026-08-04T16:30:00,2026-08-04T17:00:00,2026-07-20T16:30:00,completed,,2026-08-04T17:00:00,30,40,40,0,In salon,TRUE
A01393,C0039,Matthew,SV02,3/8/2026,2026-08-04T16:15:00,2026-08-04T17:00:00,2026-07-22T12:00:00,cancelled,2026-07-26T12:00:00,,45,60,0,0,Online,FALSE
A01394,C0589,Sam,SV01,3/8/2026,2026-08-04T16:30:00,2026-08-04T17:00:00,2026-07-22T12:00:00,cancelled,2026-07-26T12:00:00,,30,40,0,0,In salon,TRUE
A01395,C0133,Matthew,SV01,3/8/2026,2026-08-05T11:00:00,2026-08-05T11:30:00,2026-07-22T12:00:00,cancelled,2026-07-26T12:00:00,,30,40,0,0,Online,FALSE
A01396,C0590,Sarah,SV01,10/8/2026,2026-08-13T09:30:00,2026-08-13T10:00:00,2026-07-25T01:30:00,completed,,2026-08-13T10:00:00,30,40,40,0,Phone,TRUE
A01397,C0591,Matthew,SV01,10/8/2026,2026-08-12T15:45:00,2026-08-12T16:15:00,2026-07-27T07:45:00,completed,,2026-08-12T16:15:00,30,40,40,0,Online,TRUE
A01398,C0592,Sam,SV04,10/8/2026,2026-08-11T11:00:00,2026-08-11T13:00:00,2026-08-01T09:00:00,completed,,2026-08-11T13:00:00,120,240,240,0,In salon,TRUE
A01399,C0593,Sarah,SV01,10/8/2026,2026-08-14T09:00:00,2026-08-14T09:30:00,2026-07-20T07:00:00,completed,,2026-08-14T09:30:00,30,40,40,0,Phone,TRUE
A01400,C0594,Sarah,SV01,10/8/2026,2026-08-13T12:00:00,2026-08-13T12:30:00,2026-08-04T11:00:00,completed,,2026-08-13T12:30:00,30,40,40,0,Phone,TRUE
A01401,C0595,Sam,SV06,10/8/2026,2026-08-14T09:00:00,2026-08-14T12:00:00,2026-07-10T05:00:00,completed,,2026-08-14T12:00:00,180,390,390,0,In salon,TRUE
A01402,C0596,Sam,SV01,10/8/2026,2026-08-12T13:15:00,2026-08-12T13:45:00,2026-07-20T11:15:00,completed,,2026-08-12T13:45:00,30,40,40,0,In salon,TRUE
A01403,C0597,Matthew,SV05,10/8/2026,2026-08-10T12:00:00,2026-08-10T14:30:00,2026-07-11T10:00:00,completed,,2026-08-10T14:30:00,150,325,325,0,Online,TRUE
A01404,C0598,Sarah,SV03,10/8/2026,2026-08-11T10:00:00,2026-08-11T11:00:00,2026-07-22T04:00:00,completed,,2026-08-11T11:00:00,60,100,100,0,In salon,TRUE
A01405,C0599,Sarah,SV01,10/8/2026,2026-08-13T11:00:00,2026-08-13T11:30:00,2026-07-11T10:00:00,completed,,2026-08-13T11:30:00,30,40,40,0,In salon,TRUE
A01406,C0600,Sarah,SV03,10/8/2026,2026-08-11T16:00:00,2026-08-11T17:00:00,2026-07-21T10:00:00,completed,,2026-08-11T17:00:00,60,100,100,0,Phone,TRUE
A01407,C0601,Sam,SV01,10/8/2026,2026-08-12T14:45:00,2026-08-12T15:15:00,2026-07-13T11:45:00,completed,,2026-08-12T15:15:00,30,40,40,0,Phone,TRUE
A01408,C0218,Matthew,SV06,10/8/2026,2026-08-14T12:00:00,2026-08-14T15:00:00,2026-07-19T10:00:00,completed,,2026-08-14T15:00:00,180,390,390,0,In salon,FALSE
A01409,C0602,Sam,SV04,10/8/2026,2026-08-11T15:00:00,2026-08-11T17:00:00,2026-07-24T09:00:00,completed,,2026-08-11T17:00:00,120,240,240,0,Phone,TRUE
A01410,C0603,Sarah,SV04,10/8/2026,2026-08-10T12:00:00,2026-08-10T14:00:00,2026-07-07T12:00:00,completed,,2026-08-10T14:00:00,120,240,240,0,In salon,TRUE
A01411,C0604,Sam,SV04,10/8/2026,2026-08-11T09:00:00,2026-08-11T11:00:00,2026-08-03T01:00:00,completed,,2026-08-11T11:00:00,120,240,240,0,Phone,TRUE
A01412,C0605,Sam,SV01,10/8/2026,2026-08-12T16:15:00,2026-08-12T16:45:00,2026-07-16T12:15:00,completed,,2026-08-12T16:45:00,30,40,40,0,Online,TRUE
A01413,C0606,Sarah,SV01,10/8/2026,2026-08-13T10:00:00,2026-08-13T10:30:00,2026-07-12T03:00:00,completed,,2026-08-13T10:30:00,30,40,40,0,Online,TRUE
A01414,C0607,Sarah,SV01,10/8/2026,2026-08-12T15:00:00,2026-08-12T15:30:00,2026-08-02T12:00:00,completed,,2026-08-12T15:30:00,30,40,40,0,Online,TRUE
A01415,C0608,Sarah,SV05,10/8/2026,2026-08-14T12:30:00,2026-08-14T15:00:00,2026-07-14T04:30:00,completed,,2026-08-14T15:00:00,150,325,325,0,Online,TRUE
A01416,C0609,Sarah,SV02,10/8/2026,2026-08-12T15:30:00,2026-08-12T16:15:00,2026-08-01T12:30:00,completed,,2026-08-12T16:15:00,45,60,60,0,Phone,TRUE
A01417,C0610,Sarah,SV02,10/8/2026,2026-08-12T12:00:00,2026-08-12T12:45:00,2026-07-26T05:00:00,completed,,2026-08-12T12:45:00,45,60,60,0,Phone,TRUE
A01418,C0403,Sarah,SV04,10/8/2026,2026-08-10T09:00:00,2026-08-10T11:00:00,2026-08-01T05:00:00,completed,,2026-08-10T11:00:00,120,240,240,0,In salon,FALSE
A01419,C0611,Sarah,SV01,10/8/2026,2026-08-13T16:00:00,2026-08-13T16:30:00,2026-07-30T13:00:00,completed,,2026-08-13T16:30:00,30,40,40,0,Phone,TRUE
A01420,C0291,Sam,SV06,10/8/2026,2026-08-14T12:00:00,2026-08-14T15:00:00,2026-07-14T07:00:00,completed,,2026-08-14T15:00:00,180,390,390,0,Phone,FALSE
A01421,C0612,Sarah,SV03,10/8/2026,2026-08-11T11:00:00,2026-08-11T12:00:00,2026-07-12T04:00:00,completed,,2026-08-11T12:00:00,60,100,100,0,In salon,TRUE
A01422,C0297,Sam,SV01,10/8/2026,2026-08-12T12:45:00,2026-08-12T13:15:00,2026-07-11T09:45:00,completed,,2026-08-12T13:15:00,30,40,40,0,Phone,FALSE
A01423,C0417,Sam,SV06,10/8/2026,2026-08-10T11:30:00,2026-08-10T14:30:00,2026-07-27T06:30:00,completed,,2026-08-10T14:30:00,180,390,390,0,In salon,FALSE
A01424,C0409,Matthew,SV04,10/8/2026,2026-08-11T15:00:00,2026-08-11T17:00:00,2026-07-27T07:00:00,completed,,2026-08-11T17:00:00,120,240,240,0,Phone,FALSE
A01425,C0413,Matthew,SV01,10/8/2026,2026-08-12T13:45:00,2026-08-12T14:15:00,2026-07-18T07:45:00,completed,,2026-08-12T14:15:00,30,40,40,0,In salon,FALSE
A01426,C0416,Matthew,SV01,10/8/2026,2026-08-12T14:45:00,2026-08-12T15:15:00,2026-07-16T09:45:00,completed,,2026-08-12T15:15:00,30,40,40,0,Phone,FALSE
A01427,C0065,Sarah,SV02,10/8/2026,2026-08-12T13:15:00,2026-08-12T14:00:00,2026-07-16T06:15:00,completed,,2026-08-12T14:00:00,45,60,60,0,In salon,FALSE
A01428,C0284,Sarah,SV01,10/8/2026,2026-08-10T14:00:00,2026-08-10T14:30:00,2026-07-30T12:00:00,completed,,2026-08-10T14:30:00,30,40,40,0,Online,FALSE
A01429,C0285,Sarah,SV01,10/8/2026,2026-08-13T09:00:00,2026-08-13T09:30:00,2026-07-19T03:00:00,completed,,2026-08-13T09:30:00,30,40,40,0,Online,FALSE
A01430,C0200,Sarah,SV01,10/8/2026,2026-08-13T16:30:00,2026-08-13T17:00:00,2026-07-26T16:30:00,completed,,2026-08-13T17:00:00,30,40,40,0,Phone,FALSE
A01431,C0160,Sarah,SV05,10/8/2026,2026-08-10T14:30:00,2026-08-10T17:00:00,2026-07-11T12:30:00,completed,,2026-08-10T17:00:00,150,325,325,0,In salon,FALSE
A01432,C0400,Sarah,SV02,10/8/2026,2026-08-12T16:15:00,2026-08-12T17:00:00,2026-07-29T12:15:00,completed,,2026-08-12T17:00:00,45,60,60,0,In salon,FALSE
A01433,C0205,Sam,SV01,10/8/2026,2026-08-12T13:45:00,2026-08-12T14:15:00,2026-07-27T13:45:00,completed,,2026-08-12T14:15:00,30,40,40,0,Online,FALSE
A01434,C0281,Sarah,SV01,10/8/2026,2026-08-12T10:00:00,2026-08-12T10:30:00,2026-07-20T10:00:00,completed,,2026-08-12T10:30:00,30,40,40,0,Phone,FALSE
A01435,C0109,Sarah,SV06,10/8/2026,2026-08-14T09:30:00,2026-08-14T12:30:00,2026-07-28T09:30:00,completed,,2026-08-14T12:30:00,180,390,390,0,In salon,FALSE
A01436,C0401,Sarah,SV01,10/8/2026,2026-08-12T12:45:00,2026-08-12T13:15:00,2026-08-04T11:45:00,completed,,2026-08-12T13:15:00,30,40,40,0,In salon,FALSE
A01437,C0410,Sarah,SV01,10/8/2026,2026-08-13T15:30:00,2026-08-13T16:00:00,2026-08-04T15:30:00,completed,,2026-08-13T16:00:00,30,40,40,0,Online,FALSE
A01438,C0405,Matthew,SV04,10/8/2026,2026-08-11T11:00:00,2026-08-11T13:00:00,2026-07-30T04:00:00,completed,,2026-08-11T13:00:00,120,240,240,0,Online,FALSE
A01439,C0399,Sarah,SV01,10/8/2026,2026-08-13T14:00:00,2026-08-13T14:30:00,2026-07-25T07:00:00,completed,,2026-08-13T14:30:00,30,40,40,0,Phone,FALSE
A01440,C0108,Matthew,SV05,10/8/2026,2026-08-10T14:30:00,2026-08-10T17:00:00,2026-07-28T12:30:00,completed,,2026-08-10T17:00:00,150,325,325,0,In salon,FALSE
A01441,C0408,Sarah,SV01,10/8/2026,2026-08-12T09:30:00,2026-08-12T10:00:00,2026-07-17T03:30:00,completed,,2026-08-12T10:00:00,30,40,40,0,Phone,FALSE
A01442,C0412,Sarah,SV01,10/8/2026,2026-08-13T15:00:00,2026-08-13T15:30:00,2026-07-25T09:00:00,completed,,2026-08-13T15:30:00,30,40,40,0,Online,FALSE
A01443,C0150,Sam,SV01,10/8/2026,2026-08-12T15:15:00,2026-08-12T15:45:00,2026-07-23T11:15:00,completed,,2026-08-12T15:45:00,30,40,40,0,Online,FALSE
A01444,C0151,Matthew,SV01,10/8/2026,2026-08-12T13:15:00,2026-08-12T13:45:00,2026-07-21T09:15:00,completed,,2026-08-12T13:45:00,30,40,40,0,Online,FALSE
A01445,C0380,Sarah,SV03,10/8/2026,2026-08-11T15:00:00,2026-08-11T16:00:00,2026-07-25T15:00:00,completed,,2026-08-11T16:00:00,60,100,100,0,Online,FALSE
A01446,C0426,Matthew,SV06,10/8/2026,2026-08-10T09:00:00,2026-08-10T12:00:00,2026-07-22T01:00:00,completed,,2026-08-10T12:00:00,180,390,390,0,In salon,FALSE
A01447,C0221,Matthew,SV01,10/8/2026,2026-08-12T12:15:00,2026-08-12T12:45:00,2026-07-23T07:15:00,completed,,2026-08-12T12:45:00,30,40,40,0,In salon,FALSE
A01448,C0207,Matthew,SV01,10/8/2026,2026-08-12T15:15:00,2026-08-12T15:45:00,2026-07-14T15:15:00,completed,,2026-08-12T15:45:00,30,40,40,0,Online,FALSE
A01449,C0119,Sarah,SV03,10/8/2026,2026-08-11T12:00:00,2026-08-11T13:00:00,2026-07-26T04:00:00,completed,,2026-08-11T13:00:00,60,100,100,0,In salon,FALSE
A01450,C0163,Sarah,SV01,10/8/2026,2026-08-13T14:30:00,2026-08-13T15:00:00,2026-07-31T12:30:00,completed,,2026-08-13T15:00:00,30,40,40,0,Online,FALSE
A01451,C0038,Sarah,SV02,10/8/2026,2026-08-12T11:15:00,2026-08-12T12:00:00,2026-07-12T07:15:00,completed,,2026-08-12T12:00:00,45,60,60,0,Phone,FALSE
A01452,C0210,Matthew,SV01,10/8/2026,2026-08-12T12:45:00,2026-08-12T13:15:00,2026-07-26T11:45:00,completed,,2026-08-12T13:15:00,30,40,40,0,Phone,FALSE
A01453,C0171,Sarah,SV01,10/8/2026,2026-08-12T09:00:00,2026-08-12T09:30:00,2026-07-23T06:00:00,completed,,2026-08-12T09:30:00,30,40,40,0,In salon,FALSE
A01454,C0429,Sarah,SV03,10/8/2026,2026-08-11T14:00:00,2026-08-11T15:00:00,2026-07-29T14:00:00,completed,,2026-08-11T15:00:00,60,100,100,0,In salon,FALSE
A01455,C0415,Sarah,SV03,10/8/2026,2026-08-12T14:00:00,2026-08-12T15:00:00,2026-07-13T09:00:00,completed,,2026-08-12T15:00:00,60,100,100,0,Phone,FALSE
A01456,C0212,Matthew,SV01,10/8/2026,2026-08-12T14:15:00,2026-08-12T14:45:00,2026-07-16T06:15:00,completed,,2026-08-12T14:45:00,30,40,40,0,Online,FALSE
A01457,C0423,Sarah,SV01,10/8/2026,2026-08-13T13:00:00,2026-08-13T13:30:00,2026-07-22T08:00:00,completed,,2026-08-13T13:30:00,30,40,40,0,Phone,FALSE
A01458,C0419,Sam,SV05,10/8/2026,2026-08-10T09:00:00,2026-08-10T11:30:00,2026-07-13T08:00:00,completed,,2026-08-10T11:30:00,150,325,325,0,In salon,FALSE
A01459,C0296,Sarah,SV03,10/8/2026,2026-08-11T09:00:00,2026-08-11T10:00:00,2026-07-12T04:00:00,completed,,2026-08-11T10:00:00,60,100,100,0,Phone,FALSE
A01460,C0404,Sarah,SV03,10/8/2026,2026-08-11T13:00:00,2026-08-11T14:00:00,2026-07-21T11:00:00,completed,,2026-08-11T14:00:00,60,100,100,0,In salon,FALSE
A01461,C0105,Sarah,SV01,10/8/2026,2026-08-13T12:30:00,2026-08-13T13:00:00,2026-08-02T07:30:00,completed,,2026-08-13T13:00:00,30,40,40,0,Phone,FALSE
A01462,C0430,Sarah,SV01,10/8/2026,2026-08-13T13:30:00,2026-08-13T14:00:00,2026-08-03T08:30:00,completed,,2026-08-13T14:00:00,30,40,40,0,In salon,FALSE
A01463,C0287,Sam,SV05,10/8/2026,2026-08-10T14:30:00,2026-08-10T17:00:00,2026-08-01T13:30:00,completed,,2026-08-10T17:00:00,150,325,325,0,In salon,FALSE
A01464,C0169,Matthew,SV04,10/8/2026,2026-08-11T13:00:00,2026-08-11T15:00:00,2026-07-29T10:00:00,completed,,2026-08-11T15:00:00,120,240,240,0,Phone,FALSE
A01465,C0407,Sam,SV01,10/8/2026,2026-08-12T15:45:00,2026-08-12T16:15:00,2026-07-16T08:45:00,completed,,2026-08-12T16:15:00,30,40,40,0,In salon,FALSE
A01466,C0433,Sam,SV04,10/8/2026,2026-08-11T13:00:00,2026-08-11T15:00:00,2026-07-17T08:00:00,completed,,2026-08-11T15:00:00,120,240,240,0,Phone,FALSE
A01467,C0424,Sam,SV01,10/8/2026,2026-08-12T14:15:00,2026-08-12T14:45:00,2026-07-15T09:15:00,completed,,2026-08-12T14:45:00,30,40,40,0,Online,FALSE
A01468,C0435,Sarah,SV01,10/8/2026,2026-08-13T10:30:00,2026-08-13T11:00:00,2026-07-18T07:30:00,completed,,2026-08-13T11:00:00,30,40,40,0,Online,FALSE
A01469,C0060,Matthew,SV04,10/8/2026,2026-08-11T09:00:00,2026-08-11T11:00:00,2026-07-16T08:00:00,completed,,2026-08-11T11:00:00,120,240,240,0,Online,FALSE
A01470,C0414,Sarah,SV03,10/8/2026,2026-08-10T11:00:00,2026-08-10T12:00:00,2026-07-09T10:00:00,completed,,2026-08-10T12:00:00,60,100,100,0,Phone,FALSE
A01471,C0431,Sarah,SV02,10/8/2026,2026-08-12T10:30:00,2026-08-12T11:15:00,2026-07-15T04:30:00,completed,,2026-08-12T11:15:00,45,60,60,0,Online,FALSE
A01472,C0312,Sarah,SV01,10/8/2026,2026-08-13T11:30:00,2026-08-13T12:00:00,2026-07-31T09:30:00,completed,,2026-08-13T12:00:00,30,40,40,0,Online,FALSE
A01473,C0301,Matthew,SV06,10/8/2026,2026-08-14T09:00:00,2026-08-14T12:00:00,2026-07-16T04:00:00,completed,,2026-08-14T12:00:00,180,390,390,0,Online,FALSE
A01474,C0415,Sarah,SV03,10/8/2026,2026-08-12T14:00:00,2026-08-12T15:00:00,2026-07-29T12:00:00,cancelled,2026-08-02T12:00:00,,60,100,0,0,Phone,FALSE
A01475,C0108,Matthew,SV05,10/8/2026,2026-08-10T14:30:00,2026-08-10T17:00:00,2026-07-29T12:00:00,cancelled,2026-08-02T12:00:00,,150,325,0,0,In salon,FALSE
A01476,C0613,Sam,SV01,17/8/2026,2026-08-19T13:45:00,2026-08-19T14:15:00,2026-07-17T06:45:00,completed,,2026-08-19T14:15:00,30,40,40,0,Phone,TRUE
A01477,C0614,Sarah,SV03,17/8/2026,2026-08-17T16:00:00,2026-08-17T17:00:00,2026-07-28T10:00:00,completed,,2026-08-17T17:00:00,60,100,100,0,In salon,TRUE
A01478,C0615,Matthew,SV01,17/8/2026,2026-08-19T14:00:00,2026-08-19T14:30:00,2026-07-30T14:00:00,completed,,2026-08-19T14:30:00,30,40,40,0,In salon,TRUE
A01479,C0616,Sarah,SV01,17/8/2026,2026-08-20T09:00:00,2026-08-20T09:30:00,2026-08-01T07:00:00,completed,,2026-08-20T09:30:00,30,40,40,0,In salon,TRUE
A01480,C0617,Sam,SV04,17/8/2026,2026-08-18T15:00:00,2026-08-18T17:00:00,2026-08-02T08:00:00,completed,,2026-08-18T17:00:00,120,240,240,0,In salon,TRUE
A01481,C0618,Sarah,SV03,17/8/2026,2026-08-18T12:00:00,2026-08-18T13:00:00,2026-07-25T04:00:00,completed,,2026-08-18T13:00:00,60,100,100,0,Online,TRUE
A01482,C0619,Sarah,SV02,17/8/2026,2026-08-19T09:30:00,2026-08-19T10:15:00,2026-07-26T03:30:00,completed,,2026-08-19T10:15:00,45,60,60,0,Online,TRUE
A01483,C0620,Matthew,SV04,17/8/2026,2026-08-18T09:00:00,2026-08-18T11:00:00,2026-07-29T05:00:00,completed,,2026-08-18T11:00:00,120,240,240,0,Online,TRUE
A01484,C0621,Sam,SV01,17/8/2026,2026-08-19T11:45:00,2026-08-19T12:15:00,2026-07-27T06:45:00,completed,,2026-08-19T12:15:00,30,40,40,0,In salon,TRUE
A01485,C0622,Sarah,SV02,17/8/2026,2026-08-19T15:45:00,2026-08-19T16:30:00,2026-07-28T10:45:00,completed,,2026-08-19T16:30:00,45,60,60,0,In salon,TRUE
A01486,C0623,Sam,SV01,17/8/2026,2026-08-19T10:45:00,2026-08-19T11:15:00,2026-08-11T03:45:00,completed,,2026-08-19T11:15:00,30,40,40,0,Online,TRUE
A01487,C0624,Matthew,SV06,17/8/2026,2026-08-17T09:00:00,2026-08-17T12:00:00,2026-08-07T04:00:00,completed,,2026-08-17T12:00:00,180,390,390,0,In salon,TRUE
A01488,C0625,Sarah,SV01,17/8/2026,2026-08-20T15:00:00,2026-08-20T15:30:00,2026-08-04T11:00:00,completed,,2026-08-20T15:30:00,30,40,40,0,In salon,TRUE
A01489,C0626,Sarah,SV01,17/8/2026,2026-08-20T16:30:00,2026-08-20T17:00:00,2026-07-29T14:30:00,completed,,2026-08-20T17:00:00,30,40,40,0,In salon,TRUE
A01490,C0627,Sarah,SV04,17/8/2026,2026-08-17T09:00:00,2026-08-17T11:00:00,2026-08-09T09:00:00,completed,,2026-08-17T11:00:00,120,240,240,0,Phone,TRUE
A01491,C0628,Sarah,SV03,17/8/2026,2026-08-18T14:00:00,2026-08-18T15:00:00,2026-08-04T11:00:00,completed,,2026-08-18T15:00:00,60,100,100,0,Phone,TRUE
A01492,C0629,Matthew,SV01,17/8/2026,2026-08-19T14:30:00,2026-08-19T15:00:00,2026-07-31T11:30:00,completed,,2026-08-19T15:00:00,30,40,40,0,Online,TRUE
A01493,C0630,Sam,SV06,17/8/2026,2026-08-21T12:00:00,2026-08-21T15:00:00,2026-07-22T08:00:00,completed,,2026-08-21T15:00:00,180,390,390,0,Phone,TRUE
A01494,C0631,Sarah,SV03,17/8/2026,2026-08-18T10:00:00,2026-08-18T11:00:00,2026-07-21T02:00:00,completed,,2026-08-18T11:00:00,60,100,100,0,Phone,TRUE
A01495,C0632,Matthew,SV01,17/8/2026,2026-08-18T14:30:00,2026-08-18T15:00:00,2026-07-23T11:30:00,completed,,2026-08-18T15:00:00,30,40,40,0,Phone,TRUE
A01496,C0633,Matthew,SV04,17/8/2026,2026-08-18T15:00:00,2026-08-18T17:00:00,2026-07-25T09:00:00,completed,,2026-08-18T17:00:00,120,240,240,0,Online,TRUE
A01497,C0634,Sarah,SV01,17/8/2026,2026-08-19T12:15:00,2026-08-19T12:45:00,2026-08-06T11:15:00,completed,,2026-08-19T12:45:00,30,40,40,0,In salon,TRUE
A01498,C0635,Sarah,SV01,17/8/2026,2026-08-21T14:30:00,2026-08-21T15:00:00,2026-08-12T08:30:00,completed,,2026-08-21T15:00:00,30,40,40,0,Phone,TRUE
A01499,C0145,Sam,SV06,17/8/2026,2026-08-21T09:00:00,2026-08-21T12:00:00,2026-08-05T04:00:00,completed,,2026-08-21T12:00:00,180,390,390,0,Online,FALSE
A01500,C0636,Matthew,SV01,17/8/2026,2026-08-19T16:00:00,2026-08-19T16:30:00,2026-08-06T13:00:00,completed,,2026-08-19T16:30:00,30,40,40,0,Phone,TRUE
A01501,C0637,Sarah,SV05,17/8/2026,2026-08-17T13:00:00,2026-08-17T15:30:00,2026-07-25T10:00:00,completed,,2026-08-17T15:30:00,150,325,325,0,Online,TRUE
A01502,C0420,Sam,SV01,17/8/2026,2026-08-19T13:15:00,2026-08-19T13:45:00,2026-07-15T12:15:00,completed,,2026-08-19T13:45:00,30,40,40,0,Online,FALSE
A01503,C0079,Sarah,SV01,17/8/2026,2026-08-19T14:30:00,2026-08-19T15:00:00,2026-08-01T08:30:00,completed,,2026-08-19T15:00:00,30,40,40,0,Phone,FALSE
A01504,C0290,Sarah,SV03,17/8/2026,2026-08-18T13:00:00,2026-08-18T14:00:00,2026-08-08T06:00:00,completed,,2026-08-18T14:00:00,60,100,100,0,In salon,FALSE
A01505,C0418,Sarah,SV02,17/8/2026,2026-08-19T11:30:00,2026-08-19T12:15:00,2026-07-19T07:30:00,completed,,2026-08-19T12:15:00,45,60,60,0,In salon,FALSE
A01506,C0227,Sarah,SV02,17/8/2026,2026-08-19T10:15:00,2026-08-19T11:00:00,2026-08-02T06:15:00,completed,,2026-08-19T11:00:00,45,60,60,0,Phone,FALSE
A01507,C0121,Sarah,SV01,17/8/2026,2026-08-20T12:30:00,2026-08-20T13:00:00,2026-07-25T07:30:00,completed,,2026-08-20T13:00:00,30,40,40,0,In salon,FALSE
A01508,C0436,Sarah,SV02,17/8/2026,2026-08-19T13:45:00,2026-08-19T14:30:00,2026-07-29T10:45:00,completed,,2026-08-19T14:30:00,45,60,60,0,Phone,FALSE
A01509,C0041,Sarah,SV02,17/8/2026,2026-08-19T15:00:00,2026-08-19T15:45:00,2026-07-26T09:00:00,completed,,2026-08-19T15:45:00,45,60,60,0,In salon,FALSE
A01510,C0317,Matthew,SV01,17/8/2026,2026-08-19T15:30:00,2026-08-19T16:00:00,2026-07-25T12:30:00,completed,,2026-08-19T16:00:00,30,40,40,0,Phone,FALSE
A01511,C0428,Sarah,SV01,17/8/2026,2026-08-20T13:30:00,2026-08-20T14:00:00,2026-08-12T09:30:00,completed,,2026-08-20T14:00:00,30,40,40,0,In salon,FALSE
A01512,C0031,Sarah,SV01,17/8/2026,2026-08-17T15:30:00,2026-08-17T16:00:00,2026-07-21T07:30:00,completed,,2026-08-17T16:00:00,30,40,40,0,Online,FALSE
A01513,C0037,Sarah,SV01,17/8/2026,2026-08-20T09:30:00,2026-08-20T10:00:00,2026-07-31T09:30:00,completed,,2026-08-20T10:00:00,30,40,40,0,Online,FALSE
A01514,C0132,Sarah,SV03,17/8/2026,2026-08-18T09:00:00,2026-08-18T10:00:00,2026-07-14T02:00:00,completed,,2026-08-18T10:00:00,60,100,100,0,Online,FALSE
A01515,C0080,Sarah,SV06,17/8/2026,2026-08-21T09:00:00,2026-08-21T12:00:00,2026-08-06T07:00:00,completed,,2026-08-21T12:00:00,180,390,390,0,Online,FALSE
A01516,C0295,Sarah,SV01,17/8/2026,2026-08-20T12:00:00,2026-08-20T12:30:00,2026-07-22T04:00:00,completed,,2026-08-20T12:30:00,30,40,40,0,Online,FALSE
A01517,C0033,Sam,SV01,17/8/2026,2026-08-19T10:15:00,2026-08-19T10:45:00,2026-08-11T02:15:00,completed,,2026-08-19T10:45:00,30,40,40,0,Phone,FALSE
A01518,C0303,Sarah,SV01,17/8/2026,2026-08-20T10:30:00,2026-08-20T11:00:00,2026-08-12T08:30:00,completed,,2026-08-20T11:00:00,30,40,40,0,In salon,FALSE
A01519,C0243,Matthew,SV04,17/8/2026,2026-08-19T11:30:00,2026-08-19T13:30:00,2026-07-30T10:30:00,completed,,2026-08-19T13:30:00,120,240,240,0,Phone,FALSE
A01520,C0126,Sam,SV04,17/8/2026,2026-08-18T13:00:00,2026-08-18T15:00:00,2026-07-21T09:00:00,completed,,2026-08-18T15:00:00,120,240,240,0,In salon,FALSE
A01521,C0206,Matthew,SV01,17/8/2026,2026-08-19T16:30:00,2026-08-19T17:00:00,2026-07-17T15:30:00,completed,,2026-08-19T17:00:00,30,40,40,0,In salon,FALSE
A01522,C0286,Sam,SV05,17/8/2026,2026-08-17T14:30:00,2026-08-17T17:00:00,2026-07-16T14:30:00,completed,,2026-08-17T17:00:00,150,325,325,0,Online,FALSE
A01523,C0113,Sarah,SV01,17/8/2026,2026-08-20T13:00:00,2026-08-20T13:30:00,2026-07-27T10:00:00,completed,,2026-08-20T13:30:00,30,40,40,0,In salon,FALSE
A01524,C0311,Sarah,SV01,17/8/2026,2026-08-20T11:00:00,2026-08-20T11:30:00,2026-07-29T11:00:00,completed,,2026-08-20T11:30:00,30,40,40,0,Online,FALSE
A01525,C0147,Sarah,SV01,17/8/2026,2026-08-20T15:30:00,2026-08-20T16:00:00,2026-08-10T10:30:00,completed,,2026-08-20T16:00:00,30,40,40,0,Online,FALSE
A01526,C0101,Sam,SV01,17/8/2026,2026-08-19T12:15:00,2026-08-19T12:45:00,2026-07-18T04:15:00,completed,,2026-08-19T12:45:00,30,40,40,0,Online,FALSE
A01527,C0339,Sarah,SV01,17/8/2026,2026-08-19T16:30:00,2026-08-19T17:00:00,2026-07-27T08:30:00,completed,,2026-08-19T17:00:00,30,40,40,0,Phone,FALSE
A01528,C0139,Sarah,SV01,17/8/2026,2026-08-19T11:00:00,2026-08-19T11:30:00,2026-07-29T09:00:00,completed,,2026-08-19T11:30:00,30,40,40,0,In salon,FALSE
A01529,C0440,Sam,SV04,17/8/2026,2026-08-18T09:00:00,2026-08-18T11:00:00,2026-07-24T03:00:00,completed,,2026-08-18T11:00:00,120,240,240,0,In salon,FALSE
A01530,C0447,Sarah,SV03,17/8/2026,2026-08-18T15:00:00,2026-08-18T16:00:00,2026-07-17T15:00:00,completed,,2026-08-18T16:00:00,60,100,100,0,Phone,FALSE
A01531,C0396,Sam,SV05,17/8/2026,2026-08-17T12:00:00,2026-08-17T14:30:00,2026-07-18T06:00:00,completed,,2026-08-17T14:30:00,150,325,325,0,Phone,FALSE
A01532,C0439,Matthew,SV06,17/8/2026,2026-08-21T12:00:00,2026-08-21T15:00:00,2026-07-17T04:00:00,completed,,2026-08-21T15:00:00,180,390,390,0,Online,FALSE
A01533,C0422,Sarah,SV04,17/8/2026,2026-08-17T11:00:00,2026-08-17T13:00:00,2026-07-21T08:00:00,completed,,2026-08-17T13:00:00,120,240,240,0,Online,FALSE
A01534,C0238,Sarah,SV05,17/8/2026,2026-08-21T12:00:00,2026-08-21T14:30:00,2026-07-30T08:00:00,completed,,2026-08-21T14:30:00,150,325,325,0,In salon,FALSE
A01535,C0299,Sam,SV04,17/8/2026,2026-08-18T11:00:00,2026-08-18T13:00:00,2026-07-15T08:00:00,completed,,2026-08-18T13:00:00,120,240,240,0,Phone,FALSE
A01536,C0194,Matthew,SV01,17/8/2026,2026-08-18T14:00:00,2026-08-18T14:30:00,2026-07-21T09:00:00,completed,,2026-08-18T14:30:00,30,40,40,0,Phone,FALSE
A01537,C0035,Sarah,SV03,17/8/2026,2026-08-18T11:00:00,2026-08-18T12:00:00,2026-08-02T03:00:00,completed,,2026-08-18T12:00:00,60,100,100,0,Phone,FALSE
A01538,C0335,Sarah,SV01,17/8/2026,2026-08-20T14:00:00,2026-08-20T14:30:00,2026-07-16T08:00:00,completed,,2026-08-20T14:30:00,30,40,40,0,In salon,FALSE
A01539,C0309,Matthew,SV05,17/8/2026,2026-08-18T11:30:00,2026-08-18T14:00:00,2026-07-25T06:30:00,completed,,2026-08-18T14:00:00,150,325,325,0,In salon,FALSE
A01540,C0093,Sam,SV01,17/8/2026,2026-08-19T14:15:00,2026-08-19T14:45:00,2026-07-29T09:15:00,completed,,2026-08-19T14:45:00,30,40,40,0,Online,FALSE
A01541,C0217,Sarah,SV01,17/8/2026,2026-08-20T10:00:00,2026-08-20T10:30:00,2026-07-20T03:00:00,completed,,2026-08-20T10:30:00,30,40,40,0,In salon,FALSE
A01542,C0321,Sarah,SV03,17/8/2026,2026-08-19T12:45:00,2026-08-19T13:45:00,2026-07-25T04:45:00,completed,,2026-08-19T13:45:00,60,100,100,0,In salon,FALSE
A01543,C0318,Sarah,SV01,17/8/2026,2026-08-19T09:00:00,2026-08-19T09:30:00,2026-08-01T04:00:00,completed,,2026-08-19T09:30:00,30,40,40,0,Phone,FALSE
A01544,C0313,Matthew,SV01,17/8/2026,2026-08-19T15:00:00,2026-08-19T15:30:00,2026-07-23T14:00:00,completed,,2026-08-19T15:30:00,30,40,40,0,Phone,FALSE
A01545,C0421,Sarah,SV03,17/8/2026,2026-08-18T16:00:00,2026-08-18T17:00:00,2026-08-06T13:00:00,completed,,2026-08-18T17:00:00,60,100,100,0,Online,FALSE
A01546,C0255,Sarah,SV01,17/8/2026,2026-08-20T16:00:00,2026-08-20T16:30:00,2026-07-18T12:00:00,completed,,2026-08-20T16:30:00,30,40,40,0,In salon,FALSE
A01547,C0457,Matthew,SV01,17/8/2026,2026-08-19T13:30:00,2026-08-19T14:00:00,2026-08-07T08:30:00,completed,,2026-08-19T14:00:00,30,40,40,0,Phone,FALSE
A01548,C0406,Sarah,SV01,17/8/2026,2026-08-20T11:30:00,2026-08-20T12:00:00,2026-08-08T10:30:00,completed,,2026-08-20T12:00:00,30,40,40,0,In salon,FALSE
A01549,C0092,Sam,SV01,17/8/2026,2026-08-19T12:45:00,2026-08-19T13:15:00,2026-08-05T08:45:00,completed,,2026-08-19T13:15:00,30,40,40,0,Phone,FALSE
A01550,C0026,Matthew,SV06,17/8/2026,2026-08-17T14:00:00,2026-08-17T17:00:00,2026-08-02T11:00:00,completed,,2026-08-17T17:00:00,180,390,390,0,In salon,FALSE
A01551,C0059,Sarah,SV01,17/8/2026,2026-08-20T14:30:00,2026-08-20T15:00:00,2026-08-02T07:30:00,completed,,2026-08-20T15:00:00,30,40,40,0,Online,FALSE
A01552,C0099,Sam,SV01,17/8/2026,2026-08-19T14:45:00,2026-08-19T15:15:00,2026-07-22T14:45:00,completed,,2026-08-19T15:15:00,30,40,40,0,In salon,FALSE
A01553,C0282,Sam,SV06,17/8/2026,2026-08-17T09:00:00,2026-08-17T12:00:00,2026-07-27T07:00:00,completed,,2026-08-17T12:00:00,180,390,390,0,Online,FALSE
A01554,C0241,Matthew,SV01,17/8/2026,2026-08-18T11:00:00,2026-08-18T11:30:00,2026-07-29T11:00:00,completed,,2026-08-18T11:30:00,30,40,40,0,Phone,FALSE
A01555,C0262,Sam,SV01,17/8/2026,2026-08-19T11:15:00,2026-08-19T11:45:00,2026-08-04T10:15:00,completed,,2026-08-19T11:45:00,30,40,40,0,Phone,FALSE
A01556,C0040,Matthew,SV06,17/8/2026,2026-08-21T09:00:00,2026-08-21T12:00:00,2026-08-02T01:00:00,completed,,2026-08-21T12:00:00,180,390,390,0,Phone,FALSE
A01557,C0053,Matthew,SV04,17/8/2026,2026-08-17T12:00:00,2026-08-17T14:00:00,2026-07-30T11:00:00,completed,,2026-08-17T14:00:00,120,240,240,0,In salon,FALSE
A01558,C0637,Sarah,SV05,17/8/2026,2026-08-17T13:00:00,2026-08-17T15:30:00,2026-08-05T12:00:00,cancelled,2026-08-09T12:00:00,,150,325,0,0,Online,TRUE
A01559,C0624,Matthew,SV06,17/8/2026,2026-08-17T09:00:00,2026-08-17T12:00:00,2026-08-05T12:00:00,cancelled,2026-08-09T12:00:00,,180,390,0,0,In salon,TRUE
A01560,C0439,Matthew,SV06,17/8/2026,2026-08-21T12:00:00,2026-08-21T15:00:00,2026-08-05T12:00:00,cancelled,2026-08-09T12:00:00,,180,390,0,0,Online,FALSE
A01561,C0638,Sarah,SV01,24/8/2026,2026-08-27T13:00:00,2026-08-27T13:30:00,2026-08-02T10:00:00,completed,,2026-08-27T13:30:00,30,40,40,0,Phone,TRUE
A01562,C0639,Sarah,SV01,24/8/2026,2026-08-27T15:30:00,2026-08-27T16:00:00,2026-08-07T11:30:00,completed,,2026-08-27T16:00:00,30,40,40,0,Phone,TRUE
A01563,C0640,Sarah,SV03,24/8/2026,2026-08-26T09:45:00,2026-08-26T10:45:00,2026-08-10T02:45:00,completed,,2026-08-26T10:45:00,60,100,100,0,Online,TRUE
A01564,C0641,Sarah,SV03,24/8/2026,2026-08-25T15:00:00,2026-08-25T16:00:00,2026-08-14T07:00:00,completed,,2026-08-25T16:00:00,60,100,100,0,Phone,TRUE
A01565,C0642,Sarah,SV01,24/8/2026,2026-08-27T13:30:00,2026-08-27T14:00:00,2026-08-04T12:30:00,completed,,2026-08-27T14:00:00,30,40,40,0,In salon,TRUE
A01566,C0643,Sarah,SV01,24/8/2026,2026-08-26T12:00:00,2026-08-26T12:30:00,2026-07-27T09:00:00,completed,,2026-08-26T12:30:00,30,40,40,0,In salon,TRUE
A01567,C0644,Matthew,SV01,24/8/2026,2026-08-26T12:30:00,2026-08-26T13:00:00,2026-08-12T09:30:00,completed,,2026-08-26T13:00:00,30,40,40,0,In salon,TRUE
A01568,C0645,Matthew,SV06,24/8/2026,2026-08-28T09:00:00,2026-08-28T12:00:00,2026-08-04T08:00:00,completed,,2026-08-28T12:00:00,180,390,390,0,Phone,TRUE
A01569,C0646,Sarah,SV02,24/8/2026,2026-08-26T13:45:00,2026-08-26T14:30:00,2026-07-26T11:45:00,completed,,2026-08-26T14:30:00,45,60,60,0,Phone,TRUE
A01570,C0647,Sarah,SV03,24/8/2026,2026-08-24T11:30:00,2026-08-24T12:30:00,2026-08-16T04:30:00,completed,,2026-08-24T12:30:00,60,100,100,0,Online,TRUE
A01571,C0648,Sarah,SV01,24/8/2026,2026-08-27T16:30:00,2026-08-27T17:00:00,2026-07-31T12:30:00,completed,,2026-08-27T17:00:00,30,40,40,0,Online,TRUE
A01572,C0649,Sam,SV01,24/8/2026,2026-08-26T12:00:00,2026-08-26T12:30:00,2026-07-31T05:00:00,completed,,2026-08-26T12:30:00,30,40,40,0,Online,TRUE
A01573,C0449,Sarah,SV03,24/8/2026,2026-08-25T16:00:00,2026-08-25T17:00:00,2026-07-25T16:00:00,completed,,2026-08-25T17:00:00,60,100,100,0,Online,FALSE
A01574,C0650,Matthew,SV04,24/8/2026,2026-08-25T13:00:00,2026-08-25T15:00:00,2026-08-12T09:00:00,completed,,2026-08-25T15:00:00,120,240,240,0,Online,TRUE
A01575,C0651,Sarah,SV02,24/8/2026,2026-08-26T09:00:00,2026-08-26T09:45:00,2026-07-28T03:00:00,completed,,2026-08-26T09:45:00,45,60,60,0,In salon,TRUE
A01576,C0652,Sam,SV06,24/8/2026,2026-08-28T12:00:00,2026-08-28T15:00:00,2026-08-07T05:00:00,completed,,2026-08-28T15:00:00,180,390,390,0,Online,TRUE
A01577,C0653,Sarah,SV01,24/8/2026,2026-08-26T10:45:00,2026-08-26T11:15:00,2026-08-17T04:45:00,completed,,2026-08-26T11:15:00,30,40,40,0,Online,TRUE
A01578,C0654,Sarah,SV01,24/8/2026,2026-08-26T15:15:00,2026-08-26T15:45:00,2026-08-18T08:15:00,completed,,2026-08-26T15:45:00,30,40,40,0,Online,TRUE
A01579,C0655,Sarah,SV01,24/8/2026,2026-08-24T09:00:00,2026-08-24T09:30:00,2026-08-03T09:00:00,completed,,2026-08-24T09:30:00,30,40,40,0,In salon,TRUE
A01580,C0656,Sam,SV06,24/8/2026,2026-08-24T14:00:00,2026-08-24T17:00:00,2026-07-28T09:00:00,completed,,2026-08-24T17:00:00,180,390,390,0,Phone,TRUE
A01581,C0657,Sarah,SV01,24/8/2026,2026-08-27T12:00:00,2026-08-27T12:30:00,2026-08-13T07:00:00,completed,,2026-08-27T12:30:00,30,40,40,0,Phone,TRUE
A01582,C0658,Sarah,SV01,24/8/2026,2026-08-27T11:00:00,2026-08-27T11:30:00,2026-08-09T06:00:00,completed,,2026-08-27T11:30:00,30,40,40,0,In salon,TRUE
A01583,C0659,Sarah,SV01,24/8/2026,2026-08-26T16:30:00,2026-08-26T17:00:00,2026-08-08T12:30:00,completed,,2026-08-26T17:00:00,30,40,40,0,Phone,TRUE
A01584,C0325,Sarah,SV03,24/8/2026,2026-08-25T11:00:00,2026-08-25T12:00:00,2026-07-26T03:00:00,completed,,2026-08-25T12:00:00,60,100,100,0,Online,FALSE
A01585,C0083,Sam,SV01,24/8/2026,2026-08-26T11:00:00,2026-08-26T11:30:00,2026-07-27T10:00:00,completed,,2026-08-26T11:30:00,30,40,40,0,Phone,FALSE
A01586,C0086,Sarah,SV02,24/8/2026,2026-08-26T12:30:00,2026-08-26T13:15:00,2026-07-22T04:30:00,completed,,2026-08-26T13:15:00,45,60,60,0,Online,FALSE
A01587,C0188,Matthew,SV01,24/8/2026,2026-08-26T12:00:00,2026-08-26T12:30:00,2026-08-07T06:00:00,completed,,2026-08-26T12:30:00,30,40,40,0,In salon,FALSE
A01588,C0448,Sam,SV01,24/8/2026,2026-08-26T11:30:00,2026-08-26T12:00:00,2026-07-24T05:30:00,completed,,2026-08-26T12:00:00,30,40,40,0,Phone,FALSE
A01589,C0307,Matthew,SV01,24/8/2026,2026-08-26T13:30:00,2026-08-26T14:00:00,2026-08-12T13:30:00,completed,,2026-08-26T14:00:00,30,40,40,0,Online,FALSE
A01590,C0444,Sarah,SV01,24/8/2026,2026-08-27T12:30:00,2026-08-27T13:00:00,2026-07-31T04:30:00,completed,,2026-08-27T13:00:00,30,40,40,0,Online,FALSE
A01591,C0438,Sarah,SV01,24/8/2026,2026-08-27T15:00:00,2026-08-27T15:30:00,2026-08-07T15:00:00,completed,,2026-08-27T15:30:00,30,40,40,0,In salon,FALSE
A01592,C0441,Sam,SV01,24/8/2026,2026-08-26T10:00:00,2026-08-26T10:30:00,2026-08-03T10:00:00,completed,,2026-08-26T10:30:00,30,40,40,0,Phone,FALSE
A01593,C0314,Matthew,SV01,24/8/2026,2026-08-26T14:00:00,2026-08-26T14:30:00,2026-08-14T06:00:00,completed,,2026-08-26T14:30:00,30,40,40,0,Phone,FALSE
A01594,C0660,Sam,SV06,24/8/2026,2026-08-28T09:00:00,2026-08-28T12:00:00,2026-07-31T09:00:00,completed,,2026-08-28T12:00:00,180,390,390,0,In salon,TRUE
A01595,C0442,Sam,SV01,24/8/2026,2026-08-26T09:30:00,2026-08-26T10:00:00,2026-07-30T06:30:00,completed,,2026-08-26T10:00:00,30,40,40,0,In salon,FALSE
A01596,C0455,Sarah,SV01,24/8/2026,2026-08-27T11:30:00,2026-08-27T12:00:00,2026-08-11T10:30:00,completed,,2026-08-27T12:00:00,30,40,40,0,Online,FALSE
A01597,C0661,Matthew,SV04,24/8/2026,2026-08-25T15:00:00,2026-08-25T17:00:00,2026-07-21T12:00:00,completed,,2026-08-25T17:00:00,120,240,240,0,Phone,TRUE
A01598,C0224,Sarah,SV03,24/8/2026,2026-08-25T10:00:00,2026-08-25T11:00:00,2026-07-23T10:00:00,completed,,2026-08-25T11:00:00,60,100,100,0,Online,FALSE
A01599,C0445,Matthew,SV06,24/8/2026,2026-08-28T12:00:00,2026-08-28T15:00:00,2026-08-05T05:00:00,completed,,2026-08-28T15:00:00,180,390,390,0,Online,FALSE
A01600,C0319,Sarah,SV01,24/8/2026,2026-08-27T10:30:00,2026-08-27T11:00:00,2026-08-19T03:30:00,completed,,2026-08-27T11:00:00,30,40,40,0,Online,FALSE
A01601,C0454,Sarah,SV04,24/8/2026,2026-08-24T15:00:00,2026-08-24T17:00:00,2026-07-21T10:00:00,completed,,2026-08-24T17:00:00,120,240,240,0,Online,FALSE
A01602,C0135,Sam,SV04,24/8/2026,2026-08-25T15:00:00,2026-08-25T17:00:00,2026-07-28T15:00:00,completed,,2026-08-25T17:00:00,120,240,240,0,Online,FALSE
A01603,C0310,Sarah,SV03,24/8/2026,2026-08-25T09:00:00,2026-08-25T10:00:00,2026-08-09T01:00:00,completed,,2026-08-25T10:00:00,60,100,100,0,Online,FALSE
A01604,C0452,Sarah,SV01,24/8/2026,2026-08-27T14:30:00,2026-08-27T15:00:00,2026-07-30T07:30:00,completed,,2026-08-27T15:00:00,30,40,40,0,In salon,FALSE
A01605,C0096,Matthew,SV01,24/8/2026,2026-08-26T13:00:00,2026-08-26T13:30:00,2026-08-15T11:00:00,completed,,2026-08-26T13:30:00,30,40,40,0,Online,FALSE
A01606,C0427,Matthew,SV05,24/8/2026,2026-08-24T09:00:00,2026-08-24T11:30:00,2026-07-28T02:00:00,completed,,2026-08-24T11:30:00,150,325,325,0,Phone,FALSE
A01607,C0306,Sarah,SV03,24/8/2026,2026-08-25T12:00:00,2026-08-25T13:00:00,2026-08-16T05:00:00,completed,,2026-08-25T13:00:00,60,100,100,0,In salon,FALSE
A01608,C0179,Sarah,SV01,24/8/2026,2026-08-27T09:00:00,2026-08-27T09:30:00,2026-08-01T08:00:00,completed,,2026-08-27T09:30:00,30,40,40,0,Phone,FALSE
A01609,C0446,Sarah,SV02,24/8/2026,2026-08-26T11:15:00,2026-08-26T12:00:00,2026-08-18T07:15:00,completed,,2026-08-26T12:00:00,45,60,60,0,Phone,FALSE
A01610,C0459,Matthew,SV05,24/8/2026,2026-08-24T11:30:00,2026-08-24T14:00:00,2026-07-22T11:30:00,completed,,2026-08-24T14:00:00,150,325,325,0,In salon,FALSE
A01611,C0450,Sam,SV05,24/8/2026,2026-08-24T09:00:00,2026-08-24T11:30:00,2026-08-08T03:00:00,completed,,2026-08-24T11:30:00,150,325,325,0,Online,FALSE
A01612,C0456,Sarah,SV01,24/8/2026,2026-08-28T09:00:00,2026-08-28T09:30:00,2026-07-29T05:00:00,completed,,2026-08-28T09:30:00,30,40,40,0,Phone,FALSE
A01613,C0329,Matthew,SV04,24/8/2026,2026-08-25T11:00:00,2026-08-25T13:00:00,2026-08-02T07:00:00,completed,,2026-08-25T13:00:00,120,240,240,0,In salon,FALSE
A01614,C0195,Matthew,SV01,24/8/2026,2026-08-26T15:30:00,2026-08-26T16:00:00,2026-07-25T13:30:00,completed,,2026-08-26T16:00:00,30,40,40,0,Phone,FALSE
A01615,C0166,Sarah,SV05,24/8/2026,2026-08-24T12:30:00,2026-08-24T15:00:00,2026-07-20T06:30:00,completed,,2026-08-24T15:00:00,150,325,325,0,In salon,FALSE
A01616,C0308,Sarah,SV01,24/8/2026,2026-08-27T14:00:00,2026-08-27T14:30:00,2026-08-13T09:00:00,completed,,2026-08-27T14:30:00,30,40,40,0,Online,FALSE
A01617,C0226,Sarah,SV04,24/8/2026,2026-08-24T09:30:00,2026-08-24T11:30:00,2026-08-13T09:30:00,completed,,2026-08-24T11:30:00,120,240,240,0,In salon,FALSE
A01618,C0095,Sarah,SV03,24/8/2026,2026-08-25T14:00:00,2026-08-25T15:00:00,2026-08-04T13:00:00,completed,,2026-08-25T15:00:00,60,100,100,0,In salon,FALSE
A01619,C0234,Sam,SV04,24/8/2026,2026-08-25T09:00:00,2026-08-25T11:00:00,2026-07-28T07:00:00,completed,,2026-08-25T11:00:00,120,240,240,0,In salon,FALSE
A01620,C0458,Sarah,SV03,24/8/2026,2026-08-25T13:00:00,2026-08-25T14:00:00,2026-08-07T13:00:00,completed,,2026-08-25T14:00:00,60,100,100,0,Online,FALSE
A01621,C0337,Sarah,SV01,24/8/2026,2026-08-27T10:00:00,2026-08-27T10:30:00,2026-08-03T06:00:00,completed,,2026-08-27T10:30:00,30,40,40,0,In salon,FALSE
A01622,C0443,Sarah,SV06,24/8/2026,2026-08-28T09:30:00,2026-08-28T12:30:00,2026-07-26T01:30:00,completed,,2026-08-28T12:30:00,180,390,390,0,Online,FALSE
A01623,C0425,Matthew,SV01,24/8/2026,2026-08-26T15:00:00,2026-08-26T15:30:00,2026-07-27T10:00:00,completed,,2026-08-26T15:30:00,30,40,40,0,In salon,FALSE
A01624,C0192,Sam,SV01,24/8/2026,2026-08-26T09:00:00,2026-08-26T09:30:00,2026-08-06T06:00:00,completed,,2026-08-26T09:30:00,30,40,40,0,In salon,FALSE
A01625,C0027,Sarah,SV01,24/8/2026,2026-08-27T09:30:00,2026-08-27T10:00:00,2026-08-16T09:30:00,completed,,2026-08-27T10:00:00,30,40,40,0,Online,FALSE
A01626,C0028,Sarah,SV01,24/8/2026,2026-08-26T13:15:00,2026-08-26T13:45:00,2026-07-24T07:15:00,completed,,2026-08-26T13:45:00,30,40,40,0,In salon,FALSE
A01627,C0061,Sam,SV01,24/8/2026,2026-08-26T12:30:00,2026-08-26T13:00:00,2026-08-05T09:30:00,completed,,2026-08-26T13:00:00,30,40,40,0,Online,FALSE
A01628,C0453,Matthew,SV01,24/8/2026,2026-08-26T16:00:00,2026-08-26T16:30:00,2026-07-31T09:00:00,completed,,2026-08-26T16:30:00,30,40,40,0,In salon,FALSE
A01629,C0148,Sarah,SV02,24/8/2026,2026-08-26T15:45:00,2026-08-26T16:30:00,2026-08-02T13:45:00,completed,,2026-08-26T16:30:00,45,60,60,0,Phone,FALSE
A01630,C0467,Sam,SV05,24/8/2026,2026-08-24T11:30:00,2026-08-24T14:00:00,2026-08-11T11:30:00,completed,,2026-08-24T14:00:00,150,325,325,0,Phone,FALSE
A01631,C0464,Matthew,SV06,24/8/2026,2026-08-24T14:00:00,2026-08-24T17:00:00,2026-08-10T14:00:00,completed,,2026-08-24T17:00:00,180,390,390,0,In salon,FALSE
A01632,C0316,Matthew,SV01,24/8/2026,2026-08-26T14:30:00,2026-08-26T15:00:00,2026-08-11T13:30:00,completed,,2026-08-26T15:00:00,30,40,40,0,Online,FALSE
A01633,C0283,Sarah,SV01,24/8/2026,2026-08-27T16:00:00,2026-08-27T16:30:00,2026-07-27T16:00:00,completed,,2026-08-27T16:30:00,30,40,40,0,Phone,FALSE
A01634,C0211,Sarah,SV05,24/8/2026,2026-08-28T12:30:00,2026-08-28T15:00:00,2026-08-05T04:30:00,completed,,2026-08-28T15:00:00,150,325,325,0,Phone,FALSE
A01635,C0180,Sam,SV01,24/8/2026,2026-08-26T10:30:00,2026-08-26T11:00:00,2026-08-14T05:30:00,completed,,2026-08-26T11:00:00,30,40,40,0,In salon,FALSE
A01636,C0470,Sarah,SV02,24/8/2026,2026-08-26T14:30:00,2026-08-26T15:15:00,2026-07-26T07:30:00,completed,,2026-08-26T15:15:00,45,60,60,0,Phone,FALSE
A01637,C0474,Matthew,SV04,24/8/2026,2026-08-25T09:00:00,2026-08-25T11:00:00,2026-08-01T02:00:00,completed,,2026-08-25T11:00:00,120,240,240,0,Phone,FALSE
A01638,C0437,Sam,SV04,24/8/2026,2026-08-25T13:00:00,2026-08-25T15:00:00,2026-08-04T10:00:00,completed,,2026-08-25T15:00:00,120,240,240,0,Phone,FALSE
A01639,C0462,Sam,SV04,24/8/2026,2026-08-25T11:00:00,2026-08-25T13:00:00,2026-08-09T04:00:00,completed,,2026-08-25T13:00:00,120,240,240,0,In salon,FALSE
A01640,C0446,Sarah,SV02,24/8/2026,2026-08-26T11:15:00,2026-08-26T12:00:00,2026-08-12T12:00:00,cancelled,2026-08-16T12:00:00,,45,60,0,0,Phone,FALSE
A01641,C0647,Sarah,SV03,24/8/2026,2026-08-24T11:30:00,2026-08-24T12:30:00,2026-08-12T12:00:00,cancelled,2026-08-16T12:00:00,,60,100,0,0,Online,TRUE
A01642,C0452,Sarah,SV01,24/8/2026,2026-08-27T14:30:00,2026-08-27T15:00:00,2026-08-12T12:00:00,cancelled,2026-08-16T12:00:00,,30,40,0,0,In salon,FALSE
A01643,C0662,Matthew,SV06,31/8/2026,2026-09-04T12:00:00,2026-09-04T15:00:00,2026-08-11T10:00:00,completed,,2026-09-04T15:00:00,180,390,390,0,Online,TRUE
A01644,C0663,Sarah,SV01,31/8/2026,2026-09-02T16:30:00,2026-09-02T17:00:00,2026-08-22T16:30:00,completed,,2026-09-02T17:00:00,30,40,40,0,Online,TRUE
A01645,C0664,Sarah,SV03,31/8/2026,2026-09-01T12:00:00,2026-09-01T13:00:00,2026-08-18T12:00:00,completed,,2026-09-01T13:00:00,60,100,100,0,In salon,TRUE
A01646,C0665,Sarah,SV01,31/8/2026,2026-09-03T09:30:00,2026-09-03T10:00:00,2026-08-26T09:30:00,completed,,2026-09-03T10:00:00,30,40,40,0,Phone,TRUE
A01647,C0666,Sarah,SV01,31/8/2026,2026-09-03T10:30:00,2026-09-03T11:00:00,2026-08-14T10:30:00,completed,,2026-09-03T11:00:00,30,40,40,0,Phone,TRUE
A01648,C0667,Sarah,SV03,31/8/2026,2026-09-01T15:00:00,2026-09-01T16:00:00,2026-08-22T15:00:00,completed,,2026-09-01T16:00:00,60,100,100,0,In salon,TRUE
A01649,C0668,Sarah,SV01,31/8/2026,2026-09-03T12:30:00,2026-09-03T13:00:00,2026-08-13T05:30:00,completed,,2026-09-03T13:00:00,30,40,40,0,Phone,TRUE
A01650,C0669,Matthew,SV01,31/8/2026,2026-09-02T11:15:00,2026-09-02T11:45:00,2026-08-15T08:15:00,completed,,2026-09-02T11:45:00,30,40,40,0,Online,TRUE
A01651,C0670,Matthew,SV01,31/8/2026,2026-09-02T12:45:00,2026-09-02T13:15:00,2026-08-01T07:45:00,completed,,2026-09-02T13:15:00,30,40,40,0,In salon,TRUE
A01652,C0671,Sarah,SV03,31/8/2026,2026-09-01T13:00:00,2026-09-01T14:00:00,2026-08-11T11:00:00,completed,,2026-09-01T14:00:00,60,100,100,0,Phone,TRUE
A01653,C0672,Sarah,SV03,31/8/2026,2026-09-01T16:00:00,2026-09-01T17:00:00,2026-08-11T09:00:00,completed,,2026-09-01T17:00:00,60,100,100,0,Online,TRUE
A01654,C0673,Sam,SV01,31/8/2026,2026-09-02T12:15:00,2026-09-02T12:45:00,2026-08-09T12:15:00,completed,,2026-09-02T12:45:00,30,40,40,0,In salon,TRUE
A01655,C0674,Sarah,SV01,31/8/2026,2026-09-03T11:00:00,2026-09-03T11:30:00,2026-08-02T08:00:00,completed,,2026-09-03T11:30:00,30,40,40,0,Phone,TRUE
A01656,C0675,Sam,SV06,31/8/2026,2026-09-04T09:00:00,2026-09-04T12:00:00,2026-08-27T04:00:00,completed,,2026-09-04T12:00:00,180,390,390,0,Online,TRUE
A01657,C0304,Sarah,SV02,31/8/2026,2026-09-02T11:30:00,2026-09-02T12:15:00,2026-08-15T06:30:00,completed,,2026-09-02T12:15:00,45,60,60,0,Phone,FALSE
A01658,C0676,Matthew,SV01,31/8/2026,2026-09-01T14:30:00,2026-09-01T15:00:00,2026-08-04T10:30:00,completed,,2026-09-01T15:00:00,30,40,40,0,In salon,TRUE
A01659,C0677,Matthew,SV06,31/8/2026,2026-08-31T12:00:00,2026-08-31T15:00:00,2026-07-30T09:00:00,completed,,2026-08-31T15:00:00,180,390,390,0,Online,TRUE
A01660,C0678,Sarah,SV03,31/8/2026,2026-09-01T11:00:00,2026-09-01T12:00:00,2026-08-13T09:00:00,completed,,2026-09-01T12:00:00,60,100,100,0,Phone,TRUE
A01661,C0679,Sam,SV01,31/8/2026,2026-09-02T13:15:00,2026-09-02T13:45:00,2026-08-21T12:15:00,completed,,2026-09-02T13:45:00,30,40,40,0,In salon,TRUE
A01662,C0680,Sarah,SV05,31/8/2026,2026-08-31T09:00:00,2026-08-31T11:30:00,2026-08-08T04:00:00,completed,,2026-08-31T11:30:00,150,325,325,0,Phone,TRUE
A01663,C0681,Sam,SV01,31/8/2026,2026-09-02T13:45:00,2026-09-02T14:15:00,2026-07-30T13:45:00,completed,,2026-09-02T14:15:00,30,40,40,0,Phone,TRUE
A01664,C0682,Sarah,SV03,31/8/2026,2026-09-01T14:00:00,2026-09-01T15:00:00,2026-08-05T09:00:00,completed,,2026-09-01T15:00:00,60,100,100,0,Phone,TRUE
A01665,C0215,Sarah,SV03,31/8/2026,2026-09-02T14:30:00,2026-09-02T15:30:00,2026-08-05T06:30:00,completed,,2026-09-02T15:30:00,60,100,100,0,Phone,FALSE
A01666,C0683,Sarah,SV01,31/8/2026,2026-09-03T14:30:00,2026-09-03T15:00:00,2026-08-06T07:30:00,completed,,2026-09-03T15:00:00,30,40,40,0,Phone,TRUE
A01667,C0684,Matthew,SV01,31/8/2026,2026-09-01T11:30:00,2026-09-01T12:00:00,2026-08-17T10:30:00,completed,,2026-09-01T12:00:00,30,40,40,0,Phone,TRUE
A01668,C0466,Sarah,SV04,31/8/2026,2026-08-31T12:30:00,2026-08-31T14:30:00,2026-08-20T04:30:00,completed,,2026-08-31T14:30:00,120,240,240,0,Online,FALSE
A01669,C0204,Sarah,SV01,31/8/2026,2026-09-02T09:45:00,2026-09-02T10:15:00,2026-08-15T08:45:00,completed,,2026-09-02T10:15:00,30,40,40,0,Phone,FALSE
A01670,C0237,Sarah,SV01,31/8/2026,2026-09-03T14:00:00,2026-09-03T14:30:00,2026-08-25T06:00:00,completed,,2026-09-03T14:30:00,30,40,40,0,Online,FALSE
A01671,C0685,Sarah,SV06,31/8/2026,2026-09-04T12:00:00,2026-09-04T15:00:00,2026-08-02T04:00:00,completed,,2026-09-04T15:00:00,180,390,390,0,Online,TRUE
A01672,C0341,Matthew,SV04,31/8/2026,2026-08-31T15:00:00,2026-08-31T17:00:00,2026-08-19T12:00:00,completed,,2026-08-31T17:00:00,120,240,240,0,Phone,FALSE
A01673,C0336,Matthew,SV06,31/8/2026,2026-08-31T09:00:00,2026-08-31T12:00:00,2026-08-02T05:00:00,completed,,2026-08-31T12:00:00,180,390,390,0,In salon,FALSE
A01674,C0177,Sarah,SV01,31/8/2026,2026-09-03T16:00:00,2026-09-03T16:30:00,2026-08-19T11:00:00,completed,,2026-09-03T16:30:00,30,40,40,0,Phone,FALSE
A01675,C0460,Sarah,SV01,31/8/2026,2026-09-03T15:00:00,2026-09-03T15:30:00,2026-08-20T10:00:00,completed,,2026-09-03T15:30:00,30,40,40,0,Phone,FALSE
A01676,C0225,Sam,SV01,31/8/2026,2026-09-02T14:45:00,2026-09-02T15:15:00,2026-08-19T14:45:00,completed,,2026-09-02T15:15:00,30,40,40,0,Phone,FALSE
A01677,C0047,Sam,SV05,31/8/2026,2026-08-31T14:30:00,2026-08-31T17:00:00,2026-08-03T06:30:00,completed,,2026-08-31T17:00:00,150,325,325,0,In salon,FALSE
A01678,C0223,Sarah,SV01,31/8/2026,2026-08-31T14:30:00,2026-08-31T15:00:00,2026-08-11T08:30:00,completed,,2026-08-31T15:00:00,30,40,40,0,Phone,FALSE
A01679,C0240,Matthew,SV04,31/8/2026,2026-09-01T15:00:00,2026-09-01T17:00:00,2026-07-28T14:00:00,completed,,2026-09-01T17:00:00,120,240,240,0,Phone,FALSE
A01680,C0294,Sarah,SV03,31/8/2026,2026-09-01T10:00:00,2026-09-01T11:00:00,2026-08-10T06:00:00,completed,,2026-09-01T11:00:00,60,100,100,0,In salon,FALSE
A01681,C0034,Sarah,SV02,31/8/2026,2026-09-02T09:00:00,2026-09-02T09:45:00,2026-08-11T01:00:00,completed,,2026-09-02T09:45:00,45,60,60,0,Online,FALSE
A01682,C0432,Sarah,SV02,31/8/2026,2026-09-02T10:45:00,2026-09-02T11:30:00,2026-08-10T03:45:00,completed,,2026-09-02T11:30:00,45,60,60,0,In salon,FALSE
A01683,C0125,Sam,SV05,31/8/2026,2026-08-31T12:00:00,2026-08-31T14:30:00,2026-08-14T04:00:00,completed,,2026-08-31T14:30:00,150,325,325,0,In salon,FALSE
A01684,C0333,Sam,SV06,31/8/2026,2026-09-04T12:00:00,2026-09-04T15:00:00,2026-08-17T09:00:00,completed,,2026-09-04T15:00:00,180,390,390,0,Phone,FALSE
A01685,C0124,Sam,SV01,31/8/2026,2026-09-02T12:45:00,2026-09-02T13:15:00,2026-08-05T08:45:00,completed,,2026-09-02T13:15:00,30,40,40,0,Phone,FALSE
A01686,C0469,Sam,SV06,31/8/2026,2026-08-31T09:00:00,2026-08-31T12:00:00,2026-08-09T05:00:00,completed,,2026-08-31T12:00:00,180,390,390,0,Online,FALSE
A01687,C0323,Sarah,SV02,31/8/2026,2026-09-02T13:00:00,2026-09-02T13:45:00,2026-08-24T09:00:00,completed,,2026-09-02T13:45:00,45,60,60,0,Phone,FALSE
A01688,C0476,Sam,SV01,31/8/2026,2026-09-02T14:15:00,2026-09-02T14:45:00,2026-07-29T13:15:00,completed,,2026-09-02T14:45:00,30,40,40,0,In salon,FALSE
A01689,C0327,Matthew,SV04,31/8/2026,2026-09-01T12:00:00,2026-09-01T14:00:00,2026-07-31T09:00:00,completed,,2026-09-01T14:00:00,120,240,240,0,Online,FALSE
A01690,C0434,Sarah,SV01,31/8/2026,2026-09-04T09:00:00,2026-09-04T09:30:00,2026-07-31T01:00:00,completed,,2026-09-04T09:30:00,30,40,40,0,Online,FALSE
A01691,C0475,Sam,SV01,31/8/2026,2026-09-02T15:15:00,2026-09-02T15:45:00,2026-07-30T14:15:00,completed,,2026-09-02T15:45:00,30,40,40,0,Online,FALSE
A01692,C0465,Sam,SV01,31/8/2026,2026-09-02T11:15:00,2026-09-02T11:45:00,2026-08-19T09:15:00,completed,,2026-09-02T11:45:00,30,40,40,0,Phone,FALSE
A01693,C0219,Sarah,SV01,31/8/2026,2026-09-03T15:30:00,2026-09-03T16:00:00,2026-08-14T10:30:00,completed,,2026-09-03T16:00:00,30,40,40,0,Phone,FALSE
A01694,C0305,Matthew,SV01,31/8/2026,2026-09-02T12:15:00,2026-09-02T12:45:00,2026-08-05T09:15:00,completed,,2026-09-02T12:45:00,30,40,40,0,In salon,FALSE
A01695,C0149,Sam,SV01,31/8/2026,2026-09-02T11:45:00,2026-09-02T12:15:00,2026-08-15T08:45:00,completed,,2026-09-02T12:15:00,30,40,40,0,In salon,FALSE
A01696,C0213,Matthew,SV01,31/8/2026,2026-09-02T11:45:00,2026-09-02T12:15:00,2026-08-03T10:45:00,completed,,2026-09-02T12:15:00,30,40,40,0,In salon,FALSE
A01697,C0073,Sarah,SV02,31/8/2026,2026-09-02T13:45:00,2026-09-02T14:30:00,2026-08-10T12:45:00,completed,,2026-09-02T14:30:00,45,60,60,0,Phone,FALSE
A01698,C0468,Sarah,SV01,31/8/2026,2026-09-03T16:30:00,2026-09-03T17:00:00,2026-07-30T09:30:00,completed,,2026-09-03T17:00:00,30,40,40,0,Phone,FALSE
A01699,C0032,Sarah,SV01,31/8/2026,2026-09-03T10:00:00,2026-09-03T10:30:00,2026-08-13T05:00:00,completed,,2026-09-03T10:30:00,30,40,40,0,In salon,FALSE
A01700,C0492,Sam,SV04,31/8/2026,2026-09-01T13:00:00,2026-09-01T15:00:00,2026-08-18T05:00:00,completed,,2026-09-01T15:00:00,120,240,240,0,Online,FALSE
A01701,C0025,Sam,SV04,31/8/2026,2026-09-01T09:00:00,2026-09-01T11:00:00,2026-08-05T09:00:00,completed,,2026-09-01T11:00:00,120,240,240,0,Online,FALSE
A01702,C0463,Sarah,SV01,31/8/2026,2026-09-03T09:00:00,2026-09-03T09:30:00,2026-08-01T01:00:00,completed,,2026-09-03T09:30:00,30,40,40,0,Phone,FALSE
A01703,C0328,Matthew,SV06,31/8/2026,2026-09-04T09:00:00,2026-09-04T12:00:00,2026-08-15T01:00:00,completed,,2026-09-04T12:00:00,180,390,390,0,Online,FALSE
A01704,C0164,Matthew,SV01,31/8/2026,2026-09-02T15:15:00,2026-09-02T15:45:00,2026-08-16T14:15:00,completed,,2026-09-02T15:45:00,30,40,40,0,Phone,FALSE
A01705,C0222,Sarah,SV01,31/8/2026,2026-09-03T13:00:00,2026-09-03T13:30:00,2026-08-11T12:00:00,completed,,2026-09-03T13:30:00,30,40,40,0,Phone,FALSE
A01706,C0045,Sarah,SV01,31/8/2026,2026-09-02T16:00:00,2026-09-02T16:30:00,2026-08-23T16:00:00,completed,,2026-09-02T16:30:00,30,40,40,0,In salon,FALSE
A01707,C0330,Sarah,SV01,31/8/2026,2026-09-02T15:30:00,2026-09-02T16:00:00,2026-08-20T11:30:00,completed,,2026-09-02T16:00:00,30,40,40,0,Phone,FALSE
A01708,C0471,Matthew,SV05,31/8/2026,2026-09-01T09:00:00,2026-09-01T11:30:00,2026-08-07T05:00:00,completed,,2026-09-01T11:30:00,150,325,325,0,Online,FALSE
A01709,C0197,Sarah,SV03,31/8/2026,2026-09-01T09:00:00,2026-09-01T10:00:00,2026-08-06T02:00:00,completed,,2026-09-01T10:00:00,60,100,100,0,Online,FALSE
A01710,C0117,Matthew,SV01,31/8/2026,2026-09-02T15:45:00,2026-09-02T16:15:00,2026-08-06T13:45:00,completed,,2026-09-02T16:15:00,30,40,40,0,Phone,FALSE
A01711,C0122,Sarah,SV02,31/8/2026,2026-09-02T12:15:00,2026-09-02T13:00:00,2026-08-21T06:15:00,completed,,2026-09-02T13:00:00,45,60,60,0,Phone,FALSE
A01712,C0484,Sarah,SV01,31/8/2026,2026-09-02T10:15:00,2026-09-02T10:45:00,2026-08-02T08:15:00,completed,,2026-09-02T10:45:00,30,40,40,0,In salon,FALSE
A01713,C0123,Matthew,SV01,31/8/2026,2026-09-01T14:00:00,2026-09-01T14:30:00,2026-08-22T11:00:00,completed,,2026-09-01T14:30:00,30,40,40,0,In salon,FALSE
A01714,C0056,Sam,SV04,31/8/2026,2026-09-01T11:00:00,2026-09-01T13:00:00,2026-08-07T09:00:00,completed,,2026-09-01T13:00:00,120,240,240,0,In salon,FALSE
A01715,C0068,Sarah,SV01,31/8/2026,2026-09-03T11:30:00,2026-09-03T12:00:00,2026-08-16T10:30:00,completed,,2026-09-03T12:00:00,30,40,40,0,Online,FALSE
A01716,C0069,Sarah,SV01,31/8/2026,2026-09-03T12:00:00,2026-09-03T12:30:00,2026-08-02T09:00:00,completed,,2026-09-03T12:30:00,30,40,40,0,Phone,FALSE
A01717,C0482,Sarah,SV04,31/8/2026,2026-08-31T15:00:00,2026-08-31T17:00:00,2026-08-08T09:00:00,completed,,2026-08-31T17:00:00,120,240,240,0,Phone,FALSE
A01718,C0326,Sarah,SV01,31/8/2026,2026-09-03T13:30:00,2026-09-03T14:00:00,2026-08-25T08:30:00,completed,,2026-09-03T14:00:00,30,40,40,0,Online,FALSE
A01719,C0173,Sam,SV01,31/8/2026,2026-09-02T15:45:00,2026-09-02T16:15:00,2026-08-23T13:45:00,completed,,2026-09-02T16:15:00,30,40,40,0,Online,FALSE
A01720,C0172,Matthew,SV04,31/8/2026,2026-09-02T13:15:00,2026-09-02T15:15:00,2026-08-05T13:15:00,completed,,2026-09-02T15:15:00,120,240,240,0,In salon,FALSE
A01721,C0347,Sam,SV04,31/8/2026,2026-09-01T15:00:00,2026-09-01T17:00:00,2026-08-09T08:00:00,completed,,2026-09-01T17:00:00,120,240,240,0,Online,FALSE
A01722,C0236,Sarah,SV03,31/8/2026,2026-08-31T11:30:00,2026-08-31T12:30:00,2026-08-05T09:30:00,completed,,2026-08-31T12:30:00,60,100,100,0,In salon,FALSE
A01723,C0067,Sarah,SV05,31/8/2026,2026-09-04T09:30:00,2026-09-04T12:00:00,2026-08-14T07:30:00,completed,,2026-09-04T12:00:00,150,325,325,0,In salon,FALSE
A01724,C0124,Sam,SV01,31/8/2026,2026-09-02T12:45:00,2026-09-02T13:15:00,2026-08-19T12:00:00,cancelled,2026-08-23T12:00:00,,30,40,0,0,Phone,FALSE
A01725,C0117,Matthew,SV01,31/8/2026,2026-09-02T15:45:00,2026-09-02T16:15:00,2026-08-19T12:00:00,cancelled,2026-08-23T12:00:00,,30,40,0,0,Phone,FALSE
A01726,C0685,Sarah,SV06,31/8/2026,2026-09-04T12:00:00,2026-09-04T15:00:00,2026-08-19T12:00:00,cancelled,2026-08-23T12:00:00,,180,390,0,0,Online,TRUE
A01727,C0473,Matthew,SV01,7/9/2026,2026-09-08T14:00:00,2026-09-08T14:30:00,2026-08-17T09:00:00,completed,,2026-09-08T14:30:00,30,40,40,0,Online,FALSE
A01728,C0049,Matthew,SV01,7/9/2026,2026-09-09T12:45:00,2026-09-09T13:15:00,2026-08-07T05:45:00,completed,,2026-09-09T13:15:00,30,40,40,0,Phone,FALSE
A01729,C0320,Matthew,SV01,7/9/2026,2026-09-08T12:30:00,2026-09-08T13:00:00,2026-08-17T10:30:00,completed,,2026-09-08T13:00:00,30,40,40,0,Online,FALSE
A01730,C0686,Sarah,SV01,7/9/2026,2026-09-10T13:30:00,2026-09-10T14:00:00,2026-08-07T08:30:00,completed,,2026-09-10T14:00:00,30,40,40,0,In salon,TRUE
A01731,C0486,Matthew,SV01,7/9/2026,2026-09-08T16:00:00,2026-09-08T16:30:00,2026-08-19T10:00:00,completed,,2026-09-08T16:30:00,30,40,40,0,In salon,FALSE
A01732,C0481,Sarah,SV01,7/9/2026,2026-09-10T10:00:00,2026-09-10T10:30:00,2026-08-29T02:00:00,completed,,2026-09-10T10:30:00,30,40,40,0,Online,FALSE
A01733,C0342,Sarah,SV03,7/9/2026,2026-09-08T14:00:00,2026-09-08T15:00:00,2026-08-10T10:00:00,completed,,2026-09-08T15:00:00,60,100,100,0,In salon,FALSE
A01734,C0230,Sam,SV01,7/9/2026,2026-09-09T16:00:00,2026-09-09T16:30:00,2026-08-05T16:00:00,completed,,2026-09-09T16:30:00,30,40,40,0,In salon,FALSE
A01735,C0687,Sam,SV06,7/9/2026,2026-09-11T10:00:00,2026-09-11T13:00:00,2026-08-11T10:00:00,completed,,2026-09-11T13:00:00,180,390,390,0,In salon,TRUE
A01736,C0251,Matthew,SV01,7/9/2026,2026-09-09T15:45:00,2026-09-09T16:15:00,2026-08-23T12:45:00,completed,,2026-09-09T16:15:00,30,40,40,0,In salon,FALSE
A01737,C0153,Matthew,SV01,7/9/2026,2026-09-08T11:00:00,2026-09-08T11:30:00,2026-08-19T05:00:00,completed,,2026-09-08T11:30:00,30,40,40,0,In salon,FALSE
A01738,C0239,Sam,SV04,7/9/2026,2026-09-07T15:00:00,2026-09-07T17:00:00,2026-08-15T11:00:00,completed,,2026-09-07T17:00:00,120,240,240,0,Online,FALSE
A01739,C0488,Sarah,SV06,7/9/2026,2026-09-11T12:00:00,2026-09-11T15:00:00,2026-08-23T11:00:00,completed,,2026-09-11T15:00:00,180,390,390,0,In salon,FALSE
A01740,C0451,Sarah,SV01,7/9/2026,2026-09-10T16:30:00,2026-09-10T17:00:00,2026-08-19T15:30:00,completed,,2026-09-10T17:00:00,30,40,40,0,In salon,FALSE
A01741,C0106,Sarah,SV01,7/9/2026,2026-09-10T14:00:00,2026-09-10T14:30:00,2026-08-06T08:00:00,completed,,2026-09-10T14:30:00,30,40,40,0,Phone,FALSE
A01742,C0233,Matthew,SV01,7/9/2026,2026-09-08T16:30:00,2026-09-08T17:00:00,2026-08-25T11:30:00,completed,,2026-09-08T17:00:00,30,40,40,0,Online,FALSE
A01743,C0461,Sarah,SV01,7/9/2026,2026-09-10T14:30:00,2026-09-10T15:00:00,2026-08-16T07:30:00,completed,,2026-09-10T15:00:00,30,40,40,0,Online,FALSE
A01744,C0054,Matthew,SV01,7/9/2026,2026-09-08T10:30:00,2026-09-08T11:00:00,2026-08-14T04:30:00,completed,,2026-09-08T11:00:00,30,40,40,0,In salon,FALSE
A01745,C0688,Sarah,SV01,7/9/2026,2026-09-10T09:00:00,2026-09-10T09:30:00,2026-08-12T04:00:00,completed,,2026-09-10T09:30:00,30,40,40,0,In salon,TRUE
A01746,C0689,Sam,SV01,7/9/2026,2026-09-08T16:30:00,2026-09-08T17:00:00,2026-08-15T11:30:00,completed,,2026-09-08T17:00:00,30,40,40,0,Online,TRUE
A01747,C0176,Matthew,SV06,7/9/2026,2026-09-11T11:30:00,2026-09-11T14:30:00,2026-08-30T07:30:00,completed,,2026-09-11T14:30:00,180,390,390,0,Phone,FALSE
A01748,C0044,Matthew,SV01,7/9/2026,2026-09-09T14:15:00,2026-09-09T14:45:00,2026-08-26T11:15:00,completed,,2026-09-09T14:45:00,30,40,40,0,Online,FALSE
A01749,C0690,Matthew,SV01,7/9/2026,2026-09-11T14:30:00,2026-09-11T15:00:00,2026-08-26T11:30:00,completed,,2026-09-11T15:00:00,30,40,40,0,Phone,TRUE
A01750,C0691,Sam,SV01,7/9/2026,2026-09-09T14:00:00,2026-09-09T14:30:00,2026-08-30T06:00:00,completed,,2026-09-09T14:30:00,30,40,40,0,In salon,TRUE
A01751,C0229,Sarah,SV03,7/9/2026,2026-09-08T13:00:00,2026-09-08T14:00:00,2026-08-12T07:00:00,completed,,2026-09-08T14:00:00,60,100,100,0,Online,FALSE
A01752,C0692,Sarah,SV02,7/9/2026,2026-09-09T09:30:00,2026-09-09T10:15:00,2026-08-22T07:30:00,completed,,2026-09-09T10:15:00,45,60,60,0,Phone,TRUE
A01753,C0107,Sarah,SV01,7/9/2026,2026-09-10T15:30:00,2026-09-10T16:00:00,2026-08-07T09:30:00,completed,,2026-09-10T16:00:00,30,40,40,0,In salon,FALSE
A01754,C0489,Matthew,SV04,7/9/2026,2026-09-07T11:45:00,2026-09-07T13:45:00,2026-08-28T10:45:00,completed,,2026-09-07T13:45:00,120,240,240,0,In salon,FALSE
A01755,C0693,Sam,SV01,7/9/2026,2026-09-08T10:00:00,2026-09-08T10:30:00,2026-08-24T07:00:00,completed,,2026-09-08T10:30:00,30,40,40,0,In salon,TRUE
A01756,C0322,Sam,SV01,7/9/2026,2026-09-08T13:30:00,2026-09-08T14:00:00,2026-08-31T10:30:00,completed,,2026-09-08T14:00:00,30,40,40,0,Phone,FALSE
A01757,C0155,Sarah,SV01,7/9/2026,2026-09-09T12:15:00,2026-09-09T12:45:00,2026-08-24T11:15:00,completed,,2026-09-09T12:45:00,30,40,40,0,In salon,FALSE
A01758,C0694,Sarah,SV01,7/9/2026,2026-09-09T11:00:00,2026-09-09T11:30:00,2026-08-27T10:00:00,completed,,2026-09-09T11:30:00,30,40,40,0,Phone,TRUE
A01759,C0479,Matthew,SV01,7/9/2026,2026-09-09T11:15:00,2026-09-09T11:45:00,2026-08-27T08:15:00,completed,,2026-09-09T11:45:00,30,40,40,0,Online,FALSE
A01760,C0253,Sarah,SV01,7/9/2026,2026-09-10T12:00:00,2026-09-10T12:30:00,2026-08-10T08:00:00,completed,,2026-09-10T12:30:00,30,40,40,0,Phone,FALSE
A01761,C0257,Sarah,SV03,7/9/2026,2026-09-08T11:00:00,2026-09-08T12:00:00,2026-08-13T09:00:00,completed,,2026-09-08T12:00:00,60,100,100,0,In salon,FALSE
A01762,C0324,Matthew,SV02,7/9/2026,2026-09-07T11:00:00,2026-09-07T11:45:00,2026-08-10T03:00:00,completed,,2026-09-07T11:45:00,45,60,60,0,Online,FALSE
A01763,C0332,Sam,SV01,7/9/2026,2026-09-09T14:30:00,2026-09-09T15:00:00,2026-08-25T11:30:00,completed,,2026-09-09T15:00:00,30,40,40,0,In salon,FALSE
A01764,C0498,Sarah,SV01,7/9/2026,2026-09-10T15:00:00,2026-09-10T15:30:00,2026-08-20T07:00:00,completed,,2026-09-10T15:30:00,30,40,40,0,Online,FALSE
A01765,C0695,Sarah,SV01,7/9/2026,2026-09-09T09:00:00,2026-09-09T09:30:00,2026-08-06T02:00:00,completed,,2026-09-09T09:30:00,30,40,40,0,Online,TRUE
A01766,C0302,Sam,SV01,7/9/2026,2026-09-08T11:00:00,2026-09-08T11:30:00,2026-08-23T04:00:00,completed,,2026-09-08T11:30:00,30,40,40,0,In salon,FALSE
A01767,C0338,Sarah,SV01,7/9/2026,2026-09-10T09:30:00,2026-09-10T10:00:00,2026-08-27T03:30:00,completed,,2026-09-10T10:00:00,30,40,40,0,In salon,FALSE
A01768,C0062,Matthew,SV01,7/9/2026,2026-09-09T11:45:00,2026-09-09T12:15:00,2026-08-31T11:45:00,completed,,2026-09-09T12:15:00,30,40,40,0,In salon,FALSE
A01769,C0331,Sarah,SV01,7/9/2026,2026-09-10T13:00:00,2026-09-10T13:30:00,2026-08-07T10:00:00,completed,,2026-09-10T13:30:00,30,40,40,0,In salon,FALSE
A01770,C0250,Matthew,SV01,7/9/2026,2026-09-07T13:45:00,2026-09-07T14:15:00,2026-08-04T12:45:00,completed,,2026-09-07T14:15:00,30,40,40,0,Phone,FALSE
A01771,C0696,Sarah,SV02,7/9/2026,2026-09-09T13:15:00,2026-09-09T14:00:00,2026-08-24T09:15:00,completed,,2026-09-09T14:00:00,45,60,60,0,In salon,TRUE
A01772,C0697,Matthew,SV01,7/9/2026,2026-09-08T10:00:00,2026-09-08T10:30:00,2026-08-08T04:00:00,completed,,2026-09-08T10:30:00,30,40,40,0,Phone,TRUE
A01773,C0490,Sarah,SV02,7/9/2026,2026-09-09T11:30:00,2026-09-09T12:15:00,2026-08-11T11:30:00,completed,,2026-09-09T12:15:00,45,60,60,0,In salon,FALSE
A01774,C0698,Sam,SV01,7/9/2026,2026-09-08T13:00:00,2026-09-08T13:30:00,2026-08-11T10:00:00,completed,,2026-09-08T13:30:00,30,40,40,0,In salon,TRUE
A01775,C0699,Sam,SV01,7/9/2026,2026-09-09T15:00:00,2026-09-09T15:30:00,2026-08-21T15:00:00,completed,,2026-09-09T15:30:00,30,40,40,0,Online,TRUE
A01776,C0137,Matthew,SV01,7/9/2026,2026-09-09T14:45:00,2026-09-09T15:15:00,2026-09-01T10:45:00,completed,,2026-09-09T15:15:00,30,40,40,0,Online,FALSE
A01777,C0182,Sarah,SV01,7/9/2026,2026-09-10T11:30:00,2026-09-10T12:00:00,2026-08-26T06:30:00,completed,,2026-09-10T12:00:00,30,40,40,0,In salon,FALSE
A01778,C0353,Sarah,SV03,7/9/2026,2026-09-08T10:00:00,2026-09-08T11:00:00,2026-08-26T05:00:00,completed,,2026-09-08T11:00:00,60,100,100,0,Phone,FALSE
A01779,C0477,Sam,SV01,7/9/2026,2026-09-09T12:30:00,2026-09-09T13:00:00,2026-08-07T07:30:00,completed,,2026-09-09T13:00:00,30,40,40,0,In salon,FALSE
A01780,C0074,Matthew,SV01,7/9/2026,2026-09-08T13:00:00,2026-09-08T13:30:00,2026-08-13T05:00:00,completed,,2026-09-08T13:30:00,30,40,40,0,Phone,FALSE
A01781,C0097,Sarah,SV05,7/9/2026,2026-09-11T09:00:00,2026-09-11T11:30:00,2026-08-18T05:00:00,completed,,2026-09-11T11:30:00,150,325,325,0,Online,FALSE
A01782,C0350,Matthew,SV01,7/9/2026,2026-09-08T12:00:00,2026-09-08T12:30:00,2026-08-08T08:00:00,completed,,2026-09-08T12:30:00,30,40,40,0,In salon,FALSE
A01783,C0700,Sam,SV01,7/9/2026,2026-09-08T11:30:00,2026-09-08T12:00:00,2026-08-17T09:30:00,completed,,2026-09-08T12:00:00,30,40,40,0,Phone,TRUE
A01784,C0114,Sam,SV01,7/9/2026,2026-09-08T15:30:00,2026-09-08T16:00:00,2026-08-13T11:30:00,completed,,2026-09-08T16:00:00,30,40,40,0,In salon,FALSE
A01785,C0493,Sarah,SV01,7/9/2026,2026-09-10T10:30:00,2026-09-10T11:00:00,2026-08-16T06:30:00,completed,,2026-09-10T11:00:00,30,40,40,0,Phone,FALSE
A01786,C0701,Matthew,SV01,7/9/2026,2026-09-09T12:15:00,2026-09-09T12:45:00,2026-08-23T05:15:00,completed,,2026-09-09T12:45:00,30,40,40,0,Online,TRUE
A01787,C0702,Sarah,SV04,7/9/2026,2026-09-07T14:30:00,2026-09-07T16:30:00,2026-08-17T06:30:00,completed,,2026-09-07T16:30:00,120,240,240,0,In salon,TRUE
A01788,C0703,Sarah,SV01,7/9/2026,2026-09-09T15:45:00,2026-09-09T16:15:00,2026-08-13T11:45:00,completed,,2026-09-09T16:15:00,30,40,40,0,In salon,TRUE
A01789,C0704,Sam,SV04,7/9/2026,2026-09-07T11:00:00,2026-09-07T13:00:00,2026-08-28T03:00:00,completed,,2026-09-07T13:00:00,120,240,240,0,In salon,TRUE
A01790,C0358,Sam,SV01,7/9/2026,2026-09-08T16:00:00,2026-09-08T16:30:00,2026-08-25T09:00:00,completed,,2026-09-08T16:30:00,30,40,40,0,Online,FALSE
A01791,C0705,Sarah,SV03,7/9/2026,2026-09-08T16:00:00,2026-09-08T17:00:00,2026-08-22T14:00:00,completed,,2026-09-08T17:00:00,60,100,100,0,Online,TRUE
A01792,C0706,Matthew,SV01,7/9/2026,2026-09-08T14:30:00,2026-09-08T15:00:00,2026-08-22T09:30:00,completed,,2026-09-08T15:00:00,30,40,40,0,Phone,TRUE
A01793,C0315,Matthew,SV01,7/9/2026,2026-09-08T15:00:00,2026-09-08T15:30:00,2026-08-13T07:00:00,completed,,2026-09-08T15:30:00,30,40,40,0,Online,FALSE
A01794,C0707,Matthew,SV04,7/9/2026,2026-09-07T09:00:00,2026-09-07T11:00:00,2026-08-22T03:00:00,completed,,2026-09-07T11:00:00,120,240,240,0,Online,TRUE
A01795,C0354,Sam,SV01,7/9/2026,2026-09-09T12:00:00,2026-09-09T12:30:00,2026-08-29T12:00:00,completed,,2026-09-09T12:30:00,30,40,40,0,Phone,FALSE
A01796,C0140,Sarah,SV01,7/9/2026,2026-09-11T11:30:00,2026-09-11T12:00:00,2026-08-22T04:30:00,completed,,2026-09-11T12:00:00,30,40,40,0,Online,FALSE
A01797,C0495,Sam,SV04,7/9/2026,2026-09-07T13:00:00,2026-09-07T15:00:00,2026-08-29T08:00:00,completed,,2026-09-07T15:00:00,120,240,240,0,In salon,FALSE
A01798,C0349,Matthew,SV01,7/9/2026,2026-09-08T15:30:00,2026-09-08T16:00:00,2026-08-28T08:30:00,completed,,2026-09-08T16:00:00,30,40,40,0,Online,FALSE
A01799,C0098,Sam,SV04,7/9/2026,2026-09-07T09:00:00,2026-09-07T11:00:00,2026-08-06T09:00:00,completed,,2026-09-07T11:00:00,120,240,240,0,In salon,FALSE
A01800,C0472,Matthew,SV01,7/9/2026,2026-09-08T09:00:00,2026-09-08T09:30:00,2026-08-11T04:00:00,completed,,2026-09-08T09:30:00,30,40,40,0,In salon,FALSE
A01801,C0088,Sarah,SV05,7/9/2026,2026-09-07T09:00:00,2026-09-07T11:30:00,2026-08-22T09:00:00,completed,,2026-09-07T11:30:00,150,325,325,0,Phone,FALSE
A01802,C0483,Sarah,SV02,7/9/2026,2026-09-09T14:00:00,2026-09-09T14:45:00,2026-08-26T10:00:00,completed,,2026-09-09T14:45:00,45,60,60,0,Phone,FALSE
A01803,C0708,Sam,SV01,7/9/2026,2026-09-08T14:30:00,2026-09-08T15:00:00,2026-08-29T09:30:00,completed,,2026-09-08T15:00:00,30,40,40,0,Online,TRUE
A01804,C0504,Sam,SV01,7/9/2026,2026-09-09T13:30:00,2026-09-09T14:00:00,2026-08-31T11:30:00,completed,,2026-09-09T14:00:00,30,40,40,0,Online,FALSE
A01805,C0494,Sarah,SV02,7/9/2026,2026-09-09T10:15:00,2026-09-09T11:00:00,2026-08-21T08:15:00,completed,,2026-09-09T11:00:00,45,60,60,0,Phone,FALSE
A01806,C0359,Sarah,SV01,7/9/2026,2026-09-10T12:30:00,2026-09-10T13:00:00,2026-08-15T05:30:00,completed,,2026-09-10T13:00:00,30,40,40,0,Online,FALSE
A01807,C0357,Sarah,SV01,7/9/2026,2026-09-10T16:00:00,2026-09-10T16:30:00,2026-08-17T08:00:00,completed,,2026-09-10T16:30:00,30,40,40,0,In salon,FALSE
A01808,C0478,Sarah,SV02,7/9/2026,2026-09-09T16:15:00,2026-09-09T17:00:00,2026-08-19T08:15:00,completed,,2026-09-09T17:00:00,45,60,60,0,Online,FALSE
A01809,C0111,Sarah,SV03,7/9/2026,2026-09-09T14:45:00,2026-09-09T15:45:00,2026-08-17T13:45:00,completed,,2026-09-09T15:45:00,60,100,100,0,In salon,FALSE
A01810,C0709,Matthew,SV01,7/9/2026,2026-09-08T11:30:00,2026-09-08T12:00:00,2026-08-12T11:30:00,completed,,2026-09-08T12:00:00,30,40,40,0,Online,TRUE
A01811,C0496,Sarah,SV03,7/9/2026,2026-09-08T12:00:00,2026-09-08T13:00:00,2026-08-18T09:00:00,completed,,2026-09-08T13:00:00,60,100,100,0,Phone,FALSE
A01812,C0141,Sam,SV01,7/9/2026,2026-09-11T09:00:00,2026-09-11T09:30:00,2026-08-10T04:00:00,completed,,2026-09-11T09:30:00,30,40,40,0,In salon,FALSE
A01813,C0710,Sarah,SV01,7/9/2026,2026-09-09T12:45:00,2026-09-09T13:15:00,2026-08-15T07:45:00,completed,,2026-09-09T13:15:00,30,40,40,0,In salon,TRUE
A01814,C0711,Sarah,SV03,7/9/2026,2026-09-08T09:00:00,2026-09-08T10:00:00,2026-08-23T01:00:00,completed,,2026-09-08T10:00:00,60,100,100,0,In salon,TRUE
A01815,C0156,Sarah,SV03,7/9/2026,2026-09-07T11:30:00,2026-09-07T12:30:00,2026-08-15T09:30:00,completed,,2026-09-07T12:30:00,60,100,100,0,In salon,FALSE
A01816,C0712,Matthew,SV05,7/9/2026,2026-09-11T09:00:00,2026-09-11T11:30:00,2026-08-22T05:00:00,completed,,2026-09-11T11:30:00,150,325,325,0,Online,TRUE
A01817,C0713,Sam,SV01,7/9/2026,2026-09-08T10:30:00,2026-09-08T11:00:00,2026-08-24T05:30:00,completed,,2026-09-08T11:00:00,30,40,40,0,In salon,TRUE
A01818,C0075,Matthew,SV01,7/9/2026,2026-09-07T16:15:00,2026-09-07T16:45:00,2026-08-09T15:15:00,completed,,2026-09-07T16:45:00,30,40,40,0,In salon,FALSE
A01819,C0714,Matthew,SV01,7/9/2026,2026-09-08T09:30:00,2026-09-08T10:00:00,2026-08-21T06:30:00,completed,,2026-09-08T10:00:00,30,40,40,0,Online,TRUE
A01820,C0497,Sam,SV01,7/9/2026,2026-09-08T15:00:00,2026-09-08T15:30:00,2026-08-20T15:00:00,completed,,2026-09-08T15:30:00,30,40,40,0,In salon,FALSE
A01821,C0356,Sarah,SV01,7/9/2026,2026-09-07T16:30:00,2026-09-07T17:00:00,2026-08-11T16:30:00,completed,,2026-09-07T17:00:00,30,40,40,0,In salon,FALSE
A01822,C0146,Matthew,SV01,7/9/2026,2026-09-09T13:45:00,2026-09-09T14:15:00,2026-08-06T11:45:00,completed,,2026-09-09T14:15:00,30,40,40,0,Online,FALSE
A01823,C0506,Sam,SV01,7/9/2026,2026-09-08T14:00:00,2026-09-08T14:30:00,2026-08-25T11:00:00,completed,,2026-09-08T14:30:00,30,40,40,0,Phone,FALSE
A01824,C0351,Sam,SV01,7/9/2026,2026-09-09T15:30:00,2026-09-09T16:00:00,2026-08-24T09:30:00,completed,,2026-09-09T16:00:00,30,40,40,0,Phone,FALSE
A01825,C0186,Sarah,SV01,7/9/2026,2026-09-10T11:00:00,2026-09-10T11:30:00,2026-09-02T06:00:00,completed,,2026-09-10T11:30:00,30,40,40,0,In salon,FALSE
A01826,C0051,Matthew,SV04,7/9/2026,2026-09-07T14:15:00,2026-09-07T16:15:00,2026-08-17T14:15:00,completed,,2026-09-07T16:15:00,120,240,240,0,Phone,FALSE
A01827,C0480,Sam,SV01,7/9/2026,2026-09-11T09:30:00,2026-09-11T10:00:00,2026-08-24T03:30:00,completed,,2026-09-11T10:00:00,30,40,40,0,In salon,FALSE
A01828,C0510,Sam,SV01,7/9/2026,2026-09-08T12:30:00,2026-09-08T13:00:00,2026-08-10T11:30:00,completed,,2026-09-08T13:00:00,30,40,40,0,Online,FALSE
A01829,C0500,Matthew,SV01,7/9/2026,2026-09-08T13:30:00,2026-09-08T14:00:00,2026-08-17T10:30:00,completed,,2026-09-08T14:00:00,30,40,40,0,In salon,FALSE
A01830,C0348,Sam,SV04,7/9/2026,2026-09-11T13:00:00,2026-09-11T15:00:00,2026-08-17T13:00:00,completed,,2026-09-11T15:00:00,120,240,240,0,Online,FALSE
A01831,C0715,Matthew,SV01,7/9/2026,2026-09-09T15:15:00,2026-09-09T15:45:00,2026-08-24T12:15:00,completed,,2026-09-09T15:45:00,30,40,40,0,In salon,TRUE
A01832,C0716,Sam,SV01,7/9/2026,2026-09-08T09:30:00,2026-09-08T10:00:00,2026-08-26T04:30:00,completed,,2026-09-08T10:00:00,30,40,40,0,In salon,TRUE
A01833,C0485,Sam,SV01,7/9/2026,2026-09-08T09:00:00,2026-09-08T09:30:00,2026-08-17T01:00:00,completed,,2026-09-08T09:30:00,30,40,40,0,Online,FALSE
A01834,C0717,Sarah,SV03,7/9/2026,2026-09-08T15:00:00,2026-09-08T16:00:00,2026-08-14T07:00:00,completed,,2026-09-08T16:00:00,60,100,100,0,In salon,TRUE
A01835,C0042,Sarah,SV04,7/9/2026,2026-09-07T12:30:00,2026-09-07T14:30:00,2026-08-24T05:30:00,completed,,2026-09-07T14:30:00,120,240,240,0,In salon,FALSE
A01836,C0718,Sam,SV01,7/9/2026,2026-09-09T13:00:00,2026-09-09T13:30:00,2026-08-25T08:00:00,completed,,2026-09-09T13:30:00,30,40,40,0,Online,TRUE
A01837,C0719,Matthew,SV01,7/9/2026,2026-09-09T13:15:00,2026-09-09T13:45:00,2026-08-23T11:15:00,completed,,2026-09-09T13:45:00,30,40,40,0,In salon,TRUE
A01838,C0193,Sam,SV01,7/9/2026,2026-09-08T12:00:00,2026-09-08T12:30:00,2026-08-30T05:00:00,completed,,2026-09-08T12:30:00,30,40,40,0,Phone,FALSE
A01839,C0354,Sam,SV01,7/9/2026,2026-09-09T12:00:00,2026-09-09T12:30:00,2026-08-26T12:00:00,cancelled,2026-08-30T12:00:00,,30,40,0,0,Phone,FALSE
A01840,C0720,Sarah,SV04,14/9/2026,2026-09-14T14:00:00,2026-09-14T16:00:00,2026-08-18T06:00:00,booked,,,120,240,0,0,In salon,TRUE
A01841,C0721,Sarah,SV06,14/9/2026,2026-09-18T12:00:00,2026-09-18T15:00:00,2026-08-17T06:00:00,booked,,,180,390,0,0,In salon,TRUE
A01842,C0722,Matthew,SV01,14/9/2026,2026-09-15T12:15:00,2026-09-15T12:45:00,2026-08-24T11:15:00,booked,,,30,40,0,0,Online,TRUE
A01843,C0723,Matthew,SV05,14/9/2026,2026-09-14T09:00:00,2026-09-14T11:30:00,2026-08-21T04:00:00,booked,,,150,325,0,0,In salon,TRUE
A01844,C0724,Matthew,SV02,14/9/2026,2026-09-15T14:00:00,2026-09-15T14:45:00,2026-08-30T12:00:00,booked,,,45,60,0,0,In salon,TRUE
A01845,C0725,Sam,SV06,14/9/2026,2026-09-18T09:00:00,2026-09-18T12:00:00,2026-09-07T03:00:00,booked,,,180,390,0,0,In salon,TRUE
A01846,C0066,Matthew,SV06,14/9/2026,2026-09-18T12:00:00,2026-09-18T15:00:00,2026-08-14T11:00:00,booked,,,180,390,0,0,Online,FALSE
A01847,C0726,Sarah,SV03,14/9/2026,2026-09-14T12:00:00,2026-09-14T13:00:00,2026-08-15T04:00:00,booked,,,60,100,0,0,Online,TRUE
A01848,C0727,Sarah,SV05,14/9/2026,2026-09-14T09:30:00,2026-09-14T12:00:00,2026-08-30T02:30:00,booked,,,150,325,0,0,Phone,TRUE
A01849,C0728,Sam,SV01,14/9/2026,2026-09-18T12:00:00,2026-09-18T12:30:00,2026-08-18T05:00:00,booked,,,30,40,0,0,Online,TRUE
A01850,C0729,Sarah,SV01,14/9/2026,2026-09-15T15:30:00,2026-09-15T16:00:00,2026-08-11T09:30:00,booked,,,30,40,0,0,In salon,TRUE
A01851,C0730,Sarah,SV03,14/9/2026,2026-09-14T16:00:00,2026-09-14T17:00:00,2026-08-17T14:00:00,booked,,,60,100,0,0,Phone,TRUE
A01852,C0731,Matthew,SV03,14/9/2026,2026-09-14T14:00:00,2026-09-14T15:00:00,2026-09-04T13:00:00,booked,,,60,100,0,0,Phone,TRUE
A01853,C0732,Matthew,SV01,14/9/2026,2026-09-15T10:45:00,2026-09-15T11:15:00,2026-08-28T10:45:00,booked,,,30,40,0,0,Online,TRUE
A01854,C0733,Sarah,SV03,14/9/2026,2026-09-14T13:00:00,2026-09-14T14:00:00,2026-09-04T09:00:00,booked,,,60,100,0,0,Phone,TRUE
A01855,C0734,Sam,SV01,14/9/2026,2026-09-15T16:00:00,2026-09-15T16:30:00,2026-08-24T11:00:00,booked,,,30,40,0,0,Phone,TRUE
A01856,C0735,Sam,SV01,14/9/2026,2026-09-15T13:30:00,2026-09-15T14:00:00,2026-08-16T10:30:00,booked,,,30,40,0,0,Online,TRUE
A01857,C0491,Sarah,SV06,14/9/2026,2026-09-18T09:00:00,2026-09-18T12:00:00,2026-08-28T07:00:00,booked,,,180,390,0,0,In salon,FALSE
A01858,C0509,Matthew,SV05,14/9/2026,2026-09-18T09:00:00,2026-09-18T11:30:00,2026-08-28T07:00:00,booked,,,150,325,0,0,In salon,FALSE
A01859,C0736,Sam,SV01,14/9/2026,2026-09-15T14:00:00,2026-09-15T14:30:00,2026-08-28T14:00:00,booked,,,30,40,0,0,In salon,TRUE
A01860,C0737,Sam,SV01,14/9/2026,2026-09-15T15:30:00,2026-09-15T16:00:00,2026-08-12T08:30:00,booked,,,30,40,0,0,Phone,TRUE
A01861,C0738,Matthew,SV01,14/9/2026,2026-09-15T13:30:00,2026-09-15T14:00:00,2026-09-01T10:30:00,booked,,,30,40,0,0,Phone,TRUE
A01862,C0739,Sam,SV04,14/9/2026,2026-09-14T14:30:00,2026-09-14T16:30:00,2026-08-30T13:30:00,booked,,,120,240,0,0,Phone,TRUE
A01863,C0740,Sam,SV02,14/9/2026,2026-09-15T11:15:00,2026-09-15T12:00:00,2026-08-11T10:15:00,booked,,,45,60,0,0,Online,TRUE
A01864,C0741,Sarah,SV01,14/9/2026,2026-09-14T09:00:00,2026-09-14T09:30:00,2026-08-28T06:00:00,booked,,,30,40,0,0,In salon,TRUE
A01865,C0742,Sam,SV03,14/9/2026,2026-09-14T11:00:00,2026-09-14T12:00:00,2026-08-12T11:00:00,booked,,,60,100,0,0,In salon,TRUE
A01866,C0743,Sam,SV01,14/9/2026,2026-09-15T15:00:00,2026-09-15T15:30:00,2026-08-21T12:00:00,booked,,,30,40,0,0,Online,TRUE
A01867,C0340,Sam,SV05,14/9/2026,2026-09-14T12:00:00,2026-09-14T14:30:00,2026-09-04T05:00:00,booked,,,150,325,0,0,Online,FALSE
A01868,C0158,Sam,SV02,14/9/2026,2026-09-15T12:00:00,2026-09-15T12:45:00,2026-08-30T06:00:00,booked,,,45,60,0,0,Phone,FALSE
A01869,C0502,Sam,SV02,14/9/2026,2026-09-15T12:45:00,2026-09-15T13:30:00,2026-08-21T06:45:00,booked,,,45,60,0,0,In salon,FALSE
A01870,C0055,Matthew,SV01,14/9/2026,2026-09-15T11:45:00,2026-09-15T12:15:00,2026-08-31T03:45:00,booked,,,30,40,0,0,Online,FALSE
A01871,C0259,Matthew,SV01,14/9/2026,2026-09-15T11:15:00,2026-09-15T11:45:00,2026-08-30T06:15:00,booked,,,30,40,0,0,In salon,FALSE
A01872,C0102,Sam,SV04,14/9/2026,2026-09-14T09:00:00,2026-09-14T11:00:00,2026-08-28T06:00:00,booked,,,120,240,0,0,Phone,FALSE
A01873,C0057,Sarah,SV02,14/9/2026,2026-09-15T12:00:00,2026-09-15T12:45:00,2026-08-13T09:00:00,booked,,,45,60,0,0,In salon,FALSE
A01874,C0516,Sam,SV05,14/9/2026,2026-09-18T12:30:00,2026-09-18T15:00:00,2026-08-29T04:30:00,booked,,,150,325,0,0,Online,FALSE
A01875,C0070,Matthew,SV02,14/9/2026,2026-09-15T12:45:00,2026-09-15T13:30:00,2026-08-18T10:45:00,booked,,,45,60,0,0,In salon,FALSE
A01876,C0048,Sarah,SV02,14/9/2026,2026-09-15T14:15:00,2026-09-15T15:00:00,2026-08-31T14:15:00,booked,,,45,60,0,0,In salon,FALSE
A01877,C0256,Matthew,SV01,14/9/2026,2026-09-14T11:30:00,2026-09-14T12:00:00,2026-08-14T03:30:00,booked,,,30,40,0,0,Phone,FALSE
A01878,C0346,Sam,SV01,14/9/2026,2026-09-14T16:30:00,2026-09-14T17:00:00,2026-09-06T10:30:00,booked,,,30,40,0,0,Online,FALSE
A01879,C0112,Matthew,SV01,14/9/2026,2026-09-18T11:30:00,2026-09-18T12:00:00,2026-08-22T11:30:00,booked,,,30,40,0,0,In salon,FALSE
A01880,C0076,Matthew,SV04,14/9/2026,2026-09-14T15:00:00,2026-09-14T17:00:00,2026-08-22T10:00:00,booked,,,120,240,0,0,Phone,FALSE
A01881,C0334,Sarah,SV01,14/9/2026,2026-09-15T13:15:00,2026-09-15T13:45:00,2026-08-26T10:15:00,booked,,,30,40,0,0,Phone,FALSE
A01882,C0507,Sarah,SV01,14/9/2026,2026-09-15T11:30:00,2026-09-15T12:00:00,2026-08-17T08:30:00,booked,,,30,40,0,0,Phone,FALSE
A01883,C0058,Sarah,SV01,14/9/2026,2026-09-15T11:00:00,2026-09-15T11:30:00,2026-08-19T05:00:00,booked,,,30,40,0,0,In salon,FALSE
A01884,C0501,Sarah,SV01,14/9/2026,2026-09-15T13:45:00,2026-09-15T14:15:00,2026-08-31T09:45:00,booked,,,30,40,0,0,Online,FALSE
A01885,C0231,Matthew,SV04,14/9/2026,2026-09-14T12:00:00,2026-09-14T14:00:00,2026-08-20T09:00:00,booked,,,120,240,0,0,Phone,FALSE
A01886,C0154,Matthew,SV02,14/9/2026,2026-09-15T10:00:00,2026-09-15T10:45:00,2026-08-15T04:00:00,booked,,,45,60,0,0,In salon,FALSE
A01887,C0487,Sam,SV01,14/9/2026,2026-09-15T14:30:00,2026-09-15T15:00:00,2026-09-05T13:30:00,booked,,,30,40,0,0,Online,FALSE
A01888,C0523,Sarah,SV01,14/9/2026,2026-09-15T12:45:00,2026-09-15T13:15:00,2026-08-25T12:45:00,booked,,,30,40,0,0,In salon,FALSE
A01889,C0187,Sarah,SV01,14/9/2026,2026-09-15T15:00:00,2026-09-15T15:30:00,2026-08-25T07:00:00,booked,,,30,40,0,0,In salon,FALSE
A01890,C0002,Matthew,SV02,21/9/2026,2026-09-25T09:00:00,2026-09-25T09:45:00,2026-09-06T04:00:00,booked,,,45,60,0,0,In salon,FALSE
A01891,C0003,Sam,SV03,21/9/2026,2026-09-25T12:30:00,2026-09-25T13:30:00,2026-09-05T05:30:00,booked,,,60,100,0,0,Phone,FALSE
A01892,C0006,Matthew,SV02,21/9/2026,2026-09-25T09:45:00,2026-09-25T10:30:00,2026-09-11T03:59:59,booked,,,45,60,0,0,Phone,FALSE
A01893,C0004,Sarah,SV04,21/9/2026,2026-09-25T10:45:00,2026-09-25T12:45:00,2026-09-08T02:45:00,booked,,,120,240,0,0,In salon,FALSE
A01894,C0001,Sam,SV01,21/9/2026,2026-09-25T12:00:00,2026-09-25T12:30:00,2026-08-28T05:00:00,booked,,,30,40,0,0,In salon,FALSE
A01895,C0005,Sam,SV01,21/9/2026,2026-09-25T11:30:00,2026-09-25T12:00:00,2026-09-11T01:59:59,booked,,,30,40,0,0,Online,FALSE
